OBJECTID_1;ULAND;UREGBEZ;UKREIS;UGEMEINDE;UJAHR;UMONAT;USTUNDE;UWOCHENTAG;UKATEGORIE;UART;UTYP1;ULICHTVERH;IstRad;IstPKW;IstFuss;IstKrad;IstGkfz;IstSonstig;STRZUSTAND;LINREFX;LINREFY;XGCSWGS84;YGCSWGS84
42719;08;4;35;059;2018;03;09;5;3;6;7;0;0;1;1;0;0;0;1;508453,861600000000000;5296020,574699999800000;9,112931619000051;47,817481733000079
42730;08;4;35;016;2018;03;20;3;3;4;2;2;1;1;0;0;0;0;0;535235,750699999980000;5277760,609600000100000;9,469213740000043;47,652281888000061
42735;08;1;17;026;2018;03;17;2;2;1;1;0;1;1;0;0;0;0;0;553345,162000000010000;5399923,001000000200000;9,725709601000062;48,750035293000053
42738;08;2;16;043;2018;03;16;4;3;6;2;0;0;1;1;0;0;0;0;438072,855500000010000;5414788,050599999700000;8,155309432000024;48,882951055000035
42739;08;4;35;016;2018;03;12;5;2;6;4;0;0;1;1;0;0;0;0;531992,407499999970000;5279605,282700000300000;9,426160394000021;47,669047781000074
42742;08;3;17;153;2018;03;07;5;3;4;6;0;1;0;0;1;0;0;0;421218,853799999980000;5389763,405899999700000;7,930249783000022;48,655956395000032
42746;08;1;11;000;2018;03;12;3;3;6;7;0;0;1;1;0;0;0;0;507409,292900000000000;5407420,986399999800000;9,100935623000055;48,819727650000061
42754;08;2;12;000;2018;03;16;5;3;5;3;0;1;0;0;0;0;1;0;451425,594900000030000;5431655,255800000400000;8,335414432000050;49,035863104000043
42755;08;3;17;110;2018;03;02;2;3;6;7;2;0;1;1;0;0;0;0;426956,974300000000000;5381873,162999999700000;8,009543351000048;48,585681938000050
42759;08;2;31;000;2018;03;08;5;3;4;2;0;1;1;0;0;0;0;0;476110,849999999980000;5416227,240000000200000;8,674050416000057;48,898530833000052
42760;08;2;26;096;2018;03;20;5;3;0;7;2;1;0;0;0;0;0;1;475810,378900000010000;5490070,130500000000000;8,665496015000031;49,562743655000077
42764;08;2;16;049;2018;03;13;5;3;5;2;0;1;1;0;0;0;0;0;438559,179100000010000;5399479,391400000100000;8,164234360000023;48,745298874000071
42774;08;1;21;000;2018;03;13;5;2;5;3;0;1;1;0;0;0;0;0;516231,463999999980000;5444476,604799999900000;9,222597790000066;49,152896210000051
42777;08;1;27;076;2018;03;12;3;2;5;3;0;1;1;0;0;0;0;1;552998,827000000050000;5438980,070000000300000;9,726074210000036;49,101383782000028
42778;08;1;25;013;2018;03;16;5;3;6;4;0;0;1;1;0;0;0;0;507219,772799999980000;5436367,562800000400000;9,098866972000053;49,080124070000068
42779;08;2;31;000;2018;03;06;2;3;6;4;1;0;1;1;0;0;0;1;475574,711499999980000;5415237,993599999700000;8,666794481000068;48,889611031000072
42805;08;1;36;088;2018;03;01;1;3;6;4;2;0;1;1;0;0;0;2;580064,928799999990000;5409258,803000000300000;10,090968215000032;48,831142439000075
42812;08;2;16;002;2018;03;21;3;3;3;2;2;1;1;0;0;0;0;0;444365,140399999970000;5422125,683100000000000;8,240127834000020;48,949549467000054
42814;08;1;11;000;2018;03;18;7;3;1;5;2;1;1;0;0;0;0;0;512727,242700000000000;5405430,191399999900000;9,173319199000048;48,801732519000041
42824;08;4;21;000;2018;03;13;6;3;5;3;0;1;1;0;0;0;0;0;568045,290000000040000;5355885,036000000300000;9,918468610000048;48,352474207000057
42836;08;1;19;079;2018;03;19;2;3;0;4;2;0;0;1;0;0;1;0;522996,038000000000000;5409362,168999999800000;9,313378060000048;48,836808586000075
42841;08;3;25;069;2018;03;11;6;3;0;1;0;1;0;0;0;0;0;1;467012,984799999980000;5335267,905299999800000;8,556329844000061;48,169797026000026
42847;08;1;15;045;2018;03;23;3;3;5;2;2;1;1;0;0;0;0;1;499955,736199999980000;5394581,831100000100000;8,999398382000038;48,704270927000039
42853;08;3;15;131;2018;03;12;6;3;6;4;0;0;1;1;0;0;0;0;406300,091200000020000;5308047,116800000000000;7,745847723000054;47,918896164000046
42884;08;1;17;002;2018;03;10;1;2;3;1;0;0;1;1;0;1;0;2;539743,856499999990000;5386695,914099999700000;9,539414470000054;48,632065027000067
42931;08;1;16;027;2018;03;12;6;3;6;4;0;0;1;1;0;0;0;0;534313,538500000020000;5393486,978900000500000;9,466278643000067;48,693477989000030
42942;08;1;11;000;2018;03;18;6;3;5;3;0;1;1;0;0;0;0;0;518354,388800000020000;5404318,232499999900000;9,249899165000045;48,791588814000079
42951;08;4;35;030;2018;03;18;5;3;0;7;1;1;0;0;0;0;0;0;540518,829600000060000;5272118,542899999800000;9,539040199000056;47,601208818000032
42953;08;4;25;028;2018;03;12;5;2;0;7;0;1;0;0;0;0;0;0;579426,776199999960000;5340706,064299999700000;10,069215138000061;48,214607752000063
42962;08;1;18;048;2018;03;17;3;3;5;2;1;1;1;0;0;0;0;1;515822,245999999980000;5414256,440000000400000;9,215807426000026;48,881060622000064
42963;08;4;17;022;2018;03;15;5;3;6;7;0;0;1;1;0;0;0;0;486617,636200000010000;5348312,197100000500000;8,819594974000040;48,287868965000030
42965;08;1;21;000;2018;03;09;2;3;5;3;0;1;1;0;0;0;0;0;515318,291000000030000;5441777,131000000100000;9,209972046000075;49,128636999000037
42990;08;3;26;052;2018;03;16;5;2;8;1;0;1;0;0;0;0;0;0;450060,912000000010000;5332294,235000000300000;8,328689711000038;48,141938845000027
42995;08;3;17;096;2018;03;12;5;2;0;7;0;1;0;0;0;0;0;1;422873,900599999990000;5370384,261800000400000;7,956312951000029;48,481851502000040
43013;08;2;12;000;2018;03;01;7;3;0;7;2;1;0;1;0;0;0;0;456174,527500000030000;5428247,304700000200000;8,400752631000046;49,005564148000076
43014;08;2;12;000;2018;03;18;5;1;6;4;1;0;0;1;0;1;0;1;453063,397400000020000;5428860,284799999600000;8,358144442000025;49,010849165000081
43028;08;3;17;096;2018;03;16;3;3;5;3;0;1;1;0;0;0;0;0;421410,875799999980000;5369645,101499999900000;7,936657477000040;48,475021632000050
43034;08;1;18;070;2018;03;13;2;3;6;2;0;0;1;1;0;0;0;0;520098,775100000030000;5424070,683299999700000;9,274620163000066;48,969222017000050
43036;08;2;16;043;2018;03;15;5;3;3;6;0;1;0;0;0;0;0;1;440642,584800000010000;5412732,946999999700000;8,190655239000023;48,864716987000065
43072;08;1;16;071;2018;03;11;5;2;1;6;0;1;0;0;0;0;1;0;530176,878600000050000;5389953,661799999900000;9,409810238000034;48,661906435000049
43079;08;4;36;013;2018;03;07;4;3;6;7;0;1;0;1;0;0;0;0;542593,674899999980000;5296294,596199999600000;9,569004183000061;47,818592626000054
43080;08;1;35;016;2018;03;14;1;2;6;4;0;0;1;1;0;0;0;1;590964,248600000050000;5381547,948699999600000;10,233342676000063;48,580410606000044
43104;08;2;35;008;2018;03;11;4;3;6;4;0;0;1;1;0;0;0;0;480485,111299999990000;5402158,718299999800000;8,734403060000034;48,772126784000079
43113;08;3;15;047;2018;03;14;7;2;5;3;0;1;1;0;0;0;0;0;414787,997299999990000;5322775,369099999800000;7,856508982000037;48,052567393000061
43115;08;3;17;026;2018;03;15;3;3;6;4;0;0;1;1;0;0;0;0;411702,629200000020000;5345723,767799999600000;7,810351392000030;48,258568960000048
43124;08;1;21;000;2018;03;13;4;3;5;3;0;1;1;0;0;0;0;0;515784,393099999990000;5443766,686999999900000;9,216438901000061;49,146521930000063
43148;08;2;12;000;2018;03;19;3;3;5;3;0;1;1;0;0;0;0;1;457044,196100000000000;5428254,922700000000000;8,412642573000028;49,005693816000075
43168;08;4;16;041;2018;03;21;7;3;0;1;2;1;0;0;0;0;0;0;502336,731000000030000;5371315,819000000100000;9,031629090000024;48,494959847000075
43184;08;1;17;038;2018;03;11;6;3;5;3;0;1;1;0;0;0;0;0;547272,865499999960000;5397899,557500000100000;9,642875453000045;48,732324082000048
43191;08;4;36;009;2018;03;19;5;2;2;6;2;1;1;0;0;0;0;1;555076,755699999980000;5308681,276300000000000;9,737330928000063;47,929083528000035
43192;08;4;35;016;2018;03;07;5;3;3;2;0;1;1;0;0;0;0;0;535700,511000000060000;5277948,313000000100000;9,475417790000051;47,653945258000078
43202;08;3;35;043;2018;03;08;5;3;6;2;0;0;1;1;0;0;0;0;513851,462300000010000;5279561,525999999600000;9,184511550000025;47,669297132000054
43220;08;2;22;000;2018;03;20;5;3;0;7;2;1;1;0;0;0;0;1;462733,424100000000000;5479444,683500000300000;8,485672027000021;49,466509693000035
43234;08;3;17;096;2018;03;15;1;3;6;4;0;0;1;1;0;0;0;0;423123,448399999990000;5368197,345800000200000;7,960091389000070;48,462210847000051
43252;08;4;25;130;2018;03;16;5;2;6;4;0;0;0;1;0;0;1;0;573589,457100000000000;5378144,008700000100000;9,997205228000041;48,552074500000060
43261;08;1;18;073;2018;03;14;5;3;0;4;0;0;1;1;0;0;0;0;497017,286100000030000;5419730,986800000100000;8,959277150000048;48,930503102000046
43264;08;1;17;018;2018;03;16;5;3;6;4;0;0;1;1;0;0;0;1;537262,653300000010000;5397833,541799999800000;9,506744426000068;48,732409275000066
43268;08;2;26;056;2018;03;09;7;2;2;6;0;1;0;0;0;1;0;0;484432,927700000000000;5471535,070799999900000;8,785460585000067;49,396307663000073
43269;08;4;25;071;2018;03;20;5;2;0;1;2;1;0;0;0;0;0;1;550113,723299999950000;5371474,606900000000000;9,678314394000040;48,494394083000032
43272;08;1;17;018;2018;03;20;5;3;6;4;2;0;1;1;0;0;0;1;538563,864500000030000;5395489,368900000100000;9,524219979000066;48,711242681000044
43275;08;2;12;000;2018;03;20;3;3;6;2;2;0;1;1;0;0;0;1;455005,227200000020000;5428236,608199999700000;8,384766348000028;49,005383792000032
43287;08;4;36;078;2018;03;17;4;2;3;6;0;1;1;0;0;0;0;0;560268,841699999990000;5289386,222099999900000;9,804144949000033;47,755027413000050
43288;08;1;28;131;2018;03;10;3;3;5;2;0;1;1;0;0;0;0;0;535849,973000000000000;5514507,246000000300000;9,497981800000048;49,781958245000055
43295;08;4;25;072;2018;03;10;4;2;6;4;0;0;1;1;0;0;0;0;582760,798799999990000;5372234,141900000200000;10,120288864000031;48,497774017000040
43298;08;2;15;009;2018;03;22;4;3;6;7;2;0;0;1;0;0;1;0;466589,249499999980000;5439145,505900000200000;8,542253549000066;49,104247808000082
43308;08;4;35;030;2018;03;06;4;2;5;3;0;1;1;0;0;0;0;1;541273,138700000010000;5271717,046099999900000;9,549036846000035;47,597548797000059
43314;08;1;16;006;2018;03;18;7;2;0;1;0;1;0;0;0;0;0;0;516818,348100000000000;5382534,096099999700000;9,228098823000039;48,595661614000051
43320;08;3;17;041;2018;03;12;4;3;6;7;0;0;0;1;0;0;1;0;438762,778500000010000;5348294,596099999700000;8,174517947000027;48,284889476000046
43327;08;3;17;065;2018;03;11;3;3;3;2;0;1;0;0;0;0;1;0;414192,137099999990000;5354625,782300000100000;7,842076219000035;48,338983600000063
43332;08;3;17;059;2018;03;11;4;2;2;2;0;1;1;0;0;1;0;0;412644,928799999990000;5349286,556400000100000;7,822308054000075;48,290746353000031
43337;08;2;12;000;2018;03;14;2;3;6;4;0;0;0;1;1;0;0;0;455189,008099999980000;5428551,287800000000000;8,387244383000052;49,008227735000048
43355;08;1;11;000;2018;03;04;1;3;6;4;2;0;1;1;0;0;0;0;512789,192800000020000;5402700,119400000200000;9,174077854000075;48,777171779000071
43376;08;4;17;013;2018;03;11;3;3;6;4;0;0;1;1;0;0;0;0;508305,069599999990000;5348420,347699999800000;9,111961321000024;48,288928965000025
43382;08;1;26;058;2018;03;13;3;2;5;3;0;1;1;0;0;0;0;0;545757,653300000010000;5450239,764600000300000;9,628157453000029;49,203244204000043
43386;08;2;26;076;2018;03;15;4;3;6;4;0;0;1;1;0;0;0;1;475191,865100000000000;5465592,792200000000000;8,658476210000060;49,342551144000026
43390;08;3;35;077;2018;03;15;3;3;5;3;0;1;1;0;0;0;0;0;494115,787799999990000;5293748,865600000100000;8,921426051000026;47,797070707000046
43397;08;1;18;053;2018;03;01;4;2;6;6;2;0;1;1;0;0;0;1;517486,473799999980000;5428109,372800000000000;9,239101025000025;49,005631726000047
43399;08;1;15;050;2018;03;11;4;2;5;3;0;1;1;0;0;0;0;0;489270,814000000010000;5401183,339999999900000;8,854001028000027;48,763565850000077
43400;08;3;15;098;2018;03;14;7;3;5;3;0;1;1;0;0;0;0;0;407695,423100000010000;5312434,881600000000000;7,763578555000038;47,958567354000081
43410;08;1;25;098;2018;03;09;4;2;6;4;0;0;1;1;0;0;0;1;519239,883700000010000;5438255,493599999700000;9,263557996000031;49,096848387000080
43435;08;1;11;000;2018;03;07;4;3;5;3;0;1;1;0;0;0;0;1;516234,165099999980000;5398437,428600000200000;9,220800037000061;48,738744556000029
43437;08;1;11;000;2018;03;14;4;2;6;4;0;0;0;1;0;0;1;1;513528,860600000010000;5401723,616800000000000;9,184113537000030;48,768371588000036
43438;08;2;36;038;2018;03;16;4;2;2;4;0;0;1;1;0;0;0;1;485745,592100000010000;5427264,857900000200000;8,805121922000069;48,998117954000065
43442;08;4;15;061;2018;03;19;3;3;8;1;1;1;0;0;0;0;0;0;512843,163000000000000;5372016,625000000000000;9,173861257000056;48,501137629000027
43443;08;4;36;009;2018;03;17;3;3;6;4;0;0;1;1;0;0;0;1;556574,870699999970000;5308369,378800000100000;9,757343937000030;47,926147029000049
43445;08;4;36;064;2018;03;20;3;3;6;2;2;0;1;1;0;0;0;1;545098,677000000030000;5292298,385999999900000;9,602050817000077;47,782467970000027
43456;08;4;35;016;2018;03;09;3;2;0;7;0;1;0;0;0;0;0;0;533062,695900000050000;5278487,565600000300000;9,440332347000037;47,658937340000080
43495;08;1;27;014;2018;04;10;3;3;5;3;0;1;1;0;0;0;0;0;577373,073800000010000;5443715,816999999800000;10,060854601000074;49,141393634000053
43500;08;2;11;000;2018;04;10;4;3;4;2;0;1;1;0;0;0;0;0;441708,173000000010000;5403604,350999999800000;8,206480644000067;48,782706079000036
43502;08;4;15;061;2018;04;17;2;3;3;2;0;1;1;0;0;0;0;0;515207,190999999990000;5372115,977000000000000;9,205867144000024;48,501978650000069
43508;08;1;18;048;2018;04;19;1;3;1;7;1;1;1;0;0;0;0;1;515627,203099999980000;5415127,249699999600000;9,213180453000064;48,888899143000060
43514;08;1;25;057;2018;04;15;4;3;5;3;0;1;1;0;0;0;0;1;523731,211000000010000;5443082,838000000500000;9,325365521000038;49,140114872000026
43525;08;1;18;048;2018;04;18;3;2;5;3;0;1;0;0;1;0;0;0;515182,932800000010000;5414700,585300000400000;9,207104076000064;48,885072027000035
43529;08;1;15;016;2018;03;15;5;3;0;7;0;1;0;0;0;0;0;0;487419,449000000020000;5377851,309999999600000;8,829517680000038;48,553633627000067
43538;08;1;11;000;2018;03;07;5;3;5;3;0;1;1;0;0;0;0;0;515524,174100000000000;5405783,553600000200000;9,211420839000027;48,804847756000072
43540;08;4;36;064;2018;04;17;5;3;6;4;0;0;1;1;0;0;0;0;545376,977599999980000;5292230,178100000100000;9,605758685000069;47,781834755000034
43550;08;3;16;042;2018;03;14;7;3;9;1;0;1;0;0;0;0;0;0;429389,603500000030000;5328010,933899999600000;8,051557304000028;48,101448578000031
43556;08;1;21;000;2018;04;13;5;3;0;1;0;1;0;0;0;0;0;0;514842,712600000030000;5441535,019000000300000;9,203444295000054;49,126470786000027
43559;08;4;35;016;2018;04;12;5;2;0;1;0;1;0;0;0;0;0;0;537360,136000000060000;5278833,127999999600000;9,497593535000021;47,661812575000056
43571;08;2;26;031;2018;03;18;7;2;5;3;0;1;1;0;0;0;0;0;474415,336000000010000;5493337,890999999800000;8,645992621000062;49,592078296000068
43586;08;1;19;079;2018;04;22;3;2;3;6;2;1;1;0;0;0;0;0;526041,756900000040000;5411411,907700000300000;9,355013066000026;48,855127102000040
43609;08;2;37;002;2018;04;16;2;3;0;7;0;1;0;0;0;0;1;0;456023,259900000000000;5354977,689399999600000;8,406478011000047;48,346446657000058
43613;08;2;37;028;2018;04;11;3;3;5;3;0;1;1;0;0;0;0;0;456579,761999999990000;5368064,838800000000000;8,412634184000069;48,464218173000063
43615;08;4;15;061;2018;03;13;6;3;3;2;0;1;1;0;0;0;0;0;514295,994100000010000;5371179,791299999700000;9,193499848000045;48,493577792000053
43618;08;1;11;000;2018;04;19;6;3;2;6;0;1;1;0;0;0;0;0;515868,672599999990000;5408859,235899999700000;9,216231441000048;48,832507391000036
43636;08;1;35;021;2018;04;16;5;3;5;3;0;1;1;0;0;0;0;1;592298,128999999960000;5383796,485999999600000;10,251923248000026;48,600439091000055
43650;08;1;15;045;2018;04;05;5;3;5;3;2;1;1;0;0;0;0;1;500184,153500000010000;5394457,950799999800000;9,002502895000021;48,703156465000063
43651;08;2;21;000;2018;03;20;6;3;5;3;2;1;1;0;0;0;0;1;478053,334199999980000;5473325,429800000000000;8,697441644000037;49,412215125000046
43655;08;2;15;108;2018;03;16;6;3;5;3;0;1;1;0;0;0;0;0;450487,468100000000000;5422612,414200000500000;8,323682172000076;48,954448156000069
43657;08;3;17;096;2018;04;15;3;2;0;7;0;1;0;0;0;0;0;0;421341,987599999990000;5369616,605399999800000;7,935730921000072;48,474756699000068
43663;08;2;16;007;2018;04;11;2;3;0;7;0;1;0;0;0;0;0;0;436123,631700000030000;5393389,852800000500000;8,132050976000073;48,690278300000045
43676;08;1;16;042;2018;04;09;6;2;6;7;0;0;0;1;0;1;0;0;518705,527200000010000;5382508,163200000300000;9,253692271000034;48,595374777000075
43679;08;1;25;026;2018;03;05;6;1;6;7;2;0;1;1;0;0;0;0;496923,416399999990000;5446658,909699999700000;8,957790987000067;49,172733669000081
43697;08;1;17;012;2018;03;14;6;3;6;4;0;0;1;1;0;0;0;0;545218,626000000050000;5389431,963999999700000;9,614014062000024;48,656305649000046
43710;08;2;15;047;2018;04;17;3;3;6;7;0;0;1;1;0;0;0;0;460016,363499999980000;5414062,811499999800000;8,454673267000032;48,878231254000070
43716;08;4;35;016;2018;04;11;5;3;3;6;0;1;1;0;0;0;0;0;532494,920099999990000;5279478,540300000500000;9,432844576000036;47,667882366000072
43726;08;1;27;014;2018;04;10;6;3;6;2;0;0;1;1;0;0;0;0;578078,291399999990000;5443326,995000000100000;10,070446686000025;49,137807401000032
43743;08;3;17;096;2018;04;10;5;3;6;6;0;1;0;1;0;0;0;1;421947,533000000000000;5369867,053600000200000;7,943875936000040;48,477084921000028
43779;08;1;16;020;2018;04;18;3;2;5;3;0;1;0;0;0;1;0;0;526995,697000000040000;5381335,770999999700000;9,366048847000059;48,584525276000079
43788;08;1;36;079;2018;04;20;3;3;0;7;2;1;0;0;0;0;0;0;560206,345800000010000;5401782,249099999700000;9,819311961000039;48,766133817000082
43789;08;2;15;102;2018;04;15;6;3;5;3;0;1;1;0;0;0;0;0;457914,500000000000000;5437678,502999999600000;8,423562991000040;49,090519693000033
43791;08;2;12;000;2018;03;16;5;3;5;3;0;1;1;0;0;0;0;0;456438,685100000000000;5424560,934200000000000;8,404759520000027;48,972423404000040
43813;08;1;27;076;2018;03;13;5;3;5;2;0;1;1;0;0;0;0;0;552461,935700000030000;5439597,274600000100000;9,718799690000026;49,106981405000056
43815;08;3;36;019;2018;04;15;5;3;6;4;0;0;1;1;0;0;0;0;394458,807900000010000;5276203,227000000000000;7,595139497000048;47,630626107000069
43818;08;1;18;049;2018;04;10;3;2;6;2;0;0;0;1;0;1;0;0;518983,928000000010000;5420709,767000000000000;9,259230890000026;48,939023826000039
43829;08;1;17;012;2018;03;12;5;2;5;3;0;1;1;0;0;0;0;0;544941,929000000000000;5388243,639999999700000;9,610128087000021;48,645635864000042
43842;08;3;35;075;2018;04;07;4;2;4;6;0;1;0;0;0;0;0;0;487722,829700000000000;5289362,663400000000000;8,836182918000077;47,757515670000032
43847;08;2;12;000;2018;04;07;4;3;4;2;0;1;0;0;0;0;0;0;455219,797199999970000;5428954,413400000000000;8,387620904000073;49,011856120000061
43851;08;4;17;031;2018;04;11;3;3;5;3;0;1;1;0;0;0;0;0;497199,587100000000000;5356340,645600000400000;8,962194749000048;48,360233611000069
43860;08;1;16;035;2018;04;09;4;3;3;7;0;1;0;0;0;1;0;0;526552,886700000030000;5392205,835599999900000;9,360741133000033;48,682331452000028
43877;08;1;19;067;2018;04;15;1;3;5;3;0;1;0;0;1;0;0;0;538718,030999999960000;5405437,004999999900000;9,527251191000062;48,800718267000036
43893;08;2;12;000;2018;04;08;3;3;5;3;0;1;1;0;0;0;0;0;458388,657000000010000;5433010,226200000400000;8,430537208000033;49,048560500000065
43894;08;4;15;078;2018;04;10;4;3;4;6;0;1;0;0;0;0;0;0;529856,565199999950000;5371221,972099999900000;9,404115044000037;48,493410530000062
43895;08;1;16;046;2018;04;17;1;2;0;1;0;1;0;0;0;0;0;0;527031,314000000010000;5378127,667000000400000;9,366323262000037;48,555663294000055
43900;08;1;15;045;2018;04;16;2;3;5;3;0;1;1;0;0;0;0;0;500519,856099999980000;5394536,868999999900000;9,007065647000047;48,703866230000074
43912;08;2;31;000;2018;04;10;6;2;6;2;0;0;1;1;0;0;0;0;475784,060000000000000;5415007,856999999800000;8,669663964000051;48,887549021000041
43913;08;4;35;016;2018;04;12;4;2;5;3;0;1;1;0;0;0;0;0;538594,837999999990000;5284182,133999999600000;9,514510723000058;47,709866794000050
43914;08;4;36;049;2018;04;18;7;2;5;3;0;1;1;0;0;0;0;0;578679,012200000000000;5283665,196999999700000;10,048713728000052;47,701576726000042
43934;08;3;17;096;2018;04;07;4;3;5;2;0;1;1;0;0;0;0;0;422581,014599999990000;5370219,737499999800000;7,952380721000054;48,480335614000069
43965;08;3;27;018;2018;04;14;7;3;0;1;0;1;1;0;0;0;0;0;473210,987000000020000;5307884,088800000000000;8,641404384000055;47,923718093000048
43971;08;3;35;075;2018;04;09;4;3;0;3;0;1;1;0;0;0;0;0;488517,785800000010000;5288145,762199999800000;8,846822292000070;47,746581196000079
43972;08;3;17;096;2018;04;17;7;3;5;2;0;1;1;0;0;0;0;0;421546,699499999990000;5368816,562300000300000;7,938650350000046;48,467585967000048
43987;08;4;17;015;2018;04;13;4;3;5;3;0;1;1;0;0;0;0;0;482755,971000000020000;5343104,220999999900000;8,767749384000069;48,240920938000045
43991;08;3;16;011;2018;04;21;7;2;5;3;2;1;1;0;0;0;0;0;412679,778999999980000;5331312,827999999700000;7,826477923000027;48,129078167000046
44001;08;1;15;052;2018;04;06;2;3;6;4;0;0;0;1;1;0;0;0;494581,580000000020000;5410416,627000000300000;8,926146096000025;48,846696602000065
44006;08;2;37;004;2018;04;17;7;3;4;6;0;1;1;0;0;0;0;0;455579,874100000020000;5374786,645700000200000;8,398394008000025;48,524617148000061
44009;08;3;17;065;2018;04;15;4;3;5;3;0;1;1;0;0;0;0;0;414185,878800000010000;5355038,971199999600000;7,841907592000041;48,342699306000043
44011;08;2;12;000;2018;04;19;2;2;5;3;0;1;1;0;0;0;0;0;455738,355500000010000;5431711,432000000000000;8,394411029000025;49,036693126000046
44013;08;2;36;072;2018;04;19;7;3;0;7;1;0;1;1;0;0;0;0;465615,868399999980000;5411149,596300000300000;8,531285415000070;48,852361219000045
44015;08;1;27;014;2018;04;21;4;3;8;1;2;1;0;0;0;0;0;0;577093,665999999970000;5442558,599000000400000;10,056803044000048;49,131020896000052
44016;08;3;15;133;2018;04;11;1;2;8;1;0;1;0;0;0;0;0;0;402975,631300000010000;5326169,385800000300000;7,697264072000053;48,081409034000046
44021;08;2;26;010;2018;04;11;7;3;5;3;0;1;1;0;0;0;0;0;480459,222499999970000;5459638,230499999600000;8,731280428000048;49,289181231000043
44026;08;1;11;000;2018;04;08;3;3;5;3;0;1;1;0;0;0;0;0;509191,653700000020000;5397398,072200000300000;9,124992354000028;48,729538214000058
44030;08;2;16;023;2018;04;13;2;2;5;2;0;1;0;0;0;0;1;0;437857,267600000020000;5407554,820600000200000;8,153466733000073;48,817867539000076
44035;08;2;16;043;2018;04;13;7;3;5;3;0;1;1;0;0;0;0;0;442893,739400000020000;5412801,727099999800000;8,221337353000024;48,865547021000054
44039;08;2;15;108;2018;04;17;7;3;4;6;0;1;0;0;0;0;0;0;448320,728799999980000;5422714,091300000400000;8,294074932000058;48,955185430000029
44041;08;1;16;049;2018;04;17;2;3;6;3;0;0;1;1;0;0;0;0;526446,172900000010000;5385225,002999999600000;9,358845474000077;48,619536502000074
44047;08;1;18;080;2018;04;09;7;2;0;1;0;1;0;0;0;0;0;0;507121,012500000010000;5412455,795699999700000;9,097095943000056;48,865023415000053
44055;08;1;28;139;2018;04;12;7;3;3;6;0;1;0;0;0;0;1;0;551089,064499999980000;5492573,058100000000000;9,706783544000075;49,583582230000047
44060;08;1;28;126;2018;04;18;7;3;5;7;0;1;1;0;0;0;0;0;565241,199999999950000;5481251,376799999700000;9,900673222000023;49,480397730000050
44063;08;1;28;039;2018;04;15;7;2;4;2;0;1;0;0;0;0;1;0;523295,299300000010000;5509987,502000000300000;9,323321669000052;49,741924602000040
44070;08;4;36;013;2018;04;13;4;2;5;3;0;1;1;0;0;0;0;0;546740,253000000030000;5295751,345999999900000;9,624336015000040;47,813417120000054
44082;08;3;27;046;2018;04;14;1;3;3;6;0;1;0;0;0;0;0;0;477238,697500000010000;5328885,285199999800000;8,694202818000065;48,112822191000078
44088;08;2;21;000;2018;04;13;2;3;0;1;0;1;0;0;0;0;0;0;476584,929699999980000;5471428,286899999700000;8,677310284000043;49,395095886000036
44092;08;2;26;107;2018;04;16;1;3;8;7;0;1;0;0;0;0;0;0;474941,874100000020000;5482875,332299999900000;8,653943347000052;49,497993828000062
44100;08;1;28;139;2018;04;10;4;2;5;3;0;1;1;0;0;0;0;0;551923,040400000060000;5492190,057000000000000;9,718269534000058;49,580066494000050
44101;08;2;22;000;2018;04;18;1;3;5;3;0;1;1;0;0;0;0;0;463202,552800000000000;5478573,471199999600000;8,492227335000052;49,458702148000043
44104;08;4;35;016;2018;04;16;3;2;7;7;0;1;0;0;0;0;0;0;536700,933800000000000;5278184,824000000000000;9,488759618000074;47,656017267000038
44111;08;1;36;088;2018;04;13;2;3;5;3;0;1;1;0;0;0;0;0;581816,955199999970000;5408972,857800000300000;10,114779668000040;48,828342228000054
44112;08;1;11;000;2018;04;12;7;3;5;3;0;1;1;0;0;0;0;0;517759,136000000000000;5404554,066999999800000;9,241804935000062;48,793727634000049
44118;08;2;16;009;2018;04;15;1;3;5;2;0;1;0;0;1;0;0;0;446586,563000000020000;5420084,976800000300000;8,270733339000060;48,931389222000064
44126;08;1;18;048;2018;04;07;2;2;3;6;0;1;1;0;0;0;0;0;514364,229400000010000;5414979,476700000500000;9,195946355000046;48,887600378000059
44142;08;2;22;000;2018;04;21;4;3;5;3;2;1;1;0;0;0;0;0;461777,421800000010000;5481025,311499999800000;8,472325806000072;49,480667221000033
44158;08;1;18;047;2018;04;13;1;2;6;4;0;0;0;1;1;0;0;0;507314,075200000020000;5425692,042399999700000;9,099965748000045;48,984090753000032
44169;08;1;17;024;2018;04;19;3;3;6;4;2;0;1;1;0;0;0;0;560682,223200000010000;5385825,383700000100000;9,823442946000057;48,622552993000056
44173;08;2;12;000;2018;04;15;2;2;5;3;0;1;1;0;0;0;0;0;452882,799899999980000;5429070,910699999900000;8,355650494000031;49,012729987000057
44193;08;3;17;065;2018;04;15;6;3;5;2;0;1;1;0;0;0;0;0;415535,598200000010000;5351327,006699999800000;7,860862635000046;48,309492506000026
44204;08;3;35;063;2018;04;14;1;2;0;1;0;1;0;0;0;0;0;0;498662,142400000010000;5291268,362800000200000;8,982142756000030;47,774777825000058
44210;08;4;17;016;2018;04;13;4;3;0;1;0;1;0;0;0;0;0;0;483970,269900000010000;5341637,356300000100000;8,784159514000066;48,227755787000035