OBJECTID_1;ULAND;UREGBEZ;UKREIS;UGEMEINDE;UJAHR;UMONAT;USTUNDE;UWOCHENTAG;UKATEGORIE;UART;UTYP1;ULICHTVERH;IstRad;IstPKW;IstFuss;IstKrad;IstGkfz;IstSonstig;STRZUSTAND;LINREFX;LINREFY;XGCSWGS84;YGCSWGS84
44222;08;2;16;041;2018;04;15;6;3;5;3;0;1;1;0;0;0;0;0;434491,058000000020000;5390942,673999999600000;8,110258189000035;48,668096597000044
44228;08;1;15;003;2018;04;08;3;3;5;2;0;1;0;0;0;1;0;0;500351,059000000010000;5393196,576000000400000;9,004770294000025;48,691808950000052
44229;08;1;16;042;2018;04;12;1;3;5;3;0;1;1;0;0;0;0;0;517044,312700000010000;5382043,338299999900000;9,231143302000021;48,591240557000049
44230;08;2;12;000;2018;04;14;7;3;5;3;0;1;1;0;0;0;0;0;452977,531299999970000;5428932,467400000400000;8,356961943000044;49,011491912000054
44235;08;2;31;000;2018;04;08;7;2;6;4;0;0;1;1;0;0;0;0;480993,275599999990000;5417079,892900000300000;8,740626968000072;48,906370066000079
44249;08;2;21;000;2018;04;02;7;2;6;4;2;0;1;1;0;0;0;0;476422,535900000020000;5472991,879499999800000;8,674979514000029;49,409153887000059
44257;08;4;36;003;2018;04;14;4;2;0;7;0;1;0;0;0;0;0;0;582015,813800000000000;5305688,430999999900000;10,097346418000029;47,899279508000063
44273;08;3;26;060;2018;04;16;2;2;6;4;0;0;1;1;0;0;0;0;443001,740300000000000;5331342,240299999700000;8,233931896000058;48,132781162000072
44284;08;3;25;049;2018;04;11;1;2;2;2;0;1;0;0;1;0;0;0;480648,565500000030000;5337743,468100000200000;8,739610828000025;48,192630734000033
44288;08;1;19;087;2018;04;09;1;3;3;2;0;1;1;0;0;0;0;0;525143,282000000010000;5428027,113900000200000;9,343789505000075;49,004627328000026
44296;08;4;26;070;2018;04;14;6;3;5;3;0;1;1;0;0;0;0;1;565232,611999999960000;5341757,859000000200000;9,878326018000053;48,225687607000054
44297;08;3;35;075;2018;04;20;3;3;5;3;1;1;1;0;0;0;0;0;487980,364999999990000;5289013,365000000200000;8,839628914000059;47,754377699000031
44299;08;4;17;079;2018;04;10;6;3;5;3;0;1;1;0;0;0;0;0;502638,100800000010000;5339204,027800000300000;9,035507042000063;48,206060613000034
44300;08;4;16;048;2018;04;23;6;2;6;7;2;0;1;1;0;0;0;0;496811,792499999980000;5378612,546699999800000;8,956789845000060;48,560600055000066
44306;08;4;36;081;2018;04;09;4;3;3;6;0;1;0;0;0;0;1;0;562120,398200000050000;5281541,829900000200000;9,827728295000043;47,684278127000027
44328;08;4;36;064;2018;04;16;6;3;4;2;0;1;1;0;0;0;0;0;546533,422999999950000;5291049,372000000400000;9,621069165000051;47,771128524000062
44330;08;3;25;061;2018;04;05;6;3;5;3;2;1;1;0;0;0;0;0;475641,936999999980000;5354121,541000000200000;8,671300160000044;48,339805720000072
44339;08;1;19;083;2018;04;17;3;3;3;2;0;1;1;0;0;0;0;0;534877,406500000040000;5419507,886199999600000;9,476151934000029;48,927520506000064
44343;08;1;36;088;2018;04;09;4;3;1;3;0;1;1;0;0;0;0;0;580766,397800000040000;5412006,349899999800000;10,101066278000076;48,855763584000044
44353;08;3;11;000;2018;04;15;6;2;0;7;0;1;0;0;0;0;0;0;412683,573299999990000;5317803,605700000200000;7,829288465000047;48,007560602000069
44367;08;2;12;000;2018;04;08;6;3;0;2;0;1;1;0;0;0;0;0;453057,727699999990000;5428762,351599999700000;8,358078240000054;49,009967821000032
44369;08;1;15;004;2018;04;17;3;3;5;7;0;1;1;0;0;0;0;0;487959,338800000030000;5374167,596699999600000;8,836940297000069;48,520504414000072
44378;08;1;19;008;2018;04;19;4;3;5;3;0;1;0;0;0;0;1;0;531902,830700000050000;5421582,468500000400000;9,435706226000036;48,946342810000033
44380;08;2;35;018;2018;04;21;6;3;6;4;2;1;0;1;0;0;0;0;463088,104200000000000;5405224,883200000000000;8,497362300000077;48,798919983000076
44381;08;1;19;020;2018;04;17;2;3;0;1;0;1;0;0;0;0;0;0;519757,054599999970000;5405615,207499999600000;9,269058956000038;48,803213201000062
44385;08;3;16;053;2018;04;21;1;3;8;1;2;1;0;0;0;0;0;0;404616,799000000000000;5344189,469800000100000;7,715252346000057;48,243741490000048
44387;08;4;35;057;2018;04;08;4;3;5;3;0;1;1;0;0;0;0;0;544084,552000000030000;5280278,313400000300000;9,587296299000059;47,674391895000042
44397;08;2;31;000;2018;04;17;2;2;6;4;0;0;1;1;0;0;0;0;477512,725600000010000;5411729,365399999500000;8,693425034000029;48,858121875000052
44398;08;2;16;043;2018;04;12;6;3;6;6;0;1;0;1;0;0;0;0;441579,583500000010000;5411483,219600000400000;8,203608382000027;48,853564696000035
44399;08;1;17;019;2018;04;14;4;3;5;3;0;1;1;0;0;0;0;0;552871,331699999980000;5393384,858300000400000;9,718426022000074;48,691262850000044
44403;08;2;15;017;2018;04;11;6;3;5;3;0;1;1;0;0;0;0;0;457902,101700000000000;5418347,233699999700000;8,425397285000031;48,916631054000050
44405;08;3;35;043;2018;04;20;3;3;6;7;1;0;1;1;0;0;0;0;513311,686200000000000;5279408,787899999900000;9,177316721000068;47,667934183000057
44411;08;2;16;012;2018;04;15;2;3;5;3;0;1;1;0;0;0;0;0;442568,527000000000000;5420023,247000000400000;8,215887999000074;48,930474087000050
44416;08;4;37;088;2018;04;16;1;2;6;4;0;0;1;1;0;0;0;0;517235,790600000010000;5313995,920300000300000;9,230963202000055;47,979035507000049
44420;08;1;18;048;2018;04;15;3;3;5;2;0;1;1;0;0;0;0;0;514792,185100000000000;5414940,803299999800000;9,201782778000052;48,887242415000060
44426;08;1;25;048;2018;04;12;3;3;1;5;0;1;0;0;0;0;1;0;533937,874599999980000;5461851,469600000400000;9,466887202000066;49,308458990000076
44437;08;2;12;000;2018;04;09;3;3;5;3;0;1;1;0;0;0;0;0;456386,161700000000000;5426485,288800000200000;8,403835431000061;48,989729574000080
44438;08;1;16;077;2018;04;05;3;3;5;3;2;1;1;0;0;0;0;0;516379,408000000000000;5389734,627999999600000;9,222430249000070;48,660450188000027
44444;08;1;17;043;2018;04;15;6;3;0;7;0;1;1;0;0;0;0;1;551939,083899999970000;5389091,376000000200000;9,705220245000021;48,652719346000026
44445;08;1;19;067;2018;04;19;2;3;4;2;0;1;1;0;0;0;0;0;539341,114500000030000;5405874,233400000300000;9,535777675000077;48,804612247000080
44446;08;3;35;081;2018;04;08;2;3;0;6;0;1;0;0;0;0;1;1;489769,285399999990000;5296473,815800000000000;8,863321503000066;47,821533941000041
44449;08;1;27;014;2018;04;16;2;2;6;4;0;0;1;1;0;0;0;0;577155,851400000040000;5441967,819000000100000;10,057542307000062;49,125699685000029
44452;08;4;35;016;2018;04;18;3;3;5;3;0;1;1;0;0;0;0;0;536026,066299999950000;5279659,530700000000000;9,479894082000044;47,669323730000031
44454;08;1;16;019;2018;04;13;6;3;6;7;0;0;1;1;0;0;0;1;523498,151699999990000;5397145,316700000300000;9,319522122000024;48,726889201000063
44459;08;3;11;000;2018;04;07;2;3;6;4;0;0;0;1;0;0;1;0;415306,014399999990000;5315623,823099999700000;7,864872327000057;47,988305451000031
44461;08;1;18;049;2018;04;09;4;3;6;4;0;0;1;1;0;0;0;0;518937,657000000010000;5420625,309999999600000;9,258595129000071;48,938265501000046
44478;08;4;26;062;2018;04;11;5;3;0;1;0;1;0;0;0;0;0;0;555410,382300000060000;5319443,774299999700000;9,743185226000037;48,025879217000067
44489;08;4;36;085;2018;04;17;7;3;0;6;0;1;1;0;0;0;0;0;558903,107599999990000;5298353,876600000100000;9,787141867000059;47,835832577000076
44500;08;2;22;000;2018;04;16;2;2;6;6;0;1;0;1;0;0;0;0;462651,536399999980000;5482447,475100000400000;8,484258344000068;49,493513273000076
44507;08;3;17;098;2018;04;15;7;1;8;1;0;0;0;1;1;0;1;0;442124,561600000020000;5377951,769299999800000;8,215737381000054;48,551992534000078
44529;08;1;15;050;2018;04;16;3;2;5;3;0;1;1;0;0;0;0;0;488355,019099999980000;5404469,905600000200000;8,841446175000044;48,793115103000048
44542;08;1;15;050;2018;04;13;3;3;6;4;0;0;1;1;0;0;0;0;489637,770000000020000;5400019,002999999600000;8,859023733000072;48,753097729000046
44546;08;2;12;000;2018;04;09;5;2;5;3;0;1;0;0;0;0;1;0;456408,935400000020000;5426747,898299999500000;8,404118540000070;48,992093392000072
44551;08;1;19;087;2018;04;17;4;3;6;4;0;0;1;1;0;0;0;0;529134,969500000010000;5423834,173200000100000;9,398066880000044;48,966734535000057
44558;08;3;16;051;2018;04;15;1;3;0;6;0;1;0;0;0;0;1;0;398726,453700000010000;5334654,800200000400000;7,638211222000052;48,157069857000067
44561;08;3;17;116;2018;04;17;3;2;5;3;0;1;0;0;0;0;0;0;434264,251200000000000;5387017,334200000400000;8,107801283000072;48,632764050000048
44568;08;2;22;000;2018;04;11;5;2;3;6;0;1;1;0;0;0;0;0;464320,346399999980000;5480679,313600000000000;8,507461445000047;49,477709940000068
44576;08;1;36;028;2018;04;17;5;3;6;4;0;0;1;1;0;0;0;0;568650,917000000020000;5404641,592100000000000;9,934691501000032;48,790978764000045
44580;08;1;28;006;2018;04;13;3;2;6;4;0;0;1;1;0;0;0;0;550032,071000000000000;5475252,720900000100000;9,689967591000027;49,427888540000026
44611;08;3;27;050;2018;04;12;2;3;0;3;0;1;0;0;0;0;0;0;482401,215000000030000;5311747,599000000400000;8,764264713000046;47,958797117000074
44616;08;4;17;013;2018;04;18;3;3;6;7;0;0;1;1;0;0;0;0;508494,746900000030000;5348437,690600000300000;9,114518720000035;48,289082477000079
44617;08;4;36;081;2018;04;16;7;2;8;1;0;1;0;0;0;0;0;0;564554,179899999990000;5282921,496100000100000;9,860357849000025;47,696452012000066
44629;08;1;11;000;2018;04;08;5;3;5;2;0;1;1;0;0;0;0;0;509522,001800000030000;5398464,142400000200000;9,129509199000040;48,739123632000030
44633;08;1;19;044;2018;04;09;2;3;9;1;0;1;0;0;0;0;0;0;541872,594000000040000;5425763,909199999600000;9,572290174000045;48,983361155000068
44642;08;4;35;045;2018;04;10;1;2;0;7;0;1;0;0;0;0;0;0;535949,847799999990000;5285264,553299999800000;9,479340787000069;47,719758341000045
44648;08;1;18;079;2018;04;16;3;3;6;2;0;0;0;1;0;0;1;0;506033,980099999990000;5421310,571100000300000;9,082404994000058;48,944690346000073
44653;08;1;18;073;2018;04;11;6;3;0;7;0;1;0;0;0;0;0;0;497234,171199999980000;5420548,872999999700000;8,962232722000067;48,937861583000029
44654;08;3;35;063;2018;04;15;7;3;0;7;0;1;0;0;0;0;0;0;499357,804699999980000;5290666,874099999700000;8,991429096000047;47,769366972000057
44659;08;3;36;107;2018;04;09;1;3;9;1;0;1;0;0;0;0;0;0;408697,222899999990000;5285919,978900000500000;7,782588053000040;47,720198935000042
44660;08;2;15;090;2018;04;16;3;3;5;3;0;1;1;0;0;0;0;0;465804,997800000010000;5433681,541100000000000;8,531971279000061;49,055055298000070
44666;08;3;36;091;2018;04;16;6;3;4;6;0;1;0;0;0;0;0;0;393566,493000000020000;5274305,519000000300000;7,583726811000076;47,613410123000051
44673;08;2;22;000;2018;04;12;6;2;5;3;0;1;1;0;0;0;0;0;461470,771000000010000;5481218,714200000300000;8,468073748000052;49,482387389000053
44679;08;1;16;033;2018;04;19;6;3;5;3;0;1;1;0;0;0;0;0;535607,716600000040000;5387514,238500000000000;9,483350174000066;48,639675784000076
44691;08;3;15;084;2018;04;16;7;2;6;7;0;1;0;1;0;0;0;0;421783,048200000020000;5311061,874200000400000;7,952496626000027;47,948092377000080
44695;08;1;11;000;2018;04;07;6;3;5;3;0;1;1;0;0;0;0;0;516882,730300000000000;5405926,815999999600000;9,229928505000032;48,806101104000049
44698;08;1;11;000;2018;04;07;6;3;5;3;0;1;1;0;0;0;0;0;511689,497700000010000;5408753,580099999900000;9,159281969000062;48,831649672000026
44701;08;3;17;059;2018;04;12;1;3;2;2;0;1;0;0;0;0;1;0;412732,857000000020000;5349539,777999999900000;7,823440882000057;48,293036170000050
44704;08;4;17;008;2018;04;17;6;3;0;2;0;1;1;0;0;0;0;0;493858,915500000000000;5350769,689399999600000;8,917177319000075;48,310090004000074
44707;08;4;36;082;2018;04;17;5;3;0;3;0;1;1;0;0;0;0;0;548518,046600000000000;5295164,523699999800000;9,648015785000041;47,808005930000036
44713;08;1;16;011;2018;04;18;7;3;8;1;0;1;0;0;0;0;0;0;531284,033100000000000;5379398,481100000400000;9,424049326000045;48,566897832000052
44723;08;4;35;016;2018;04;22;5;2;0;7;2;1;0;0;0;0;0;0;538916,096299999980000;5279534,581799999800000;9,518378740000060;47,668032054000037
44725;08;3;16;039;2018;04;15;2;2;6;4;0;0;1;1;0;0;0;1;417936,664999999980000;5327255,970999999900000;7,897893432000046;48,093284943000072
44729;08;1;18;067;2018;04;23;4;2;0;7;2;1;0;0;0;0;0;0;507211,602000000010000;5414044,720200000300000;9,098359155000026;48,879316021000079
44731;08;2;22;000;2018;04;10;7;3;5;2;0;1;1;0;0;0;0;0;461718,763600000010000;5484439,375099999800000;8,471185290000051;49,511371172000054
44736;08;1;15;021;2018;04;09;7;3;5;3;0;1;1;0;0;0;0;0;490542,242900000010000;5383469,575000000200000;8,871707510000022;48,604231850000076
44745;08;3;35;043;2018;04;19;7;3;0;7;0;1;0;0;0;0;0;0;514700,211100000010000;5280065,507899999600000;9,195834399000034;47,673813048000056
44750;08;3;35;063;2018;04;15;1;3;5;2;0;1;1;0;0;0;0;0;493961,626999999980000;5288815,208999999800000;8,919436087000065;47,752678541000080
44755;08;1;28;020;2018;04;08;2;3;0;1;0;1;0;0;0;0;0;0;574604,690399999960000;5477261,722600000000000;10,029166449000058;49,443438401000037
44758;08;2;11;000;2018;04;19;7;2;0;7;0;1;0;0;0;0;0;0;437154,329099999970000;5398358,987200000300000;8,145297595000045;48,735080643000060
44767;08;2;15;106;2018;04;17;6;3;0;3;0;1;1;0;0;0;0;0;465497,113599999980000;5452002,992800000100000;8,526189100000067;49,219841319000068
44771;08;1;21;000;2018;04;16;2;2;5;3;0;1;1;0;0;0;0;0;513460,836499999980000;5443703,141300000300000;9,184575872000039;49,146005640000055
44774;08;1;21;000;2018;04;12;7;2;6;4;0;0;1;1;0;0;0;0;515894,555400000010000;5442032,352900000300000;9,217881062000060;49,130918174000044
44778;08;4;35;057;2018;04;07;6;3;5;3;0;1;1;0;0;0;0;0;544282,087300000010000;5279928,709699999500000;9,589892279000026;47,671232933000056
44781;08;3;35;043;2018;04;16;5;3;9;7;0;1;0;0;0;0;0;0;515119,620200000000000;5280731,140700000300000;9,201444731000038;47,679792501000065
44784;08;1;11;000;2018;04;18;1;2;6;4;0;0;1;1;0;0;0;0;517044,770599999990000;5405675,496100000100000;9,232124904000045;48,803835845000037
44785;08;3;26;074;2018;04;17;5;2;6;4;0;0;0;1;1;0;0;0;462856,379599999990000;5323356,248300000100000;8,501464053000063;48,062402497000051
44787;08;3;25;053;2018;04;14;5;1;3;2;0;1;0;0;0;1;0;0;459047,752800000020000;5338463,033900000200000;8,448895310000069;48,198078547000080
44790;08;3;17;096;2018;04;14;5;3;5;3;0;1;1;0;0;0;0;0;421573,054400000020000;5369679,126199999800000;7,938845044000061;48,475347931000044
44793;08;3;17;056;2018;04;10;1;3;0;1;0;1;0;0;0;0;0;0;433764,899700000010000;5381165,991200000000000;8,101958464000063;48,580077784000025
44797;08;4;15;061;2018;04;13;6;3;0;7;0;1;0;0;0;0;0;0;514928,025900000010000;5376040,347299999600000;9,202228455000068;48,537290214000052
44799;08;2;31;000;2018;04;19;6;2;0;7;0;1;0;0;0;0;0;0;476778,184200000020000;5416044,394700000100000;8,683165940000038;48,896911398000043
44800;08;3;17;150;2018;04;08;2;3;5;3;0;1;1;0;0;0;0;1;408457,940599999970000;5353536,087299999800000;7,764951673000041;48,328377401000068
44801;08;4;17;013;2018;04;12;7;3;5;3;0;1;1;0;0;0;0;0;510436,373800000000000;5356619,058000000200000;9,140896543000054;48,362658313000054
44806;08;4;36;010;2018;04;13;1;3;0;1;0;1;0;0;0;0;0;0;565885,059099999950000;5310425,576600000300000;9,882275944000071;47,943755576000058
44811;08;3;15;007;2018;04;13;5;2;0;1;0;1;0;0;0;0;0;0;405352,580000000020000;5295509,095999999900000;7,735913967000045;47,805974890000073
44822;08;2;15;007;2018;04;08;6;3;5;3;0;1;0;0;0;1;0;0;478012,961200000020000;5431676,381799999600000;8,699168034000024;49,037574681000081
44825;08;2;16;006;2018;04;08;2;3;0;6;0;1;1;0;0;0;0;0;447393,126999999980000;5409616,157599999600000;8,283091986000045;48,837290334000045
44836;08;1;11;000;2018;04;13;3;2;5;3;0;1;1;0;0;0;0;0;515288,256799999970000;5406003,299200000200000;9,208216131000029;48,806830405000028
44848;08;3;35;100;2018;04;17;7;2;0;7;0;1;0;0;0;0;0;0;487763,994699999980000;5286663,661200000000000;8,836808112000028;47,733232041000065
44849;08;1;26;047;2018;04;07;2;3;4;2;0;1;1;0;0;0;0;0;549504,964999999970000;5452313,212000000300000;9,679852309000069;49,221602924000081
44857;08;1;36;065;2018;04;17;1;3;0;2;0;1;0;0;1;0;0;0;558148,783000000050000;5405654,464999999900000;9,791862474000027;48,801160413000048
44864;08;2;36;065;2018;04;14;5;3;2;7;0;1;1;0;0;0;0;0;493256,523300000000000;5415141,890599999600000;8,908007503000022;48,889191201000074
44871;08;3;26;074;2018;04;14;7;3;5;3;0;1;1;0;0;0;0;1;471443,893800000020000;5322518,336900000500000;8,616777222000053;48,055306171000041
44873;08;2;26;085;2018;04;08;5;1;6;4;0;0;1;1;0;0;0;0;491269,268300000000000;5455557,778599999800000;8,880025787000022;49,252726936000045
44874;08;2;16;007;2018;04;18;5;3;1;3;0;1;1;0;0;0;0;0;436709,272899999980000;5394680,080799999600000;8,139809985000056;48,701943674000063
44877;08;2;26;082;2018;04;15;3;2;0;7;0;1;0;0;0;0;0;0;475328,256100000000000;5480408,103799999700000;8,659433216000025;49,475817698000071
44881;08;4;16;022;2018;04;07;2;3;0;7;0;1;0;0;0;0;0;0;510286,017999999980000;5375326,259999999800000;9,139326254000025;48,530959340000038
44886;08;3;15;109;2018;04;17;7;3;5;3;0;1;1;0;0;0;0;0;422396,496999999970000;5313651,922000000300000;7,960243240000068;47,971466476000046
44897;08;3;17;088;2018;04;15;1;3;8;1;0;1;0;0;0;0;0;0;436976,537000000010000;5362592,518000000200000;8,148301325000034;48,413333170000044
44906;08;2;36;072;2018;04;09;7;2;5;2;0;1;1;0;0;0;0;0;465351,601800000000000;5411215,682199999700000;8,527677544000028;48,852940997000076
44908;08;1;19;068;2018;04;17;5;3;5;3;0;1;0;0;1;0;0;0;526499,756500000020000;5413016,289099999700000;9,361360485000034;48,869540168000071
44912;08;1;19;093;2018;04;07;3;3;6;1;0;1;0;1;0;0;0;0;524577,755400000020000;5405461,601800000300000;9,334698812000056;48,801659470000061
44922;08;1;36;082;2018;04;13;6;2;5;3;0;1;1;0;0;0;0;0;594801,461299999970000;5420589,808500000300000;10,294346870000027;48,930973144000063
44928;08;2;25;117;2018;04;21;7;3;8;1;2;1;0;0;0;0;0;0;517289,597100000010000;5475589,293899999900000;9,238454981000075;49,432728468000050
44934;08;2;26;013;2018;04;11;1;3;4;2;0;1;1;0;0;0;0;0;499190,010699999980000;5478463,398400000300000;8,988822849000030;49,458826101000056
44937;08;1;18;048;2018;04;13;1;3;5;2;0;1;1;0;0;0;0;0;514243,295099999990000;5415164,175900000100000;9,194303105000074;48,889264675000049
44943;08;1;15;042;2018;04;16;5;3;3;6;0;1;1;0;0;0;0;0;497166,203400000000000;5407938,985500000400000;8,961392032000049;48,824425239000050
44944;08;3;35;043;2018;04;23;7;3;0;1;2;1;0;0;0;0;0;0;513779,186300000000000;5279898,642199999700000;9,183559422000030;47,672331933000066
44952;08;4;36;006;2018;04;07;6;3;4;2;0;1;1;0;0;0;0;0;556024,738800000050000;5283918,843200000000000;9,746819007000056;47,706221023000069
44954;08;1;11;000;2018;04;22;5;3;5;2;2;1;1;0;0;0;0;0;511449,837799999980000;5410703,700100000000000;9,156070853000074;48,849197092000054
44960;08;2;11;000;2018;04;10;1;3;3;1;0;1;0;0;1;0;0;0;443382,572800000020000;5393123,864600000000000;8,230711695000025;48,688586487000066
44964;08;1;11;000;2018;04;12;5;2;6;4;0;0;0;1;0;0;1;0;507705,476000000020000;5406005,243999999900000;9,104943887000047;48,806988178000040
44975;08;2;21;000;2018;04;14;3;3;0;7;0;1;1;0;0;0;0;0;477538,093700000030000;5470401,074099999900000;8,690503953000075;49,385892151000064
44987;08;4;35;016;2018;04;17;4;3;3;6;0;1;1;0;0;0;0;0;537355,285200000040000;5278834,756600000000000;9,497529070000041;47,661827508000044
44996;08;3;17;001;2018;04;15;1;3;6;7;0;0;1;1;0;0;0;0;430862,206999999990000;5382593,168800000100000;8,062370523000027;48,592601699000056
45001;08;3;17;096;2018;04;12;2;3;5;3;0;1;1;0;0;0;0;1;421465,616500000000000;5371061,558500000300000;7,937131829000066;48,487769334000063
45008;08;3;35;079;2018;04;14;4;2;2;3;0;1;1;0;0;0;0;0;500764,343999999980000;5299428,730000000400000;9,010216581000066;47,848201534000054
45013;08;3;35;061;2018;04;07;4;3;0;6;0;1;1;0;0;0;0;0;494311,798100000010000;5278561,016499999900000;8,924241872000039;47,660418177000054
45021;08;1;26;066;2018;04;05;6;2;6;1;2;0;1;1;0;0;0;0;535299,551800000020000;5450459,034500000100000;9,484614923000038;49,205908082000064
45030;08;3;15;016;2018;04;18;3;3;4;2;0;1;1;0;0;0;0;0;432362,593600000020000;5309966,550400000100000;8,094333263000067;47,939443455000060
45038;08;3;27;017;2018;04;17;6;3;5;2;0;1;1;0;0;0;0;0;478286,049100000000000;5330792,783800000300000;8,708176566000077;48,130020305000073
45041;08;4;36;064;2018;04;13;7;3;6;2;0;0;1;1;0;0;0;0;545179,802000000030000;5290672,153099999800000;9,602964566000026;47,767830998000079
45055;08;2;12;000;2018;04;07;3;3;5;2;0;1;1;0;0;0;0;0;458947,944900000000000;5428906,406600000300000;8,438606318000041;49,011683594000033
45059;08;4;36;003;2018;04;21;2;2;6;4;2;0;1;1;0;0;0;1;580681,249599999980000;5305310,126100000000000;10,079422918000034;47,896045606000030
45060;08;1;15;045;2018;04;14;1;3;0;7;0;1;0;0;0;0;0;0;499765,156000000020000;5394665,196800000000000;8,996808035000072;48,705020849000050
45064;08;3;17;011;2018;04;10;7;3;0;7;0;1;0;0;0;0;0;0;426237,637099999990000;5352702,974499999500000;8,004931785000053;48,323208661000081
45069;08;3;17;011;2018;04;15;1;3;6;4;0;0;0;1;1;0;0;0;427962,665199999990000;5354411,085000000000000;8,027907195000068;48,338772699000060
45073;08;1;28;139;2018;04;06;7;3;9;1;0;1;0;0;0;0;0;0;553313,406700000050000;5492916,411100000100000;9,737599778000060;49,586478342000078
45076;08;2;26;046;2018;04;06;4;3;5;3;0;1;1;0;0;0;0;0;475048,320400000030000;5454560,184799999900000;8,657188989000076;49,243307026000082
45084;08;1;17;024;2018;04;05;2;3;6;7;1;1;0;1;0;0;0;0;561900,243699999990000;5386537,158599999700000;9,840075617000025;48,628836226000033
45086;08;2;25;114;2018;04;20;4;3;0;1;0;1;0;0;0;0;0;0;541367,525099999970000;5471744,830799999600000;9,570120450000047;49,396987902000035
45102;08;2;12;000;2018;04;17;4;3;5;2;0;1;1;0;0;0;0;0;456438,305799999970000;5424560,251899999600000;8,404754410000066;48,972417240000027
45109;08;2;37;004;2018;04;14;1;2;0;7;0;1;0;0;0;0;0;0;442867,420400000000000;5378881,248499999800000;8,225675208000041;48,560421780000070
45121;08;3;15;022;2018;04;07;3;3;5;2;0;1;1;0;0;0;0;0;398231,881999999980000;5301546,782999999800000;7,639419393000026;47,859196855000050
45125;08;4;37;100;2018;04;20;6;3;5;3;1;1;1;0;0;0;0;0;537012,253200000040000;5317541,349000000400000;9,496270177000042;48,010094694000031
45126;08;1;18;050;2018;05;16;3;2;3;6;0;1;0;0;1;0;0;0;502962,928300000030000;5419882,246600000200000;9,040453817000071;48,931863889000056
45129;08;2;12;000;2018;04;13;6;3;2;6;0;1;1;0;0;0;0;0;453020,197500000010000;5428889,121299999800000;8,357550387000060;49,011105263000047
45135;08;3;36;069;2018;04;23;5;2;0;1;2;1;0;0;0;0;0;0;408707,099999999980000;5267870,671000000100000;7,786485848000041;47,557833654000035
45138;08;4;25;108;2018;05;12;3;3;0;7;0;1;0;0;0;0;0;0;554453,096999999950000;5357983,839599999600000;9,735291899000060;48,372673257000031
45148;08;1;15;003;2018;04;15;1;3;0;7;0;1;0;0;0;0;0;0;501102,098000000000000;5392191,662300000000000;9,014972955000076;48,682767765000051
45151;08;2;31;000;2018;04;10;6;2;6;7;0;0;1;1;0;0;0;0;477810,948900000020000;5414910,870500000200000;8,697318135000046;48,886752451000064
45152;08;2;22;000;2018;04;16;2;3;5;3;0;1;1;0;0;0;0;0;463049,489899999990000;5478875,155199999900000;8,490087134000021;49,461406365000073
45158;08;4;35;053;2018;04;12;1;3;8;1;0;1;0;0;0;0;0;0;508223,421500000000000;5293104,092799999800000;9,109797958000058;47,791243736000069
45160;08;3;16;036;2018;04;09;5;3;5;3;0;1;1;0;0;0;0;0;411284,066700000020000;5326572,570399999600000;7,808710639000026;48,086246186000039
45165;08;3;17;122;2018;05;08;4;2;6;4;0;0;0;1;0;0;1;0;417622,257999999970000;5367299,006000000100000;7,885867828000073;48,453434122000033
45176;08;2;37;040;2018;05;11;3;2;5;3;0;1;1;0;0;0;0;0;482350,511300000010000;5362928,330699999800000;8,761458154000025;48,419259171000078
45177;08;4;26;014;2018;04;14;1;3;5;3;0;1;1;0;0;0;0;0;548665,804000000000000;5317491,490000000200000;9,652509200000054;48,008864895000045
45182;08;3;17;031;2018;04;16;6;3;0;4;0;0;1;1;0;0;0;0;417225,644099999980000;5358393,427100000000000;7,882262130000072;48,373277989000030
45183;08;3;36;069;2018;04;20;2;3;5;2;1;1;1;0;0;0;0;0;407478,509000000020000;5273894,778500000000000;7,768888456000070;47,611851168000044
45188;08;1;18;071;2018;04;18;2;3;5;3;0;1;1;0;0;0;0;0;509401,141899999990000;5418640,939100000100000;9,128328060000058;48,920633122000027
45191;08;1;17;026;2018;05;06;4;3;3;3;0;1;1;0;0;0;0;0;546798,199200000030000;5395227,778900000300000;9,636117622000029;48,708325929000068
45196;08;2;15;103;2018;05;20;3;3;0;1;1;1;0;0;0;0;0;0;465617,625500000020000;5439461,429700000200000;8,528915307000034;49,107036040000025
45197;08;4;17;002;2018;04;07;5;3;5;3;0;1;0;0;0;0;1;0;489787,837999999990000;5347919,176000000000000;8,862341198000024;48,284392166000032
45198;08;2;26;096;2018;04;15;5;3;6;6;0;0;1;1;0;0;0;0;475771,637700000020000;5488671,892500000100000;8,665046320000045;49,550165525000068
45202;08;1;26;072;2018;04;15;1;3;6;6;0;0;1;1;0;0;0;0;536551,537099999960000;5464292,347500000100000;9,503065835000029;49,330263273000071
45206;08;3;17;096;2018;04;18;2;3;5;3;0;1;1;0;0;0;0;0;421614,225099999980000;5369688,844499999700000;7,939400182000043;48,475440481000078
45211;08;2;22;000;2018;04;15;5;3;5;2;0;1;0;0;0;0;1;0;461898,634900000000000;5481350,231599999600000;8,473967809000044;49,483597330000066
45212;08;3;35;043;2018;04;15;7;3;1;3;0;1;1;0;0;0;0;0;513386,710000000020000;5280333,088999999700000;9,178344395000067;47,676249181000060
45215;08;1;26;011;2018;04;19;6;3;5;3;0;1;1;0;0;0;0;0;531288,652000000000000;5446474,409000000000000;9,429242267000063;49,170284002000074
45218;08;2;16;063;2018;04;07;5;3;5;2;0;1;0;0;0;0;1;0;429817,696999999990000;5399593,632799999800000;8,045322647000035;48,745402789000082