OBJECTID_1;ULAND;UREGBEZ;UKREIS;UGEMEINDE;UJAHR;UMONAT;USTUNDE;UWOCHENTAG;UKATEGORIE;UART;UTYP1;ULICHTVERH;IstRad;IstPKW;IstFuss;IstKrad;IstGkfz;IstSonstig;STRZUSTAND;LINREFX;LINREFY;XGCSWGS84;YGCSWGS84
45219;08;4;36;055;2018;04;11;6;3;0;1;0;1;0;0;0;0;0;0;576521,932200000040000;5297877,477400000200000;10,022469595000075;47,829691321000041
45225;08;2;15;099;2018;04;16;5;3;6;7;0;0;0;1;0;0;1;0;463110,147200000010000;5446501,031100000300000;8,493916533000061;49,170212296000045
45232;08;2;12;000;2018;04;18;5;3;6;4;0;0;1;1;0;0;0;0;452313,443499999990000;5431330,765800000200000;8,347599142000036;49,033013637000067
45234;08;2;12;000;2018;04;16;5;3;5;2;0;1;1;0;0;0;0;0;459057,389399999990000;5428337,656999999700000;8,440160277000075;49,006574865000061
45241;08;1;16;073;2018;04;17;7;2;0;1;0;1;0;0;0;0;0;0;521097,319200000030000;5389827,747200000100000;9,286502880000057;48,661146365000036
45244;08;1;26;056;2018;05;21;3;3;6;4;2;0;1;1;0;0;0;0;557554,292200000030000;5466620,610500000400000;9,792443235000064;49,349584669000080
45245;08;2;16;009;2018;04;10;5;3;6;7;0;0;1;1;0;0;0;0;446432,935899999980000;5420910,248900000000000;8,268527556000038;48,938799252000081
45259;08;4;17;031;2018;04;13;6;2;3;6;0;1;1;0;0;0;0;0;497676,885899999990000;5355984,016200000400000;8,968640196000024;48,357027088000052
45266;08;1;21;000;2018;04;07;5;2;6;3;0;0;1;1;0;0;0;0;516736,273500000010000;5442908,767000000000000;9,229455545000064;49,138779461000070
45267;08;4;26;045;2018;04;16;7;2;0;7;0;0;0;1;0;0;1;0;533980,150700000000000;5327468,488199999600000;9,456404949000046;48,099575765000054
45274;08;1;25;056;2018;04;18;5;3;5;7;0;1;1;0;0;0;0;0;511247,275499999990000;5436338,738900000200000;9,154018289000021;49,079804372000069
45282;08;3;17;096;2018;04;13;6;2;0;3;0;1;0;0;0;0;1;0;421667,115800000030000;5369697,305300000100000;7,940114108000046;48,475523176000081
45288;08;1;18;048;2018;04;16;2;3;5;3;0;1;1;0;0;0;0;0;516072,110300000000000;5414149,903599999800000;9,219211235000046;48,880095820000065
45295;08;1;21;000;2018;04;13;7;3;0;7;0;1;0;0;0;0;0;0;515949,597100000010000;5445001,465800000400000;9,218753095000068;49,157624883000040
45300;08;3;35;021;2018;04;16;1;3;0;7;0;1;0;0;0;0;0;0;492429,665600000010000;5300611,171400000300000;8,898790738000059;47,858796300000051
45303;08;2;26;032;2018;05;16;3;2;3;6;0;1;0;0;0;0;0;0;461222,187900000020000;5464782,534099999800000;8,466247201000044;49,334534936000068
45305;08;1;18;063;2018;04;08;5;2;6;4;0;0;1;1;0;0;0;0;515021,936899999970000;5423064,350900000000000;9,205216042000075;48,960313710000037
45309;08;4;25;071;2018;04;15;1;2;5;3;0;1;1;0;0;0;0;0;548854,642899999980000;5370130,097199999700000;9,661116067000023;48,482398280000041
45311;08;1;16;004;2018;04;14;2;3;5;3;0;1;1;0;0;0;0;0;528473,472300000020000;5396436,694299999600000;9,387124915000072;48,720307091000052
45318;08;1;18;073;2018;04;16;7;3;1;3;0;1;1;0;0;0;0;0;498579,777599999970000;5418381,931200000500000;8,980614467000066;48,918372915000077
45321;08;1;27;073;2018;05;17;3;3;8;3;0;1;1;0;0;0;0;0;578671,846499999990000;5445978,745000000100000;10,079100662000030;49,161580949000040
45323;08;1;11;000;2018;04;17;5;3;6;4;0;0;1;1;0;0;0;0;515839,346599999990000;5405525,023199999700000;9,215703109000060;48,802514100000053
45324;08;2;35;085;2018;04;12;6;3;6;4;0;0;1;1;0;0;0;0;481157,232800000000000;5395602,713200000100000;8,743850388000055;48,713170138000066
45327;08;1;11;000;2018;04;08;5;3;5;3;0;1;1;0;0;0;0;0;514853,707600000020000;5406112,352800000500000;9,202301838000039;48,807821974000035
45328;08;1;18;018;2018;04;11;1;3;5;2;0;1;1;0;0;0;0;0;511296,591399999980000;5431107,888000000300000;9,154547665000052;49,032749373000058
45332;08;2;15;046;2018;04;18;2;3;6;4;0;0;1;1;0;0;0;0;450952,878700000000000;5412120,225700000300000;8,331299577000038;48,860106470000062
45349;08;2;25;074;2018;04;15;6;3;0;7;0;1;0;0;0;0;0;0;504839,821200000010000;5467063,319899999500000;9,066646370000058;49,356263968000064
45352;08;4;35;036;2018;04;19;4;3;5;3;0;1;1;0;0;0;0;0;519982,757900000030000;5282336,508800000000000;9,266311136000070;47,694104889000073
45353;08;1;16;058;2018;04;19;1;3;0;1;0;1;0;0;0;0;0;0;533436,320599999980000;5396074,173899999800000;9,454568291000044;48,716799492000064
45355;08;1;19;020;2018;04;15;6;3;5;3;0;1;1;0;0;0;0;0;519760,582999999980000;5405662,359000000200000;9,269109276000052;48,803637255000069
45364;08;3;35;043;2018;05;11;3;3;0;7;0;1;0;0;0;0;0;1;513000,747700000010000;5284355,924499999700000;9,173322340000027;47,712453033000031
45365;08;4;35;016;2018;04;17;4;3;5;3;0;1;1;0;0;0;0;0;531691,331499999970000;5280490,135599999700000;9,422214187000066;47,677024033000066
45371;08;2;12;000;2018;04;20;6;3;3;6;1;1;0;0;0;0;0;0;459034,155900000010000;5429558,478799999700000;8,439719385000046;49,017554819000054
45388;08;3;17;096;2018;04;14;6;3;5;2;0;1;1;0;0;0;0;0;420473,035500000000000;5368147,845200000300000;7,924255149000032;48,461436095000067
45396;08;3;37;123;2018;04;18;4;2;5;7;0;0;0;1;1;0;0;0;451652,647000000000000;5276056,668700000300000;8,356384950000063;47,636104360000047
45402;08;1;11;000;2018;04;16;7;3;5;2;0;1;1;0;0;0;0;0;512994,195599999980000;5399768,964499999800000;9,176775633000034;48,750799026000038
45410;08;1;18;079;2018;04;09;6;3;0;7;0;1;0;0;0;0;0;0;510213,080699999990000;5421325,938400000300000;9,139478473000054;48,944773694000048
45414;08;3;35;097;2018;04;17;4;3;5;3;0;1;1;0;0;0;0;0;485611,895399999980000;5295262,457200000100000;8,807820835000030;47,810555270000066
45419;08;3;35;002;2018;04;16;7;3;8;7;0;1;0;0;0;0;0;0;503845,516400000020000;5285326,237900000100000;9,051276027000029;47,721302990000027
45420;08;3;17;026;2018;04;13;4;3;5;3;0;1;1;0;0;0;0;0;411973,034600000010000;5346504,204300000300000;7,813831383000036;48,265626495000049
45440;08;2;12;000;2018;04;16;4;2;5;3;0;1;1;0;0;0;0;0;459026,351800000000000;5432506,479399999600000;8,439314747000026;49,044071971000051
45443;08;3;35;075;2018;04;13;6;3;0;3;0;1;1;0;0;0;0;0;488155,070699999980000;5288779,521099999500000;8,841966273000026;47,752276912000070
45445;08;3;37;060;2018;05;14;4;2;6;4;0;0;1;1;0;0;0;0;467615,408700000030000;5277568,647300000300000;8,568766531000051;47,650703698000029
45448;08;2;15;007;2018;04;12;6;2;5;2;0;1;1;0;0;0;0;0;479598,762999999980000;5429150,048000000400000;8,720992161000027;49,014903644000071
45455;08;3;36;091;2018;04;10;1;2;5;3;0;1;0;0;0;0;1;0;395125,561300000000000;5271860,710799999500000;7,605051244000038;47,591672946000074
45457;08;2;26;098;2018;04;12;6;3;6;4;0;1;0;1;0;0;0;0;480769,779299999990000;5460944,732200000400000;8,735488196000063;49,300943143000040
45460;08;2;26;080;2018;04;19;4;2;0;2;0;1;1;0;0;0;0;0;486048,022999999990000;5478186,031000000400000;8,807485135000036;49,456171533000031
45461;08;1;16;019;2018;04;17;1;3;0;1;0;1;0;0;0;0;0;0;521752,929999999990000;5398929,951999999600000;9,295885565000049;48,743006984000033
45467;08;3;17;026;2018;05;21;3;3;0;7;2;1;0;0;0;0;0;0;410916,763700000010000;5346906,163900000000000;7,799516611000058;48,269094355000050
45476;08;1;15;052;2018;04;15;6;3;5;3;0;1;1;0;0;0;0;0;493619,812900000020000;5408968,662499999600000;8,913059623000038;48,833661778000078
45482;08;3;36;004;2018;04;15;1;2;0;7;0;1;0;0;0;0;0;0;415020,541299999980000;5299013,647599999800000;7,864321538000070;47,838849942000081
45487;08;1;25;098;2018;05;17;4;3;6;1;0;0;1;1;0;0;0;0;521081,612000000020000;5436980,968999999600000;9,288720143000035;49,085323224000035
45488;08;1;11;000;2018;04;10;6;3;5;3;0;1;1;0;0;0;1;0;513610,319200000030000;5402395,897599999800000;9,185244343000022;48,774417602000028
45498;08;2;11;000;2018;04;13;1;3;4;1;0;1;1;0;0;0;0;0;442968,253900000010000;5401160,479600000200000;8,223971180000035;48,760839907000047
45505;08;4;17;013;2018;04;08;1;2;2;6;0;1;1;0;0;0;0;0;510498,158400000010000;5357226,819799999700000;9,141745836000041;48,368125069000030
45528;08;3;16;056;2018;04;12;1;3;0;1;0;1;0;0;0;0;0;0;424410,571500000020000;5326998,658599999700000;7,984868488000075;48,091771159000075
45533;08;1;17;024;2018;04;14;4;3;5;2;0;1;1;0;0;0;0;0;562004,305399999950000;5386632,409099999800000;9,841501973000050;48,629682717000037
45536;08;1;11;000;2018;04;12;6;3;0;6;0;1;0;0;0;1;0;0;513558,111900000020000;5401739,377000000300000;9,184512133000055;48,768512729000065
45538;08;1;15;013;2018;04;18;4;3;0;3;0;1;1;0;0;0;0;0;495655,386500000020000;5389333,677500000200000;8,941004702000043;48,657042816000057
45539;08;1;18;049;2018;04;16;1;3;5;3;0;1;1;0;0;0;0;0;519928,374300000020000;5421043,510400000000000;9,272143744000061;48,941996346000053
45542;08;4;36;055;2018;04;11;1;3;5;2;0;1;0;0;1;0;0;0;583013,549299999960000;5299111,264100000300000;10,109429624000029;47,839984942000058
45547;08;1;11;000;2018;04;11;2;3;0;1;0;1;0;0;0;0;0;0;512283,615999999980000;5407347,321000000500000;9,167335311000045;48,818987704000051
45549;08;3;17;118;2018;04;17;7;3;0;7;0;1;0;0;0;0;0;0;433775,680200000000000;5386099,895999999700000;8,101317560000041;48,624460056000032
45551;08;4;21;000;2018;05;06;3;2;0;1;1;1;0;0;0;0;0;0;570065,073699999950000;5362091,236800000100000;9,946762400000068;48,408080337000058
45554;08;3;37;096;2018;04;07;6;3;5;3;0;1;1;0;0;0;0;0;419999,661599999990000;5267252,154400000300000;7,936676694000028;47,553759123000077
45556;08;4;36;082;2018;04;21;3;3;5;3;2;1;1;0;0;0;0;0;546857,483499999970000;5293830,105999999700000;9,625694210000063;47,796123278000039
45566;08;4;35;016;2018;04;08;3;3;5;3;0;1;1;0;0;0;0;0;533139,036300000040000;5278484,910100000000000;9,441348823000055;47,658909541000071
45567;08;3;17;001;2018;05;17;3;3;0;1;0;1;0;0;0;0;0;0;427360,678000000010000;5388680,469999999700000;8,013824694000050;48,646959838000043
45570;08;4;16;041;2018;04;14;2;3;5;3;0;1;1;0;0;0;0;0;505404,560200000010000;5373347,535100000000000;9,073180326000056;48,513219052000068
45573;08;2;22;000;2018;04;15;1;3;0;7;0;1;0;0;0;0;0;0;468327,460700000000000;5479479,671199999700000;8,562871747000031;49,467141921000064
45589;08;2;12;000;2018;05;20;3;2;5;3;1;1;1;0;0;0;0;0;459893,613499999980000;5425880,283400000100000;8,451836656000069;48,984525181000038
45590;08;4;17;079;2018;04;08;3;3;3;2;0;1;1;0;0;0;0;0;501950,928499999980000;5342073,932500000100000;9,026271379000036;48,231883176000053
45592;08;3;25;045;2018;04;14;2;2;2;6;0;1;1;0;0;0;0;0;465235,348400000020000;5351882,331199999900000;8,531057363000059;48,319173976000059
45593;08;2;37;004;2018;05;07;4;3;5;3;0;1;0;0;0;1;0;0;450038,796199999980000;5374366,603699999900000;8,323403646000031;48,520421944000077
45598;08;4;15;061;2018;04;12;3;2;0;1;0;1;0;0;0;0;0;0;513337,342200000010000;5371774,545300000300000;9,180543323000052;48,498949495000033
45607;08;3;35;001;2018;04;16;1;3;5;3;0;1;0;0;1;0;0;0;488584,038400000020000;5299113,476200000400000;8,847417496000048;47,845264124000039
45608;08;1;36;065;2018;04;09;7;3;0;1;0;1;0;0;0;0;0;1;558083,682000000030000;5404712,771999999900000;9,790842855000051;48,792695899000080
45617;08;1;15;045;2018;04;12;2;3;3;6;0;1;1;0;0;0;0;0;500321,289600000020000;5398051,525200000000000;9,004369559000054;48,735484408000048
45618;08;3;35;043;2018;04;18;3;3;5;2;0;1;1;0;0;0;0;0;508856,727000000010000;5286506,872399999800000;9,118119302000025;47,731876558000067
45619;08;3;17;096;2018;04;09;7;3;5;2;0;1;1;0;0;0;0;0;421628,485400000010000;5368808,375900000300000;7,939758121000068;48,467522528000075
45620;08;3;35;079;2018;04;18;3;2;0;1;0;1;0;0;0;0;0;0;500582,967000000000000;5296602,337299999800000;9,007788404000053;47,822771408000051
45629;08;3;17;065;2018;05;14;4;3;6;7;0;1;0;1;0;0;0;0;416706,261899999980000;5354672,606399999900000;7,875986621000038;48,339741262000075
45633;08;1;15;003;2018;05;09;6;3;5;3;0;1;1;0;0;0;0;0;500729,360999999980000;5392674,311999999900000;9,009909852000021;48,687110282000049
45655;08;4;35;057;2018;05;08;3;2;5;3;0;1;1;0;0;0;0;0;542078,555999999980000;5279649,277999999900000;9,560513078000042;47,668865962000041
45659;08;3;15;037;2018;05;18;2;2;0;7;0;1;0;0;0;0;0;0;434379,128900000010000;5302068,136599999900000;8,122533184000076;47,868596852000053
45661;08;4;15;050;2018;05;12;3;2;0;1;0;1;0;0;0;0;0;0;520524,916000000030000;5375764,040000000000000;9,278034543000047;48,534646343000077
45662;08;1;25;008;2018;05;12;1;2;8;1;0;1;0;0;0;0;0;0;523136,584500000000000;5431662,618499999900000;9,316559296000037;49,037408802000073
45668;08;2;16;028;2018;05;17;3;3;0;7;0;1;0;0;0;0;0;0;426873,616099999980000;5397513,609000000200000;8,005650093000043;48,726354948000051
45670;08;1;28;064;2018;05;16;6;3;5;3;0;0;1;1;0;0;0;0;534943,584500000000000;5499651,964599999600000;9,484062020000067;49,648400657000082
45671;08;3;35;100;2018;05;16;1;3;5;3;0;1;1;0;0;0;0;0;487987,155700000000000;5286810,351700000500000;8,839780355000073;47,734556093000037
45678;08;2;36;062;2018;05;17;2;3;1;2;0;1;1;0;0;0;0;0;485421,720800000010000;5408336,054700000200000;8,801370348000035;48,827832581000052
45683;08;1;17;051;2018;05;14;7;2;5;3;0;1;1;0;0;0;0;0;542103,633000000030000;5395547,108000000000000;9,572341504000065;48,711533117000045
45684;08;3;35;075;2018;05;07;4;3;6;4;0;1;0;1;0;0;1;0;486987,919300000010000;5289720,519000000300000;8,826366174000043;47,760721070000045
45695;08;3;17;096;2018;05;23;1;3;5;2;2;1;1;0;0;0;0;0;421048,991500000000000;5368525,356100000400000;7,931973326000048;48,464904317000048
45696;08;2;15;017;2018;05;16;4;2;0;1;0;1;0;0;0;0;0;0;455175,163100000010000;5418775,730700000200000;8,388131824000027;48,920294048000073
45702;08;2;26;054;2018;05;14;2;3;5;3;0;1;1;0;0;0;0;0;482399,120600000020000;5456934,766300000300000;8,758076095000035;49,264922250000041
45706;08;1;11;000;2018;05;20;2;3;5;2;0;1;1;0;0;0;0;0;513200,264299999980000;5406683,915799999600000;9,179801077000036;48,813001001000032
45708;08;3;26;074;2018;05;19;4;3;5;3;0;1;1;0;0;0;0;0;465327,291000000030000;5322692,569000000100000;8,534680882000032;48,056570612000030
45712;08;1;15;045;2018;05;15;6;3;5;3;0;1;1;0;0;0;0;0;501623,325900000000000;5394888,435200000200000;9,022064886000067;48,707027051000068
45719;08;1;11;000;2018;05;15;7;3;0;1;0;1;0;0;0;0;0;0;517969,008900000020000;5404163,431300000300000;9,244645411000022;48,790207500000065
45732;08;1;11;000;2018;05;07;3;3;3;6;0;1;1;0;0;0;0;0;508149,067400000000000;5397430,873399999900000;9,110815462000062;48,729847801000062
45733;08;1;16;077;2018;05;12;3;3;5;2;0;1;1;0;0;0;0;0;515650,601000000020000;5390778,559999999600000;9,212572709000028;48,669860169000060
45735;08;1;11;000;2018;05;18;6;2;0;1;0;1;0;0;0;0;0;0;515382,074900000010000;5405893,902200000400000;9,209489764000068;48,805843970000069
45736;08;2;37;028;2018;05;14;1;3;3;6;0;1;1;0;0;0;0;0;458676,391300000020000;5365049,730700000200000;8,441292472000043;48,437235355000041
45741;08;4;17;044;2018;05;14;3;3;6;6;0;1;0;1;0;0;0;0;496554,515499999980000;5336882,580299999600000;8,953644970000028;48,185170966000044
45742;08;1;18;027;2018;05;15;1;3;5;2;0;1;1;0;0;0;0;0;502091,547900000010000;5412906,592000000200000;9,028520855000068;48,869116053000027
45746;08;4;35;016;2018;05;11;6;2;6;4;0;1;0;1;0;0;0;0;535708,341999999950000;5277730,206000000200000;9,475504255000033;47,651982425000028
45751;08;2;22;000;2018;05;07;4;3;5;2;0;1;1;0;0;0;0;0;462931,760000000010000;5482910,770999999700000;8,488084302000061;49,497697565000067
45758;08;2;12;000;2018;05;11;4;3;5;3;0;1;1;0;0;0;0;0;455981,166000000030000;5429418,476300000200000;8,397981849000075;49,016085196000063
45761;08;4;35;066;2018;05;14;5;3;5;2;0;1;1;0;0;0;0;1;517376,188700000000000;5285194,115500000300000;9,231687497000053;47,719891781000058
45791;08;3;16;009;2018;05;20;6;3;3;6;0;1;1;0;0;0;0;0;417019,429200000010000;5324268,243300000200000;7,886157769000022;48,066290470000069
45792;08;3;26;074;2018;05;15;3;3;5;3;0;1;1;0;0;0;0;0;465623,756799999970000;5323231,768299999600000;8,538616072000025;48,061437725000076
45801;08;2;12;000;2018;05;17;4;3;6;6;0;1;0;1;0;0;0;0;453030,996600000010000;5427304,912899999900000;8,357881299000042;48,996856060000027
45803;08;2;12;000;2018;05;17;6;2;6;2;0;0;0;1;0;1;0;0;454029,641400000020000;5426639,439399999600000;8,371608315000060;48,990945239000041
45806;08;2;26;006;2018;05;08;2;3;5;3;0;1;1;0;0;0;0;0;483887,271899999990000;5467212,570299999800000;8,778115724000031;49,357412750000037
45812;08;1;11;000;2018;05;12;2;2;8;1;0;1;0;0;0;0;0;0;506643,672900000010000;5403152,727900000300000;9,090436661000069;48,781339407000075
45816;08;1;18;080;2018;05;16;3;2;3;6;0;1;0;0;0;1;0;0;506111,131300000010000;5411543,165900000400000;9,083312469000020;48,856824330000052
45821;08;2;26;018;2018;05;08;6;3;4;2;0;1;1;0;0;0;0;0;473235,572999999970000;5472127,957000000400000;8,631105659000070;49,401251249000040
45822;08;3;35;075;2018;05;11;4;3;0;1;0;1;0;0;0;0;0;0;492397,764399999990000;5289630,012600000000000;8,898556830000075;47,759993241000075
45825;08;1;16;049;2018;05;10;6;3;3;2;0;1;1;0;0;0;0;0;524795,547000000020000;5385848,852000000000000;9,336486015000048;48,625216286000068
45828;08;3;25;070;2018;05;06;2;3;6;1;0;0;1;1;0;0;0;0;461964,666000000030000;5349803,088999999700000;8,487128149000057;48,300280080000050
45832;08;4;35;024;2018;05;14;7;3;0;1;0;1;0;0;0;0;0;0;528486,133999999960000;5279400,017000000000000;9,379442208000057;47,667364866000071
45841;08;2;11;000;2018;05;07;6;2;6;4;0;0;1;1;0;0;0;0;441467,888500000000000;5403694,419800000300000;8,203197185000022;48,783493690000057
45842;08;1;11;000;2018;05;16;6;2;0;1;0;1;0;0;0;0;0;0;514786,339800000020000;5403027,065000000400000;9,201273265000054;48,780068689000075
45846;08;3;16;054;2018;05;16;2;3;0;7;0;1;1;0;0;0;0;0;417892,338600000020000;5337483,063500000200000;7,895326140000066;48,185274964000030
45852;08;3;17;089;2018;05;17;2;3;0;7;0;1;0;0;0;0;0;0;427721,512099999990000;5378466,013899999700000;8,020500976000051;48,555123419000040
45861;08;1;28;115;2018;05;09;6;3;5;3;0;1;1;0;0;0;0;0;548420,733200000020000;5497039,432500000100000;9,670422284000040;49,623972571000081
45873;08;3;35;043;2018;05;17;3;3;9;7;0;1;0;0;0;0;0;0;514875,269199999980000;5280268,251100000000000;9,198173394000037;47,675633255000037
45875;08;1;19;020;2018;05;07;2;3;5;2;0;1;1;0;0;0;0;0;519046,468400000010000;5407042,972799999600000;9,259448290000023;48,816079305000073
45881;08;1;19;091;2018;05;22;6;2;0;1;2;1;0;0;0;0;0;0;527507,173100000010000;5406866,648099999900000;9,374684809000030;48,814176147000069
45885;08;1;25;013;2018;05;17;2;3;5;2;0;1;1;0;0;0;0;0;504860,291499999990000;5434646,616299999900000;9,066535782000074;49,064666453000029
45891;08;3;35;080;2018;05;09;1;3;2;3;0;1;1;0;0;0;0;0;476026,260300000020000;5295759,034400000200000;8,679761523000025;47,814737409000031
45901;08;1;19;087;2018;05;10;6;3;5;3;0;1;1;0;0;0;0;0;529071,342399999960000;5423824,722299999600000;9,397196899000051;48,966652516000067
45903;08;1;19;003;2018;05;13;6;3;0;1;0;1;0;0;0;0;0;0;535534,414899999970000;5417154,815000000400000;9,484916255000030;48,906316256000082
45905;08;1;16;070;2018;05;14;6;3;3;6;0;1;1;0;0;0;0;0;539840,456699999980000;5384952,954300000300000;9,540558022000027;48,616379553000058
45913;08;1;15;046;2018;05;07;6;3;4;6;0;1;0;0;0;0;0;0;508441,333199999990000;5389919,297899999700000;9,114636315000041;48,662269212000069
45916;08;2;15;017;2018;05;12;4;3;5;3;0;1;1;0;0;0;0;0;453787,719999999970000;5420925,740399999500000;8,368950441000038;48,939531749000025
45918;08;1;11;000;2018;05;10;6;3;5;2;0;1;1;0;0;0;0;0;513417,930999999980000;5405014,676300000400000;9,182711345000030;48,797980067000026
45924;08;1;11;000;2018;05;16;6;2;5;3;0;1;1;0;0;0;0;0;515289,911700000000000;5406001,844399999800000;9,208238615000028;48,806817277000050
45925;08;3;17;089;2018;05;10;3;3;5;3;0;1;1;0;0;0;0;0;431893,017899999980000;5375298,152200000400000;8,077542212000026;48,527094986000066
45933;08;3;16;012;2018;05;13;1;3;0;7;0;1;0;0;0;0;0;0;402375,967599999970000;5333270,089499999800000;7,687588981000033;48,145185816000037
45936;08;4;36;081;2018;05;09;5;3;5;2;0;1;1;0;0;0;0;0;557566,796800000010000;5279587,522900000200000;9,766801638000061;47,667117070000074
45938;08;2;12;000;2018;05;13;2;3;0;1;0;1;0;0;0;0;0;0;456391,304999999990000;5426467,441999999800000;8,403907647000040;48,989569403000075
45943;08;4;15;028;2018;05;18;1;2;2;6;0;1;0;0;0;0;1;0;535476,843800000030000;5372092,872700000200000;9,480258161000052;48,500953030000062
45945;08;3;35;015;2018;05;19;7;3;9;6;0;1;0;0;0;0;0;0;475215,963300000000000;5281508,250300000400000;8,669750042000032;47,686486273000071
45948;08;4;26;070;2018;05;11;5;3;3;2;0;1;1;0;0;0;0;0;565173,701000000000000;5341923,512000000100000;9,877558382000075;48,227183840000066
45953;08;1;17;044;2018;05;17;3;3;5;3;0;1;1;0;0;0;0;0;538873,116000000040000;5391025,055200000300000;9,528003544000057;48,671063771000036
45961;08;4;17;025;2018;05;14;3;3;5;3;0;1;1;0;0;0;0;0;486488,651799999990000;5357343,759100000400000;8,817566594000027;48,369119801000068
45962;08;3;36;084;2018;05;10;5;2;6;7;0;0;1;1;0;0;0;0;405391,043999999990000;5277370,478900000500000;7,740367933000073;47,642815754000026
45967;08;4;26;045;2018;05;08;4;3;5;3;0;1;1;0;0;0;0;0;530833,793999999990000;5329106,258000000400000;9,414264206000041;48,114470490000031
45978;08;2;15;102;2018;05;07;2;3;5;3;0;1;1;0;0;0;0;0;456174,968999999980000;5438360,126000000200000;8,399664383000072;49,096529443000065
45980;08;2;12;000;2018;05;11;4;3;5;2;0;1;1;0;0;0;0;0;455072,298400000030000;5427490,443099999800000;8,385765935000052;48,998676852000074
45990;08;3;35;098;2018;05;13;3;3;0;1;0;1;0;0;0;0;0;0;502662,005000000000000;5296139,701000000400000;9,035561381000036;47,818603608000046
46000;08;1;26;011;2018;05;21;1;2;5;3;2;1;1;0;0;0;0;0;529342,467999999990000;5447799,364000000100000;9,402640363000046;49,182298280000055
46015;08;3;35;075;2018;05;16;4;3;5;2;0;1;1;0;0;0;0;0;488259,025700000000000;5289980,740399999500000;8,843320779000067;47,763086826000063
46016;08;3;36;091;2018;05;07;5;3;0;1;0;1;0;0;0;0;0;1;394958,580499999980000;5271697,444000000100000;7,602869985000041;47,590177308000079
46019;08;1;18;001;2018;05;18;2;3;6;4;0;0;1;1;0;0;0;0;523681,049699999970000;5418943,158699999600000;9,323267836000071;48,922970177000082
46026;08;3;17;065;2018;05;13;1;2;8;7;0;1;0;0;0;0;0;0;420388,471100000020000;5353479,598600000100000;7,925892617000045;48,329484837000052
46030;08;2;25;014;2018;05;15;1;2;3;6;0;1;1;0;0;0;0;0;521597,932900000010000;5488138,057500000100000;9,298559654000030;49,545463415000029
46031;08;1;15;042;2018;05;16;5;3;0;7;0;1;0;0;0;0;0;0;493328,312600000000000;5406236,612400000000000;8,909131904000049;48,809081505000051
46040;08;3;25;053;2018;05;10;4;3;6;4;0;0;1;1;0;0;0;0;454372,337799999980000;5341269,197200000300000;8,385678753000036;48,223004924000065
46051;08;1;18;019;2018;05;21;6;3;6;2;2;0;1;1;0;0;0;0;504614,597100000010000;5405069,175699999600000;9,062837515000069;48,798598020000043
46057;08;2;15;100;2018;05;17;2;2;3;6;0;1;1;0;0;0;0;0;474106,277999999990000;5449388,515999999800000;8,644580283000039;49,196748226000068
46060;08;2;12;000;2018;05;19;3;3;5;3;0;1;0;0;0;0;0;0;455170,089500000000000;5428250,350700000300000;8,387018931000057;49,005519405000030
46073;08;2;12;000;2018;05;16;7;3;5;3;0;1;1;0;0;0;0;0;456988,173400000030000;5428306,032999999800000;8,411871173000066;49,006149658000027
46074;08;2;16;015;2018;05;09;5;3;6;7;0;0;1;1;0;0;0;0;450808,702500000010000;5404645,474000000400000;8,330230726000025;48,792857627000046
46087;08;4;15;059;2018;05;19;1;3;5;3;0;1;1;0;0;0;0;0;516265,596599999990000;5367134,937800000400000;9,220001333000027;48,457140878000075
46088;08;2;15;102;2018;05;10;4;2;5;3;0;1;1;0;0;0;0;0;455486,073399999990000;5438790,794499999800000;8,390180669000074;49,100353825000070
46091;08;4;35;030;2018;05;19;5;3;0;1;0;1;0;0;0;0;0;1;541228,243200000030000;5271721,779799999700000;9,548440096000036;47,597594245000039
46097;08;3;35;075;2018;05;12;3;3;5;3;0;1;1;0;0;0;0;0;487851,449000000020000;5289171,900000000400000;8,837904439000056;47,755801707000046
46101;08;4;15;050;2018;05;07;4;3;4;2;0;1;1;0;0;0;0;0;521398,166700000000000;5375835,515800000200000;9,289867285000071;48,535260181000069
46107;08;3;35;100;2018;05;09;2;3;0;1;0;1;0;0;0;0;0;0;487758,301299999990000;5286653,708599999500000;8,836732459000075;47,733142384000075
46111;08;1;17;015;2018;05;10;5;3;8;1;0;1;0;0;0;0;0;0;560427,264899999950000;5394136,305300000100000;9,821197138000059;48,697336294000081
46117;08;2;15;108;2018;05;11;1;3;0;1;0;1;0;0;0;0;0;0;446519,669500000020000;5424297,617900000000000;8,269266925000068;48,969275993000053
46119;08;1;17;003;2018;05;15;4;3;6;4;0;0;1;1;0;0;0;0;541947,584999999960000;5394062,564000000200000;9,570069502000024;48,698189220000074
46123;08;1;16;080;2018;05;12;5;3;6;7;0;0;1;1;0;0;0;0;519687,084099999980000;5395139,217400000400000;9,267605062000030;48,708974455000032
46131;08;3;17;001;2018;05;07;4;3;6;4;0;0;0;1;1;0;0;0;430066,579900000010000;5385993,564299999700000;8,051008979000073;48,623099892000027
46138;08;1;25;013;2018;05;13;1;3;5;2;0;1;1;0;0;0;0;0;504847,235500000010000;5434664,990100000100000;9,066357270000026;49,064831838000032
46146;08;1;11;000;2018;05;09;5;3;5;3;0;1;1;0;0;0;0;0;515768,574900000010000;5406253,330799999600000;9,214767309000024;48,809067651000078
46149;08;3;35;063;2018;05;07;4;3;3;6;0;1;0;0;0;0;0;0;497032,927600000000000;5287901,179700000200000;8,960419570000056;47,744475937000061