OBJECTID_1;ULAND;UREGBEZ;UKREIS;UGEMEINDE;UJAHR;UMONAT;USTUNDE;UWOCHENTAG;UKATEGORIE;UART;UTYP1;ULICHTVERH;IstRad;IstPKW;IstFuss;IstKrad;IstGkfz;IstSonstig;STRZUSTAND;LINREFX;LINREFY;XGCSWGS84;YGCSWGS84
46151;08;1;11;000;2018;05;09;5;3;5;3;0;1;1;0;0;0;0;0;515287,148500000010000;5406004,273500000100000;9,208201073000055;48,806839197000045
46156;08;4;36;013;2018;05;10;4;3;5;3;0;1;1;0;0;0;0;0;545194,322599999960000;5295312,551799999500000;9,603641600000060;47,809579742000039
46157;08;4;36;096;2018;05;14;3;3;8;1;0;1;0;0;0;0;0;0;538662,928399999980000;5299780,730299999900000;9,516807449000055;47,850205915000060
46163;08;1;15;042;2018;05;13;1;2;4;1;0;1;0;0;0;0;0;0;494963,336100000010000;5404345,395700000200000;8,931424031000063;48,792083668000032
46167;08;2;36;040;2018;05;18;1;3;4;2;0;1;1;0;0;0;0;0;488119,095900000010000;5421637,238500000000000;8,837735329000054;48,947544255000025
46171;08;1;15;041;2018;05;16;7;3;5;3;0;1;1;0;0;0;0;0;495508,765000000010000;5407087,689700000000000;8,938820235000037;48,816757300000063
46174;08;3;17;065;2018;05;18;7;3;5;2;0;1;1;0;0;0;0;0;416100,138500000000000;5354491,353600000000000;7,867845004000060;48,338030703000072
46175;08;1;11;000;2018;05;14;3;3;0;3;0;1;1;0;0;0;0;0;510157,000600000030000;5397228,722099999900000;9,138115377000077;48,727999751000027
46176;08;4;26;021;2018;05;14;7;3;5;3;0;1;1;0;0;0;0;0;559815,464799999960000;5329120,597500000100000;9,803616319000071;48,112536426000077
46181;08;4;35;067;2018;05;20;7;3;4;6;0;1;0;0;0;0;0;0;525703,595399999990000;5291819,150799999900000;9,343111817000022;47,779222131000040
46184;08;4;36;008;2018;05;18;7;3;9;1;0;1;0;0;0;0;0;0;547871,030600000060000;5312311,500400000300000;9,641276071000050;47,962322398000026
46185;08;2;21;000;2018;05;14;3;3;5;2;0;1;0;0;0;0;1;0;477726,388199999990000;5473235,519799999900000;8,692939454000054;49,411394518000066
46190;08;4;36;082;2018;05;21;6;1;6;4;2;0;1;1;0;0;0;0;547706,084599999940000;5295147,740500000300000;9,637169926000070;47,807915637000065
46193;08;4;26;070;2018;05;17;7;3;1;7;0;1;1;0;0;0;0;0;563207,990299999950000;5344829,399000000200000;9,851527093000073;48,253523621000056
46199;08;4;36;064;2018;05;14;6;3;0;1;0;1;0;0;0;0;0;0;545075,239999999990000;5286843,319400000400000;9,601172305000034;47,733389983000052
46232;08;3;35;026;2018;05;10;1;3;0;7;0;1;0;0;0;0;0;0;480197,696300000010000;5282739,369099999800000;8,736075468000024;47,697735209000029
46243;08;4;26;021;2018;05;13;7;2;5;7;0;1;0;0;0;0;1;0;560745,395299999970000;5328385,769999999600000;9,816003899000066;48,105837806000068
46254;08;1;18;021;2018;05;07;2;2;6;4;0;0;1;1;0;0;0;0;521126,449399999980000;5427062,982200000400000;9,288817137000024;48,996105050000040
46268;08;1;19;044;2018;05;20;7;3;5;3;0;1;1;0;0;0;0;0;547171,820500000030000;5424883,625799999600000;9,644610257000068;48,975060953000082
46272;08;3;35;026;2018;05;12;6;2;5;3;0;1;1;0;0;0;0;0;481762,417200000030000;5282585,225499999700000;8,756936267000071;47,696394359000067
46273;08;4;37;100;2018;05;08;7;3;0;1;0;1;0;1;0;0;0;0;537253,166699999940000;5317988,073599999800000;9,499539098000071;48,014099798000075
46277;08;1;26;046;2018;05;19;1;3;0;7;0;1;0;0;0;0;0;0;549720,159300000060000;5458554,104700000000000;9,683581971000024;49,277719735000062
46280;08;1;16;077;2018;05;07;2;3;5;3;0;1;1;0;0;0;0;1;514180,870999999980000;5391699,308000000200000;9,192641950000052;48,678178395000032
46286;08;3;27;018;2018;05;00;6;1;6;4;2;0;0;1;0;1;0;0;475016,909700000020000;5304459,359299999700000;8,665776323000046;47,892978130000074
46298;08;3;17;001;2018;05;15;6;3;5;2;0;1;1;0;0;0;0;0;428688,577999999980000;5384052,594999999700000;8,032645979000051;48,605485410000028
46301;08;1;11;000;2018;05;17;2;3;5;2;0;1;1;0;0;0;0;0;516841,111199999980000;5406652,078900000100000;9,229391452000073;48,812626584000043
46307;08;4;35;016;2018;05;16;3;2;4;6;0;1;0;0;0;0;0;1;534592,070599999980000;5279438,445399999600000;9,460775332000026;47,667412835000050
46310;08;4;17;008;2018;05;16;7;3;5;3;0;1;1;0;0;0;0;0;495082,662100000020000;5350160,715099999700000;8,933688651000068;48,304621946000054
46327;08;3;36;008;2018;05;17;6;2;6;4;0;0;1;1;0;0;0;0;396406,106600000000000;5276166,957700000100000;7,621060789000069;47,630614307000030
46329;08;4;36;069;2018;05;11;1;2;0;3;0;1;1;0;0;0;0;0;552681,911599999990000;5293875,973500000300000;9,703468421000025;47,796085679000043
46330;08;2;26;085;2018;05;11;3;3;5;2;0;1;1;0;0;0;0;0;492492,762200000000000;5455414,796699999800000;8,896841198000061;49,251457020000032
46331;08;3;17;001;2018;05;09;7;3;0;1;0;1;0;0;0;0;0;0;432189,975299999990000;5386648,942699999500000;8,079712163000067;48,629228849000071
46341;08;2;21;000;2018;05;19;2;3;1;6;0;1;0;0;0;0;0;1;477505,649700000010000;5471352,435999999800000;8,690003082000033;49,394448333000071
46342;08;3;35;079;2018;05;17;1;3;5;3;0;1;1;0;0;0;0;1;501147,950000000010000;5299195,980399999800000;9,015343421000068;47,846106815000041
46344;08;2;35;046;2018;05;12;6;3;0;7;0;1;0;0;0;0;0;0;479497,240100000000000;5375338,035600000100000;8,722286543000053;48,530814628000030
46352;08;2;16;017;2018;05;05;2;2;0;1;2;1;0;0;0;0;0;1;450827,775599999990000;5401632,032300000100000;8,330850819000034;48,765752178000071
46355;08;4;26;065;2018;05;15;7;1;5;3;0;1;0;0;1;0;0;0;581411,960700000050000;5334197,577999999700000;10,094686458000069;48,155810678000080
46361;08;2;35;006;2018;05;13;7;3;6;6;0;0;1;1;0;0;0;0;470012,979500000020000;5381778,803299999800000;8,593359263000025;48,588374737000038
46367;08;2;31;000;2018;05;10;6;3;6;4;0;0;1;1;0;0;0;0;477002,083400000000000;5415986,016200000400000;8,686224017000029;48,896394598000029
46368;08;4;16;031;2018;05;15;7;3;4;6;0;1;0;0;0;0;0;0;502614,638700000010000;5361904,938199999700000;9,035331952000036;48,410294009000040
46369;08;3;37;022;2018;05;04;1;2;8;1;2;1;0;0;0;0;0;1;448685,219999999970000;5297563,940399999700000;8,314349050000033;47,829376138000043
46371;08;1;15;028;2018;05;14;7;2;6;4;0;0;1;1;0;0;0;0;501394,550899999970000;5407087,985999999600000;9,018996629000071;48,816774634000069
46379;08;3;37;002;2018;05;10;7;2;9;1;0;1;0;0;0;0;0;0;431788,309499999970000;5274223,767699999700000;8,092259522000063;47,617826255000068
46381;08;1;15;045;2018;05;16;3;3;3;3;0;1;1;0;0;0;0;0;495654,793000000010000;5393844,160000000100000;8,940949237000041;48,697619644000042
46388;08;3;37;096;2018;05;12;1;3;6;4;0;0;1;1;0;0;0;0;422104,338999999980000;5268040,643000000200000;7,964506446000030;47,561108609000030
46399;08;2;16;043;2018;05;09;6;3;5;3;0;1;1;0;0;0;0;0;441027,093100000000000;5411663,303299999800000;8,196051623000074;48,855132276000063
46400;08;2;15;106;2018;05;09;6;3;5;3;0;1;1;0;0;0;0;0;465771,371900000030000;5452832,153699999700000;8,529884471000059;49,227314977000049
46401;08;4;35;053;2018;05;15;7;3;8;7;0;1;0;0;0;0;0;0;508160,137600000020000;5293152,865500000300000;9,108953920000033;47,791683373000069
46407;08;1;16;056;2018;05;15;7;3;1;5;0;1;0;0;0;0;1;0;531017,347599999980000;5395011,899700000000000;9,421603361000052;48,707368504000044
46409;08;2;11;000;2018;05;16;6;3;5;2;0;1;1;0;0;0;0;0;442884,850700000010000;5406223,137299999600000;8,222132938000073;48,806371507000051
46412;08;1;36;010;2018;05;11;3;3;3;2;0;1;0;0;0;0;1;0;596705,516300000020000;5412614,757100000000000;10,318448462000049;48,858955746000049
46418;08;4;15;050;2018;05;17;7;3;5;3;0;1;1;0;0;0;0;0;520374,703400000000000;5376517,891499999900000;9,276036627000053;48,541433065000035
46430;08;1;15;048;2018;05;18;3;3;6;4;0;0;1;1;0;0;0;0;509527,821500000020000;5387216,267699999700000;9,129328976000068;48,637936739000054
46439;08;2;11;000;2018;05;17;1;3;0;7;0;1;0;0;0;0;0;1;443690,174200000010000;5400371,172500000300000;8,233901375000073;48,753805662000048
46443;08;4;36;064;2018;05;08;6;3;0;2;0;1;1;0;0;0;0;0;545122,546800000010000;5287624,804800000000000;9,601884231000042;47,740417782000065
46445;08;1;18;006;2018;05;13;2;2;0;7;0;1;0;0;0;0;0;0;516450,429999999990000;5421586,956799999800000;9,224670978000063;48,946987268000044
46448;08;1;25;108;2018;05;07;6;3;5;2;0;1;1;0;0;0;0;0;494650,029400000000000;5433919,575299999700000;8,926770288000057;49,058122288000050
46455;08;3;25;069;2018;05;16;6;2;6;4;0;0;1;1;0;0;0;0;468593,779700000010000;5335607,947900000000000;8,577565545000027;48,172936372000038
46456;08;2;21;000;2018;05;11;7;3;0;7;0;1;0;0;0;0;0;0;473250,744200000020000;5474639,659699999700000;8,631145512000046;49,423844139000039
46462;08;1;15;042;2018;05;12;2;3;8;7;0;1;0;0;0;0;0;0;492129,364200000010000;5407467,834800000300000;8,892778688000021;48,820143419000033
46469;08;2;16;043;2018;05;09;2;3;5;3;0;1;1;0;0;0;0;0;441851,103999999990000;5411964,414699999600000;8,207241053000075;48,857918543000039
46471;08;2;35;008;2018;05;10;2;2;2;6;0;1;0;0;1;0;0;0;479243,782400000030000;5400952,715099999700000;8,717569671000035;48,761237562000076
46478;08;1;17;019;2018;05;15;6;3;0;1;0;1;0;0;0;0;0;0;553075,991000000040000;5393862,968999999600000;9,721268176000024;48,695546265000075
46479;08;1;18;048;2018;05;14;7;3;5;3;0;1;1;0;0;0;0;0;513861,260599999980000;5416604,018299999600000;9,189140384000041;48,902225773000055
46488;08;1;16;080;2018;05;13;6;2;5;3;0;1;1;0;0;0;0;0;516713,347400000030000;5397453,054899999900000;9,227277399000059;48,729876495000042
46492;08;1;15;053;2018;05;18;6;3;5;3;0;1;1;0;0;0;0;0;483666,981000000030000;5379907,405000000300000;8,778586640000071;48,572044219000077
46496;08;1;11;000;2018;05;17;6;2;6;4;0;0;1;1;0;0;0;0;515679,396300000020000;5403537,122100000300000;9,213449017000073;48,784635240000057
46498;08;1;11;000;2018;05;12;6;3;5;3;0;1;1;0;0;0;0;0;513257,687800000010000;5406594,269600000200000;9,180580343000031;48,812193333000039
46499;08;3;17;097;2018;05;18;6;3;5;2;0;1;0;0;0;0;0;0;425429,498000000020000;5364858,199000000000000;7,991874912000071;48,432452534000049
46500;08;2;31;000;2018;05;19;7;3;8;1;0;1;0;0;0;0;0;0;475761,198600000000000;5414467,769000000300000;8,669384140000034;48,882689687000038
46503;08;4;35;035;2018;05;06;6;2;5;3;0;1;1;0;0;0;0;0;540603,628999999960000;5279801,818500000100000;9,540881214000024;47,670332708000046
46505;08;1;16;077;2018;05;17;2;3;0;1;0;1;0;0;0;0;0;0;515769,307500000000000;5391080,680200000300000;9,214196536000031;48,672575077000033
46522;08;4;36;096;2018;05;11;1;2;7;1;0;1;0;0;0;0;0;0;542870,086600000040000;5303779,854000000300000;9,573438532000068;47,885918900000036
46538;08;3;16;020;2018;05;15;7;3;8;1;0;1;0;0;0;1;0;0;407867,540400000000000;5338181,745000000100000;7,760332230000074;48,190184438000074
46547;08;3;17;110;2018;05;15;2;2;0;7;0;1;0;0;0;0;0;0;426989,308599999990000;5381889,515499999700000;8,009978860000047;48,585832798000069
46567;08;2;21;000;2018;05;23;5;1;6;4;2;0;1;1;0;0;0;0;474815,305999999980000;5469940,900299999900000;8,653017288000058;49,381646442000033
46568;08;3;16;011;2018;05;09;6;3;0;1;0;1;0;0;0;0;0;0;412700,446400000020000;5331303,659900000300000;7,826757497000074;48,128998535000051
46569;08;4;36;081;2018;05;16;6;3;5;3;0;1;1;0;0;0;0;1;562917,618099999960000;5282370,797399999600000;9,838469278000048;47,691658995000068
46574;08;2;16;017;2018;05;19;5;2;5;2;0;1;1;0;0;0;0;0;450442,323099999980000;5401546,685399999800000;8,325616133000040;48,764953879000075
46575;08;4;35;057;2018;05;16;7;3;6;4;0;0;1;1;0;0;0;0;544713,379599999990000;5279972,487599999600000;9,595641790000059;47,671597131000055
46588;08;1;27;014;2018;05;12;5;2;5;2;0;1;0;0;0;0;1;0;575804,255699999980000;5443766,263299999800000;10,039357930000051;49,142042951000064
46594;08;1;19;055;2018;05;07;5;3;3;6;0;1;0;0;0;0;0;1;543530,807999999960000;5405486,067599999700000;9,592791965000060;48,800841205000040
46597;08;1;19;083;2018;05;07;5;3;5;3;0;1;0;0;0;0;1;0;534669,527600000030000;5419866,146300000100000;9,473344502000032;48,930754887000035
46611;08;4;35;029;2018;05;12;4;3;8;3;0;1;1;0;0;0;0;1;545313,829600000060000;5272701,164599999800000;9,602887019000036;47,606133370000066
46618;08;4;15;050;2018;05;07;4;3;5;3;0;1;1;0;0;0;0;1;521469,226000000020000;5376056,991100000200000;9,290841279000063;48,537250195000070
46630;08;3;25;049;2018;05;16;4;3;5;3;0;1;1;0;0;0;0;1;471537,899800000010000;5334485,387000000100000;8,617240103000029;48,162975707000044
46632;08;4;17;054;2018;05;15;6;2;5;3;0;1;1;0;0;0;0;0;479461,893300000000000;5342891,324900000400000;8,723394030000065;48,238907404000031
46635;08;1;16;033;2018;05;13;2;3;5;3;0;1;1;0;0;0;0;0;535099,282899999990000;5389523,997299999900000;9,476619143000050;48,657784039000035
46639;08;4;35;057;2018;05;13;7;3;5;3;0;1;1;0;0;0;0;0;541589,494599999980000;5279709,611600000400000;9,554004531000032;47,669440439000027
46641;08;2;15;101;2018;05;01;6;2;5;3;2;1;0;0;0;0;1;0;466735,330599999990000;5425860,374200000400000;8,545345642000029;48,984752478000075
46644;08;3;11;000;2018;05;19;4;2;3;1;0;1;0;0;1;0;0;1;414615,363399999970000;5317575,010999999900000;7,855229400000042;48,005765318000044
46645;08;3;36;081;2018;05;07;4;2;5;3;0;1;1;0;0;0;0;1;412222,980199999990000;5278005,335000000000000;7,831181241000024;47,649489385000038
46656;08;1;11;000;2018;05;20;2;2;0;1;1;1;0;0;0;0;0;0;515872,078900000020000;5405149,890300000100000;9,216134360000069;48,799138620000065
46657;08;2;22;000;2018;05;11;4;2;5;3;0;0;1;1;0;0;0;0;461891,221699999990000;5481378,372000000400000;8,473862753000049;49,483849973000076
46658;08;2;21;000;2018;05;17;4;3;0;1;0;1;0;0;0;0;1;1;477536,537100000020000;5470489,458399999900000;8,690477511000040;49,386687099000028
46659;08;3;35;043;2018;05;23;7;3;0;3;2;1;1;0;0;0;0;0;513840,662000000010000;5279557,438600000000000;9,184367554000062;47,669260586000064
46663;08;2;15;017;2018;05;06;4;3;5;3;1;1;1;0;0;0;0;1;454243,236299999990000;5420407,358599999900000;8,375228531000062;48,934902674000057
46676;08;2;21;000;2018;05;14;6;3;5;3;0;1;0;0;0;0;0;0;476574,836899999990000;5471964,313199999700000;8,677139590000024;49,399916975000053
46677;08;1;18;047;2018;05;01;7;3;0;7;2;1;0;0;0;0;0;0;507660,638500000000000;5428097,666299999700000;9,104747785000029;49,005726604000074
46678;08;1;36;075;2018;05;12;4;3;3;6;0;1;1;0;0;0;0;1;599898,707000000050000;5422365,411200000000000;10,364355886000055;48,946139560000063
46683;08;3;17;001;2018;05;13;2;2;8;7;0;1;0;0;0;0;0;0;432266,650599999990000;5386760,048299999900000;8,080734472000074;48,630236558000036
46686;08;1;35;020;2018;05;16;4;3;6;4;0;0;1;1;0;0;0;0;584882,430399999950000;5387393,995099999900000;10,152095659000054;48,633845974000053
46689;08;2;15;017;2018;05;20;6;3;5;3;1;1;1;0;0;0;0;0;457265,336899999990000;5420880,593299999800000;8,416440923000039;48,939375661000042
46691;08;1;28;131;2018;05;18;4;2;5;3;0;1;1;0;0;0;0;0;536287,763799999960000;5514452,918100000400000;9,504057711000030;49,781443325000055
46692;08;4;15;061;2018;05;15;3;3;5;3;0;1;1;0;0;0;0;0;515201,791099999970000;5372136,105600000400000;9,205794776000062;48,502159864000078
46705;08;4;36;009;2018;05;19;6;3;2;6;0;1;1;0;0;0;0;0;555189,001599999960000;5307892,433000000200000;9,738732407000043;47,921976998000048
46708;08;1;25;046;2018;05;17;4;3;5;2;0;1;1;0;0;0;0;1;519097,326200000010000;5434038,977300000400000;9,261406072000057;49,058923576000041
46717;08;1;18;011;2018;05;18;4;3;2;6;0;1;1;0;0;0;0;1;505145,701000000000000;5407845,733000000000000;9,070104427000047;48,823571499000082
46724;08;1;16;070;2018;05;18;4;3;5;3;0;1;1;0;0;0;0;0;539609,066200000000000;5384859,093700000100000;9,537409682000032;48,615549892000047
46725;08;1;16;071;2018;05;06;4;2;5;3;0;1;1;0;0;0;0;1;528132,702999999980000;5391031,770999999700000;9,382123763000038;48,671700453000028
46728;08;1;35;019;2018;05;15;7;2;0;3;0;1;0;0;0;0;0;0;585508,024100000040000;5391196,826200000000000;10,161370271000067;48,667964597000037
46739;08;1;11;000;2018;05;13;4;3;6;7;0;0;0;1;1;0;0;1;513266,710499999990000;5401111,445200000000000;9,180526229000066;48,762870173000067
46741;08;1;11;000;2018;05;20;4;2;1;5;1;1;1;0;0;0;0;0;517228,948299999990000;5405966,616100000200000;9,234645331000024;48,806449638000061
46743;08;1;11;000;2018;05;06;4;3;5;3;0;1;1;0;0;0;0;1;515777,772300000010000;5403605,058199999900000;9,214790842000070;48,785243898000033
46749;08;4;35;016;2018;05;07;3;3;3;6;0;1;0;0;0;0;0;0;537945,770299999970000;5277282,018299999600000;9,505258545000061;47,647822559000076
46752;08;1;36;065;2018;05;12;6;3;6;4;0;0;1;1;0;0;0;0;559554,814299999970000;5404440,409500000100000;9,810831621000034;48,790106823000031
46754;08;2;16;007;2018;05;19;7;3;0;1;0;1;0;0;0;0;0;0;431546,195000000010000;5395963,883999999600000;8,069434509000075;48,712946109000029
46761;08;2;15;066;2018;05;12;5;3;0;7;0;1;0;0;0;0;1;0;461389,809000000010000;5453489,535000000100000;8,469644843000026;49,232967462000033
46764;08;2;12;000;2018;05;22;5;3;5;3;2;1;0;0;0;0;0;0;455225,885499999970000;5429026,444799999700000;8,387696212000037;49,012504490000026
46772;08;1;19;067;2018;05;10;6;2;5;3;0;1;1;0;0;0;0;0;539727,996099999990000;5405978,155399999600000;9,541056339000022;48,805522470000028
46773;08;4;15;059;2018;05;09;5;3;4;6;0;1;0;0;0;0;0;0;516553,620799999980000;5370148,691999999800000;9,224016302000052;48,484246238000026
46784;08;4;37;088;2018;05;13;5;3;0;1;0;1;0;0;0;0;0;0;519418,754800000000000;5307770,592400000400000;9,259934055000031;47,922962621000067
46786;08;3;16;038;2018;05;06;7;1;0;1;0;1;0;0;0;0;0;0;396487,618299999970000;5333313,325699999900000;7,608441834000075;48,144643683000027
46793;08;2;16;049;2018;05;17;6;3;6;4;0;0;1;1;0;0;0;0;438599,961000000010000;5402339,035000000100000;8,164362469000025;48,771025499000075
46794;08;1;16;077;2018;05;16;5;3;6;4;0;0;1;1;0;0;0;0;516178,540299999990000;5391785,375500000100000;9,219782730000077;48,678904087000035
46797;08;4;35;015;2018;05;18;5;2;4;1;0;1;1;0;0;0;0;0;516616,026000000010000;5298856,705299999600000;9,222074773000031;47,842840457000079
46798;08;1;11;000;2018;05;07;5;3;5;2;0;1;1;0;0;0;0;0;513262,095199999980000;5406587,396200000300000;9,180640153000070;48,812131407000038
46801;08;4;36;085;2018;05;08;6;2;3;6;0;1;1;0;0;0;0;0;558406,417600000040000;5294437,122899999800000;9,779977095000049;47,800640276000081
46807;08;1;36;088;2018;05;09;6;3;6;4;0;0;1;1;0;0;0;0;580492,692999999970000;5409275,250000000000000;10,096799064000038;48,831235066000033
46809;08;4;36;009;2018;05;17;7;3;0;1;0;1;0;0;0;0;0;0;555807,611200000040000;5309261,688600000000000;9,747189499000058;47,934241992000068
46826;08;3;35;063;2018;05;17;4;3;0;7;0;1;0;0;0;0;0;0;500219,237399999980000;5287383,190299999900000;9,002924343000075;47,739822067000034
46835;08;3;36;105;2018;05;08;5;3;5;3;0;1;0;0;1;0;0;0;398839,675899999970000;5267553,154799999700000;7,655431249000060;47,553514919000065
46848;08;2;21;000;2018;05;10;4;3;0;7;0;1;0;0;0;0;0;1;476052,011600000030000;5471508,704199999600000;8,669961269000055;49,395798497000044
46850;08;1;11;000;2018;05;17;6;3;5;2;0;1;1;0;0;0;0;0;509418,346200000030000;5398265,948800000400000;9,128094848000046;48,737342258000069
46858;08;3;35;043;2018;05;20;5;3;5;3;1;1;1;0;0;0;0;0;512057,967300000020000;5280893,876699999900000;9,160657790000073;47,681321106000041
46860;08;1;11;000;2018;05;15;1;3;0;1;0;1;0;0;0;0;0;0;518534,967999999990000;5406345,338899999900000;9,252449265000053;48,809818985000049
46866;08;1;19;076;2018;05;15;4;3;5;3;0;1;1;0;0;0;0;0;541693,985600000010000;5406438,026399999900000;9,567876557000034;48,809530449000079
46871;08;4;36;009;2018;05;15;5;3;5;2;0;1;0;0;1;0;0;0;557068,091800000050000;5309608,075000000200000;9,764110032000076;47,937247222000053
46877;08;3;17;089;2018;05;16;6;3;6;7;0;0;1;1;0;0;0;0;431869,522799999980000;5375824,218600000300000;8,077138042000058;48,531824501000074
46893;08;2;15;101;2018;05;11;6;3;5;3;0;1;1;0;0;0;0;0;466703,422399999980000;5425885,054300000000000;8,544907520000038;48,984972765000066
46896;08;3;17;096;2018;05;15;5;3;5;3;0;1;1;0;0;0;0;0;421623,483599999980000;5368808,976300000200000;7,939690354000049;48,467527305000033
46904;08;3;36;045;2018;05;10;7;3;5;2;0;1;0;0;1;0;0;0;400421,005000000000000;5287784,324000000000000;7,671837689000029;47,735745498000028
46907;08;4;26;134;2018;05;13;3;3;4;6;0;1;0;0;0;0;0;0;558759,557900000010000;5334745,992200000200000;9,790207954000039;48,163241436000078
46909;08;2;25;001;2018;05;11;6;3;2;6;0;1;0;0;0;0;1;0;528205,559000000010000;5474205,099999999600000;9,388904576000073;49,419869589000029
46921;08;4;36;082;2018;05;21;6;3;4;6;2;1;0;0;0;0;0;0;547941,698300000050000;5296067,773199999700000;9,640418383000053;47,816175588000078
46922;08;3;26;074;2018;05;13;3;3;5;3;0;1;1;0;0;0;0;0;459708,219199999990000;5323337,623999999800000;8,459213559000034;48,062043845000062
46928;08;4;35;045;2018;05;16;5;3;5;3;0;1;1;0;0;0;0;0;535530,753000000030000;5287342,771999999900000;9,473922547000029;47,738479914000038
46931;08;3;17;065;2018;05;09;3;2;6;4;0;0;0;1;1;0;0;0;415535,730300000000000;5351663,729299999800000;7,860796993000065;48,312521316000073
46932;08;3;35;063;2018;05;09;6;2;5;3;0;1;0;0;0;0;0;0;496413,211300000020000;5287295,126500000200000;8,952157620000037;47,739019770000027
46935;08;3;16;011;2018;05;14;3;3;5;3;0;1;0;0;1;0;0;0;413420,061300000000000;5330639,999599999700000;7,836561368000048;48,123127132000036
46941;08;3;36;008;2018;05;16;5;3;3;6;0;1;1;0;0;0;0;0;395565,570000000010000;5275604,337500000400000;7,610009992000073;47,625418460000049
46945;08;3;36;091;2018;05;19;3;3;6;4;0;0;1;1;0;0;0;0;395447,942400000000000;5271954,696700000200000;7,609315572000071;47,592570425000076
46946;08;3;26;031;2018;05;15;6;2;5;3;0;1;1;0;0;0;0;0;460069,425300000000000;5335689,814299999700000;8,462904314000070;48,173194364000040
46949;08;1;21;000;2018;05;12;6;3;6;7;0;0;1;1;0;0;0;0;515612,249599999980000;5443324,115100000100000;9,214061302000062;49,142545251000058
46951;08;3;36;091;2018;05;11;5;3;5;3;0;1;1;0;0;0;0;0;396203,797399999980000;5275413,370600000000000;7,618547315000058;47,623803278000025
46956;08;2;12;000;2018;05;13;3;3;3;6;0;1;1;0;0;0;0;0;456720,927499999990000;5428266,044999999900000;8,408221411000056;49,005771278000054
46964;08;3;15;064;2018;05;11;6;3;3;6;0;1;1;0;0;0;0;0;422495,273300000000000;5313283,769100000200000;7,961632848000022;47,968166634000056
46988;08;2;35;035;2018;05;18;5;3;6;4;0;0;1;1;0;0;0;1;469393,460900000010000;5405313,206100000100000;8,583214579000071;48,800056931000029
46989;08;3;17;096;2018;05;11;7;3;0;7;0;1;0;0;0;0;0;0;421972,166800000010000;5366048,385400000000000;7,944921330000057;48,442739303000053
46995;08;1;27;076;2018;05;12;3;3;0;7;0;1;0;0;0;1;0;0;550320,927999999960000;5436907,057000000000000;9,689132192000045;49,082962308000049
46996;08;2;35;008;2018;05;12;5;3;5;3;0;1;1;0;0;0;0;0;485201,325100000020000;5401184,110299999800000;8,798625141000059;48,763489325000080
46999;08;2;35;085;2018;05;02;7;3;6;7;2;0;0;1;1;0;0;0;480250,316999999980000;5399654,577999999700000;8,731327728000053;48,749592399000051
47005;08;1;21;000;2018;05;11;3;3;0;7;0;1;0;0;0;0;0;0;515927,489799999980000;5444898,663200000300000;9,218445823000025;49,156700716000046
47009;08;4;37;078;2018;05;17;7;2;5;2;0;1;1;0;0;0;0;0;508667,338800000030000;5315490,404500000200000;9,116174689000047;47,992655148000040
47014;08;3;17;096;2018;05;19;6;3;0;7;0;1;0;0;0;0;0;0;421479,478899999990000;5368815,315600000300000;7,937741358000039;48,467566364000049
47021;08;3;36;019;2018;05;20;7;3;5;2;0;1;1;0;0;0;0;0;394455,087000000000000;5276394,703900000100000;7,595043813000075;47,632347847000062
47034;08;4;35;020;2018;05;11;2;3;4;2;0;1;1;0;0;0;0;0;523438,271899999990000;5296224,998999999800000;9,313111076000041;47,818949582000073
47035;08;3;26;074;2018;05;13;7;2;6;4;0;0;1;1;0;0;0;0;459648,690999999990000;5322574,264999999700000;8,458486649000065;48,055172375000041
47038;08;4;35;016;2018;05;15;2;3;4;6;0;1;0;0;0;0;0;0;530813,368000000020000;5279710,281399999700000;9,410462626000026;47,670049762000076
47044;08;4;15;061;2018;05;14;2;3;6;4;0;1;0;1;0;0;0;0;514916,609200000010000;5376055,511699999700000;9,202074338000045;48,537426909000033
47046;08;1;25;074;2018;05;15;1;2;0;3;0;1;1;0;0;0;0;0;509921,830000000020000;5439029,146900000100000;9,135933978000026;49,104028586000027
47056;08;1;11;000;2018;05;12;1;3;0;5;0;1;1;0;0;0;0;0;506601,914999999980000;5402783,133000000400000;9,089862299000060;48,778014994000046
47066;08;3;35;022;2018;05;15;2;3;2;6;0;1;1;0;0;0;0;0;482706,016799999980000;5299760,756299999500000;8,768828198000051;47,850956641000039
47070;08;3;35;035;2018;05;09;2;2;0;7;0;1;0;0;0;0;0;0;486797,195599999980000;5291044,137500000200000;8,823780939000073;47,772626465000030
47076;08;2;16;022;2018;05;21;5;2;0;7;0;1;0;0;0;0;0;0;434986,201500000020000;5405463,130699999600000;8,114691985000036;48,798759297000061
47081;08;3;16;011;2018;05;16;3;3;5;3;0;1;1;0;0;0;0;0;415551,928599999980000;5329270,441999999800000;7,865474238000047;48,111094045000073
47084;08;4;36;018;2018;05;14;5;3;2;6;0;1;0;0;0;0;0;0;552435,422999999950000;5285512,328599999700000;9,699168390000068;47,720858960000044
47086;08;1;25;108;2018;05;14;5;3;0;1;0;1;0;0;0;0;0;0;494799,436899999970000;5434343,736999999700000;8,928809908000062;49,061939120000034
47091;08;2;16;052;2018;06;09;6;3;4;6;0;1;0;0;0;0;0;0;441166,378000000030000;5416439,021999999900000;8,197263140000075;48,898102739000080
47099;08;2;36;046;2018;05;04;3;3;0;1;2;1;0;0;0;0;0;0;482826,492600000000000;5418362,070899999700000;8,765589564000038;48,917957676000071