OBJECTID_1;ULAND;UREGBEZ;UKREIS;UGEMEINDE;UJAHR;UMONAT;USTUNDE;UWOCHENTAG;UKATEGORIE;UART;UTYP1;ULICHTVERH;IstRad;IstPKW;IstFuss;IstKrad;IstGkfz;IstSonstig;STRZUSTAND;LINREFX;LINREFY;XGCSWGS84;YGCSWGS84
47104;08;4;35;016;2018;06;18;6;3;0;1;0;1;0;0;0;0;0;0;536806,960700000050000;5279586,437699999700000;9,490289630000063;47,668622107000033
47114;08;4;35;035;2018;05;18;4;3;5;3;0;1;1;0;0;0;0;0;539512,009899999950000;5280149,557000000000000;9,526371852000068;47,673529050000070
47117;08;3;35;079;2018;05;15;5;3;6;4;0;0;1;1;0;0;0;0;501105,669799999970000;5300073,717899999600000;9,014780550000069;47,854004265000071
47120;08;4;16;036;2018;06;13;6;3;5;3;0;1;1;0;0;0;0;0;494890,138299999990000;5368814,114699999800000;8,930865497000070;48,472437030000037
47122;08;3;17;153;2018;05;23;4;2;9;7;2;1;0;0;0;0;0;0;421775,344199999990000;5390449,086299999600000;7,937675271000046;48,662193740000077
47123;08;1;36;065;2018;05;11;3;3;4;2;0;1;0;0;0;0;1;0;560248,041800000010000;5406184,487999999900000;9,820524669000065;48,805728050000027
47129;08;1;21;000;2018;05;12;3;2;6;4;0;0;1;1;0;0;0;0;516131,319599999990000;5443740,356700000400000;9,221194939000043;49,146276066000041
47131;08;4;36;082;2018;05;18;3;3;0;7;0;1;0;0;0;0;1;0;547473,444699999990000;5294510,642400000200000;9,633993193000038;47,802200906000053
47133;08;1;25;001;2018;05;09;3;3;8;1;0;1;0;0;0;0;0;0;523103,590600000000000;5436665,758999999600000;9,316393420000054;49,082415217000062
47136;08;1;15;045;2018;05;11;4;3;5;3;0;1;1;0;0;0;0;0;500351,366800000020000;5394493,209400000100000;9,004775580000057;48,703473582000072
47147;08;4;15;059;2018;05;15;3;3;0;2;0;1;0;0;0;1;0;1;516333,486500000000000;5367220,553700000000000;9,220922917000053;48,457909354000037
47148;08;2;12;000;2018;06;12;6;3;3;6;0;1;1;0;0;0;0;0;454347,160800000010000;5428263,051599999900000;8,375765893000050;49,005573326000047
47149;08;1;18;049;2018;05;11;3;3;0;7;0;1;0;0;0;0;0;0;518599,125500000020000;5421015,872299999900000;9,253990330000022;48,941789123000035
47167;08;2;16;015;2018;05;14;4;3;5;3;0;1;1;0;0;0;0;0;450595,015699999990000;5405555,946200000100000;8,327211942000076;48,801030668000067
47180;08;4;36;081;2018;05;11;4;2;8;1;0;1;0;0;0;0;0;0;559476,402499999970000;5287685,503499999600000;9,793340217000036;47,739800112000069
47183;08;4;37;100;2018;05;14;2;3;0;3;0;1;1;0;0;0;0;0;536741,111000000030000;5319604,816999999800000;9,492811670000037;48,028674999000032
47187;08;4;35;016;2018;05;09;2;3;3;2;0;1;1;0;0;0;0;0;535009,577000000050000;5277797,838000000500000;9,466205003000027;47,652629126000079
47188;08;4;35;035;2018;05;06;4;3;6;3;0;0;1;1;0;0;0;0;542645,169800000030000;5282466,913800000200000;9,568335631000025;47,694179805000033
47194;08;4;35;059;2018;05;14;2;2;5;3;0;1;1;0;0;0;0;0;515742,509900000000000;5292413,623800000200000;9,210166183000069;47,784891337000033
47205;08;1;11;000;2018;05;12;4;2;6;4;0;0;1;1;0;0;0;0;509838,940699999980000;5402391,935499999700000;9,133913773000074;48,774453029000028
47212;08;2;15;090;2018;05;06;4;3;5;3;0;1;1;0;0;0;0;0;464963,668999999990000;5433053,734000000200000;8,520510700000045;49,049360765000074
47215;08;3;27;049;2018;05;19;2;3;5;3;0;1;1;0;0;0;0;0;472662,863900000000000;5324472,772099999700000;8,633010466000030;48,072943427000041
47226;08;2;15;017;2018;05;20;4;3;9;6;1;1;0;0;0;0;0;0;454240,978599999970000;5418114,019100000200000;8,375455011000042;48,914273460000061
47228;08;3;17;096;2018;05;15;2;3;6;7;0;0;1;1;0;0;0;0;422051,387999999980000;5369731,088000000500000;7,945306298000048;48,475874807000025
47230;08;3;17;096;2018;05;15;2;2;0;7;0;1;0;0;0;0;0;1;421624,778999999980000;5369690,532700000300000;7,939542640000070;48,475456981000036
47238;08;2;12;000;2018;05;14;2;3;5;3;0;1;1;0;0;0;0;0;452173,567400000000000;5430554,054800000000000;8,345777235000071;49,026016301000027
47244;08;3;16;024;2018;06;11;7;2;9;1;0;1;0;0;0;0;0;0;413841,290299999990000;5336834,998100000400000;7,840966206000076;48,178908971000055
47246;08;2;35;032;2018;05;15;2;1;0;7;0;1;0;0;0;0;0;0;474294,773400000010000;5377849,648900000400000;8,651664439000058;48,553217974000063
47249;08;2;31;000;2018;05;06;2;3;5;3;0;1;1;0;0;0;0;0;475554,579499999990000;5416460,762199999800000;8,666446677000067;48,900609809000059
47250;08;4;36;064;2018;05;08;4;3;0;6;0;1;0;0;0;0;0;0;546405,420399999940000;5291503,299800000200000;9,619409350000069;47,775221751000061
47251;08;1;27;025;2018;05;20;4;2;6;4;1;0;0;1;0;0;1;0;556259,830199999970000;5427616,354199999900000;9,769166813000027;48,998880666000048
47255;08;2;26;012;2018;05;10;2;2;5;5;0;1;1;0;0;0;0;0;475794,999699999990000;5477617,298399999700000;8,666046639000058;49,450733923000030
47256;08;2;16;043;2018;06;10;7;3;5;3;0;1;1;0;0;0;0;0;442589,929799999980000;5412261,850800000100000;8,217270950000057;48,860662791000038
47262;08;3;16;020;2018;05;12;4;3;5;3;0;1;1;0;0;0;0;0;407808,396000000010000;5338878,284000000000000;7,759385367000050;48,196441064000055
47263;08;2;12;000;2018;05;17;2;3;5;2;0;1;1;0;0;0;0;0;455242,694499999980000;5429266,880300000300000;8,387899553000068;49,014668446000030
47273;08;1;25;108;2018;06;18;7;2;6;4;0;0;1;1;0;0;0;0;494478,476399999990000;5433939,159799999600000;8,924421828000050;49,058296946000041
47280;08;3;36;069;2018;05;18;4;3;4;6;0;1;0;0;1;0;0;0;409044,266999999990000;5269900,075799999800000;7,790546376000066;47,576137227000061
47285;08;1;26;046;2018;05;16;4;2;6;4;0;0;1;1;0;0;0;0;549971,966600000040000;5458577,731499999800000;9,687046657000053;49,277911715000073
47289;08;2;16;043;2018;05;17;5;3;0;7;0;1;0;0;0;0;0;0;443156,664700000020000;5412968,193000000000000;8,224898956000061;48,867068536000033
47295;08;1;21;000;2018;05;20;2;3;5;3;1;1;1;0;0;0;0;0;514018,986399999990000;5443161,787999999700000;9,192210381000052;49,141123495000045
47302;08;1;19;061;2018;05;09;2;3;6;4;0;0;1;1;0;0;0;0;538786,471999999950000;5414830,997999999700000;9,529072530000065;48,885217471000033
47306;08;4;36;082;2018;05;07;4;2;3;2;0;1;1;0;0;0;0;0;547981,887499999950000;5295600,196100000300000;9,640903438000066;47,811965840000028
47311;08;3;36;091;2018;05;08;4;3;6;4;0;0;1;1;0;0;0;0;394242,683800000000000;5271632,985999999600000;7,593366507000042;47,589481144000047
47312;08;1;21;000;2018;05;22;4;3;5;7;2;1;1;0;0;0;0;0;516076,322200000000000;5442408,987700000400000;9,220387703000029;49,134301404000041
47316;08;1;19;055;2018;05;15;4;3;3;2;0;1;0;0;1;0;0;0;543912,113499999980000;5405029,191100000400000;9,597935345000053;48,796704580000039
47319;08;4;26;074;2018;05;13;5;3;0;6;0;1;1;0;0;0;0;0;555700,527000000000000;5326288,862700000400000;9,747967854000024;48,087434662000078
47323;08;4;35;016;2018;06;16;6;3;5;2;0;1;1;0;0;0;0;0;533624,407800000040000;5279835,898000000000000;9,447916822000025;47,671039926000049
47329;08;1;16;042;2018;05;08;2;3;5;3;0;1;1;0;0;0;0;0;517045,583199999990000;5382044,618900000100000;9,231160585000055;48,591252043000054
47340;08;3;35;066;2018;05;10;5;3;0;1;0;1;0;0;0;0;0;1;506114,015499999980000;5281682,030899999700000;9,081473006000067;47,688496215000043
47345;08;3;17;089;2018;05;13;4;3;5;3;0;1;1;0;0;0;0;0;431971,533000000000000;5375473,615000000200000;8,078576861000045;48,528681823000056
47357;08;1;15;003;2018;05;09;4;3;5;3;0;1;1;0;0;0;0;0;498172,295999999970000;5391195,196999999700000;8,975173466000058;48,673801740000044
47361;08;1;17;026;2018;05;13;4;3;3;6;0;1;1;0;0;0;0;0;549022,112100000030000;5394498,002200000000000;9,666258033000077;48,701590392000071
47392;08;4;16;036;2018;05;15;5;3;5;3;0;1;1;0;0;0;0;0;494958,734999999990000;5368983,068000000000000;8,931791546000056;48,473957561000077
47399;08;3;17;034;2018;05;14;1;3;0;7;0;1;0;0;0;0;0;0;427731,142999999980000;5358543,982800000300000;8,024073577000024;48,375922992000028
47400;08;3;35;100;2018;05;08;4;3;6;4;0;0;1;1;0;0;0;0;487804,419700000030000;5286527,311599999700000;8,837351079000030;47,732005991000051
47414;08;1;18;048;2018;06;16;6;3;6;7;0;1;0;1;0;0;0;0;515115,112900000010000;5416703,136500000000000;9,206253071000049;48,903088083000057
47415;08;2;21;000;2018;05;04;1;3;0;7;2;1;0;0;0;0;0;0;478633,372800000010000;5473437,503399999800000;8,705431954000062;49,413243857000055
47417;08;2;21;000;2018;05;10;1;3;5;3;0;1;1;0;0;0;0;0;476620,142999999980000;5472375,080400000300000;8,677739839000026;49,403613504000077
47421;08;1;28;128;2018;06;16;7;3;1;6;0;1;1;0;0;0;0;0;543087,366999999970000;5504543,440999999600000;9,597407904000022;49,691868423000074
47431;08;2;11;000;2018;05;20;4;2;8;1;0;1;0;0;0;0;0;0;446277,974999999980000;5403621,236999999700000;8,268681062000042;48,783269450000034
47432;08;1;18;076;2018;05;15;1;1;5;3;0;1;1;0;0;0;0;0;505318,789700000020000;5421976,479100000100000;9,072646470000052;48,950687213000037
47437;08;2;16;043;2018;06;08;3;3;0;1;0;1;0;0;0;0;0;0;441717,255899999990000;5413760,102500000000000;8,205160671000044;48,874058123000054
47448;08;4;36;055;2018;06;13;2;3;5;3;0;1;1;0;0;0;0;0;576085,551800000020000;5298831,602199999600000;10,016807412000048;47,838326436000045
47449;08;1;11;000;2018;06;07;5;3;0;1;0;1;0;0;0;0;0;0;513126,663100000010000;5406824,497399999800000;9,178803056000049;48,814267213000051
47451;08;4;35;059;2018;06;19;2;3;7;4;0;0;0;1;1;0;0;0;512303,853699999980000;5290741,439600000200000;9,164212161000023;47,769920731000070
47456;08;1;11;000;2018;06;06;4;3;2;6;0;1;1;0;0;0;0;0;513245,581899999990000;5400603,127999999600000;9,180222363000041;48,758297829000071
47462;08;1;11;000;2018;06;05;4;3;5;3;1;1;1;0;0;0;0;0;517799,397300000010000;5404486,273299999500000;9,242350182000052;48,793116620000035
47464;08;3;35;098;2018;06;12;7;2;0;1;0;1;0;0;0;0;0;0;500692,702300000000000;5293722,237499999800000;9,009249859000022;47,796857639000052
47473;08;2;11;000;2018;06;12;4;3;5;3;0;1;1;0;0;0;0;0;439634,652000000000000;5406406,644999999600000;8,177845229000070;48,807714968000028
47478;08;1;19;068;2018;06;22;5;3;5;3;2;1;1;0;0;0;0;1;525789,250000000000000;5413586,428999999500000;9,351707897000040;48,874698901000045
47494;08;3;25;070;2018;06;17;2;3;0;6;0;1;1;0;0;0;0;0;462510,580499999980000;5348544,428799999900000;8,494600775000038;48,288989293000043
47495;08;4;17;079;2018;06;07;3;3;5;3;0;1;1;0;0;0;0;0;502055,115600000020000;5342677,664599999800000;9,027677301000040;48,237314514000047
47502;08;1;26;046;2018;06;18;6;2;0;2;0;1;0;0;0;0;0;0;549962,431300000050000;5458580,244599999900000;9,686915883000040;49,277935099000047
47530;08;2;36;039;2018;06;23;2;2;2;6;2;1;0;0;0;0;0;0;490009,501400000010000;5412311,945000000300000;8,863781848000031;48,863689778000037
47538;08;1;11;000;2018;06;08;5;3;0;2;0;1;0;1;0;0;0;0;516023,140599999980000;5403787,533099999700000;9,218138255000042;48,786879149000072
47540;08;2;36;040;2018;06;13;2;3;0;7;0;1;0;0;0;0;1;0;487957,016100000010000;5421699,783699999600000;8,835519868000063;48,948103755000034
47543;08;1;18;079;2018;06;07;6;2;0;1;0;1;0;0;0;0;0;1;511636,152000000000000;5422840,963999999700000;9,158956355000044;48,958377209000048
47546;08;1;11;000;2018;06;18;4;3;5;3;0;1;1;0;0;0;0;0;510811,309300000020000;5409309,597900000400000;9,147330417000035;48,836667434000049
47548;08;2;25;058;2018;06;09;2;3;6;2;0;0;1;1;0;0;0;0;510778,220199999980000;5467092,969999999700000;9,148421212000073;49,356454603000032
47551;08;2;22;000;2018;06;15;2;3;6;4;0;0;1;1;0;0;0;0;463136,022999999990000;5478721,713499999600000;8,491295518000072;49,460031486000048
47555;08;2;15;106;2018;06;13;2;3;0;7;0;1;0;0;0;0;0;0;465921,031599999990000;5453940,958399999900000;8,531845671000042;49,237296969000056
47560;08;2;15;100;2018;06;10;2;2;0;1;0;1;0;0;0;0;0;0;475637,180100000000000;5451595,119099999800000;8,665459320000025;49,216659679000031
47562;08;1;16;049;2018;06;07;6;2;0;7;0;1;1;0;0;0;0;0;526048,304600000030000;5385751,859699999900000;9,353480040000022;48,624292819000061
47564;08;4;35;067;2018;06;18;3;3;2;6;0;1;0;0;0;0;0;0;528060,958199999990000;5289789,455799999600000;9,374447975000066;47,760861864000049
47573;08;2;12;000;2018;06;18;2;3;5;3;0;1;1;0;0;0;0;0;456588,945000000010000;5424978,980000000400000;8,406768001000046;48,976194374000045
47574;08;1;27;014;2018;06;07;4;2;5;3;0;1;1;0;0;0;0;0;578653,555799999970000;5445772,731800000200000;10,078809574000047;49,159730457000080
47577;08;1;16;079;2018;06;22;3;3;0;7;2;0;1;1;0;0;0;0;534423,500200000010000;5378457,885400000000000;9,466524998000068;48,558271650000052
47579;08;4;15;039;2018;06;15;3;3;6;4;0;0;1;1;0;0;0;0;530049,655299999980000;5374267,202499999700000;9,406947773000070;48,520796714000028
47582;08;3;17;089;2018;06;12;6;3;6;4;0;0;1;1;0;0;0;0;427482,476599999990000;5377380,140300000100000;8,017451262000066;48,545328387000040
47584;08;4;25;108;2018;06;11;3;3;5;3;0;1;1;0;0;0;0;0;554118,920999999970000;5357622,022300000300000;9,730733258000043;48,369447146000027
47587;08;3;27;049;2018;06;11;6;3;5;2;0;1;1;0;0;0;0;0;472931,970099999980000;5324166,822399999900000;8,636642406000021;48,070202311000060
47590;08;4;36;009;2018;06;17;4;3;0;1;0;1;0;0;0;0;0;0;555574,621000000040000;5308026,461500000200000;9,743910956000036;47,923149474000070
47594;08;1;25;058;2018;06;07;4;2;0;3;0;1;1;0;0;0;0;0;509363,642999999980000;5443456,553000000300000;9,128389336000055;49,143863625000051
47603;08;1;19;090;2018;06;15;2;3;5;3;0;1;1;0;0;0;0;0;531217,627100000040000;5406972,219300000000000;9,425232862000030;48,814950478000071
47605;08;1;19;018;2018;06;14;6;3;5;2;0;1;1;0;0;0;0;0;527167,835700000050000;5419592,804700000200000;9,370907933000069;48,928670871000065
47613;08;1;18;049;2018;06;12;4;3;5;3;0;1;1;0;0;0;0;0;519183,121700000020000;5420175,529000000100000;9,261925762000033;48,934211878000042
47622;08;1;18;060;2018;06;11;2;2;3;2;0;1;1;0;0;0;0;0;523517,600199999990000;5430196,412200000100000;9,321687299000075;49,024205234000078
47623;08;1;17;049;2018;06;06;2;2;0;1;0;1;0;0;0;0;0;0;555983,636999999990000;5392605,206299999700000;9,760607223000022;48,683978171000035
47624;08;2;21;000;2018;06;15;4;3;3;2;0;1;1;0;0;0;0;0;477055,003700000000000;5474886,629999999900000;8,683588530000066;49,426221015000067
47627;08;1;16;020;2018;06;12;2;3;8;1;0;1;0;0;0;0;0;0;526648,729300000010000;5382230,901899999900000;9,361401645000058;48,592592807000074
47634;08;1;15;003;2018;06;06;4;3;5;3;0;1;1;0;0;0;0;0;500549,259000000020000;5392861,547000000300000;9,007463049000023;48,688794852000058
47639;08;1;15;021;2018;06;18;2;3;5;3;0;1;1;0;0;0;0;0;490211,723500000020000;5382511,002200000000000;8,867246695000063;48,595603237000034
47641;08;2;16;015;2018;06;11;6;3;1;5;0;1;1;0;0;0;0;0;451470,792000000020000;5404416,552500000200000;8,339271885000073;48,790850427000066
47642;08;1;11;000;2018;06;14;2;3;3;7;0;1;0;0;0;0;1;0;507645,719999999970000;5407459,970999999900000;9,104157153000074;48,820075486000064
47643;08;1;11;000;2018;06;15;2;2;5;3;0;1;1;0;0;0;0;0;516468,767999999980000;5398162,372299999900000;9,223979841000073;48,736264002000041
47648;08;4;35;016;2018;06;05;3;3;5;2;0;1;0;0;1;0;0;0;534271,869399999970000;5279243,511900000300000;9,456495016000076;47,665675984000075
47666;08;1;19;003;2018;06;13;3;3;6;4;0;0;1;1;0;0;0;0;534330,601000000020000;5417186,373499999800000;9,468491787000062;48,906668041000046
47674;08;3;26;074;2018;06;23;4;2;0;1;2;1;0;0;0;0;0;0;459395,233699999980000;5323078,533900000200000;8,455037543000060;48,059693046000064
47677;08;3;35;075;2018;06;12;1;3;9;1;0;1;0;0;0;0;0;0;493724,437199999990000;5282826,528099999800000;8,916357814000037;47,698792464000064
47679;08;4;15;061;2018;06;09;5;3;3;2;0;1;1;0;0;0;0;1;514923,915800000020000;5371040,243900000100000;9,201993885000036;48,492307773000050
47681;08;3;35;025;2018;06;14;1;3;0;1;0;1;0;0;0;0;0;0;497320,130000000000000;5279933,521200000300000;8,964299808000021;47,672787037000035
47684;08;1;19;020;2018;06;07;3;3;5;3;0;1;1;0;0;0;0;0;519932,497700000010000;5405360,503800000100000;9,271435814000029;48,800916329000074
47686;08;3;37;060;2018;06;10;3;2;0;1;0;1;0;0;0;0;0;0;467539,922900000010000;5277436,757199999900000;8,567771182000058;47,649513237000065
47687;08;3;35;063;2018;06;10;1;2;0;1;0;1;0;0;0;0;0;0;500229,766899999990000;5287455,683100000000000;9,003064831000074;47,740474324000047
47689;08;3;16;043;2018;06;07;6;2;5;3;0;1;1;0;0;0;0;0;411139,067900000020000;5331921,485200000000000;7,805649512000059;48,134339787000044
47690;08;2;11;000;2018;06;16;3;2;6;4;0;0;1;1;0;0;0;0;441449,188499999990000;5403706,382799999800000;8,202940942000055;48,783599539000079
47693;08;1;21;000;2018;06;23;6;3;5;3;2;1;1;0;0;0;0;0;515318,291000000030000;5441777,131000000100000;9,209972046000075;49,128636999000037
47695;08;3;27;050;2018;06;15;1;3;8;1;0;1;0;0;0;0;0;0;482549,147799999980000;5309276,146900000100000;8,766346496000040;47,936565031000043
47697;08;1;15;001;2018;06;06;4;3;6;4;0;0;1;1;0;0;0;0;491635,925999999980000;5391670,009999999800000;8,886377486000072;48,678019861000053
47705;08;4;36;064;2018;06;13;4;3;5;2;0;1;1;0;0;0;0;0;546058,487599999990000;5293481,462299999800000;9,614988738000022;47,793044192000082
47708;08;3;17;096;2018;06;01;1;3;0;7;2;1;0;0;0;0;0;0;423590,153999999980000;5370655,312599999800000;7,965954233000048;48,484377066000036
47709;08;2;21;000;2018;06;07;4;3;5;3;0;1;1;0;0;0;0;0;476048,462999999990000;5472994,048000000400000;8,669822796000062;49,409158783000066
47721;08;1;11;000;2018;06;17;4;3;5;3;0;1;1;0;0;0;0;0;513353,141999999990000;5404478,106999999800000;9,181811678000031;48,793154543000071
47725;08;2;11;000;2018;06;16;5;2;9;1;0;1;0;0;0;0;0;0;445953,207200000000000;5399089,847699999800000;8,264855530000034;48,742480351000040
47726;08;2;36;004;2018;06;07;3;2;5;2;0;1;1;0;0;0;0;0;473053,578400000000000;5413162,473100000100000;8,632539125000051;48,870835937000038
47730;08;2;16;002;2018;06;15;6;3;5;3;0;1;1;0;0;0;0;0;443751,457200000000000;5422619,768400000400000;8,231678565000038;48,953938190000031
47733;08;2;11;000;2018;06;13;4;3;6;6;0;1;0;1;0;0;0;0;442123,788999999990000;5403330,799399999900000;8,212176326000076;48,780284263000055
47737;08;4;21;000;2018;06;03;3;3;0;7;2;1;0;0;0;0;0;0;570138,757600000010000;5361534,322999999900000;9,947664840000073;48,403062525000053
47746;08;3;36;069;2018;06;11;6;3;2;6;0;1;1;0;0;0;0;0;410409,433599999990000;5273347,546299999600000;7,807991021000021;47,607340217000058
47752;08;2;16;063;2018;06;14;1;3;5;3;0;1;1;0;0;0;0;0;430740,289999999980000;5402618,680499999800000;8,057361696000044;48,772715692000077
47756;08;2;16;023;2018;06;15;1;3;0;7;0;1;0;0;0;0;0;0;435349,553000000010000;5409109,625799999600000;8,119064669000068;48,831596839000042
47758;08;2;15;066;2018;06;16;1;2;5;3;0;1;1;0;0;0;0;0;461376,970800000010000;5449453,110200000000000;8,469856935000053;49,196659438000040
47759;08;1;17;058;2018;06;16;5;3;9;6;0;1;1;0;0;0;0;0;546474,834599999940000;5378794,308000000200000;9,629879508000045;48,560520456000063
47764;08;1;26;039;2018;06;15;6;3;8;7;0;1;0;0;0;0;0;0;545774,422400000040000;5461971,042799999900000;9,629728647000036;49,308761961000073
47765;08;4;35;016;2018;06;07;6;2;0;1;0;1;0;0;0;0;0;0;535691,727900000060000;5279308,474100000200000;9,475411920000056;47,666183674000081
47780;08;3;15;004;2018;06;13;6;2;6;4;0;0;0;1;0;1;0;0;394299,135300000020000;5293398,977900000300000;7,588845038000045;47,785274514000037
47784;08;1;15;046;2018;06;15;3;3;5;3;0;1;1;0;0;0;0;0;508716,561600000020000;5389702,731599999600000;9,118369445000042;48,660317174000056
47791;08;1;36;002;2018;06;20;1;2;0;7;0;1;0;0;0;0;0;0;574024,084099999980000;5421501,248200000300000;10,010886615000061;48,942005333000054
47798;08;1;27;014;2018;06;16;1;2;5;3;0;1;0;0;0;0;1;0;578428,604000000050000;5442753,535500000200000;10,075136994000047;49,132605188000070
47808;08;1;19;067;2018;06;15;1;2;0;1;0;1;0;0;0;0;0;0;536244,234599999970000;5410167,714999999900000;9,493983124000067;48,843422820000058
47813;08;4;15;050;2018;06;12;4;3;5;3;0;1;1;0;0;0;0;0;520533,299200000010000;5375768,756099999900000;9,278148335000026;48,534688496000058
47819;08;2;26;010;2018;06;19;6;2;6;4;0;0;1;1;0;0;0;0;481112,233499999970000;5458953,725100000400000;8,740292704000069;49,283044587000063
47822;08;2;15;109;2018;06;11;4;2;0;1;0;1;0;0;0;0;0;0;459678,087100000000000;5437646,425900000100000;8,447720504000074;49,090349251000077
47825;08;4;35;057;2018;06;08;3;3;4;2;0;1;1;0;0;0;0;0;544568,052999999960000;5278838,164800000400000;9,593590229000029;47,661401403000070
47828;08;3;35;035;2018;06;18;6;3;0;1;0;1;0;0;0;0;0;1;486205,145000000020000;5291490,645300000000000;8,815864643000055;47,776631514000030
47833;08;4;36;055;2018;06;12;7;3;5;2;0;1;1;0;0;0;0;0;569679,671600000000000;5300190,007600000100000;9,931430220000038;47,851273229000071
47839;08;4;15;061;2018;06;17;3;3;6;2;0;0;1;1;0;0;0;0;515030,067099999990000;5370163,513600000200000;9,203399079000064;48,484417859000075
47847;08;3;27;049;2018;06;10;6;3;5;3;0;1;1;0;0;0;0;0;472599,450200000020000;5324607,616000000400000;8,632150535000051;48,074153880000040
47848;08;2;16;041;2018;06;15;3;3;5;3;0;1;1;0;0;0;0;0;434479,383700000010000;5390942,915199999700000;8,110099611000067;48,668097542000055
47859;08;1;15;048;2018;06;08;5;3;5;3;0;1;1;0;0;0;0;0;510225,477000000010000;5387995,639999999700000;9,138818040000047;48,644937069000036
47863;08;1;27;076;2018;06;13;1;3;5;3;0;1;1;0;0;0;0;0;552988,981999999960000;5438974,985700000100000;9,725938680000070;49,101338898000051
47867;08;3;17;026;2018;06;07;4;3;3;5;0;1;1;0;0;0;0;0;415366,456300000020000;5344278,856499999800000;7,859993487000054;48,246072028000071
47868;08;4;25;108;2018;06;15;5;3;5;3;0;1;1;0;0;0;0;0;554160,329900000010000;5357674,967100000000000;9,731299148000062;48,369919878000076
47876;08;3;16;045;2018;06;07;6;3;4;6;0;1;0;0;0;0;0;0;414657,140900000000000;5323413,993999999900000;7,854625920000046;48,058294527000044
47882;08;2;26;056;2018;06;20;4;3;2;6;1;1;1;0;0;0;0;0;484530,221599999990000;5469226,169499999800000;8,786891287000060;49,375541691000080
47886;08;4;26;021;2018;06;10;6;3;3;2;0;1;1;0;0;0;0;0;558866,870000000000000;5326983,267000000000000;9,790578377000031;48,093397048000043
47889;08;4;35;013;2018;06;13;5;2;5;3;0;1;1;0;0;0;0;0;542700,072700000020000;5278621,060899999900000;9,568691167000054;47,659574071000065
47905;08;1;11;000;2018;06;15;1;3;0;7;0;1;0;0;0;0;0;0;513778,585700000000000;5393906,242100000400000;9,187250677000066;48,698041110000077
47913;08;2;12;000;2018;06;18;6;3;1;5;0;1;1;0;0;0;0;0;454768,896899999990000;5428257,252899999700000;8,381532795000055;49,005552218000048
47918;08;1;27;014;2018;06;20;3;2;5;3;0;1;1;0;0;0;0;0;577619,258999999960000;5443646,267000000000000;10,064216018000025;49,140737053000066
47920;08;1;11;000;2018;06;07;6;3;5;3;0;1;1;0;0;0;0;0;515288,266000000000000;5406003,291100000000000;9,208216256000071;48,806830332000061
47921;08;4;26;011;2018;06;17;2;2;0;3;0;1;1;0;0;0;0;0;551860,073199999980000;5331754,819400000400000;9,697065644000077;48,136932383000044
47929;08;3;11;000;2018;06;15;3;3;3;2;0;1;1;0;0;0;0;0;413070,108499999970000;5315389,196000000500000;7,834959001000073;47,985894885000050
47942;08;4;36;055;2018;06;16;5;1;5;3;0;1;1;0;0;0;0;0;578576,520600000050000;5291722,028500000000000;10,048802584000043;47,774069205000046
47944;08;4;15;091;2018;06;14;1;3;0;6;0;1;0;0;0;0;0;0;515900,740700000020000;5361135,156999999700000;9,214838839000038;48,403173493000054
47945;08;1;11;000;2018;06;15;1;3;4;6;0;1;0;0;0;0;0;0;516837,298300000020000;5406195,357699999600000;9,229320780000023;48,808518096000057
47946;08;1;25;065;2018;06;11;4;2;4;6;0;1;0;0;0;1;0;0;516053,500400000020000;5448673,800800000300000;9,220324704000063;49,190655846000027
47947;08;2;12;000;2018;06;16;5;3;0;1;0;1;0;0;0;0;0;0;459655,913000000000000;5430483,615500000300000;8,448130594000077;49,025917551000077
47955;08;1;11;000;2018;06;17;3;1;6;2;0;0;1;1;0;0;0;0;511739,255699999980000;5408721,900399999700000;9,159959065000066;48,831363747000069
47956;08;1;11;000;2018;06;17;1;3;6;7;0;1;0;1;0;0;0;0;515530,515599999980000;5399203,705099999900000;9,211258695000026;48,745655888000044
47957;08;3;15;050;2018;06;21;4;3;5;3;2;1;1;0;0;0;0;0;399406,501999999980000;5303341,616000000400000;7,654701090000060;47,875526224000055
47961;08;1;35;019;2018;06;14;2;2;0;7;0;1;1;0;0;0;0;0;584615,784600000010000;5392445,582299999900000;10,149509943000055;48,679317828000080
47962;08;1;11;000;2018;06;14;1;3;6;4;0;0;1;1;0;0;0;0;513455,291900000010000;5402517,221599999800000;9,183138313000029;48,775512395000078
47964;08;1;11;000;2018;06;15;4;3;6;6;0;1;0;1;0;0;0;0;513717,391200000010000;5402299,759100000400000;9,186698440000043;48,773550396000076
47974;08;3;17;089;2018;06;23;6;2;1;7;2;1;1;0;0;0;0;0;427489,733200000020000;5377594,340300000300000;8,017512270000054;48,547255956000072
47978;08;1;11;000;2018;06;14;3;3;5;7;0;1;1;0;0;0;0;1;507456,670900000030000;5397472,616200000000000;9,101400648000038;48,730231990000050
47994;08;4;36;039;2018;06;17;2;3;5;3;0;1;1;0;0;0;0;0;549070,903000000050000;5287751,843799999900000;9,654561801000057;47,741272474000027
47995;08;4;35;016;2018;06;12;1;3;0;1;0;1;0;0;0;0;0;0;538212,386999999990000;5282120,426000000000000;9,509231773000067;47,691339728000059
47996;08;4;35;053;2018;06;16;7;3;0;7;0;1;0;0;0;0;1;0;507398,122900000020000;5293507,308400000400000;9,098785582000062;47,794881679000071