OBJECTID_1;ULAND;UREGBEZ;UKREIS;UGEMEINDE;UJAHR;UMONAT;USTUNDE;UWOCHENTAG;UKATEGORIE;UART;UTYP1;ULICHTVERH;IstRad;IstPKW;IstFuss;IstKrad;IstGkfz;IstSonstig;STRZUSTAND;LINREFX;LINREFY;XGCSWGS84;YGCSWGS84
47998;08;2;15;100;2018;06;16;5;3;5;3;0;1;1;0;0;0;0;0;474885,620600000020000;5453302,087899999700000;8,655032524000035;49,231983688000071
48008;08;4;26;128;2018;06;10;7;2;9;1;0;1;0;0;0;0;0;0;559159,654899999960000;5330122,071499999600000;9,794945423000058;48,121607091000044
48012;08;1;11;000;2018;06;17;6;3;5;3;0;1;1;0;0;0;0;0;511187,386899999980000;5396976,376699999900000;9,152119723000055;48,725712003000069
48016;08;1;27;043;2018;06;16;2;2;6;3;0;0;1;1;0;0;0;0;568249,449999999950000;5444888,116000000400000;9,935978764000026;49,153019001000075
48017;08;2;12;000;2018;06;17;2;3;6;7;0;0;1;1;0;0;0;0;461203,213800000030000;5422644,947499999800000;8,470043644000043;48,955506088000050
48021;08;1;18;073;2018;06;14;5;3;9;7;0;1;0;0;0;0;0;0;497573,787000000010000;5421075,330199999700000;8,966867026000045;48,942598864000047
48028;08;3;17;065;2018;06;19;3;3;0;7;0;1;0;0;0;0;0;0;411335,182099999980000;5352233,022599999800000;7,804035378000037;48,317066919000069
48033;08;3;35;043;2018;06;09;4;3;0;1;0;1;0;0;0;0;0;0;512179,242099999970000;5279256,237900000100000;9,162227948000066;47,666583907000074
48034;08;4;36;078;2018;06;06;5;3;0;3;0;1;1;0;0;0;0;0;557638,151300000030000;5290941,087799999900000;9,769254168000032;47,769256701000074
48038;08;1;19;079;2018;06;18;2;3;3;7;0;1;1;0;0;0;0;0;522710,396499999970000;5409181,803700000000000;9,309475551000048;48,835196582000037
48043;08;3;26;027;2018;06;17;6;2;5;3;0;1;1;0;0;0;0;0;461232,457400000010000;5304072,282900000000000;8,481409175000067;47,888810813000077
48046;08;3;26;017;2018;06;13;7;2;3;6;0;1;1;0;0;0;0;0;448587,398600000010000;5318186,904199999800000;8,310581146000061;48,014906118000056
48062;08;3;17;001;2018;06;09;7;3;5;3;0;1;1;0;0;0;0;0;432229,466000000010000;5386591,939100000100000;8,080257360000076;48,628720381000051
48074;08;1;19;008;2018;06;15;2;3;5;3;0;0;1;1;0;0;0;0;532502,635600000040000;5420760,169200000400000;9,443832084000064;48,938914637000039
48081;08;4;26;097;2018;06;14;3;2;6;4;0;0;1;1;0;0;0;0;535286,509899999950000;5334050,487999999900000;9,474495902000058;48,158720857000048
48082;08;3;15;020;2018;06;16;7;3;1;1;0;1;1;0;0;0;0;0;425563,125999999990000;5312614,218200000000000;8,002843678000033;47,962507625000057
48084;08;3;36;087;2018;06;11;7;3;5;2;0;1;1;0;0;0;0;0;419003,761000000000000;5300929,690000000400000;7,917185085000028;47,856600513000046
48086;08;1;11;000;2018;06;17;4;2;5;3;0;1;1;0;0;0;0;0;512319,052099999970000;5399510,046299999600000;9,167583142000069;48,748483529000055
48098;08;3;36;069;2018;06;14;5;3;3;6;0;1;1;0;0;0;0;0;408551,682299999990000;5268026,960400000200000;7,784387907000053;47,559217736000051
48101;08;4;15;092;2018;06;20;6;2;5;3;0;1;1;0;0;0;0;0;521180,405700000000000;5362742,757700000000000;9,286254050000025;48,417480856000054
48125;08;1;17;051;2018;06;17;3;3;8;1;0;1;0;0;0;0;0;1;543063,641300000020000;5394774,709699999500000;9,585310216000039;48,704519366000056
48129;08;4;35;030;2018;06;09;2;2;2;6;0;1;0;0;0;0;0;0;541967,081400000020000;5271646,892599999900000;9,558260872000062;47,596873045000052
48137;08;3;17;089;2018;06;16;6;3;6;4;0;0;1;1;0;0;0;0;431637,153899999980000;5376371,320700000000000;8,073901159000059;48,536720505000062
48141;08;1;36;050;2018;06;18;4;3;5;3;0;1;0;0;0;0;0;0;581216,564999999940000;5404033,689799999800000;10,105623648000062;48,783996964000039
48142;08;2;21;000;2018;06;10;5;3;6;4;0;1;0;1;0;0;0;0;477664,112800000000000;5473865,775700000100000;8,692045483000072;49,417061285000045
48145;08;3;27;002;2018;06;16;6;3;0;1;0;1;0;0;0;0;0;0;477393,190400000020000;5326632,366499999500000;8,696397774000047;48,092558413000063
48151;08;1;17;026;2018;06;16;2;3;4;2;0;1;1;0;0;0;0;0;547631,567999999970000;5394325,546000000100000;9,647340574000054;48,700146793000044
48154;08;3;25;015;2018;06;22;2;3;6;6;2;0;1;1;0;0;0;0;472112,894199999980000;5347348,091300000400000;8,624126266000076;48,278722397000081
48160;08;1;35;032;2018;06;15;1;2;4;6;0;1;0;0;0;0;0;0;574259,272000000000000;5391316,081000000200000;10,008637663000059;48,670476138000026
48162;08;3;15;015;2018;06;18;6;2;6;4;0;0;0;1;0;1;0;0;398653,292200000030000;5318963,874300000300000;7,640951585000039;48,015926009000054
48176;08;3;17;089;2018;06;20;2;3;5;3;0;1;1;0;0;0;0;0;431945,983000000010000;5375934,588000000500000;8,078155572000071;48,532825591000062
48189;08;4;36;013;2018;06;16;2;3;5;3;0;1;0;0;0;0;1;0;545253,796399999990000;5295070,639100000300000;9,604410668000071;47,807399077000071
48190;08;4;35;057;2018;06;17;1;3;5;3;0;1;1;0;0;0;0;0;543021,498700000000000;5279220,946100000300000;9,573030849000077;47,664950102000034
48191;08;1;27;025;2018;06;09;7;3;5;3;0;1;1;0;0;0;0;0;556603,571000000000000;5427443,673000000400000;9,773841819000040;48,997296011000060
48192;08;1;17;012;2018;06;14;2;2;0;7;0;1;0;0;0;0;0;0;544698,227300000030000;5387430,074699999800000;9,606732018000059;48,638334773000054
48201;08;3;15;094;2018;06;14;5;2;6;4;0;0;0;1;1;0;0;0;431941,724800000030000;5313452,409099999800000;8,088146934000065;47,970758075000049
48205;08;1;15;041;2018;06;17;2;3;2;6;0;0;1;1;0;0;0;1;494880,419700000030000;5403461,221500000000000;8,930306111000050;48,784129011000061
48206;08;3;35;075;2018;06;12;3;3;5;3;0;1;1;0;0;0;0;0;488605,580000000020000;5288036,764999999700000;8,847996356000067;47,745602045000055
48208;08;2;16;007;2018;06;13;6;3;3;6;0;1;0;0;0;0;0;0;436077,629399999980000;5394470,183899999600000;8,131258780000053;48,699991231000070
48223;08;1;18;046;2018;06;16;6;2;1;5;0;1;1;0;0;0;0;0;513113,053499999980000;5411895,507799999800000;9,178779936000069;48,859885439000038
48226;08;3;17;041;2018;06;07;4;3;4;6;0;1;0;0;0;0;0;0;440435,042800000000000;5348361,957600000300000;8,197048356000039;48,285655038000073
48228;08;2;11;000;2018;06;08;6;3;1;5;0;1;1;0;0;0;0;0;442976,867000000030000;5402598,521999999900000;8,223889043000042;48,773776111000075
48230;08;1;19;001;2018;06;15;7;2;5;2;0;1;1;0;0;0;0;0;550995,649899999960000;5409027,217500000300000;9,694879271000048;48,832127134000075
48244;08;1;17;006;2018;06;18;7;3;6;4;0;0;0;1;1;0;0;0;551639,138700000010000;5381630,514200000100000;9,700219050000044;48,585629723000068
48255;08;1;11;000;2018;06;06;4;3;0;3;1;1;1;0;0;0;0;1;517799,934200000020000;5404485,306200000500000;9,242357451000032;48,793107905000056
48257;08;4;37;088;2018;06;07;4;2;6;4;0;0;1;1;0;0;0;0;518152,539300000000000;5308573,101499999900000;9,243018830000040;47,930220085000030
48259;08;3;26;074;2018;06;14;2;2;3;2;0;1;1;0;0;0;0;1;465465,310999999990000;5323969,899899999600000;8,536429923000071;48,068069982000054
48266;08;3;17;040;2018;06;17;6;2;0;7;0;1;0;0;0;0;0;0;432067,888199999990000;5347614,352300000400000;8,084391111000059;48,278087132000053
48267;08;2;21;000;2018;06;18;3;3;2;1;0;1;1;0;0;0;0;0;477600,427900000010000;5472141,127000000300000;8,691264743000033;49,401545995000049
48282;08;4;36;078;2018;06;09;6;3;6;4;0;0;1;1;0;0;0;0;557399,652299999960000;5291608,327399999800000;9,766159565000066;47,775280971000029
48289;08;4;37;065;2018;06;10;1;2;0;7;0;1;0;0;0;0;0;0;518013,415099999980000;5318478,345900000100000;9,241571637000050;48,019342952000045
48290;08;4;36;095;2018;06;14;6;3;5;3;0;1;1;0;0;0;0;0;537787,157299999960000;5293866,551599999900000;9,504585549000069;47,797047464000059
48292;08;3;15;073;2018;06;18;5;3;2;6;0;1;0;0;0;0;0;0;412547,002500000000000;5313780,418200000200000;7,828277348000029;47,971352075000027
48297;08;4;35;066;2018;06;17;6;3;0;1;0;1;0;0;0;0;0;1;519709,394399999990000;5287726,536100000100000;9,262911915000075;47,742610251000031
48310;08;4;35;047;2018;06;14;2;3;2;6;0;0;1;1;0;0;0;0;513026,217400000020000;5297825,084599999700000;9,174065850000034;47,833641331000081
48318;08;3;17;065;2018;06;22;3;3;6;4;2;0;0;1;0;0;1;0;416667,117199999980000;5354658,133299999900000;7,875461349000034;48,339605915000050
48323;08;4;36;064;2018;06;16;4;2;1;3;0;1;0;0;0;1;0;0;546234,367800000010000;5292256,884800000100000;9,617206556000042;47,782014064000066
48324;08;4;36;011;2018;06;16;5;3;5;3;0;1;1;0;0;0;0;0;547806,092599999970000;5297232,677600000100000;9,638735593000035;47,826666218000071
48326;08;3;35;081;2018;06;08;1;2;3;6;0;1;0;0;1;0;0;0;489744,271100000010000;5297373,180900000000000;8,862966025000048;47,829625523000061
48328;08;1;19;093;2018;06;14;4;3;5;3;0;1;1;0;0;0;0;0;523904,159999999970000;5406251,252000000300000;9,325571955000044;48,808789256000068
48331;08;1;16;071;2018;06;00;5;3;7;7;2;1;0;0;0;0;0;0;526836,181199999990000;5390558,262799999700000;9,364482892000069;48,667497864000040
48335;08;1;27;014;2018;06;12;6;3;5;2;0;1;1;0;0;0;0;0;577361,028399999950000;5442680,212299999800000;10,060490734000041;49,132081068000048
48336;08;1;11;000;2018;06;20;3;3;6;4;0;0;1;1;0;0;0;1;516054,826200000010000;5403813,400799999900000;9,218570629000055;48,787111034000077
48339;08;3;16;053;2018;06;15;2;3;4;6;0;1;0;0;0;0;0;0;405172,305999999980000;5342649,026600000400000;7,723077604000025;48,229969204000042
48346;08;3;15;059;2018;06;10;2;3;0;1;0;1;0;0;0;0;0;0;399159,042000000020000;5322101,565999999600000;7,646993008000038;48,044228406000059
48352;08;3;27;050;2018;06;06;3;3;4;2;0;1;1;0;0;0;0;0;487442,648999999980000;5314290,923000000400000;8,831719911000050;47,981798646000072
48355;08;2;37;028;2018;06;17;4;2;6;4;0;0;1;1;0;0;0;0;456172,713800000030000;5368423,953300000200000;8,407090528000026;48,467420525000080
48357;08;1;27;073;2018;06;07;3;2;5;3;0;1;1;0;0;0;0;0;578649,252600000010000;5445770,926099999800000;10,078750210000067;49,159714769000061
48366;08;4;36;064;2018;06;13;3;3;5;2;0;1;1;0;0;0;0;0;543993,779499999950000;5292002,260099999600000;9,587271643000065;47,779880123000055
48367;08;1;27;014;2018;06;18;4;3;5;3;0;1;1;0;0;0;0;0;577619,258999999960000;5443646,267000000000000;10,064216018000025;49,140737053000066
48369;08;2;12;000;2018;06;19;2;3;6;4;0;0;1;1;0;0;0;0;455175,363000000010000;5428386,764600000300000;8,387075973000037;49,006746843000030
48378;08;3;27;038;2018;06;16;6;2;8;7;0;1;0;0;0;0;0;0;493734,592000000000000;5313177,510599999700000;8,916053851000072;47,971873614000060
48381;08;1;27;032;2018;06;17;5;2;6;4;0;0;1;1;0;0;0;0;567139,271900000050000;5455836,277300000200000;9,922585890000050;49,251610633000041
48384;08;1;18;051;2018;06;14;3;2;0;1;0;1;0;0;0;0;0;0;508902,034300000000000;5415146,792799999900000;9,121438941000065;48,889208051000026
48406;08;2;12;000;2018;06;08;2;3;5;3;0;1;1;0;0;0;0;0;456378,438700000000000;5426553,151999999800000;8,403722586000072;48,990339468000059
48427;08;1;15;028;2018;06;13;4;3;1;5;0;1;1;0;0;0;0;0;500870,515599999980000;5405293,822499999800000;9,011854394000068;48,800635445000069
48431;08;1;19;020;2018;06;12;7;3;0;7;0;1;0;0;0;0;0;0;519767,759399999980000;5405829,888299999800000;9,269215073000055;48,805144091000045
48442;08;2;35;080;2018;06;14;6;3;0;7;0;1;0;0;0;0;1;1;481494,696999999990000;5385683,724999999600000;8,748881615000073;48,623948534000078
48444;08;1;15;002;2018;06;16;3;3;0;7;0;1;0;0;0;0;0;0;499511,310899999980000;5386242,899799999800000;8,993367759000023;48,629252551000036
48445;08;4;35;052;2018;06;08;3;2;6;2;0;0;1;1;0;0;0;0;521857,216000000010000;5291768,092000000200000;9,291765496000039;47,778904729000033
48450;08;1;11;000;2018;06;12;7;3;6;7;0;0;1;1;0;0;0;0;513211,745500000020000;5402307,203200000300000;9,179816702000039;48,773628305000045
48452;08;2;35;046;2018;06;13;4;3;6;4;0;0;1;1;0;0;0;0;479787,956000000010000;5378843,647900000200000;8,726054134000037;48,562361336000038
48465;08;1;19;041;2018;06;08;3;3;5;2;0;1;1;0;0;0;0;0;526543,868699999990000;5409979,070000000300000;9,361765076000040;48,842216482000026
48470;08;1;16;049;2018;06;07;2;2;1;1;0;1;1;0;0;0;0;0;526140,126300000000000;5385663,190600000300000;9,354720462000046;48,623491318000049
48474;08;4;15;059;2018;06;09;5;3;0;7;0;1;0;0;0;0;0;0;516746,464600000010000;5370068,952700000300000;9,226622795000026;48,483523767000065
48478;08;2;25;009;2018;06;19;4;3;6;4;1;0;1;1;0;0;0;0;515950,180999999980000;5466635,000699999700000;9,219622766000043;49,352221790000044
48481;08;1;16;004;2018;06;16;2;3;5;3;0;1;1;0;0;0;0;0;527951,570700000040000;5396652,787499999600000;9,380043958000044;48,722274655000035
48486;08;1;26;072;2018;06;09;6;3;6;4;0;0;1;1;0;0;0;0;540321,893300000000000;5466001,992700000300000;9,555128467000031;49,345403457000032
48490;08;1;19;067;2018;06;16;3;2;5;3;0;1;1;0;0;0;0;0;539727,850899999960000;5405978,103299999600000;9,541054357000064;48,805522011000050
48492;08;4;36;009;2018;06;08;4;3;6;4;0;0;1;1;0;0;0;0;556435,918999999990000;5307563,615000000200000;9,755378469000050;47,918910204000042
48494;08;1;15;045;2018;06;09;6;2;5;3;0;1;0;0;0;0;0;0;500611,725600000010000;5396581,990299999700000;9,008317327000043;48,722264193000058
48495;08;1;11;000;2018;06;10;2;1;6;4;0;0;0;1;0;0;1;0;507353,120600000020000;5405655,044900000100000;9,100138756000035;48,803842088000067
48496;08;4;35;057;2018;06;17;3;3;5;3;0;1;1;0;0;0;0;0;547416,457399999960000;5276030,873599999600000;9,631220666000047;47,635941126000034
48498;08;3;35;043;2018;06;17;5;3;5;3;0;1;1;0;0;0;0;0;513185,026000000010000;5279636,184000000400000;9,175636432000033;47,669982812000057
48500;08;4;35;016;2018;06;15;1;3;3;2;0;1;1;0;0;0;0;0;536945,192700000010000;5278319,886300000400000;9,492023796000069;47,657218573000080
48507;08;1;16;077;2018;06;11;3;3;0;1;0;1;0;0;0;0;0;0;517563,206300000020000;5391648,319199999800000;9,238587197000072;48,677633702000037
48508;08;4;25;062;2018;06;15;1;3;5;3;0;1;0;0;0;0;1;0;572327,417999999950000;5375987,208999999800000;9,979731535000042;48,532820890000039
48519;08;2;36;072;2018;06;16;3;3;5;3;0;1;1;0;0;0;0;0;466385,229999999980000;5410436,264000000400000;8,541831326000022;48,845986549000031
48521;08;2;12;000;2018;06;07;4;3;5;3;0;1;1;0;0;0;0;0;454545,977200000020000;5432186,655199999900000;8,378044574000057;49,040881011000067
48523;08;3;35;002;2018;06;16;1;3;3;6;0;1;0;0;0;0;0;0;507753,804400000020000;5283604,397400000100000;9,103358343000025;47,705775400000050
48528;08;2;37;002;2018;06;01;1;1;6;4;2;0;1;1;0;0;0;0;455268,709800000010000;5354275,864699999800000;8,396369538000045;48,340079946000060
48531;08;1;19;087;2018;06;17;7;2;5;2;0;1;1;0;0;0;0;0;530093,052099999970000;5422694,377100000200000;9,411072405000027;48,956435651000049
48532;08;1;11;000;2018;06;14;3;3;0;3;0;1;0;0;0;0;1;0;516703,893999999970000;5406986,408099999700000;9,227536053000051;48,815637859000049
48535;08;2;21;000;2018;06;10;5;3;5;2;0;1;1;0;0;0;0;0;476059,530000000030000;5472991,288999999900000;8,669975520000037;49,409134402000063
48537;08;3;17;096;2018;06;16;1;3;5;3;0;1;1;0;0;0;0;0;422119,609500000020000;5370329,953099999600000;7,946117631000050;48,481269999000062
48540;08;4;15;061;2018;06;16;4;2;6;4;0;0;1;1;0;0;0;0;514509,449000000020000;5369713,700000000200000;9,196338078000053;48,480383401000040
48542;08;3;17;034;2018;06;16;1;3;5;3;0;1;1;0;0;0;0;0;427788,957899999980000;5358841,991000000400000;8,024802998000041;48,378610282000068
48548;08;4;35;016;2018;06;07;4;3;5;3;0;1;1;0;0;0;0;0;535281,905999999960000;5279435,036999999500000;9,469963527000061;47,667344900000046
48550;08;2;12;000;2018;06;11;6;3;4;6;0;1;0;0;0;0;0;0;452583,266999999990000;5429226,771999999900000;8,351536307000060;49,014109017000067
48556;08;3;35;075;2018;06;17;3;3;5;3;0;1;1;0;0;0;0;0;490709,835299999980000;5292414,854500000400000;8,875973825000074;47,785027807000063
48559;08;2;12;000;2018;06;11;4;3;5;3;0;1;1;0;0;0;0;0;454793,403999999980000;5428255,605000000400000;8,381868055000041;49,005539191000025
48566;08;3;35;043;2018;06;07;4;3;0;1;0;1;0;0;0;0;0;0;513676,166900000010000;5280169,156200000100000;9,182195529000069;47,674768112000038
48573;08;2;26;063;2018;06;10;1;3;5;3;0;1;1;0;0;0;0;0;471753,705299999970000;5472654,680499999800000;8,610644086000036;49,405922044000079
48574;08;3;36;091;2018;06;18;5;3;5;3;0;1;1;0;0;0;0;0;394256,875000000000000;5271674,006000000100000;7,593545313000050;47,589852438000037
48575;08;3;16;012;2018;06;16;3;2;4;1;0;1;1;0;0;0;0;0;400199,801600000010000;5329738,654099999900000;7,659169091000024;48,113084534000052
48579;08;3;17;100;2018;06;16;3;3;6;6;0;1;0;1;0;0;0;0;423179,998000000020000;5366271,745000000100000;7,961209623000059;48,444896990000075
48580;08;2;12;000;2018;06;08;6;3;6;1;0;1;0;1;0;0;0;0;460574,719500000010000;5436487,039599999800000;8,460113956000043;49,079978576000030
48586;08;2;16;033;2018;06;13;1;3;0;7;0;1;0;0;0;0;0;0;447929,020200000030000;5413715,743499999900000;8,289872940000066;48,874211909000053
48587;08;1;18;048;2018;06;07;3;3;2;6;0;1;0;0;0;0;0;0;514897,861600000000000;5414925,537600000400000;9,203223763000040;48,887102557000048
48593;08;3;17;001;2018;06;17;1;1;5;3;0;1;1;0;0;0;0;0;433001,889000000020000;5383419,116999999600000;8,091251239000030;48,600263797000025
48600;08;1;16;042;2018;06;12;5;3;6;1;0;0;1;1;0;0;0;0;517417,101499999990000;5382306,305599999600000;9,236209792000068;48,593596000000048
48611;08;4;16;041;2018;06;15;2;3;4;2;0;1;1;0;0;0;0;0;504994,045999999970000;5370909,683000000200000;9,067592605000073;48,491290580000054
48618;08;2;31;000;2018;06;08;5;2;3;6;0;1;1;0;0;0;0;0;478026,471000000020000;5411559,409000000000000;8,700438083000051;48,856611406000070
48622;08;4;35;057;2018;06;15;4;3;5;3;0;1;1;0;0;0;0;0;544047,694999999950000;5280760,394000000300000;9,586853949000044;47,678731794000043
48623;08;4;36;055;2018;06;20;7;3;0;7;1;1;0;0;0;0;0;0;580454,574799999940000;5295903,923499999600000;10,074640898000041;47,811457469000061
48633;08;1;16;058;2018;06;21;4;3;4;2;0;1;1;0;0;0;0;0;534696,715800000010000;5395207,942900000100000;9,471629986000039;48,708938213000067
48635;08;4;26;113;2018;06;09;7;3;5;3;0;1;1;0;0;0;0;0;568957,525700000000000;5320412,629900000100000;9,925018542000032;48,033276029000035
48636;08;1;15;028;2018;06;12;6;2;0;7;0;1;0;0;0;0;0;0;501203,574000000020000;5405108,909000000000000;9,016389331000028;48,798971420000044
48642;08;2;15;101;2018;06;16;3;3;5;3;0;1;1;0;0;0;0;1;465478,303499999980000;5428099,770100000300000;8,527975177000030;49,004827577000071
48644;08;1;36;089;2018;06;16;4;2;5;3;0;1;1;0;0;0;0;0;583009,643000000040000;5418348,708499999700000;10,132929610000076;48,912510938000025
48645;08;4;26;021;2018;06;05;4;2;4;6;0;1;0;0;0;0;0;0;559490,679600000030000;5328231,909900000300000;9,799129337000068;48,104572095000037
48657;08;3;36;091;2018;06;12;7;3;6;4;0;0;1;1;0;0;0;0;395823,676900000020000;5274451,767599999900000;7,613718423000023;47,615092490000052
48660;08;1;27;076;2018;06;17;3;3;4;6;0;1;0;0;0;0;1;0;553006,611999999960000;5438988,858900000300000;9,726182008000023;49,101462165000044
48661;08;4;15;061;2018;06;17;6;2;3;2;0;1;1;0;0;0;0;0;514282,665199999990000;5371390,738800000400000;9,193326654000032;48,495475854000063
48674;08;1;27;076;2018;06;11;4;3;2;2;0;1;1;0;0;0;0;0;556277,884300000030000;5438769,482800000300000;9,770963213000073;49,099198356000045
48678;08;2;22;000;2018;06;08;6;3;6;4;0;0;1;1;0;0;0;0;463914,755599999970000;5481998,199500000100000;8,501742339000032;49,489548710000065
48684;08;3;17;026;2018;06;13;3;3;5;2;0;1;1;0;0;0;0;0;412263,603200000010000;5345310,170800000400000;7,817993603000048;48,254926648000037
48687;08;1;16;019;2018;06;14;3;3;6;6;0;1;0;1;0;0;0;0;522747,360200000000000;5398509,409699999700000;9,309388484000067;48,739188307000063
48688;08;2;26;096;2018;06;18;4;3;1;5;0;1;1;0;0;0;0;0;477702,516599999970000;5487709,443799999500000;8,691794485000060;49,541582838000068
48694;08;3;17;145;2018;06;17;4;3;3;6;0;1;1;0;0;0;0;0;441691,744000000010000;5347939,282499999700000;8,214045692000070;48,281969723000032
48698;08;3;11;000;2018;06;16;7;3;6;6;0;1;0;1;0;0;0;0;412848,156299999970000;5315337,948200000500000;7,831995421000045;47,985403689000066
48706;08;4;35;016;2018;06;15;3;3;0;6;0;1;0;0;0;0;0;0;536808,962000000060000;5281435,206000000200000;9,490472152000052;47,685256039000080
48710;08;3;15;111;2018;06;16;3;1;4;6;0;1;1;0;0;0;0;0;401629,569000000020000;5299764,503399999800000;7,685237259000076;47,843694421000066
48711;08;2;31;000;2018;06;18;7;3;4;6;0;1;1;0;0;0;0;0;479035,730300000000000;5414221,248300000100000;8,714060579000034;48,880591467000045
48718;08;3;15;132;2018;06;16;4;3;4;2;0;1;1;0;0;0;0;0;409034,170999999970000;5323723,852000000000000;7,779112159000022;48,060304746000043
48719;08;3;17;150;2018;06;10;2;3;0;7;0;1;0;0;0;0;0;0;407969,558599999990000;5359791,919999999900000;7,756996021000020;48,384574616000066
48720;08;2;36;040;2018;06;09;7;3;8;1;0;1;0;0;0;0;0;0;487984,094300000000000;5421748,505599999800000;8,835888256000033;48,948542568000050
48730;08;3;36;105;2018;06;07;4;3;6;7;0;0;1;1;0;0;0;0;401625,764399999990000;5267027,570299999800000;7,692569979000041;47,549215094000033
48735;08;1;15;021;2018;06;11;5;3;4;6;0;1;0;0;0;0;0;0;489712,190500000030000;5382838,272199999500000;8,860463701000072;48,598539421000055
48742;08;1;16;077;2018;06;15;6;3;5;3;0;1;1;0;0;0;0;0;513944,614000000000000;5391714,586000000100000;9,189433019000035;48,678321159000063
48746;08;2;16;043;2018;06;00;7;2;0;7;2;1;0;0;0;0;0;0;441809,348500000020000;5414407,276600000400000;8,206324376000055;48,879888068000071
48749;08;1;35;019;2018;06;17;3;2;5;3;0;1;1;0;0;0;0;0;593250,594999999970000;5400433,303899999700000;10,268590945000028;48,749928227000055
48758;08;3;36;045;2018;06;08;3;2;5;3;0;1;1;0;0;0;0;0;395668,595099999980000;5285060,792299999900000;7,609122359000025;47,710496441000032
48767;08;4;36;064;2018;06;18;3;2;5;3;0;1;1;0;0;0;0;0;538667,030200000040000;5289008,850800000100000;9,515901816000053;47,753289629000051
48771;08;2;15;102;2018;06;08;4;2;5;3;0;1;1;0;0;0;0;0;457163,910399999990000;5438021,644999999600000;8,413246495000067;49,093554462000043
48774;08;4;35;016;2018;06;09;6;3;6;6;0;1;0;1;0;0;0;0;536028,753900000010000;5279341,085500000000000;9,479903616000058;47,666458403000036
48775;08;1;36;088;2018;06;09;7;2;6;4;0;0;1;1;0;0;0;0;576784,342399999960000;5415192,522300000300000;10,047387773000025;48,884926621000034
48778;08;3;35;075;2018;06;13;4;3;0;1;0;1;0;0;0;0;0;0;490312,152999999990000;5289901,122999999700000;8,870720744000039;47,762404596000067
48780;08;2;12;000;2018;06;07;6;3;5;1;0;1;1;0;0;0;0;0;455963,106299999980000;5428244,204400000200000;8,397862267000051;49,005521212000076
48781;08;2;25;091;2018;06;05;7;2;6;6;2;0;0;1;0;1;0;0;526860,122300000050000;5476516,620400000400000;9,370510369000044;49,440722048000055
48782;08;4;37;086;2018;06;17;3;3;5;7;0;1;0;0;1;0;0;0;527324,385800000050000;5313568,318400000200000;9,366122958000062;47,974836981000067
48784;08;3;37;125;2018;06;18;5;3;0;1;0;1;0;0;0;0;0;0;447991,187800000010000;5270600,316999999800000;8,308293659000071;47,586728998000069
48786;08;1;27;099;2018;06;20;7;3;6;4;0;1;0;1;0;0;0;0;561779,760600000040000;5446466,678100000100000;9,847505857000044;49,167902252000033
48803;08;1;21;000;2018;06;11;7;3;5;3;0;1;1;0;0;0;0;0;513770,563299999980000;5440772,194299999600000;9,188722735000056;49,119633851000060
48804;08;4;26;108;2018;06;11;3;3;0;7;0;1;0;0;0;0;0;0;571573,436400000010000;5339755,053100000100000;9,963352141000030;48,206987365000032
48809;08;2;16;043;2018;06;07;4;3;8;7;0;1;0;0;0;0;0;0;443444,356600000000000;5409719,080900000400000;8,229270235000058;48,837868969000056
48820;08;3;17;021;2018;06;20;4;2;9;1;0;1;0;0;0;0;0;0;427688,448199999980000;5371650,487200000300000;8,021235051000076;48,493813625000030
48826;08;3;26;060;2018;06;15;5;3;6;2;0;0;1;1;0;0;0;0;442833,130599999970000;5331077,753899999900000;8,231701454000074;48,130386671000053
48827;08;2;25;067;2018;06;16;3;3;5;3;0;1;1;0;0;0;0;0;509618,799699999970000;5462858,470599999700000;9,132353311000031;49,318384405000074
48831;08;1;11;000;2018;06;15;7;3;5;3;0;1;1;0;0;0;0;0;515731,851000000020000;5405405,847000000100000;9,214234659000056;48,801444737000054
48833;08;4;35;024;2018;06;23;6;3;6;6;2;0;1;1;0;0;0;0;525953,368600000050000;5279801,225700000300000;9,345729663000043;47,671081367000056
48834;08;1;11;000;2018;06;07;4;3;5;2;0;1;0;0;0;0;1;0;516572,398999999980000;5407318,766599999700000;9,225758302000031;48,818631223000068
48835;08;4;35;035;2018;06;15;6;3;5;3;0;1;1;0;0;0;0;0;540349,073699999950000;5280151,872399999800000;9,537522778000039;47,673498185000028
48842;08;2;21;000;2018;06;09;5;3;3;2;0;1;1;0;0;0;0;0;476562,625100000000000;5472662,206100000100000;8,676930100000050;49,406193941000026
48849;08;1;17;026;2018;06;08;3;2;0;1;0;1;0;0;0;0;0;0;545099,873000000020000;5395869,663999999900000;9,613104205000070;48,714225175000081
48862;08;4;26;021;2018;06;10;5;3;0;2;0;1;0;0;0;0;1;0;559696,848000000000000;5325870,656000000400000;9,801568247000034;48,083310593000078
48863;08;3;37;060;2018;06;15;2;2;6;2;0;0;1;1;0;0;0;0;467320,469099999990000;5277253,669900000100000;8,564862770000048;47,647854867000035
48867;08;1;36;028;2018;06;07;2;3;5;3;0;1;1;0;0;0;0;0;567017,909899999970000;5405136,460900000300000;9,912541601000044;48,795608150000078
48868;08;3;17;116;2018;06;12;4;3;5;3;0;1;1;0;0;0;0;0;433692,037100000020000;5387395,446600000400000;8,099975401000052;48,636104783000064
48871;08;2;12;000;2018;06;12;6;3;5;3;0;1;1;0;0;0;0;0;458904,054699999980000;5428162,532599999600000;8,438081445000023;49,004989399000067