OBJECTID_1;ULAND;UREGBEZ;UKREIS;UGEMEINDE;UJAHR;UMONAT;USTUNDE;UWOCHENTAG;UKATEGORIE;UART;UTYP1;ULICHTVERH;IstRad;IstPKW;IstFuss;IstKrad;IstGkfz;IstSonstig;STRZUSTAND;LINREFX;LINREFY;XGCSWGS84;YGCSWGS84
48880;08;3;36;084;2018;06;11;7;3;0;1;0;1;0;0;0;0;0;0;400983,855700000010000;5285196,507899999600000;7,679931145000069;47,712554124000064
48886;08;2;31;000;2018;06;09;7;3;6;7;0;0;1;1;0;0;0;0;480891,498700000000000;5418843,817599999700000;8,739155499000049;48,922234597000056
48887;08;2;12;000;2018;06;09;3;2;0;1;0;1;0;0;0;0;0;0;463653,687600000000000;5424412,922500000300000;8,503357370000060;48,971558534000053
48890;08;1;15;044;2018;06;22;5;3;0;1;2;1;0;0;0;0;0;1;504115,016699999980000;5389987,046600000000000;9,055884112000058;48,662922174000073
48892;08;4;36;064;2018;06;07;6;3;5;2;0;1;1;0;0;0;0;0;545416,771799999990000;5292208,480499999600000;9,606287616000031;47,781636737000042
48894;08;2;15;110;2018;06;18;4;2;5;3;0;1;1;0;0;0;0;0;461922,009100000020000;5420489,810899999900000;8,480063265000069;48,936164610000048
48898;08;1;16;008;2018;06;20;2;3;0;1;1;1;0;0;0;0;0;0;520109,221499999990000;5379774,365000000200000;9,272597264000069;48,570737556000040
48901;08;3;35;079;2018;06;19;2;3;5;2;0;1;1;0;0;0;0;0;500645,700000000010000;5299493,913999999900000;9,008630827000047;47,848788152000054
48904;08;3;35;022;2018;06;06;2;2;2;7;0;1;1;0;0;0;0;0;480881,864999999990000;5296401,571000000500000;8,744593034000047;47,820681169000068
48906;08;2;26;085;2018;07;19;1;3;6;6;0;0;0;1;1;0;0;0;489061,123599999990000;5454901,477199999600000;8,849700369000061;49,246787884000071
48907;08;2;15;007;2018;06;21;7;2;0;1;0;1;0;0;0;0;0;0;478365,449000000020000;5430797,792000000400000;8,704037677000031;49,029683847000058
48909;08;4;36;087;2018;06;07;2;3;4;1;0;1;1;0;0;0;0;0;547061,387899999970000;5302805,011900000300000;9,629392594000024;47,876854754000078
48912;08;4;25;137;2018;06;18;6;2;3;6;0;1;1;0;0;0;0;0;573528,070199999960000;5354324,073200000500000;9,992190929000060;48,337818256000048
48913;08;3;35;035;2018;06;15;2;3;8;7;0;1;0;0;0;0;0;0;483360,891000000000000;5290186,085900000300000;8,777949444000058;47,764826582000069
48915;08;1;11;000;2018;07;01;1;3;5;3;2;1;1;0;0;0;0;0;514201,328099999980000;5406032,680599999600000;9,193413976000045;48,807120504000068
48927;08;2;15;102;2018;07;09;1;3;5;3;0;1;1;0;0;0;0;0;455903,581899999990000;5437141,879200000300000;8,396079946000043;49,085551953000049
48928;08;4;35;016;2018;06;07;6;3;5;3;0;1;1;0;0;0;0;0;530726,570700000040000;5279709,721599999800000;9,409306397000023;47,670048856000051
48931;08;4;36;008;2018;06;14;7;3;0;3;0;1;1;0;0;0;0;0;550392,030000000030000;5313211,366999999600000;9,675150290000033;47,970224645000030
48936;08;2;12;000;2018;06;22;2;3;5;2;2;1;1;0;0;0;0;0;452783,081300000020000;5429376,604600000200000;8,354251321000049;49,015472088000081
48944;08;3;35;043;2018;06;21;3;3;0;1;2;1;0;0;0;0;0;0;513777,997700000010000;5279894,391499999900000;9,183543454000073;47,672293712000055
48948;08;2;12;000;2018;06;16;3;3;5;3;0;1;1;0;0;0;0;0;457884,293000000010000;5428006,503999999700000;8,424154815000065;49,003517152000029
48950;08;2;36;019;2018;06;19;2;3;5;3;0;1;1;0;0;0;0;0;487761,124000000010000;5409187,748999999800000;8,833219230000054;48,835544800000037
48968;08;3;36;105;2018;06;16;6;3;0;1;0;1;0;0;0;0;0;0;397841,754900000000000;5268153,516200000400000;7,642031689000021;47,558759142000042
48974;08;4;36;039;2018;06;16;5;3;0;1;0;1;0;0;0;0;0;0;548939,381000000050000;5287952,956600000200000;9,652830156000050;47,743091880000065
48977;08;1;15;044;2018;06;09;7;2;6;4;0;0;1;1;0;0;0;0;504646,723200000010000;5389235,058400000400000;9,063096521000034;48,656153450000033
48978;08;2;21;000;2018;06;19;2;3;0;7;0;1;1;0;0;0;0;0;477535,136200000010000;5470222,170500000000000;8,690473312000052;49,384282825000071
48979;08;2;21;000;2018;06;11;2;3;5;2;0;1;1;0;0;0;0;0;476469,590800000010000;5471880,098700000000000;8,675694035000049;49,399155419000067
48983;08;2;31;000;2018;06;13;6;3;6;4;0;0;1;1;0;0;0;0;478931,023800000020000;5416904,484100000000000;8,712494096000057;48,904725425000038
48984;08;2;16;043;2018;06;14;2;3;6;4;0;0;1;1;0;0;0;0;441914,086300000020000;5412001,773000000000000;8,208094320000043;48,858260480000069
48985;08;1;18;048;2018;06;16;4;3;3;3;0;1;1;0;0;0;0;0;514183,382999999970000;5416567,440899999800000;9,193534528000043;48,901889441000037
48990;08;2;25;058;2018;06;10;5;2;5;1;0;1;1;0;0;0;0;0;509785,618800000000000;5466013,081199999900000;9,134726131000036;49,346757700000069
48993;08;3;37;126;2018;06;08;5;2;5;2;0;1;0;0;0;1;0;0;446134,328900000020000;5275932,493099999600000;8,282944293000071;47,634551524000074
48997;08;4;35;016;2018;06;11;6;2;5;3;0;1;1;0;0;0;0;0;536163,140800000050000;5279052,449300000400000;9,481669695000051;47,663853928000037
49000;08;1;15;001;2018;07;12;1;3;0;3;0;1;1;0;0;0;0;0;489244,634499999990000;5391600,716599999900000;8,853894672000024;48,677359873000057
49001;08;3;17;001;2018;06;17;2;2;5;3;0;1;0;0;1;0;0;0;430444,983000000010000;5386456,220999999900000;8,056065539000031;48,627303673000029
49002;08;2;26;037;2018;06;22;6;1;5;3;2;1;1;0;0;0;0;0;467499,825599999980000;5469401,656100000300000;8,552275024000039;49,376449661000038
49005;08;1;35;019;2018;06;10;2;3;5;3;0;1;1;0;0;0;0;0;585414,236099999980000;5390166,822599999600000;10,159884092000027;48,658713271000067
49006;08;3;15;059;2018;06;10;4;3;0;1;0;1;0;0;0;0;1;0;399906,481900000010000;5320763,872899999800000;7,657331442000043;48,032313968000039
49008;08;1;35;016;2018;06;13;2;3;5;2;0;1;1;0;0;0;0;0;590930,603499999970000;5385885,061800000300000;10,233836416000031;48,619424168000080
49018;08;2;15;046;2018;06;11;4;3;0;1;0;1;0;0;0;0;0;0;451100,212999999990000;5414733,976400000000000;8,332995694000033;48,883629332000055
49023;08;1;27;025;2018;06;09;7;3;6;4;0;0;1;1;0;0;0;0;556470,951200000010000;5427588,350399999900000;9,772049026000047;48,998609501000033
49024;08;2;12;000;2018;06;06;6;3;0;7;0;1;0;0;0;0;0;0;452693,320400000030000;5429177,847799999600000;8,353046982000024;49,013677390000055
49028;08;4;37;104;2018;06;18;3;3;8;1;0;1;0;0;0;0;0;0;517726,114699999980000;5326639,854199999900000;9,238057032000029;48,092780254000047
49041;08;4;35;066;2018;06;13;4;3;3;6;0;1;0;0;0;0;1;0;518944,480800000020000;5286945,845700000400000;9,252674525000032;47,735608902000081
49046;08;4;36;082;2018;06;15;7;3;4;2;0;1;1;0;0;0;0;0;547698,418399999970000;5294997,027300000200000;9,637050960000067;47,806560248000039
49048;08;1;18;048;2018;06;18;2;3;6;4;0;0;1;1;0;0;0;0;514251,104899999980000;5415203,834499999900000;9,194411026000068;48,889621254000076
49052;08;3;17;098;2018;06;10;7;3;0;7;0;1;0;0;0;0;0;0;437551,713500000010000;5363990,196300000000000;8,155865223000035;48,425963323000076
49060;08;3;35;043;2018;06;19;4;3;5;3;0;1;1;0;0;0;0;0;512784,881999999980000;5279771,122499999600000;9,170310128000040;47,671204979000038
49062;08;1;17;024;2018;06;23;2;3;0;7;2;1;1;0;0;0;0;0;562211,234300000010000;5385905,824799999600000;9,844201001000045;48,623126377000062
49066;08;1;18;014;2018;06;07;4;3;0;1;0;1;0;0;0;0;0;0;521853,716699999990000;5421528,278099999800000;9,298462047000044;48,946292086000028
49067;08;3;36;091;2018;06;04;7;3;0;1;1;1;0;0;0;0;0;0;395124,306999999970000;5271857,125900000300000;7,605035423000061;47,591640496000025
49072;08;1;15;003;2018;06;07;2;3;5;3;0;1;1;0;0;0;0;0;498282,149700000010000;5391281,546099999900000;8,976665299000047;48,674578860000054
49075;08;1;35;016;2018;06;17;6;3;6;7;0;0;0;1;1;0;0;0;590893,081499999970000;5385810,543600000400000;10,233311074000028;48,618759395000041
49091;08;2;31;000;2018;06;23;6;2;4;2;2;1;1;0;0;0;0;0;477797,386699999970000;5416100,165300000500000;8,697068507000040;48,897450456000058
49097;08;2;16;043;2018;06;16;5;3;5;3;0;1;1;0;0;0;0;0;442428,961000000010000;5412421,305100000500000;8,215054086000066;48,862082162000036
49121;08;1;16;070;2018;06;15;6;2;5;3;0;1;1;0;0;0;0;0;539286,366999999970000;5384684,906000000400000;9,533015052000053;48,614003276000062
49134;08;3;17;057;2018;06;20;1;2;5;3;0;1;1;0;0;0;0;0;416931,572300000000000;5382381,180499999800000;7,873524001000021;48,589001921000033
49136;08;1;11;000;2018;07;12;1;3;6;7;0;1;0;1;0;0;0;0;515731,272999999990000;5399011,134399999900000;9,213982185000077;48,743918492000034
49137;08;3;15;074;2018;06;11;1;3;0;7;0;1;0;0;0;0;0;0;400889,131999999980000;5294518,325000000200000;7,676543808000076;47,796390961000043
49139;08;3;36;105;2018;06;17;1;3;6;6;0;0;1;1;0;0;0;0;403397,465000000030000;5266608,920199999600000;7,716202366000061;47,545715041000051
49153;08;4;35;057;2018;06;13;7;3;0;1;0;1;0;0;0;0;0;0;544103,622199999980000;5279713,061200000300000;9,587493256000073;47,669304890000035
49163;08;1;18;079;2018;06;07;5;3;5;3;0;1;1;0;0;0;0;0;509432,807800000010000;5421488,911999999500000;9,128826209000067;48,946252145000074
49168;08;3;17;100;2018;06;23;7;3;0;7;2;1;0;0;0;0;0;0;422952,878499999990000;5366074,225599999500000;7,958175292000021;48,443092542000045
49170;08;1;11;000;2018;06;11;6;3;5;2;0;1;1;0;0;0;0;0;515960,764499999990000;5398824,135400000000000;9,217096539000067;48,742230419000066
49172;08;1;21;000;2018;06;18;5;3;6;4;0;0;1;1;0;0;0;0;515793,113599999980000;5442065,241999999600000;9,216491806000022;49,131216638000069
49175;08;3;37;062;2018;06;15;4;3;3;6;0;1;1;0;0;0;0;0;456469,423000000010000;5278898,045599999800000;8,420220938000057;47,662010819000045
49182;08;1;27;014;2018;06;18;6;3;2;1;0;1;1;0;0;0;0;0;577988,186699999960000;5443544,691999999800000;10,069253706000040;49,139776776000076
49191;08;1;16;072;2018;06;09;5;2;0;7;0;1;0;0;0;0;0;0;530509,649899999960000;5393456,267099999800000;9,414587723000068;48,693399310000075
49201;08;1;15;013;2018;06;15;7;3;0;1;0;1;0;0;0;0;0;0;493503,159199999990000;5391732,580500000200000;8,911742064000066;48,678604977000077
49203;08;1;19;053;2018;06;13;1;3;5;2;0;1;1;0;0;0;0;0;533450,957100000000000;5429944,610700000100000;9,457536854000068;49,021481450000067
49206;08;1;19;083;2018;06;19;1;2;0;1;0;1;0;0;0;0;0;0;534277,148799999970000;5419461,626100000000000;9,467953520000037;48,927137915000060
49211;08;3;35;063;2018;06;17;7;3;0;1;0;1;0;0;0;0;0;0;500634,589199999990000;5287807,848100000100000;9,008465217000037;47,743642691000048
49215;08;1;19;068;2018;06;03;3;3;0;1;2;1;0;0;0;0;0;0;527957,702900000030000;5414230,062199999600000;9,381324110000037;48,880394783000042
49236;08;1;16;015;2018;06;19;4;3;5;3;0;1;1;0;0;0;0;0;522805,892999999980000;5394354,003999999700000;9,309954813000047;48,701804457000037
49238;08;4;35;053;2018;06;14;7;3;3;6;0;1;1;0;0;0;0;0;507821,760799999990000;5293368,590800000400000;9,104439819000049;47,793628561000048
49242;08;4;36;012;2018;06;07;5;2;5;3;0;1;1;0;0;0;0;0;547862,366999999970000;5298645,627600000200000;9,639643633000048;47,839374186000043
49249;08;1;11;000;2018;07;23;1;3;3;7;2;1;0;0;1;0;0;0;512697,592000000000000;5402031,058500000300000;9,172810393000077;48,771154831000047
49254;08;3;36;105;2018;06;07;3;3;4;6;0;1;0;0;0;0;0;0;400422,458999999970000;5267294,182000000000000;7,676521587000025;47,551429999000050
49256;08;3;37;096;2018;06;07;3;2;6;4;0;0;1;1;0;0;0;0;420002,922499999990000;5267251,744500000000000;7,936720103000027;47,553755837000040
49272;08;3;17;034;2018;06;12;4;3;0;7;0;1;0;0;0;0;0;0;428323,544999999980000;5360485,851099999600000;8,031740951000074;48,393458252000073
49284;08;3;17;026;2018;06;08;3;2;5;3;0;1;1;0;0;0;0;0;412134,834600000000000;5344935,029799999700000;7,816337078000061;48,251534461000062
49297;08;3;17;001;2018;06;19;5;1;8;6;0;1;0;0;0;1;0;0;428644,316999999980000;5384258,474999999600000;8,032010264000064;48,607332246000055
49299;08;2;12;000;2018;06;07;7;2;5;2;0;1;1;0;0;0;0;0;455242,740400000010000;5429268,627399999600000;8,387899988000072;49,014684165000062
49300;08;2;12;000;2018;06;15;3;3;6;6;0;1;0;1;0;0;0;0;455985,878099999970000;5429363,425499999900000;8,398052260000043;49,015590345000078
49304;08;3;17;089;2018;06;14;7;2;0;7;0;1;0;0;0;0;0;0;431589,186999999980000;5375912,613099999700000;8,073326757000075;48,532589125000072
49306;08;4;15;061;2018;06;14;3;3;5;3;0;1;1;0;0;0;0;0;515006,021200000020000;5371001,999900000200000;9,203103793000025;48,491961761000027
49327;08;1;11;000;2018;06;09;5;3;5;2;0;1;1;0;0;0;0;0;516647,815999999990000;5405819,193099999800000;9,226724833000048;48,805139281000038
49328;08;2;15;103;2018;07;15;1;2;5;3;0;1;1;0;0;0;0;0;464771,410800000010000;5443192,166899999600000;8,516995638000026;49,140546512000071
49334;08;1;15;045;2018;06;16;5;3;5;3;0;1;1;0;0;0;0;0;500494,640100000020000;5394530,399500000300000;9,006722915000069;48,703808050000077
49335;08;1;36;028;2018;06;21;6;3;0;4;1;1;0;1;0;0;0;0;568616,878099999970000;5404850,956199999900000;9,934263088000023;48,792865697000082
49337;08;2;26;054;2018;06;20;7;3;5;3;0;1;1;0;0;0;0;0;478278,978500000030000;5453844,304899999900000;8,701613105000035;49,236990783000067
49342;08;2;15;017;2018;06;23;7;3;7;7;2;1;0;0;0;0;0;0;457459,065000000000000;5422292,300599999700000;8,418938794000042;48,952087658000039
49343;08;1;16;078;2018;06;15;4;3;6;4;0;0;1;1;0;0;0;0;512143,799300000010000;5392331,993800000300000;9,164987793000023;48,683913037000082
49347;08;1;15;015;2018;06;13;7;2;5;3;0;1;1;0;0;0;0;0;490957,437099999980000;5390623,997499999600000;8,877183387000059;48,668600360000028
49348;08;2;11;000;2018;06;12;7;3;8;7;0;1;0;0;0;0;0;0;440585,417100000020000;5403869,816999999800000;8,191159911000057;48,784987728000033
49353;08;2;21;000;2018;06;19;4;3;0;1;0;1;0;0;0;0;0;0;476586,456799999990000;5472444,278199999600000;8,677271448000056;49,404234632000055
49357;08;2;22;000;2018;06;17;3;3;3;2;0;1;1;0;0;0;0;0;461476,752299999990000;5484176,638899999700000;8,467867947000059;49,508992682000041
49358;08;4;36;082;2018;06;09;3;3;0;1;0;1;0;0;0;0;0;0;547714,760400000030000;5295665,531000000400000;9,637342791000037;47,812573518000079
49361;08;1;15;001;2018;07;12;1;3;0;7;0;1;0;0;0;0;0;0;489002,817400000000000;5391570,022599999800000;8,850610557000039;48,677079534000029
49365;08;1;11;000;2018;06;17;4;2;5;3;0;1;1;0;0;0;0;0;510969,838999999980000;5401944,955299999600000;9,149293990000047;48,770413109000060
49374;08;3;35;043;2018;06;22;6;3;0;1;2;1;0;0;0;0;0;0;513784,593700000030000;5279917,979199999900000;9,183632067000076;47,672505806000061
49377;08;4;35;005;2018;06;08;7;3;1;5;0;1;1;0;0;0;0;0;526262,497100000040000;5286370,929700000200000;9,350243230000046;47,730179735000036
49387;08;2;16;033;2018;06;18;3;2;5;3;0;1;1;0;0;0;0;0;448038,771300000020000;5413926,617999999800000;8,291342777000068;48,876117959000055
49389;08;1;21;000;2018;06;11;7;2;5;2;0;1;1;0;0;0;0;0;514591,278700000020000;5441402,687199999600000;9,199993206000045;49,125286434000031
49390;08;3;35;015;2018;06;15;4;2;8;1;0;1;0;0;0;0;0;0;476588,211599999980000;5282589,915099999900000;8,687977063000062;47,696269764000078
49394;08;4;25;028;2018;07;19;4;3;1;6;0;1;1;0;0;0;0;0;578980,891199999950000;5343414,583700000300000;10,063718672000050;48,239027299000043
49396;08;2;12;000;2018;07;19;2;3;0;2;0;1;1;0;0;0;0;0;452474,135000000010000;5428283,625799999600000;8,350154358000054;49,005616999000040
49400;08;4;35;016;2018;07;14;2;2;5;2;0;1;0;0;0;0;0;0;536955,581000000010000;5277738,980700000200000;9,492113028000063;47,651991340000052
49404;08;1;18;070;2018;07;07;4;3;5;3;0;1;1;0;0;0;0;0;520195,282000000010000;5423859,349999999600000;9,275928282000052;48,967317809000065
49408;08;1;27;012;2018;07;14;5;3;4;6;0;1;1;0;0;0;0;1;566021,777800000040000;5432431,369699999700000;9,903396580000049;49,041222340000047
49415;08;2;16;043;2018;07;15;2;3;5;3;0;1;1;0;0;0;0;0;440452,345099999980000;5412906,762799999700000;8,188036277000037;48,866262211000048
49417;08;2;15;096;2018;07;13;1;2;2;6;0;1;1;0;0;0;0;0;462464,243599999990000;5413199,761599999900000;8,488137059000053;48,870620778000045
49418;08;1;21;000;2018;07;20;3;3;6;2;0;0;1;1;0;0;0;0;516420,961000000010000;5441869,513000000300000;9,225090292000061;49,129439531000060
49430;08;3;26;003;2018;07;16;1;3;1;5;0;1;1;0;0;0;0;0;470740,494200000020000;5313442,614000000100000;8,607957289000069;47,973620444000062
49433;08;1;25;065;2018;07;12;2;3;0;7;0;1;0;0;0;0;0;0;517959,728999999990000;5450657,241000000400000;9,246574993000024;49,208444458000031
49438;08;4;17;057;2018;07;10;3;2;5;3;0;1;1;0;0;0;0;0;482193,109799999980000;5339073,097900000400000;8,760337933000074;48,204638337000063
49439;08;1;36;009;2018;07;07;2;3;4;2;0;1;1;0;0;0;0;0;567631,390600000040000;5407649,622000000400000;9,921307910000053;48,818146989000070
49443;08;2;12;000;2018;07;17;4;3;0;7;0;1;0;0;0;0;0;0;455630,636999999990000;5427032,957999999600000;8,393448840000076;48,994602103000034
49447;08;3;17;085;2018;07;16;5;3;3;6;0;1;0;0;0;1;0;0;431924,139800000000000;5360998,255800000400000;8,080290703000060;48,398466560000031
49451;08;4;36;018;2018;07;05;1;3;0;1;0;1;0;0;0;0;0;0;553217,931100000050000;5281865,344499999700000;9,709156262000022;47,687983141000075
49455;08;3;15;015;2018;07;18;4;3;2;6;0;1;0;0;0;0;0;0;398784,721900000000000;5313727,423700000200000;7,643948320000050;47,968846678000034
49457;08;4;15;062;2018;07;16;2;3;5;3;0;1;1;0;0;0;0;0;519920,563000000020000;5378000,106999999800000;9,269954916000074;48,554781997000077
49461;08;4;25;072;2018;07;11;2;3;5;3;0;1;1;0;0;0;0;0;582870,074499999990000;5372511,977500000000000;10,121822922000035;48,500258653000060
49464;08;4;35;066;2018;07;20;2;3;0;1;0;1;0;0;0;0;0;0;517871,724700000020000;5284513,437300000300000;9,238266805000023;47,713753812000050
49476;08;4;17;008;2018;07;10;1;3;5;3;0;1;1;0;0;0;0;0;493490,946999999990000;5351844,401999999800000;8,912198073000070;48,319755170000064
49482;08;2;21;000;2018;07;14;3;2;3;6;0;1;0;0;0;0;1;0;477688,170099999990000;5472925,383500000500000;8,692430022000053;49,408603490000075
49486;08;1;28;131;2018;07;09;2;1;5;3;0;1;1;0;0;0;0;0;537494,762699999960000;5512114,342199999800000;9,520597556000041;49,760335942000040
49489;08;1;11;000;2018;07;08;3;3;5;3;0;1;1;0;0;0;0;0;519529,671700000010000;5401111,384200000200000;9,265748414000029;48,762704623000047
49490;08;4;16;041;2018;07;19;1;3;4;1;0;1;0;0;0;0;0;0;505413,538400000020000;5377328,418200000200000;9,073353606000069;48,549032371000067
49494;08;3;26;075;2018;07;12;6;2;6;4;0;0;1;1;0;0;0;0;460445,087400000020000;5317580,922500000300000;8,469634981000070;48,010298396000053
49495;08;1;27;014;2018;07;08;2;3;0;1;0;1;0;0;0;0;0;0;578584,830800000000000;5445352,374599999700000;10,077785076000055;49,155958661000057
49498;08;1;11;000;2018;07;12;3;3;6;4;0;0;1;1;0;0;0;0;510454,762400000010000;5400271,135599999700000;9,142241553000076;48,755364360000044
49499;08;2;15;090;2018;07;16;2;3;6;4;0;0;1;1;0;0;0;0;465782,398899999970000;5433257,212100000100000;8,531697831000031;49,051237105000041
49506;08;1;27;014;2018;07;15;2;3;2;6;0;1;0;0;0;0;0;0;578410,996900000030000;5442775,644899999700000;10,074899972000026;49,132806283000036
49509;08;3;17;089;2018;07;12;3;3;5;2;0;1;1;0;0;0;0;0;431541,471499999990000;5375962,310100000400000;8,072672341000043;48,533030954000026
49512;08;2;35;046;2018;07;16;6;3;6;4;0;0;0;1;1;0;0;0;479436,023400000010000;5371412,102800000500000;8,721650888000056;48,495493857000042
49520;08;2;37;004;2018;07;12;7;2;0;1;0;1;0;0;0;0;0;0;451936,762099999990000;5373788,993700000500000;8,349171529000046;48,515374074000079
49526;08;3;17;096;2018;07;13;7;3;5;3;0;1;1;0;0;0;0;0;422051,970600000000000;5369730,186999999900000;7,945314347000021;48,475866775000043
49535;08;3;17;065;2018;07;16;2;3;0;7;0;1;0;1;0;0;0;0;416241,658799999980000;5354462,156200000100000;7,869760116000066;48,337786854000058
49536;08;3;35;075;2018;07;18;5;3;0;1;0;1;0;0;0;0;0;0;488329,356800000010000;5289994,892400000200000;8,844258939000042;47,763215436000053
49539;08;1;11;000;2018;07;05;4;3;5;2;1;1;0;0;1;0;0;0;517914,550999999980000;5403869,371199999900000;9,243891161000022;48,787563746000046
49546;08;3;35;063;2018;07;14;4;3;5;2;0;1;1;0;0;0;0;0;496847,159999999970000;5287853,220099999600000;8,957941798000036;47,744043535000060
49548;08;2;37;045;2018;07;14;2;3;8;1;0;1;0;0;0;0;0;0;461001,331400000020000;5360412,709699999500000;8,473156125000060;48,395668329000046
49557;08;3;35;079;2018;07;15;3;2;5;3;0;1;1;0;0;0;0;0;500787,737000000020000;5299674,654000000100000;9,010529710000071;47,850414188000059
49577;08;1;11;000;2018;07;08;6;3;5;3;0;1;1;0;0;0;0;1;510452,405800000010000;5400269,744599999900000;9,142209455000057;48,755351886000028
49580;08;1;35;016;2018;07;12;4;3;5;3;0;1;1;0;0;0;0;0;591723,063100000030000;5386242,811200000300000;10,244665777000023;48,622526111000070
49584;08;1;15;045;2018;07;19;3;3;5;2;0;1;1;0;0;0;0;0;502317,514000000020000;5394899,366399999700000;9,031500625000035;48,707123195000065
49585;08;2;21;000;2018;07;16;2;3;5;3;0;1;0;0;0;0;0;0;479608,153400000010000;5473607,365600000100000;8,718861731000061;49,414805196000032
49586;08;3;36;091;2018;07;11;5;2;6;2;0;0;1;1;0;0;0;1;394566,607399999980000;5271745,608099999800000;7,597646479000048;47,590546940000081
49588;08;3;36;078;2018;07;14;2;2;4;6;0;1;0;0;1;0;0;0;402351,879299999970000;5292482,395899999900000;7,696529076000047;47,778300906000027
49589;08;4;17;079;2018;07;14;1;3;0;1;0;1;0;0;0;0;0;0;502613,886999999990000;5339864,491000000400000;9,035185211000055;48,212002806000044
49598;08;3;11;000;2018;07;14;4;3;0;1;0;1;0;0;0;0;0;0;414603,168999999990000;5317816,591900000300000;7,855017839000027;48,007936800000039
49605;08;2;25;074;2018;07;11;4;2;4;2;0;1;1;0;0;0;0;0;506902,027500000030000;5466579,025799999900000;9,095035389000032;49,351887858000055
49626;08;1;18;048;2018;07;19;2;3;4;2;0;1;1;0;0;0;0;0;515999,585199999970000;5417154,651399999900000;9,218339731000071;48,907127560000049
49630;08;3;35;026;2018;07;16;2;3;0;1;0;1;0;0;0;0;0;0;481432,755000000000000;5282748,373999999800000;8,752535748000071;47,697852910000051
49636;08;1;27;025;2018;07;14;1;3;5;3;0;1;1;0;0;0;0;0;556972,763099999980000;5425512,771700000400000;9,778617970000028;48,979893974000049
49640;08;3;11;000;2018;07;08;7;3;0;1;0;1;0;0;0;0;0;0;412334,176800000020000;5315322,902400000000000;7,825111661000051;47,985198105000052
49642;08;4;17;079;2018;07;06;4;3;6;4;0;0;1;1;0;0;0;0;499983,615300000000000;5347506,785000000100000;8,999779152000031;48,280764378000072
49645;08;1;11;000;2018;07;14;7;3;8;1;0;1;0;0;0;0;0;0;509302,658200000010000;5398045,526600000400000;9,126516454000068;48,735361076000061
49649;08;2;12;000;2018;07;09;1;3;5;3;0;1;1;0;0;0;0;0;456396,453099999980000;5426575,080000000100000;8,403966464000064;48,990537986000049
49652;08;3;27;050;2018;07;07;5;3;0;1;0;1;0;0;0;0;0;1;485653,173000000010000;5314971,507000000200000;8,807716672000026;47,987884335000047
49659;08;1;19;067;2018;07;17;1;3;5;2;0;1;1;0;0;0;0;0;539080,706000000010000;5406009,095999999900000;9,532244229000071;48,805841837000060
49660;08;4;35;066;2018;07;18;2;3;0;7;0;1;0;0;0;0;0;0;518212,918300000020000;5287098,412999999700000;9,242923691000044;47,737002697000037
49662;08;1;26;060;2018;07;11;5;3;6;4;0;0;1;1;0;0;0;0;544665,852799999990000;5460512,581700000000000;9,614315651000027;49,295725743000048
49665;08;3;37;106;2018;07;18;4;2;6;4;0;0;1;1;0;0;0;0;458047,052600000000000;5287747,418999999800000;8,440380690000040;47,741734897000072
49670;08;1;15;042;2018;07;06;2;2;2;1;0;1;1;0;0;0;0;0;496929,109699999970000;5407809,614500000100000;8,958162810000033;48,823260305000076
49678;08;4;36;013;2018;07;23;7;3;0;7;2;1;0;0;0;0;0;0;545468,961000000010000;5296522,021999999900000;9,607436519000032;47,820441965000043
49699;08;1;18;079;2018;07;03;4;2;9;7;2;1;0;0;0;0;0;0;509786,146000000010000;5420437,407999999800000;9,133626569000057;48,936787657000082
49708;08;4;17;025;2018;07;11;1;3;5;3;0;1;1;0;0;0;0;0;486503,275299999980000;5357351,735899999700000;8,817763787000047;48,369191878000038
49710;08;1;27;063;2018;07;13;7;3;4;2;0;1;1;0;0;0;0;0;560273,275900000010000;5435694,237800000200000;9,825232698000036;49,071159422000051
49713;08;3;37;002;2018;07;11;1;3;0;1;0;1;0;0;0;0;0;0;432171,461200000020000;5272626,414699999600000;8,097604995000040;47,603495608000060
49714;08;2;22;000;2018;07;04;3;3;0;1;2;1;0;0;0;0;0;0;463155,079800000010000;5483128,707299999900000;8,491147915000056;49,499671394000075
49715;08;3;35;077;2018;07;17;2;3;8;7;0;1;0;0;0;0;0;0;492960,016699999980000;5294635,060399999800000;8,905978268000069;47,805032632000064
49718;08;1;15;042;2018;07;15;2;2;5;3;0;1;1;0;0;0;0;0;496784,483300000020000;5406295,529699999800000;8,956204317000072;48,809639015000073
49719;08;1;21;000;2018;07;13;4;2;3;2;0;1;1;0;0;0;0;0;516439,627299999990000;5441915,001400000400000;9,225348012000040;49,129848215000038
49723;08;2;16;006;2018;07;12;2;2;3;2;0;1;1;0;0;0;0;0;447535,789600000020000;5409608,579099999700000;8,285036953000031;48,837234237000075
49728;08;2;12;000;2018;07;13;1;3;3;2;0;0;0;1;1;0;0;0;461995,979400000010000;5421644,508800000000000;8,480965554000022;48,946556058000056
49729;08;1;11;000;2018;07;16;3;3;5;2;0;1;1;0;0;0;0;0;510747,632400000000000;5403422,393699999900000;9,146308499000043;48,783707929000059
49734;08;4;36;081;2018;07;09;4;3;1;5;0;1;1;0;0;0;0;0;562544,576000000000000;5282696,990100000100000;9,833545259000061;47,694629875000032
49738;08;4;36;011;2018;07;12;3;3;5;3;0;1;1;0;0;0;0;0;548505,208499999950000;5296954,090300000300000;9,648044645000027;47,824107451000032