OBJECTID_1;ULAND;UREGBEZ;UKREIS;UGEMEINDE;UJAHR;UMONAT;USTUNDE;UWOCHENTAG;UKATEGORIE;UART;UTYP1;ULICHTVERH;IstRad;IstPKW;IstFuss;IstKrad;IstGkfz;IstSonstig;STRZUSTAND;LINREFX;LINREFY;XGCSWGS84;YGCSWGS84
49745;08;1;18;046;2018;07;17;4;2;6;4;0;0;1;1;0;0;0;1;513147,263400000000000;5412168,755900000200000;9,179255120000050;48,862342798000043
49746;08;4;36;081;2018;07;21;3;3;5;3;1;1;1;0;0;0;0;0;562553,670999999970000;5282245,496000000300000;9,833601716000032;47,690567029000078
49748;08;4;37;053;2018;07;16;2;3;0;1;0;1;0;0;0;0;0;0;527619,285400000050000;5320226,016800000300000;9,370502990000034;48,034723575000044
49752;08;2;12;000;2018;07;10;7;3;5;3;0;1;1;0;0;0;0;0;456438,895200000030000;5424561,312199999600000;8,404762350000055;48,972426819000077
49760;08;4;36;064;2018;07;15;3;3;6;6;0;1;0;1;0;0;1;0;545182,308100000020000;5287112,970300000200000;9,602628192000054;47,735808572000053
49764;08;1;11;000;2018;07;08;2;2;5;3;0;1;1;0;0;0;0;0;512932,523400000010000;5399746,195500000400000;9,175935921000075;48,750595481000062
49774;08;1;18;006;2018;07;11;1;2;0;1;0;1;0;0;0;0;0;0;517900,479899999980000;5421851,782900000000000;9,244486424000058;48,949329270000078
49777;08;1;19;041;2018;07;13;5;3;0;7;0;0;0;1;0;0;1;1;526716,022800000040000;5409967,020499999600000;9,364110521000043;48,842100702000039
49782;08;3;17;040;2018;07;16;3;3;5;3;0;1;1;0;0;0;0;0;431799,796600000000000;5347889,011199999600000;8,080733846000044;48,280529027000057
49786;08;4;36;004;2018;07;10;1;2;2;6;0;0;1;1;1;0;0;0;582345,447000000040000;5308461,884200000200000;10,102285726000048;47,924186322000025
49792;08;3;17;065;2018;07;13;5;3;2;6;0;1;0;0;0;1;0;1;417438,561200000000000;5354800,794499999800000;7,885841606000042;48,340990436000027
49793;08;1;25;024;2018;07;13;6;2;0;1;0;1;0;0;0;0;0;1;523481,606600000000000;5443532,199000000000000;9,321969575000026;49,144166579000057
49797;08;4;36;013;2018;07;01;1;2;6;6;2;1;0;1;0;0;0;0;544995,123499999990000;5296815,915799999600000;9,601137238000035;47,823119438000049
49805;08;1;15;001;2018;07;20;1;3;5;2;0;1;1;0;0;0;0;0;490473,922900000010000;5391745,538700000400000;8,870590449000076;48,678682675000061
49807;08;1;16;077;2018;07;08;2;3;5;2;0;1;1;0;0;0;0;0;517491,371300000000000;5391360,210799999500000;9,237599175000071;48,675043882000068
49813;08;4;35;016;2018;07;17;2;3;5;3;0;1;0;0;0;0;0;0;536330,435199999950000;5277809,453900000100000;9,483794540000076;47,652660820000051
49816;08;4;36;009;2018;07;19;1;3;1;7;0;1;1;0;0;0;0;0;551458,122800000010000;5304126,122499999600000;9,688347176000036;47,888403061000076
49825;08;4;17;044;2018;07;13;1;3;8;1;0;1;0;0;0;0;0;0;493850,209500000000000;5337182,112499999800000;8,917257336000034;48,187845395000068
49837;08;3;36;019;2018;07;19;2;2;0;7;0;1;0;0;0;0;0;0;394363,822600000010000;5276613,951000000400000;7,593776411000022;47,634305103000031
49840;08;4;35;045;2018;07;11;1;1;2;7;0;1;1;0;0;0;0;0;535256,613699999990000;5288246,806200000500000;9,470339364000040;47,746628812000040
49842;08;4;15;061;2018;07;18;3;3;5;3;0;1;1;0;0;0;0;0;516444,073399999990000;5370232,801400000200000;9,222537145000047;48,485005792000038
49844;08;1;11;000;2018;07;06;3;3;5;2;0;1;0;0;0;0;1;0;518863,189499999980000;5400861,449099999900000;9,256667952000043;48,760476787000073
49850;08;4;35;016;2018;07;10;4;3;6;2;0;0;1;1;0;0;0;0;535244,733499999970000;5277759,837100000100000;9,469333293000034;47,652274448000071
49853;08;2;31;000;2018;07;11;4;3;6;4;0;0;1;1;0;0;0;0;481481,349999999980000;5417670,267099999800000;8,747260566000023;48,911695665000082
49858;08;4;16;041;2018;07;18;5;3;5;3;0;1;1;0;0;0;0;1;505195,957600000020000;5373431,869900000300000;9,070356800000070;48,513979520000078
49866;08;4;36;069;2018;07;06;2;3;5;3;0;1;1;0;0;0;0;0;552459,761799999980000;5291919,785000000100000;9,700265805000072;47,778504286000043
49867;08;4;35;052;2018;07;09;5;3;8;1;0;1;0;0;0;0;0;0;521413,770900000000000;5291507,841300000400000;9,285833322000030;47,776578037000036
49877;08;4;25;033;2018;07;08;4;3;4;6;0;1;1;0;0;0;0;0;556512,718800000030000;5347672,435100000400000;9,761718294000048;48,279732029000058
49878;08;1;19;020;2018;07;11;6;3;0;7;0;1;0;0;0;0;0;0;518345,014599999990000;5407999,085400000200000;9,249936043000048;48,824701424000068
49879;08;1;15;050;2018;07;10;7;3;5;3;0;1;1;0;0;0;0;0;489234,985300000000000;5401416,215599999800000;8,853507393000029;48,765660170000046
49881;08;2;16;023;2018;07;18;4;3;5;3;0;1;1;0;0;0;0;0;437056,125799999980000;5407467,976599999700000;8,142567850000035;48,817005732000041
49891;08;2;21;000;2018;07;10;7;3;3;6;0;1;0;0;0;0;0;0;476316,644299999990000;5471744,139800000000000;8,673594203000050;49,397926558000052
49893;08;4;37;124;2018;07;19;4;2;8;1;0;1;0;0;0;0;0;0;511209,454700000000000;5299342,121299999800000;9,149828326000034;47,847324970000045
49907;08;1;21;000;2018;07;15;3;3;5;2;0;1;1;0;0;0;0;0;515657,981700000000000;5444160,391599999700000;9,214720837000073;49,150066665000054
49913;08;1;15;003;2018;07;16;2;3;1;5;0;1;1;0;0;0;0;0;505434,554599999970000;5390130,735200000000000;9,073806012000034;48,664204729000062
49916;08;3;37;097;2018;07;11;1;2;3;6;0;1;0;0;1;0;0;0;436620,262999999980000;5289438,635099999600000;8,154344436000031;47,755200643000080
49919;08;4;26;021;2018;07;20;2;3;0;1;0;1;0;0;0;0;0;0;557705,922900000010000;5327089,165500000100000;9,775002741000037;48,094455934000052
49920;08;4;37;031;2018;07;12;5;3;3;6;0;1;1;0;0;0;0;1;515260,503099999970000;5345366,825299999700000;9,205617347000043;48,261327844000050
49926;08;1;15;028;2018;07;08;3;3;5;3;0;1;1;0;0;0;0;0;499208,179000000000000;5401090,085000000000000;8,989225341000065;48,762818901000060
49930;08;3;36;069;2018;07;20;1;3;8;1;0;1;0;0;0;0;0;0;409090,734899999980000;5268311,818400000200000;7,791492887000061;47,561855997000066
49952;08;1;11;000;2018;07;07;3;3;5;2;0;1;1;0;0;0;0;0;517802,862000000020000;5406182,006000000100000;9,242470874000048;48,808371075000082
49956;08;2;37;040;2018;07;13;7;2;3;6;0;1;1;0;0;0;0;0;482344,123499999990000;5362852,764999999700000;8,761375002000023;48,418579169000054
49957;08;2;26;105;2018;07;16;2;3;3;1;0;1;0;0;0;0;1;0;470862,690000000000000;5478755,562699999700000;8,597914045000039;49,460755742000060
49963;08;2;12;000;2018;07;13;6;3;0;7;0;1;0;0;0;0;0;0;455673,012600000020000;5427589,422700000000000;8,393967380000049;48,999610612000026
49964;08;2;21;000;2018;07;08;5;3;4;6;0;1;0;0;0;0;0;0;478776,352200000020000;5473644,341400000300000;8,707392033000076;49,415109338000036
49966;08;1;17;030;2018;07;03;6;2;7;4;2;0;1;1;0;0;0;0;547330,512800000030000;5391598,977099999800000;9,642937007000057;48,675642752000044
49968;08;2;12;000;2018;07;11;5;3;3;6;0;1;0;0;0;0;1;0;455683,747099999980000;5427726,752799999900000;8,394099147000077;49,000846682000031
49969;08;3;35;043;2018;07;10;6;3;0;7;0;1;0;0;0;0;0;0;514246,246700000020000;5279777,455400000300000;9,189777379000077;47,671231414000033
49972;08;1;18;006;2018;07;16;5;2;6;4;0;0;0;1;1;0;0;0;516955,179999999990000;5420465,286999999500000;9,231517844000052;48,936883505000026
49974;08;3;17;001;2018;07;20;6;2;5;3;0;1;1;0;0;0;0;0;432394,815699999980000;5385258,702999999700000;8,082718445000069;48,616745747000039
49977;08;1;11;000;2018;07;19;6;3;0;6;0;1;1;0;0;0;0;0;513344,434100000010000;5400616,727400000200000;9,181567803000064;48,758418057000029
49979;08;3;36;045;2018;07;13;5;2;0;7;0;1;0;0;0;0;0;0;398841,338899999970000;5283726,755500000000000;7,651716541000042;47,699001378000048
49980;08;1;36;003;2018;07;10;5;3;0;1;0;1;0;0;0;0;0;1;574998,649600000000000;5421429,869500000000000;10,024180113000057;48,941245939000055
49991;08;1;19;067;2018;07;16;5;3;6;4;0;0;0;1;0;0;1;0;539210,105699999960000;5405842,720999999900000;9,533990567000046;48,804337055000076
49995;08;1;18;048;2018;07;22;6;3;2;7;2;1;0;0;0;0;1;0;513103,129800000000000;5416807,761599999900000;9,178802091000023;48,904075094000063
50009;08;1;11;000;2018;07;16;5;3;5;3;0;1;1;0;0;0;0;0;512739,452700000020000;5406519,207000000400000;9,173519270000043;48,811528921000047
50010;08;1;17;010;2018;07;14;5;3;6;4;0;0;0;1;0;1;0;0;568711,913999999990000;5392839,661899999700000;9,933553914000072;48,684815677000074
50016;08;4;35;034;2018;07;17;4;3;0;2;0;1;1;0;0;0;0;0;530395,056899999970000;5283958,544099999600000;9,405186427000047;47,708293099000059
50021;08;4;35;016;2018;07;18;4;3;0;1;0;1;0;0;0;0;0;0;530781,163300000010000;5279708,640599999600000;9,410033525000074;47,670036533000030
50022;08;3;27;010;2018;07;12;6;3;5;3;0;1;1;0;0;0;0;0;480362,942199999990000;5328615,101099999600000;8,736188863000052;48,110495388000061
50025;08;3;36;069;2018;07;14;6;3;0;1;0;1;0;0;0;0;0;0;408373,348400000020000;5267552,857900000200000;7,782116734000056;47,554927635000070
50026;08;4;26;021;2018;07;17;4;2;3;1;0;1;0;0;0;1;0;0;557671,814000000010000;5327080,163400000000000;9,774543478000055;48,094378038000059
50039;08;1;28;014;2018;07;22;6;3;6;4;2;0;1;1;0;0;0;0;548483,701800000040000;5482158,195399999600000;9,669461915000056;49,490123762000053
50040;08;3;35;077;2018;07;13;4;3;5;3;0;1;1;0;0;0;0;0;494121,843999999980000;5293804,250199999700000;8,921506171000033;47,797569085000077
50041;08;3;27;009;2018;07;06;4;2;6;4;0;0;1;1;0;0;0;0;483978,703600000010000;5334806,949300000400000;8,784530899000060;48,166304102000026
50044;08;2;12;000;2018;07;08;6;2;6;4;0;0;1;1;0;0;0;0;461895,839900000020000;5427552,693000000000000;8,479044501000033;48,999695707000058
50058;08;2;16;043;2018;07;19;4;3;0;7;0;1;0;0;0;0;0;0;440114,613900000000000;5413495,454099999700000;8,183345448000068;48,871524916000055
50064;08;4;16;041;2018;07;14;6;3;4;6;0;0;1;1;0;0;0;0;498702,099400000010000;5374737,128700000200000;8,982421474000034;48,525742269000034
50068;08;3;17;153;2018;07;16;4;3;5;2;0;1;1;0;0;0;0;0;421909,992499999990000;5390648,796699999800000;7,939465835000021;48,664006903000029
50072;08;2;16;049;2018;07;14;4;2;8;1;0;1;0;0;1;0;0;0;432976,318499999990000;5400074,270100000300000;8,088204779000023;48,750073976000067
50095;08;1;19;085;2018;07;07;4;3;5;3;0;1;1;0;0;0;0;0;528907,939999999940000;5412406,394999999600000;9,394155496000053;48,863946209000062
50096;08;4;35;057;2018;07;13;6;3;5;3;0;1;0;0;1;0;0;0;544959,241099999980000;5280277,682799999600000;9,598948229000030;47,674325988000078
50097;08;1;19;087;2018;07;05;4;3;3;6;0;1;0;0;0;1;0;0;528965,575900000050000;5423932,768799999700000;9,395759557000076;48,967629409000040
50098;08;2;31;000;2018;07;05;6;2;5;3;0;1;1;0;0;0;0;0;477778,992399999990000;5417248,523799999600000;8,696755047000067;48,907780020000075
50107;08;1;17;024;2018;07;07;4;3;3;6;0;1;1;0;0;0;0;0;561669,477799999990000;5386245,882199999900000;9,836900811000021;48,626238924000063
50108;08;1;17;038;2018;07;14;4;2;8;7;0;0;0;1;1;0;0;0;546600,493800000050000;5397032,115299999700000;9,633634242000028;48,724571661000027
50109;08;4;36;009;2018;07;02;6;3;6;7;2;0;1;1;0;0;0;0;558099,450900000050000;5305296,552799999700000;9,777336785000045;47,898365966000028
50113;08;1;15;045;2018;07;21;4;2;0;7;2;1;0;0;0;0;0;0;495565,130999999990000;5394012,469399999800000;8,939728936000051;48,699133139000025
50118;08;3;17;096;2018;07;07;5;3;5;2;0;1;1;0;0;0;0;0;420478,148999999980000;5368150,416000000200000;7,924323817000072;48,461459865000052
50124;08;3;17;150;2018;07;17;5;2;5;3;0;1;0;0;0;0;0;0;408127,875999999990000;5353151,747999999700000;7,760583433000022;48,324872541000047
50125;08;4;36;069;2018;07;06;3;3;5;2;0;1;1;0;0;0;0;0;550413,101000000020000;5291083,070000000300000;9,672850555000025;47,771139846000040
50126;08;4;35;059;2018;07;13;3;3;3;2;0;1;1;0;0;0;0;0;512849,561099999990000;5290711,340900000200000;9,171494468000049;47,769639267000059
50129;08;4;35;016;2018;07;07;3;3;5;3;0;1;1;0;0;0;0;0;536844,517200000000000;5278263,473199999900000;9,490678328000058;47,656716744000050
50133;08;4;35;016;2018;07;13;3;3;0;1;0;1;0;0;0;0;0;0;536639,759500000040000;5279300,960199999600000;9,488038554000070;47,666063052000027
50135;08;3;15;059;2018;07;19;5;3;4;2;0;1;1;0;0;0;0;0;396854,202500000010000;5321667,509800000100000;7,616182261000063;48,039956002000054
50141;08;4;25;108;2018;07;14;3;3;5;3;0;1;1;0;0;0;0;1;554081,027400000020000;5357573,490700000000000;9,730215406000070;48,369013810000069
50142;08;1;15;048;2018;07;11;6;3;0;1;0;1;0;0;0;0;0;0;509419,909400000000000;5387001,001899999600000;9,127859306000062;48,636001808000060
50147;08;3;17;040;2018;07;15;6;3;5;3;0;1;1;0;0;0;0;0;432481,844099999990000;5347573,555900000000000;8,089976315000058;48,277764428000069
50154;08;4;35;057;2018;07;05;3;2;0;1;0;1;0;0;0;0;0;0;543578,158399999960000;5279485,116700000100000;9,580471317000047;47,667289642000071
50159;08;3;17;057;2018;07;21;3;2;6;4;2;0;1;1;0;0;0;0;412180,086499999980000;5381056,857599999800000;7,809383906000051;48,576442260000078
50164;08;2;35;085;2018;07;23;5;3;0;7;2;1;0;0;0;0;0;0;482562,235500000010000;5395036,329199999600000;8,762973828000042;48,708115828000075
50168;08;2;15;066;2018;07;16;3;2;4;1;0;0;1;1;0;0;1;0;456436,811400000010000;5453234,295400000200000;8,401641156000039;49,230339271000048
50172;08;2;36;030;2018;07;05;6;2;2;6;1;1;0;0;0;0;1;0;476300,697300000000000;5417728,219800000100000;8,676553570000067;48,912040371000046
50192;08;1;36;050;2018;07;07;3;2;0;1;0;1;0;0;0;0;0;0;581383,764399999990000;5404197,264700000200000;10,107931724000025;48,785446346000072
50194;08;1;35;016;2018;07;15;3;3;6;7;0;0;1;1;0;0;0;0;588899,064299999970000;5382702,360600000200000;10,205595293000044;48,591090177000069
50207;08;1;21;000;2018;07;01;3;2;0;1;2;1;0;0;0;0;0;0;516183,379699999990000;5444352,603000000100000;9,221933386000046;49,151782045000061
50211;08;1;18;076;2018;07;06;3;2;8;1;0;1;0;0;0;0;0;0;500719,070499999970000;5427859,950199999800000;9,009831802000065;49,003635329000076
50221;08;1;16;077;2018;07;12;3;2;6;4;0;0;1;1;0;0;0;0;516736,317600000010000;5391830,321200000100000;9,227361799000050;48,679293716000075
50229;08;4;15;050;2018;07;23;6;2;2;6;2;1;1;0;0;0;0;0;523131,988300000030000;5374698,056400000100000;9,313290775000041;48,524965817000066
50237;08;1;19;044;2018;07;12;3;3;6;4;0;0;0;1;1;0;0;0;542770,336400000030000;5425169,697900000000000;9,584496824000041;48,977954605000036
50247;08;1;15;001;2018;07;18;2;2;4;6;0;1;0;0;0;0;0;0;491124,033700000030000;5389691,585500000000000;8,879466110000067;48,660214657000040
50248;08;1;11;000;2018;07;07;3;3;5;2;0;1;1;0;0;0;0;0;509570,326999999990000;5398536,155000000300000;9,130168143000049;48,739770717000056
50250;08;4;25;033;2018;07;16;3;3;3;6;0;1;1;0;0;0;0;0;561624,326299999960000;5345968,680999999900000;9,830360568000060;48,263928416000056
50252;08;4;35;035;2018;07;15;1;2;5;3;0;1;1;0;0;0;0;0;542807,447799999970000;5283434,647900000200000;9,570593206000069;47,702875986000038
50256;08;2;26;095;2018;07;16;1;3;0;7;0;1;0;0;0;0;0;1;474044,701000000000000;5461186,165099999900000;8,642970656000045;49,302866075000054
50259;08;3;35;043;2018;07;08;3;3;0;6;0;1;0;0;0;0;0;0;513364,935600000030000;5279383,278300000400000;9,178025240000068;47,667703558000028
50260;08;2;26;107;2018;07;14;1;3;0;7;0;1;0;0;0;0;0;0;475121,726599999990000;5482999,269700000100000;8,656419287000063;49,499116008000044
50264;08;2;11;000;2018;07;13;3;2;3;6;0;1;0;0;0;0;0;0;443962,120200000000000;5394394,339800000200000;8,238413193000042;48,700067103000038
50270;08;1;18;071;2018;07;16;2;2;5;3;0;1;1;0;0;0;0;0;511144,215299999980000;5418911,295900000300000;9,152128776000041;48,923036245000048
50272;08;2;26;081;2018;07;10;1;2;7;1;0;1;0;0;0;0;0;0;493440,900499999990000;5475088,046299999600000;8,909546029000069;49,428430237000043
50275;08;2;11;000;2018;07;17;4;2;6;2;0;0;0;1;1;0;0;0;441905,899700000010000;5403496,255599999800000;8,209187282000073;48,781752248000032
50282;08;1;16;072;2018;07;17;4;2;5;2;0;1;1;0;0;0;0;0;529744,631399999950000;5393502,974899999800000;9,404195722000054;48,693856426000082
50288;08;1;35;016;2018;07;20;1;2;0;1;0;1;0;0;0;0;0;1;595383,724999999980000;5387221,734600000100000;10,294552553000074;48,630782976000035
50291;08;1;11;000;2018;07;15;3;3;0;3;0;1;0;0;0;0;1;0;516115,206999999990000;5405663,527999999900000;9,219465234000040;48,803752979000080
50299;08;1;11;000;2018;07;08;2;3;0;7;0;1;1;0;0;0;0;0;513362,908000000000000;5404511,733000000000000;9,181945741000050;48,793456829000036
50306;08;1;18;010;2018;07;09;1;2;0;7;0;1;0;0;0;0;0;0;506850,503099999970000;5431443,228000000100000;9,093726905000040;49,035831370000039
50310;08;1;16;047;2018;07;03;1;2;0;7;2;1;0;0;0;0;0;0;520554,292200000030000;5392764,150200000000000;9,279274597000040;48,687580411000056
50313;08;1;16;077;2018;07;17;1;2;5;3;0;1;1;0;0;0;0;0;517923,090299999980000;5388750,473299999700000;9,243350452000072;48,651554274000034
50328;08;4;36;009;2018;07;14;2;3;5;3;0;1;1;0;0;0;0;0;556001,547000000020000;5308187,248999999800000;9,749646100000064;47,924558846000082
50332;08;4;37;088;2018;07;13;7;3;5;3;0;1;0;0;0;0;1;0;521332,304999999990000;5302538,472000000100000;9,285289251000052;47,875827179000055
50336;08;4;35;042;2018;07;13;7;2;5;3;0;1;1;0;0;0;0;0;553530,207100000000000;5278739,555300000100000;9,712933997000050;47,659834614000033
50340;08;1;15;002;2018;07;07;4;3;5;3;0;1;1;0;0;0;0;0;499680,065300000020000;5386432,841300000400000;8,995657862000030;48,630961411000044
50343;08;3;15;007;2018;07;13;3;3;8;6;0;1;1;0;0;0;0;0;400388,613599999980000;5293036,147400000100000;7,670202302000064;47,782981394000046
50345;08;4;35;016;2018;07;04;7;2;0;1;2;1;0;0;0;0;0;1;536566,923500000030000;5279221,041500000300000;9,487061731000040;47,665348115000029
50347;08;4;35;016;2018;07;14;7;3;5;2;0;1;1;0;0;0;0;0;536160,432599999940000;5279050,625300000400000;9,481633474000034;47,663837668000042
50351;08;1;25;065;2018;07;06;3;3;0;1;0;1;0;0;0;0;0;0;516724,912300000030000;5450335,994300000400000;9,229608558000052;49,205589719000045
50357;08;2;12;000;2018;07;16;2;3;5;2;0;1;0;0;0;0;1;0;452776,999200000020000;5429608,398099999900000;8,354141171000038;49,017556609000053
50360;08;4;26;021;2018;07;20;7;3;7;1;0;1;0;0;0;0;0;0;559651,025000000020000;5328649,525000000400000;9,801341415000024;48,108314022000059
50361;08;4;25;138;2018;07;20;7;3;8;1;0;1;0;0;0;0;0;0;571723,912600000040000;5352203,420599999800000;9,967488282000034;48,318949569000040
50363;08;4;25;141;2018;07;11;2;3;4;6;0;1;0;0;0;0;0;0;567143,369300000020000;5363378,848100000100000;9,907493908000049;48,419980979000059
50371;08;3;35;098;2018;07;20;1;2;0;1;0;1;0;0;0;0;0;0;501900,210000000020000;5295125,724999999600000;9,025380215000041;47,809483081000053
50374;08;3;25;053;2018;07;17;2;2;6;4;0;0;1;1;0;0;0;0;454395,035700000010000;5340302,539699999600000;8,386088320000056;48,214310190000049
50391;08;4;36;082;2018;07;07;2;3;5;3;0;1;1;0;0;0;0;0;548436,070799999990000;5295220,760499999900000;9,646927257000073;47,808518063000065
50393;08;3;35;063;2018;07;11;3;3;2;6;0;1;0;0;0;0;0;0;494579,579399999990000;5287696,397199999500000;8,927694738000071;47,742617437000035
50405;08;4;36;081;2018;07;07;2;3;0;4;0;1;0;1;0;0;0;0;562771,717300000020000;5282023,917500000400000;9,836475244000042;47,688552406000042
50407;08;3;17;096;2018;07;07;3;2;5;2;0;1;1;0;0;0;0;0;422848,725299999990000;5368535,348799999800000;7,956313513000055;48,465217536000068
50409;08;1;19;067;2018;07;19;3;2;8;1;0;1;0;0;0;0;0;0;541412,327399999950000;5404480,978299999600000;9,563843171000031;48,791944671000067
50416;08;4;25;033;2018;07;16;2;3;5;3;0;1;1;0;0;0;0;0;553069,628999999960000;5348732,706000000200000;9,715446984000039;48,289568277000058
50424;08;3;16;003;2018;07;13;7;3;3;6;0;1;1;0;0;0;0;0;428852,027300000020000;5338466,712200000000000;8,042589614000065;48,195445789000075
50427;08;4;17;002;2018;07;07;2;3;5;3;0;1;1;0;0;0;0;0;489787,229999999980000;5347916,183000000200000;8,862333075000038;48,284365229000059
50431;08;4;17;079;2018;07;13;2;3;0;1;0;1;0;0;0;0;0;0;501991,804999999990000;5342373,612900000100000;9,026823234000062;48,234579219000068
50434;08;1;16;077;2018;07;07;3;3;1;6;0;1;1;0;0;0;0;0;514522,960800000000000;5388993,324699999800000;9,197194090000039;48,653827269000033
50436;08;2;26;082;2018;07;12;4;3;1;3;0;1;1;0;0;0;0;0;476961,660700000010000;5480432,535299999600000;8,681978802000060;49,476101638000046
50437;08;3;17;146;2018;07;09;2;3;5;3;0;1;0;0;0;0;0;0;430642,423799999990000;5355278,057400000300000;8,063920727000038;48,346871393000072
50439;08;1;25;013;2018;07;05;4;3;6;7;0;0;0;1;0;0;1;0;506452,550600000020000;5434725,930599999600000;9,088334523000071;49,065365302000032
50440;08;4;17;079;2018;07;07;2;3;6;4;0;0;1;1;0;0;0;0;501971,254900000000000;5340412,778599999800000;9,026537369000039;48,216937988000041
50442;08;3;35;028;2018;07;09;3;2;4;6;0;1;0;0;0;0;0;0;485130,392200000000000;5287205,773000000000000;8,801665370000023;47,738054399000077
50444;08;2;12;000;2018;07;08;7;2;5;3;0;1;0;0;0;1;0;0;463656,145299999970000;5424408,745199999800000;8,503391324000063;48,971521102000054
50454;08;1;18;076;2018;07;17;4;2;5;3;0;1;0;0;0;0;0;0;504098,027000000000000;5423425,976300000200000;9,055987333000076;48,963735720000045
50456;08;1;17;038;2018;07;07;2;3;0;7;0;1;0;0;0;0;0;0;547249,326499999970000;5397445,610399999700000;9,642503331000057;48,728242398000077
50457;08;3;27;018;2018;07;15;3;1;6;7;0;0;0;1;0;0;1;0;473945,361900000020000;5307623,051000000000000;8,651250264000055;47,921399773000076
50462;08;1;27;073;2018;07;16;3;3;9;1;0;1;0;0;0;0;0;0;577345,718499999960000;5447753,072700000400000;10,061255224000035;49,177707441000052
50469;08;1;11;000;2018;07;14;2;3;0;2;0;1;1;0;0;0;0;0;509418,554200000010000;5398266,765100000400000;9,128097696000054;48,737349598000037
50478;08;1;35;015;2018;07;10;7;3;5;3;0;1;1;0;0;0;0;0;576426,641300000020000;5384599,088499999600000;10,036832203000074;48,609797279000077
50480;08;3;27;038;2018;07;19;2;3;0;4;0;1;0;1;0;0;0;0;498733,740200000000000;5311775,254800000200000;8,983038326000042;47,959286603000066
50483;08;1;35;026;2018;07;07;7;3;6;7;0;0;1;1;0;0;0;0;590946,654699999960000;5393816,639600000300000;10,235796719000064;48,690758964000054
50494;08;1;26;069;2018;07;10;7;3;5;3;0;1;1;0;0;0;0;0;536531,180999999980000;5446529,642000000000000;9,501165727000057;49,170491109000068
50495;08;2;26;037;2018;07;12;4;3;5;3;0;1;1;0;0;0;0;0;464704,789999999980000;5467863,414500000000000;8,513908230000027;49,362458093000043
50507;08;2;16;043;2018;07;10;4;3;6;2;0;0;1;1;0;0;0;0;441136,633099999980000;5411737,819000000100000;8,197534061000056;48,855812944000036
50512;08;4;21;000;2018;07;16;2;2;2;6;0;1;0;0;0;0;0;0;573195,778100000000000;5356664,856200000300000;9,988114666000058;48,358912888000077
50519;08;1;18;048;2018;07;13;7;3;0;7;0;1;0;0;0;0;1;0;512186,457600000020000;5416930,893500000200000;9,166297139000051;48,905201470000065
50521;08;2;22;000;2018;07;10;2;3;5;5;0;1;1;0;0;0;0;0;461409,467799999980000;5484103,844999999700000;8,466945685000042;49,508333664000077
50525;08;3;36;069;2018;07;17;3;1;4;6;0;1;1;0;0;0;0;0;408781,333500000010000;5273295,492600000500000;7,786344831000065;47,606644839000069
50528;08;2;36;046;2018;07;06;6;3;5;2;0;1;1;0;0;0;0;0;484579,707600000020000;5417360,129400000000000;8,789557820000027;48,908990674000052
50547;08;2;36;040;2018;07;18;5;2;2;6;0;1;1;0;0;0;0;0;492046,328600000010000;5421459,576100000200000;8,891375257000050;48,946009040000035
50551;08;1;19;020;2018;07;19;5;3;5;2;0;1;0;0;0;0;1;0;519020,151100000020000;5408729,424399999900000;9,259168017000036;48,831251094000038
50554;08;1;36;065;2018;07;12;6;3;6;6;0;1;0;1;0;0;0;0;559023,969000000040000;5406062,945899999700000;9,803838146000032;48,804752229000030
50561;08;1;11;000;2018;07;15;5;3;6;4;0;0;1;1;0;0;0;0;516643,588899999970000;5407554,598399999600000;9,226737651000065;48,820750822000036
50568;08;4;26;021;2018;07;11;6;2;5;3;0;1;0;0;0;0;1;0;558818,087999999990000;5328618,305999999900000;9,790148692000059;48,108110645000068
50569;08;3;35;098;2018;07;13;1;2;0;1;0;1;0;0;0;0;0;0;500220,121999999970000;5294644,848799999800000;9,002939822000030;47,805159170000081
50572;08;3;11;000;2018;07;18;7;3;3;2;0;1;1;0;0;0;0;0;413263,006200000000000;5315863,542100000200000;7,837447845000042;47,990187984000045
50574;08;2;35;008;2018;07;19;6;3;2;2;0;1;1;0;0;0;0;0;480295,332500000020000;5402594,880599999800000;8,731799307000074;48,776044463000062
50576;08;3;26;017;2018;07;09;4;3;6;4;0;0;1;1;0;0;0;0;440795,876999999980000;5322329,227000000000000;8,205537559000049;48,051497095000059
50581;08;1;16;033;2018;07;18;6;3;9;1;0;1;0;0;0;0;0;1;532851,000699999980000;5388562,013799999800000;9,446013996000033;48,649252417000071
50584;08;3;26;074;2018;07;16;5;3;6;4;0;0;1;1;0;0;0;0;459422,202600000020000;5323212,582700000100000;8,455386759000021;48,060900757000070
50591;08;1;16;033;2018;07;10;2;3;0;1;0;1;0;0;0;0;0;0;532900,375200000010000;5388550,717799999800000;9,446683429000075;48,649148202000049
50592;08;4;35;057;2018;07;14;5;3;5;3;0;1;1;0;0;0;0;0;543261,674400000020000;5279326,541000000200000;9,576240193000047;47,665884145000064
50593;08;1;16;019;2018;07;16;4;3;4;6;0;1;0;0;0;0;0;0;523486,135599999980000;5397097,029699999800000;9,319355982000047;48,726455269000041
50604;08;1;25;058;2018;07;07;5;2;5;3;0;1;1;0;0;0;0;0;509951,798000000010000;5443242,935999999800000;9,136448508000058;49,141932813000039
50607;08;1;11;000;2018;07;19;2;3;0;1;0;1;0;0;0;0;0;0;517261,251400000010000;5405130,269000000300000;9,235050111000021;48,798925088000033