OBJECTID_1;ULAND;UREGBEZ;UKREIS;UGEMEINDE;UJAHR;UMONAT;USTUNDE;UWOCHENTAG;UKATEGORIE;UART;UTYP1;ULICHTVERH;IstRad;IstPKW;IstFuss;IstKrad;IstGkfz;IstSonstig;STRZUSTAND;LINREFX;LINREFY;XGCSWGS84;YGCSWGS84
50610;08;1;11;000;2018;07;18;1;3;5;3;0;1;1;0;0;0;0;1;512606,583999999970000;5401598,830000000100000;9,171558561000040;48,767268380000075
50612;08;3;17;146;2018;07;15;6;3;8;7;0;1;0;0;0;0;0;0;429155,226000000020000;5353931,492999999800000;8,044078270000057;48,334593438000070
50621;08;4;37;031;2018;07;10;6;3;6;6;0;0;0;1;0;0;1;0;515781,593899999980000;5343939,075000000200000;9,212585129000047;48,248470000000054
50625;08;2;26;041;2018;07;16;5;3;3;2;0;1;0;0;0;0;1;0;477797,630799999980000;5465231,976200000400000;8,694368289000067;49,339406043000054
50640;08;1;16;004;2018;07;12;7;3;5;2;0;1;1;0;0;0;0;1;528101,233000000010000;5396617,868200000400000;9,382076418000054;48,721953797000026
50647;08;1;16;049;2018;07;18;6;3;5;3;0;1;1;0;0;0;0;1;525275,425999999980000;5385588,430900000000000;9,342982180000035;48,622854317000076
50656;08;1;11;000;2018;07;23;7;2;6;4;2;0;1;1;0;0;0;1;516201,281299999970000;5403930,500799999600000;9,220569072000046;48,788160654000080
50666;08;3;35;025;2018;07;17;4;3;1;5;0;1;1;0;0;0;0;0;499557,014000000020000;5282540,651800000100000;8,994096065000065;47,696250576000068
50674;08;3;35;043;2018;07;15;4;3;5;2;0;1;1;0;0;0;0;0;514861,899199999990000;5280245,768600000100000;9,197994510000058;47,675431273000072
50675;08;4;37;088;2018;07;19;7;2;6;4;0;0;1;1;0;0;0;1;518180,982399999980000;5308513,412700000200000;9,243397091000077;47,929682246000027
50677;08;3;35;075;2018;07;19;4;2;8;1;0;1;0;0;0;0;0;0;493877,406699999990000;5283369,231100000400000;8,918389005000051;47,703676983000037
50685;08;1;19;067;2018;07;11;5;3;5;3;0;1;1;0;0;0;0;0;539427,910700000010000;5407325,770200000100000;9,537099129000069;48,817664071000081
50686;08;2;25;091;2018;07;18;2;2;6;4;0;1;0;1;0;0;0;0;524105,992600000000000;5476818,056099999700000;9,332538761000023;49,443548862000057
50690;08;4;21;000;2018;07;01;5;2;6;7;2;0;0;1;0;0;1;0;574243,964999999970000;5361160,366600000300000;10,003056731000072;48,399228555000036
50698;08;1;16;042;2018;07;09;6;3;6;4;0;0;1;1;0;0;0;0;517405,941500000020000;5381896,880300000300000;9,236041285000056;48,589913046000049
50702;08;1;21;000;2018;07;15;6;3;5;3;0;1;1;0;0;0;0;0;516231,257300000000000;5444476,197599999600000;9,222594939000032;49,152892553000072
50709;08;3;17;057;2018;07;10;5;3;5;3;0;1;1;0;0;0;0;0;412031,795900000030000;5381017,983300000400000;7,807382139000026;48,576071809000041
50716;08;3;15;006;2018;07;11;5;3;8;1;0;1;0;0;0;0;0;0;402138,630799999980000;5310322,369300000400000;7,689645304000067;47,938740202000076
50726;08;4;36;079;2018;07;20;4;2;0;7;1;1;0;0;0;0;0;0;554815,424600000030000;5289589,522500000000000;9,731414076000021;47,757343199000047
50728;08;3;35;100;2018;07;15;5;3;4;6;0;1;0;0;0;0;0;0;487984,211699999990000;5286808,409799999600000;8,839741143000026;47,734538566000026
50738;08;4;35;034;2018;07;11;6;3;5;3;0;1;1;0;0;0;0;0;529776,966000000010000;5284668,003600000400000;9,396995545000038;47,714705205000030
50739;08;4;37;044;2018;07;16;1;2;0;1;0;1;0;0;0;0;0;0;533461,906100000020000;5325341,245900000400000;9,449277631000030;48,080464892000066
50740;08;4;35;067;2018;07;19;5;2;2;1;0;1;1;0;0;0;0;0;530401,682000000030000;5293271,183000000200000;9,405925778000039;47,792081905000032
50741;08;2;12;000;2018;07;22;4;3;4;6;2;1;0;0;0;0;0;0;455667,532300000020000;5432345,645100000300000;8,393372704000058;49,042392816000074
50746;08;2;12;000;2018;07;14;4;3;4;3;0;1;0;0;1;0;0;0;456401,912699999990000;5426647,833800000100000;8,404033283000047;48,991192802000057
50752;08;1;19;020;2018;07;18;5;3;5;2;0;1;1;0;0;0;0;0;519452,302700000000000;5409017,543499999700000;9,265070109000021;48,833829563000052
50754;08;4;26;021;2018;07;09;4;2;4;2;0;1;1;0;0;0;0;0;558927,097500000030000;5326815,361899999900000;9,791363970000077;48,091880976000027
50761;08;3;35;066;2018;07;17;7;3;0;3;0;1;0;0;1;0;0;0;509418,591499999980000;5281798,899199999900000;9,125510941000073;47,689508041000067
50765;08;2;26;056;2018;07;12;5;3;0;6;0;0;1;1;0;0;0;0;485050,281499999980000;5471340,488400000100000;8,793975980000027;49,394572880000055
50769;08;1;18;079;2018;07;14;5;2;5;3;0;1;1;0;0;0;0;0;510465,222200000020000;5424288,267199999700000;9,142998074000047;48,971417564000035
50771;08;1;19;008;2018;07;10;6;3;5;2;0;1;1;0;0;0;0;0;532033,571200000010000;5421753,376500000200000;9,437505174000023;48,947873444000038
50775;08;3;35;043;2018;07;13;5;2;3;6;0;1;0;0;0;0;0;0;512890,685699999970000;5279751,375799999600000;9,171718972000065;47,671025204000046
50776;08;2;35;046;2018;07;11;4;3;6;4;0;0;0;1;0;1;0;0;479035,555799999970000;5371298,917799999900000;8,716236004000052;48,494462376000058
50782;08;1;17;030;2018;07;11;2;3;4;2;0;1;1;0;0;0;0;0;547536,557799999950000;5389878,627899999700000;9,645538032000047;48,660151584000062
50784;08;2;12;000;2018;07;13;6;3;5;2;0;1;1;0;0;0;0;0;455182,981000000030000;5428481,207000000400000;8,387169709000034;49,007596914000032
50785;08;1;18;071;2018;07;08;7;3;5;3;0;1;1;0;0;0;0;1;508795,592799999980000;5419313,007600000100000;9,120076668000024;48,926687760000050
50788;08;1;16;011;2018;07;17;6;2;0;1;0;1;0;0;0;0;0;0;530494,415099999980000;5380124,287700000200000;9,413399714000036;48,573466147000033
50790;08;2;12;000;2018;07;00;1;3;0;1;2;1;0;0;0;0;0;1;454489,886500000020000;5428275,038900000000000;8,377715989000024;49,005691694000063
50798;08;4;35;057;2018;07;20;4;3;4;6;0;1;0;0;0;0;0;0;543260,082599999970000;5279325,366899999800000;9,576218875000052;47,665873688000033
50802;08;1;18;021;2018;07;12;1;2;8;1;0;1;0;0;0;0;0;0;521002,405000000030000;5426960,330799999600000;9,287116056000059;48,995185881000054
50803;08;2;35;066;2018;07;13;5;3;7;7;0;1;0;0;0;0;0;0;466536,875500000020000;5384217,104199999900000;8,546026302000030;48,610133503000043
50804;08;2;26;082;2018;07;11;4;3;5;3;0;1;1;0;0;0;0;0;480275,689100000020000;5481123,955099999900000;8,727690573000075;49,482437520000076
50807;08;3;36;091;2018;07;19;5;3;5;3;0;1;1;0;0;0;0;0;395222,536800000000000;5271319,840599999800000;7,606469910000044;47,586823404000029
50812;08;4;35;052;2018;07;15;1;3;6;6;0;1;0;1;0;0;0;0;521592,588899999970000;5291347,285899999600000;9,288212189000035;47,775127483000063
50820;08;1;21;000;2018;07;13;6;2;6;4;0;0;1;1;0;0;0;0;511681,507300000000000;5440718,121299999800000;9,160091215000023;49,119190693000064
50824;08;1;35;031;2018;07;21;2;3;1;7;1;1;1;0;0;0;0;0;595480,976000000020000;5379488,186999999900000;10,294094125000072;48,561212997000041
50827;08;4;26;021;2018;07;17;1;3;6;1;0;0;1;1;0;0;0;1;559043,252100000040000;5326582,801099999800000;9,792891555000040;48,089778064000029
50840;08;1;16;020;2018;07;10;4;2;6;4;0;0;1;1;0;0;0;0;526573,740600000020000;5382316,962600000200000;9,360390199000051;48,593370203000063
50841;08;2;36;065;2018;07;21;7;3;4;6;2;1;1;0;0;0;0;0;489092,631799999970000;5415618,769999999600000;8,851192370000035;48,893421790000048
50855;08;2;26;056;2018;07;10;7;3;0;7;0;1;0;0;0;0;0;0;489844,560400000020000;5471702,558799999800000;8,860037052000052;49,397928543000035
50864;08;2;31;000;2018;07;11;6;3;6;4;0;0;1;1;0;0;0;0;477646,533700000030000;5415252,481599999600000;8,695056687000033;48,889819561000081
50880;08;2;35;006;2018;07;18;4;3;0;7;0;1;0;0;0;0;0;0;472125,754299999970000;5382259,913900000000000;8,621976710000070;48,592800443000044
50882;08;2;22;000;2018;07;10;7;3;3;6;0;1;1;0;0;0;0;0;462014,338899999970000;5481595,562099999700000;8,475541592000070;49,485811204000072
50885;08;2;26;041;2018;07;18;4;2;3;2;0;1;1;0;0;0;0;0;476245,966100000020000;5463983,094999999700000;8,673083257000030;49,328113971000050
50891;08;4;35;016;2018;07;17;5;3;5;2;0;1;1;0;0;0;0;0;536948,766599999970000;5280403,509100000400000;9,492247623000026;47,675965515000030
50906;08;2;12;000;2018;07;04;4;3;1;5;2;1;1;0;0;0;0;0;455178,579099999970000;5428426,635400000000000;8,387115545000029;49,007105718000048
50920;08;1;19;079;2018;07;12;6;3;0;1;0;1;0;0;0;0;0;0;524451,556400000000000;5407599,117100000400000;9,333107624000036;48,820893022000064
50922;08;3;35;079;2018;07;15;5;2;5;3;0;1;1;0;0;0;0;0;501063,213500000010000;5300092,570600000200000;9,014213043000041;47,854173962000061
50933;08;1;11;000;2018;07;06;5;2;4;6;0;1;0;0;0;0;1;0;518930,200300000030000;5404719,071200000100000;9,257757359000038;48,795177435000028
50947;08;2;22;000;2018;07;16;6;3;5;3;0;1;1;0;0;0;0;0;466006,818800000010000;5475190,445100000100000;8,531212531000051;49,428436517000080
50959;08;1;16;049;2018;07;15;4;3;5;3;0;1;0;0;0;0;1;0;525537,776599999980000;5387092,812300000300000;9,346634838000057;48,636377125000081
50961;08;1;11;000;2018;07;08;4;3;5;2;0;1;1;0;0;0;0;0;512731,472000000010000;5405449,055999999900000;9,173377378000055;48,801902137000070
50965;08;4;25;033;2018;07;23;7;3;0;1;2;1;0;0;0;0;0;0;553331,233099999950000;5347288,702700000300000;9,718791167000063;48,276555983000037
50969;08;4;35;036;2018;07;15;3;3;8;1;0;1;0;0;0;0;0;0;517847,108100000010000;5284553,673100000200000;9,237940266000067;47,714116517000036
50975;08;4;35;015;2018;07;15;4;3;2;6;0;1;1;0;0;0;0;0;520403,902300000020000;5295827,586100000000000;9,272556831000031;47,815477313000031
50976;08;1;18;079;2018;07;16;5;3;5;3;0;1;0;0;0;0;1;0;505835,186999999980000;5421019,326000000400000;9,079685943000072;48,942072301000053
50977;08;3;35;063;2018;07;17;5;3;5;2;0;1;1;0;0;0;0;0;496891,965000000030000;5287935,690100000200000;8,958538898000029;47,744785784000044
50979;08;4;37;100;2018;07;14;6;3;5;3;0;1;1;0;0;0;0;0;537230,586400000030000;5317629,209800000300000;9,499205161000077;48,010872479000057
50983;08;4;26;090;2018;07;06;3;2;3;6;0;1;1;0;0;0;0;0;550450,018599999950000;5325289,587600000200000;9,677349366000044;48,078882034000060
50985;08;2;21;000;2018;07;16;5;3;3;6;0;1;1;0;0;0;0;0;477740,565400000020000;5473153,479899999700000;8,693139495000025;49,410657100000037
50992;08;4;35;057;2018;07;16;4;3;6;4;0;0;1;1;0;0;0;0;544147,392699999970000;5279794,661600000200000;9,588084528000024;47,670036081000035
51005;08;1;15;045;2018;07;15;6;3;2;6;0;1;1;0;0;0;0;0;500009,072999999970000;5395355,882000000200000;9,000123334000023;48,711234349000051
51014;08;3;35;079;2018;07;11;3;3;0;1;0;1;0;0;0;0;0;0;500911,310100000000000;5299701,852300000400000;9,012181574000067;47,850658739000039
51016;08;2;16;015;2018;07;10;6;3;3;2;0;1;1;0;0;0;0;0;450303,509599999990000;5405398,934600000300000;8,323261555000045;48,799595064000073
51018;08;1;36;065;2018;07;13;5;3;0;5;0;1;1;0;0;0;0;0;559255,435599999970000;5404593,841000000000000;9,806778167000061;48,791515547000074
51023;08;3;35;043;2018;07;07;3;3;0;7;0;1;0;0;0;0;0;0;514610,422299999980000;5280058,671099999900000;9,194638022000049;47,673753568000052
51029;08;3;26;052;2018;07;14;6;3;0;4;0;0;0;1;1;0;0;0;450332,874100000020000;5330609,330099999900000;8,332541814000024;48,126802120000036
51032;08;3;36;091;2018;07;12;3;3;0;7;0;1;0;0;0;0;0;0;394448,142600000020000;5273068,190600000300000;7,595752956000069;47,602424453000026
51034;08;4;36;064;2018;07;11;4;3;6;6;0;1;0;1;0;0;0;0;546165,076000000000000;5292318,019999999600000;9,616288100000077;47,782569067000054
51035;08;4;35;016;2018;07;09;5;3;0;1;0;1;0;0;0;0;0;0;536734,001300000000000;5281890,797500000300000;9,489511706000030;47,689359420000073
51051;08;2;16;017;2018;07;07;3;3;5;3;0;1;1;0;0;0;0;0;451549,159999999970000;5401006,090699999600000;8,340740634000042;48,760178165000070
51054;08;2;16;007;2018;07;14;3;2;0;1;0;1;0;0;0;0;0;0;443483,074199999970000;5391108,633100000200000;8,232352642000024;48,670467964000068
51061;08;2;15;108;2018;07;15;3;3;5;3;0;1;1;0;0;0;0;0;451298,845299999990000;5426280,762400000400000;8,334325252000042;48,987509592000038
51063;08;3;11;000;2018;07;15;7;3;5;3;0;1;1;0;0;0;0;0;412421,205299999970000;5318513,274299999700000;7,825626534000037;48,013908369000035
51070;08;4;36;081;2018;07;09;6;3;2;6;0;1;0;0;0;0;0;0;560350,609199999950000;5288900,638700000000000;9,805168435000041;47,750651122000079
51072;08;3;17;034;2018;07;08;3;3;6;6;0;1;0;1;0;0;0;0;426545,773300000000000;5362504,630500000000000;8,007375888000070;48,411412989000041
51075;08;4;15;061;2018;07;09;4;2;5;3;0;1;1;0;0;0;0;0;516047,360099999990000;5370535,853299999600000;9,217180117000055;48,487742410000067
51080;08;1;18;079;2018;07;16;5;3;0;7;0;1;0;0;0;0;0;0;509752,398999999980000;5422904,147500000000000;9,133224827000049;48,958978174000038
51085;08;1;19;090;2018;07;08;5;3;5;1;0;1;1;0;0;0;0;0;534096,432799999950000;5406827,154299999600000;9,464433350000036;48,813494212000080
51088;08;2;12;000;2018;07;08;6;3;5;3;0;1;1;0;0;0;0;0;455725,522600000030000;5431838,026300000000000;8,394221631000050;49,037830927000073
51089;08;4;15;061;2018;07;16;4;2;3;6;0;1;0;0;0;0;0;0;516170,351800000000000;5370471,071100000300000;9,218842129000052;48,487156454000058
51096;08;1;27;076;2018;07;17;3;3;0;7;0;1;0;0;0;0;0;0;550830,543799999980000;5439338,986399999800000;9,696416653000028;49,104795163000063
51099;08;2;12;000;2018;07;18;5;3;4;6;0;1;0;0;0;0;0;0;453219,926900000020000;5427197,382500000300000;8,360476401000028;48,995903162000047
51102;08;3;17;110;2018;07;21;6;3;5;2;1;1;1;0;0;0;0;0;429940,752900000020000;5381117,646099999500000;8,050124551000067;48,579226911000035
51117;08;1;18;007;2018;07;14;7;3;0;1;0;1;0;0;0;0;0;0;510806,955699999990000;5428168,846199999600000;9,147770739000066;49,006319834000067
51120;08;1;17;026;2018;07;14;3;3;5;3;0;1;1;0;0;0;0;0;550548,954000000030000;5392707,243599999700000;9,686788620000073;48,685359849000065
51132;08;1;16;056;2018;07;12;3;3;5;3;0;1;1;0;0;0;0;0;531206,633299999990000;5394869,386300000400000;9,424165379000044;48,706077035000078
51135;08;1;15;045;2018;07;18;3;3;6;4;0;0;1;1;0;0;0;0;497768,853000000000000;5396158,947300000100000;8,969666501000063;48,718454783000027
51139;08;1;19;079;2018;07;22;6;2;6;4;2;0;1;1;0;0;0;0;522644,962899999980000;5413710,409699999700000;9,308834390000072;48,875937008000051
51150;08;3;35;096;2018;07;14;4;3;5;3;0;1;1;0;0;0;0;0;508209,930999999980000;5303740,872999999700000;9,109819617000028;47,886947531000033
51157;08;1;36;028;2018;07;14;2;3;5;3;0;1;0;0;0;0;1;0;567706,553599999980000;5405034,012500000200000;9,921900290000053;48,794612038000025
51168;08;4;26;021;2018;07;14;2;3;4;2;0;1;1;0;0;0;0;0;559777,300700000020000;5328945,240700000000000;9,803079057000048;48,110962478000033
51170;08;2;37;004;2018;07;20;5;3;2;4;0;0;1;1;0;0;0;0;453889,515000000010000;5373349,832999999600000;8,375660797000023;48,511569905000044
51181;08;2;16;015;2018;07;15;6;2;6;4;0;0;1;1;0;0;0;0;448884,862800000000000;5406331,681499999900000;8,303828578000037;48,807870333000039
51185;08;1;16;049;2018;07;10;7;3;5;3;0;1;1;0;0;0;0;1;525802,132699999960000;5385809,378600000400000;9,350143089000028;48,624820465000028
51194;08;1;17;026;2018;07;22;5;2;4;2;2;1;1;0;0;0;0;0;549128,754599999990000;5393299,714399999900000;9,667564765000066;48,690802826000038
51195;08;3;35;043;2018;07;22;5;3;0;7;2;1;0;0;0;0;0;0;513332,138700000010000;5279398,981300000100000;9,177588856000057;47,667845525000075
51202;08;3;35;043;2018;07;12;6;3;0;7;0;1;0;0;0;0;0;0;508497,238599999980000;5287217,554800000000000;9,113338807000048;47,738275819000080
51227;08;1;18;060;2018;07;08;3;3;5;3;0;1;1;0;0;0;0;0;523744,311500000010000;5430138,869699999700000;9,324784966000038;49,023678928000038
51232;08;4;16;026;2018;08;22;6;3;6;6;2;1;0;1;0;0;0;0;504918,825699999990000;5363096,001100000000000;9,066482683000061;48,420995666000067
51261;08;4;26;128;2018;08;18;5;2;8;1;0;1;0;0;0;0;0;0;557913,488499999980000;5331582,699900000400000;9,778400491000070;48,134861728000033
51263;08;4;35;059;2018;07;10;2;3;5;3;0;1;1;0;0;0;0;0;513970,560999999990000;5291356,962000000300000;9,186476388000074;47,775424913000052
51264;08;2;21;000;2018;08;19;4;3;6;7;1;0;1;1;0;0;0;0;476982,460599999990000;5475263,254499999800000;8,682566321000024;49,429605939000055
51272;08;4;35;035;2018;08;16;4;3;5;2;0;1;1;0;0;0;0;0;541082,185100000000000;5280716,579199999600000;9,547341827000025;47,678532848000032
51275;08;4;16;048;2018;07;17;2;3;5;3;0;1;1;0;0;0;0;0;497352,135799999990000;5375381,269299999800000;8,964133727000046;48,531532942000069
51281;08;3;16;053;2018;08;18;6;2;5;3;0;1;1;0;0;0;0;0;406694,201000000000000;5342465,635499999900000;7,743606229000022;48,228545410000038
51285;08;4;15;061;2018;07;17;2;3;5;3;0;1;0;0;0;0;0;0;514792,063900000010000;5369982,290400000300000;9,200171832000024;48,482793154000035
51288;08;3;35;043;2018;08;18;4;3;0;7;0;1;0;0;0;0;0;0;512996,159099999990000;5284325,826799999900000;9,173260268000036;47,712182319000078
51296;08;3;17;065;2018;08;13;5;3;0;3;0;1;0;0;0;0;0;0;416347,094099999990000;5354436,692099999600000;7,871187635000069;48,337571776000061
51302;08;3;25;053;2018;07;17;2;2;0;1;0;1;0;0;0;0;0;0;455140,896300000020000;5342112,897800000400000;8,395936546000030;48,230649954000057
51307;08;4;15;053;2018;07;12;3;2;2;6;0;1;0;0;0;0;0;0;537677,246599999950000;5355068,595300000200000;9,508514228000024;48,347671707000075
51309;08;3;17;001;2018;08;20;4;3;5;3;0;1;1;0;0;0;0;0;432526,147300000010000;5387085,304499999600000;8,084202898000058;48,633190305000028
51314;08;2;12;000;2018;07;09;2;3;9;1;0;1;0;0;0;0;0;0;449228,512999999980000;5431775,770700000200000;8,305341554000052;49,036770105000073
51319;08;3;35;100;2018;07;18;3;3;6;6;0;0;1;1;0;0;0;0;487781,970199999980000;5286578,435499999700000;8,837050243000022;47,732465558000058
51321;08;2;22;000;2018;08;19;4;3;5;5;0;1;1;0;0;0;0;0;461032,732499999980000;5483685,967600000100000;8,461783282000056;49,504551004000064
51323;08;4;36;010;2018;08;16;5;1;5;3;0;1;1;0;0;0;0;0;561893,519300000040000;5300984,352900000300000;9,827475885000069;47,859216695000043
51327;08;4;15;061;2018;08;22;6;2;3;2;2;1;1;0;0;0;0;0;514351,594500000010000;5372918,361800000100000;9,194312182000033;48,509217308000075
51335;08;2;21;000;2018;07;13;2;3;4;2;0;1;1;0;0;0;0;0;477562,241600000010000;5472012,156200000100000;8,690745711000034;49,400384515000042
51341;08;2;15;100;2018;07;07;2;3;5;3;0;1;1;0;0;0;0;0;474564,652899999990000;5451902,123399999900000;8,650712619000046;49,219377624000060
51345;08;2;12;000;2018;07;10;2;3;5;3;0;1;1;0;0;0;0;0;456492,461000000010000;5423382,400000000400000;8,405620312000053;48,961826062000057
51346;08;4;26;078;2018;08;10;4;3;3;6;0;1;0;0;0;0;0;0;544840,719000000040000;5327034,260999999900000;9,602225880000049;48,094997321000051
51347;08;3;17;026;2018;07;19;2;3;0;7;0;1;0;0;0;0;0;0;412597,327600000020000;5344782,616600000300000;7,822597592000022;48,250227480000035
51366;08;3;17;031;2018;07;16;3;3;3;6;0;1;1;0;0;0;0;0;416653,095900000010000;5358401,475800000100000;7,874530715000049;48,373275019000062
51370;08;1;11;000;2018;08;15;7;3;5;3;0;1;1;0;0;0;0;0;514243,743399999980000;5406027,786799999900000;9,193991475000075;48,807075510000061
51385;08;1;25;027;2018;07;20;2;2;0;1;0;1;0;0;0;0;0;0;519310,462500000020000;5445961,132700000000000;9,264893851000068;49,166160822000052
51393;08;2;26;040;2018;07;07;3;3;5;3;0;1;1;0;0;0;0;0;475047,831999999990000;5494891,977199999600000;8,654645406000043;49,606082983000078
51394;08;2;26;060;2018;08;08;6;2;5;3;0;1;0;0;0;0;1;0;476722,621700000020000;5462829,365500000300000;8,679710474000046;49,317754577000073
51395;08;1;21;000;2018;07;15;2;3;5;3;0;1;1;0;0;0;0;0;516229,320300000020000;5444472,383100000200000;9,222568221000074;49,152858291000030
51397;08;2;21;000;2018;07;11;3;3;0;7;0;1;0;0;0;0;0;0;476987,288999999990000;5475244,141900000200000;8,682634017000055;49,429434207000043
51404;08;1;19;067;2018;07;10;2;3;5;3;0;1;0;0;0;0;1;0;539208,008700000010000;5405845,389499999600000;9,533962265000071;48,804361192000044
51406;08;1;19;008;2018;07;17;2;3;6;4;0;0;1;1;0;0;0;0;531346,294299999950000;5421859,122299999900000;9,428126961000032;48,948859894000066
51409;08;2;21;000;2018;08;10;5;3;1;7;0;1;1;0;0;0;0;0;477668,353000000000000;5473641,253399999800000;8,692116576000046;49,415041899000073
51413;08;1;11;000;2018;08;17;5;3;0;3;0;1;0;0;0;0;1;0;514369,597100000010000;5401859,001899999600000;9,195559736000064;48,769570657000031
51421;08;3;17;089;2018;08;17;6;3;1;5;0;1;1;0;0;0;0;0;431447,473999999990000;5376098,688000000100000;8,071376806000046;48,534247433000075
51437;08;1;11;000;2018;08;08;4;3;0;2;0;1;0;0;0;0;1;1;517760,028999999980000;5404552,575199999800000;9,241817029000060;48,793714189000070
51438;08;4;35;016;2018;07;15;1;3;3;6;0;1;0;0;0;0;0;0;531666,034600000010000;5279519,633899999800000;9,421806801000059;47,668293224000081
51441;08;4;35;036;2018;07;20;1;2;0;1;0;1;0;0;0;0;0;0;519706,751500000010000;5282628,075500000300000;9,262646000000075;47,696736759000032
51452;08;4;16;041;2018;07;22;1;3;0;2;2;1;1;0;0;0;0;0;505228,275499999990000;5373204,336900000500000;9,070791555000028;48,511932280000053
51460;08;1;19;091;2018;08;18;5;3;1;5;0;1;1;0;0;0;0;0;528041,278799999970000;5407611,158599999700000;9,382010770000022;48,820849666000072
51466;08;1;15;028;2018;08;22;6;3;0;7;2;1;0;0;0;0;0;0;501030,398099999990000;5403856,998900000000000;9,014028017000044;48,787709623000069
51474;08;4;36;008;2018;08;07;6;2;4;6;0;1;0;0;0;0;1;0;551490,224300000000000;5313772,590400000100000;9,689930015000073;47,975186310000026
51477;08;1;36;075;2018;07;20;3;2;0;1;0;1;0;0;0;0;0;0;598192,770099999970000;5420708,432199999700000;10,340664749000041;48,931511131000036
51480;08;1;18;079;2018;08;12;5;3;4;6;0;1;0;0;0;0;0;0;506581,303799999990000;5421721,601599999700000;9,089886328000034;48,948382267000056
51482;08;3;17;096;2018;07;04;1;3;8;7;2;1;0;0;0;0;0;0;423787,451799999980000;5370685,340200000400000;7,968618314000025;48,484671117000062
51485;08;4;21;000;2018;07;07;3;3;4;6;0;1;0;0;0;0;0;0;569227,121799999960000;5364850,931200000500000;9,935896683000067;48,432997288000081
51496;08;2;21;000;2018;08;09;6;3;0;7;0;1;0;0;0;0;0;0;476564,144499999990000;5472526,329300000300000;8,676959062000037;49,404971810000063
51498;08;1;16;004;2018;08;14;5;3;5;3;0;1;1;0;0;0;0;0;528287,334099999980000;5396524,001899999600000;9,384600231000036;48,721100972000045
51502;08;2;16;043;2018;08;14;4;3;5;2;0;1;1;0;0;0;0;0;440551,890499999980000;5412796,907300000100000;8,189409449000038;48,865283619000081
51505;08;4;35;057;2018;08;10;5;3;3;6;0;1;0;0;0;0;0;0;549872,256900000040000;5273498,483699999700000;9,663622278000048;47,612972249000052
51510;08;2;22;000;2018;07;00;1;3;5;2;2;1;1;0;0;0;0;0;461899,488000000010000;5481351,587600000200000;8,473979455000062;49,483609581000053
51515;08;1;16;046;2018;08;09;7;3;4;2;0;1;1;0;0;0;0;0;527291,743999999950000;5378030,068400000200000;9,369846084000074;48,554774002000045
51516;08;1;11;000;2018;08;09;4;3;5;2;0;1;1;0;0;0;0;1;513020,288200000010000;5407046,954199999600000;9,177361151000071;48,816270643000053
51517;08;2;16;043;2018;07;22;1;3;1;5;2;1;1;0;0;0;0;0;441214,644299999990000;5412966,901399999900000;8,198420918000068;48,866875878000030
51519;08;2;15;103;2018;07;02;1;2;8;1;2;1;0;0;0;0;0;0;467724,138700000010000;5439963,339800000200000;8,557736307000027;49,111664975000053
51521;08;1;19;008;2018;08;11;7;3;4;7;0;1;1;0;0;0;0;0;531226,363800000050000;5421567,507799999800000;9,426466645000062;48,946242758000039
51532;08;1;36;002;2018;07;14;1;3;3;6;0;1;0;0;0;0;0;0;571101,057799999950000;5417702,862599999600000;9,970313156000032;48,908183875000077
51542;08;1;18;012;2018;08;21;5;3;6;4;0;1;0;1;0;0;0;0;497428,777400000020000;5414225,547700000000000;8,964929893000033;48,880979326000045
51544;08;1;27;023;2018;07;15;1;2;8;1;0;1;0;0;0;0;0;0;548888,564299999970000;5425567,720900000100000;9,668150432000061;48,981080955000039
51556;08;2;36;061;2018;08;08;6;3;5;3;0;1;1;0;0;1;0;0;489554,266599999970000;5433176,807699999800000;8,857039473000043;49,051375388000054
51562;08;1;17;026;2018;07;10;1;3;6;4;0;1;0;1;0;0;0;0;547995,192999999970000;5394216,263000000300000;9,652269413000056;48,699135866000063
51564;08;3;35;043;2018;08;15;6;3;0;7;0;1;0;0;0;0;0;0;514332,885599999980000;5279834,184899999800000;9,190933370000039;47,671739931000047
51567;08;1;11;000;2018;08;18;6;3;5;3;0;1;1;0;0;0;0;0;513949,527100000010000;5403690,642900000300000;9,189905067000041;48,786057503000052
51568;08;1;16;019;2018;07;17;1;3;6;4;0;1;0;1;0;0;0;0;526081,297099999970000;5397010,852000000000000;9,354637928000045;48,725576823000040
51571;08;2;21;000;2018;08;19;5;3;8;1;0;1;0;0;0;0;0;0;482341,600800000010000;5477909,898400000300000;8,756355212000074;49,453591338000081
51573;08;1;15;003;2018;07;14;1;3;0;6;0;1;0;0;0;0;0;0;503298,534500000010000;5392686,545599999800000;9,044817390000048;48,687212046000070
51580;08;4;36;082;2018;07;16;7;3;5;3;0;1;1;0;0;0;0;0;547148,381000000050000;5295385,873999999800000;9,629747517000055;47,810099212000068
51588;08;3;36;050;2018;07;18;7;2;8;7;0;1;0;0;0;0;0;0;398506,431500000010000;5272290,470700000400000;7,649908112000048;47,596076766000067
51594;08;3;35;098;2018;07;00;7;3;0;1;2;1;0;0;0;0;0;0;501830,943900000010000;5294495,208599999500000;9,024452398000051;47,803810216000045
51598;08;3;35;043;2018;07;13;7;2;0;7;0;1;0;0;0;0;0;0;508493,303799999990000;5287218,293600000400000;9,113286338000023;47,738282518000062
51599;08;4;16;041;2018;08;17;5;3;3;2;0;1;1;0;0;0;0;0;503197,922000000020000;5373049,349399999700000;9,043299118000050;48,510551576000069