OBJECTID_1;ULAND;UREGBEZ;UKREIS;UGEMEINDE;UJAHR;UMONAT;USTUNDE;UWOCHENTAG;UKATEGORIE;UART;UTYP1;ULICHTVERH;IstRad;IstPKW;IstFuss;IstKrad;IstGkfz;IstSonstig;STRZUSTAND;LINREFX;LINREFY;XGCSWGS84;YGCSWGS84
51603;08;3;17;096;2018;07;09;7;3;0;7;0;1;0;0;0;0;0;0;422970,353899999990000;5368370,172399999600000;7,957989013000031;48,463746688000072
51614;08;2;25;116;2018;08;14;7;2;6;4;0;0;1;1;0;0;0;0;499198,949000000020000;5469402,639299999900000;8,988964479000060;49,377324930000043
51619;08;1;35;019;2018;08;21;1;2;1;1;0;1;1;0;0;0;0;0;584690,435999999990000;5391504,424200000200000;10,150331113000050;48,670842637000078
51623;08;3;17;096;2018;08;11;6;3;3;6;0;1;0;0;0;1;0;0;422940,885899999990000;5368411,340699999600000;7,957582873000035;48,464113386000065
51641;08;1;19;091;2018;08;00;1;3;3;6;2;1;0;0;0;0;1;0;526095,115600000020000;5406832,482400000100000;9,355448905000060;48,813929712000061
51653;08;1;16;041;2018;08;16;1;2;0;1;0;1;0;0;0;0;0;0;519651,385200000020000;5383219,435399999800000;9,266553918000057;48,601744514000075
51654;08;1;16;033;2018;08;17;2;3;5;3;0;1;1;0;0;0;0;0;532532,422099999970000;5388745,453200000300000;9,441703241000027;48,650919285000043
51660;08;2;22;000;2018;08;21;7;3;6;2;2;0;1;1;0;0;0;0;460832,295900000030000;5482331,091199999700000;8,459149297000067;49,492351744000075
51669;08;4;25;141;2018;08;21;6;3;5;2;1;1;1;0;0;0;0;0;567045,859999999990000;5363576,046000000100000;9,906207699000049;48,421765238000035
51692;08;4;17;054;2018;08;18;7;2;0;1;0;1;0;0;0;0;0;0;477229,966000000010000;5345332,139999999700000;8,693203674000074;48,260790360000044
51700;08;3;17;089;2018;08;07;3;3;0;7;0;1;0;0;0;0;0;0;426706,943299999980000;5377307,938299999600000;8,006957810000074;48,544588785000030
51712;08;1;19;044;2018;08;16;4;3;5;3;0;1;1;0;0;0;0;0;544141,841200000020000;5424802,800900000100000;9,603198831000043;48,974557833000063
51716;08;4;35;059;2018;08;16;7;2;6;4;0;0;1;1;0;0;0;0;513861,049999999990000;5291293,432900000400000;9,185012637000057;47,774855675000026
51718;08;1;15;003;2018;08;02;7;3;4;6;2;1;0;0;0;0;0;0;502698,257999999970000;5390888,696999999700000;9,036649663000048;48,671041272000082
51723;08;2;12;000;2018;08;15;5;3;2;6;0;1;1;0;0;0;0;1;462801,159700000020000;5426283,460300000400000;8,491537617000063;48,988333835000049
51736;08;2;37;002;2018;08;15;1;3;3;6;0;1;1;0;0;0;0;0;458947,140200000020000;5354365,071000000500000;8,445997235000050;48,341132232000064
51747;08;2;36;040;2018;08;07;4;3;4;2;0;1;1;0;0;0;0;1;488120,082100000000000;5421636,724600000300000;8,837748813000076;48,947539651000056
51758;08;3;35;043;2018;08;03;3;2;0;7;2;1;0;0;0;0;0;0;512231,757300000000000;5279570,199300000400000;9,162936241000068;47,669407838000041
51761;08;1;17;029;2018;08;08;5;2;5;3;0;1;0;0;0;1;0;0;542429,440199999950000;5390607,997600000400000;9,576262957000040;48,667080535000025
51763;08;1;28;020;2018;08;06;4;3;6;7;0;0;1;1;0;0;0;0;582540,538399999960000;5471316,650799999900000;10,137382975000037;49,388947345000076
51764;08;1;15;021;2018;08;13;2;3;5;3;0;1;1;0;0;0;0;0;490214,505799999980000;5382564,445100000100000;8,867283171000054;48,596084065000070
51765;08;1;27;025;2018;08;00;5;3;8;1;2;1;0;0;0;0;0;0;555237,322599999960000;5429364,767400000200000;9,755426566000040;49,014699674000042
51787;08;2;26;037;2018;08;15;3;3;5;3;0;1;1;0;0;0;0;0;465053,267899999980000;5468076,376600000100000;8,518688653000027;49,364393710000058
51791;08;1;26;056;2018;08;17;7;3;1;5;0;1;1;0;0;0;0;0;561065,180900000040000;5464236,169200000400000;9,840412739000044;49,327797243000077
51793;08;1;36;065;2018;08;14;2;2;5;3;0;1;0;0;0;1;0;0;559811,920799999960000;5404326,343299999800000;9,814315122000039;48,789056117000030
51798;08;4;35;052;2018;08;17;4;3;5;3;0;1;1;0;0;0;0;0;521918,937199999990000;5291517,797100000100000;9,292576749000034;47,776650624000069
51800;08;3;27;002;2018;08;20;6;2;6;2;0;0;1;1;0;0;0;0;478978,330499999980000;5326927,194699999900000;8,717670900000030;48,095265231000042
51805;08;1;11;000;2018;08;17;7;3;5;3;0;1;1;0;0;0;0;0;513044,204700000000000;5406959,848399999600000;9,177684168000042;48,815486549000070
51806;08;3;36;090;2018;08;21;2;3;0;7;0;1;0;0;0;0;0;0;418653,628199999980000;5295143,669200000400000;7,913592119000043;47,804506200000048
51807;08;2;22;000;2018;08;10;3;3;0;7;0;1;0;0;0;0;0;0;462180,089500000000000;5480547,070700000000000;8,477930240000035;49,476390911000067
51809;08;1;19;008;2018;08;09;2;3;5;2;0;1;1;0;0;0;0;0;532166,379800000000000;5421031,915500000100000;9,439262015000054;48,941376693000052
51811;08;2;16;022;2018;08;10;3;3;2;6;0;1;1;0;0;0;0;0;435127,239899999990000;5404856,237099999600000;8,116708150000022;48,793315104000044
51824;08;3;17;065;2018;08;15;7;3;9;7;0;1;0;0;0;0;0;0;415513,688900000010000;5352409,691800000100000;7,860350329000028;48,319228236000072
51832;08;1;36;088;2018;08;20;5;2;2;6;0;1;0;0;0;0;0;0;586273,264800000000000;5411027,567099999600000;10,175917691000052;48,846219165000036
51833;08;4;26;066;2018;08;11;7;3;0;2;0;1;1;0;0;0;0;0;583771,702999999980000;5323722,578999999900000;10,124352519000070;48,061278605000041
51837;08;2;26;085;2018;08;13;7;3;6;1;0;0;1;1;0;0;0;0;490967,659700000020000;5455633,315999999600000;8,875879509000072;49,253402032000054
51838;08;3;17;001;2018;08;12;7;3;0;1;0;1;0;0;0;0;0;0;432457,325399999970000;5384874,324599999900000;8,083629057000053;48,613294989000053
51842;08;3;35;063;2018;08;01;5;3;0;1;2;1;0;0;0;0;0;0;496771,468999999980000;5287713,927000000100000;8,956933131000028;47,742789859000027
51846;08;3;17;089;2018;08;20;7;3;5;2;0;1;0;0;0;0;0;0;427478,847200000020000;5377689,965099999700000;8,017348137000056;48,548114843000064
51848;08;4;35;016;2018;08;17;6;3;0;7;0;1;0;0;0;0;0;0;536170,133799999950000;5278631,849100000200000;9,481728018000069;47,660069228000054
51854;08;1;18;046;2018;08;16;5;3;5;3;0;1;1;0;0;0;0;1;514645,841900000000000;5412678,278500000000000;9,199705461000065;48,866892773000075
51856;08;2;12;000;2018;08;07;4;3;0;1;0;1;0;0;0;0;0;0;455162,963700000020000;5428250,392900000300000;8,386921498000049;49,005519267000068
51857;08;3;17;089;2018;08;18;7;3;3;6;0;1;0;0;0;0;1;0;431986,027400000020000;5375110,273400000300000;8,078832438000063;48,525415066000051
51860;08;3;15;052;2018;08;16;7;2;0;7;0;1;0;0;0;0;0;0;432367,263099999980000;5309899,243999999900000;8,094406355000047;47,938838449000059
51870;08;4;36;069;2018;08;19;1;3;3;6;0;1;0;0;0;0;0;0;550190,077799999970000;5291156,067699999500000;9,669882567000059;47,771814012000050
51877;08;4;17;002;2018;08;17;2;3;5;3;0;1;1;0;0;0;0;0;494320,531800000000000;5344783,284699999700000;8,923483454000063;48,256236229000081
51880;08;1;28;007;2018;08;07;2;2;5;3;0;1;1;0;0;0;0;0;560404,393999999970000;5480699,668700000300000;9,833823235000068;49,475936324000031
51888;08;3;15;102;2018;08;17;6;2;0;1;0;1;0;0;0;0;0;0;438355,788000000000000;5294300,633999999600000;8,176808302000040;47,799110421000080
51890;08;4;37;053;2018;08;14;3;3;0;7;0;1;0;0;0;0;0;0;531277,574600000050000;5319131,152400000000000;9,419496418000051;48,024704455000062
51893;08;2;15;108;2018;08;11;6;3;1;3;0;1;1;0;0;0;0;0;448070,109699999970000;5422415,620500000200000;8,290689880000059;48,952479686000061
51907;08;1;19;044;2018;08;14;1;2;4;6;0;1;0;0;0;0;1;0;541807,373000000020000;5430635,264999999700000;9,571900398000025;49,027184198000043
51910;08;1;36;065;2018;08;19;1;3;0;7;0;1;0;0;0;0;0;0;555290,536300000040000;5406782,820899999700000;9,753094824000073;48,811570942000060
51913;08;4;35;036;2018;08;11;3;3;0;7;0;1;0;0;0;0;0;1;519862,059000000010000;5282410,301000000000000;9,264705954000021;47,694772562000026
51915;08;2;31;000;2018;08;14;7;3;0;1;0;1;0;0;0;0;0;0;477329,934000000010000;5416439,534000000000000;8,690671861000055;48,900486367000042
51917;08;4;35;036;2018;08;19;6;2;4;2;0;1;1;0;0;0;0;0;520507,769900000010000;5282443,504900000100000;9,273312945000043;47,695051142000068
51920;08;1;19;089;2018;08;11;3;2;0;1;0;1;0;0;0;0;0;0;532394,206200000020000;5410484,998399999900000;9,441536793000068;48,846489853000037
51922;08;1;16;078;2018;08;06;2;3;5;3;0;1;1;0;0;0;0;0;509665,217000000000000;5393297,436999999900000;9,131336026000042;48,692641546000061
51925;08;4;36;082;2018;08;11;7;3;4;6;0;1;0;0;0;0;0;0;547438,365100000050000;5294465,751400000400000;9,633519835000072;47,801799610000046
51928;08;1;18;076;2018;08;15;2;2;6;7;0;0;1;1;0;0;0;0;504907,516400000020000;5422926,516300000300000;9,067040566000060;48,959236845000078
51933;08;4;25;020;2018;08;14;1;2;0;1;0;1;0;0;0;0;0;0;563186,758000000030000;5363631,286000000300000;9,854061703000070;48,422661084000026
51936;08;3;35;079;2018;08;14;3;3;0;1;0;1;0;0;0;0;0;0;499727,929400000020000;5297344,268000000200000;8,996364687000039;47,829447107000078
51941;08;4;21;000;2018;08;21;5;3;0;1;2;1;0;0;0;0;0;0;569505,539800000030000;5358131,463999999700000;9,938547393000022;48,372522698000068
51944;08;1;11;000;2018;08;11;2;3;5;3;0;1;1;0;0;0;0;0;514961,690000000000000;5404574,626000000200000;9,203716479000036;48,793986191000045
51947;08;1;36;088;2018;08;08;4;3;0;3;0;1;0;0;0;0;1;0;580603,701200000010000;5411356,833100000400000;10,098720852000042;48,849942864000070
51950;08;1;35;019;2018;08;16;7;2;7;1;0;1;0;0;0;0;0;0;584702,074000000020000;5391572,616999999600000;10,150503122000032;48,671454406000066
51959;08;3;17;065;2018;08;14;5;3;5;3;0;1;1;0;0;0;0;0;414210,743900000000000;5354515,374099999700000;7,842349740000032;48,337993025000060
51960;08;3;15;020;2018;08;09;2;3;5;2;0;1;1;0;0;0;0;0;426046,092500000030000;5312429,909400000200000;8,009344196000029;47,960905584000045
51968;08;4;25;112;2018;08;19;6;2;0;1;0;1;0;0;0;0;0;0;583648,336400000030000;5378788,058600000100000;10,133615646000067;48,556606316000057
51975;08;4;35;034;2018;08;16;2;3;6;4;0;0;1;1;0;0;0;0;529974,336499999980000;5283902,073200000500000;9,399574201000064;47,707804672000066
51986;08;1;11;000;2018;08;16;4;2;5;3;0;1;0;0;0;0;1;0;516849,323800000010000;5406649,419700000400000;9,229503205000071;48,812602440000035
51989;08;1;15;002;2018;08;09;7;2;6;2;0;0;1;1;0;0;0;0;500205,686099999990000;5386832,581600000200000;9,002791760000036;48,634557600000051
51990;08;3;36;107;2018;08;19;2;3;5;2;0;1;1;0;0;0;0;0;409805,534800000020000;5282508,971099999700000;7,798068351000040;47,689670446000036
51993;08;2;16;039;2018;08;15;5;2;5;3;0;1;1;0;0;0;0;0;445666,947900000030000;5414758,779099999900000;8,258887576000063;48,883399968000049
51995;08;4;36;064;2018;08;19;4;2;4;6;0;1;0;0;0;0;0;0;545280,108600000040000;5290172,317099999600000;9,604251083000065;47,763326906000032
52027;08;2;15;097;2018;08;10;1;3;0;1;0;1;0;0;0;0;0;0;476220,666199999980000;5443099,877500000400000;8,673973700000033;49,140266285000052
52029;08;1;16;041;2018;08;09;5;3;6;4;0;0;1;1;0;0;0;0;519720,257300000000000;5384079,988599999800000;9,267528984000023;48,609484002000045
52039;08;1;21;000;2018;08;12;7;3;5;3;0;1;1;0;0;0;0;0;515944,903899999980000;5442361,341900000300000;9,218584240000041;49,133876239000074
52041;08;2;16;007;2018;08;11;7;1;6;4;0;0;1;1;0;0;0;0;434689,922700000000000;5397268,643299999600000;8,111958480000055;48,725019593000070
52058;08;1;19;067;2018;08;16;4;3;6;1;0;1;0;1;0;0;0;0;539211,632800000020000;5405840,777700000400000;9,534011178000071;48,804319478000082
52068;08;1;16;054;2018;08;10;4;3;0;1;0;1;0;0;0;0;0;0;532864,067400000060000;5381343,034300000400000;9,445619456000031;48,584310188000075
52069;08;2;15;084;2018;08;16;2;3;5;7;0;1;1;0;0;0;0;0;472078,246400000000000;5446784,416899999600000;8,616924822000044;49,173235013000067
52071;08;1;16;078;2018;08;08;4;3;5;3;0;1;1;0;0;0;0;0;512013,158200000010000;5393143,805300000100000;9,163236490000031;48,691218678000041
52078;08;2;12;000;2018;08;16;6;3;5;3;0;1;1;0;0;0;0;0;455673,106000000030000;5427590,817099999600000;8,393968504000043;48,999623161000045
52080;08;4;26;021;2018;08;14;5;3;3;2;0;1;1;0;0;0;0;0;558427,718299999950000;5327131,438500000200000;9,784701455000061;48,094770449000066
52081;08;4;15;059;2018;08;17;4;3;5;3;0;1;1;0;0;0;0;0;516326,144600000000000;5368378,780199999900000;9,220868817000053;48,468329404000031
52091;08;4;35;016;2018;08;14;3;3;5;2;0;1;1;0;0;0;0;1;536299,830100000020000;5278924,522599999800000;9,483479613000043;47,662695263000046
52100;08;1;25;013;2018;08;10;5;3;1;3;0;1;1;0;0;0;0;0;504759,997900000020000;5435726,078599999700000;9,065175497000041;49,074377542000036
52104;08;1;16;056;2018;08;00;2;3;5;2;2;1;0;0;1;0;0;0;529887,104300000010000;5395570,820399999600000;9,406281414000034;48,712451658000077
52113;08;4;16;036;2018;08;20;3;2;8;6;0;1;0;0;1;0;0;0;496481,190000000000000;5368665,131600000000000;8,952393071000074;48,471107629000073
52119;08;3;17;089;2018;08;08;5;3;0;7;0;1;0;0;0;0;0;0;430650,408100000000000;5376451,317599999700000;8,060522440000057;48,537331792000032
52127;08;3;35;098;2018;08;19;1;2;6;7;0;0;1;1;0;0;0;0;504371,303000000010000;5296114,834400000100000;9,058395411000049;47,818370527000070
52130;08;1;16;019;2018;08;11;6;3;5;3;0;1;1;0;0;0;0;0;526118,769899999960000;5395867,408400000100000;9,355075041000021;48,715288970000074
52132;08;3;16;056;2018;08;11;3;2;3;6;0;1;0;0;1;0;0;0;424130,075799999990000;5327201,186999999900000;7,981066180000028;48,093559692000042
52133;08;2;16;023;2018;08;11;1;2;5;3;0;1;1;0;0;0;0;0;439937,262999999980000;5409457,430999999900000;8,181519512000023;48,835186041000043
52139;08;3;36;069;2018;08;15;4;3;0;7;0;1;0;0;0;0;0;0;408564,889800000000000;5267611,310200000200000;7,784649913000067;47,555480467000052
52145;08;4;15;061;2018;08;15;1;2;0;7;0;1;0;0;0;0;0;0;515529,019099999980000;5370763,150200000000000;9,210173546000021;48,489800276000040
52147;08;1;27;076;2018;08;12;1;3;0;1;0;1;0;0;0;0;0;0;553233,383900000020000;5440175,593700000100000;9,729444944000022;49,112116928000034
52151;08;3;35;075;2018;08;20;4;3;8;1;1;1;0;0;0;0;0;0;488620,683200000030000;5288017,895399999800000;8,848198328000024;47,745432531000063
52152;08;1;11;000;2018;08;05;3;3;5;2;1;1;0;0;1;0;0;0;513294,166600000000000;5396496,472699999800000;9,180750907000061;48,721353405000059
52154;08;2;15;017;2018;08;22;5;3;5;3;2;1;1;0;0;0;0;0;458174,917299999970000;5420450,176900000300000;8,428905129000043;48,935566118000054
52169;08;1;18;050;2018;08;14;1;3;5;7;0;1;0;0;0;0;0;0;504349,145499999980000;5420506,261199999600000;9,059386938000046;48,937469155000031
52175;08;2;15;102;2018;08;13;3;3;5;3;0;1;0;0;0;0;0;0;455943,307600000000000;5437254,990799999800000;8,396611647000043;49,086572235000062
52176;08;3;17;001;2018;08;07;3;2;5;3;0;1;1;0;0;0;0;0;432459,559100000010000;5389377,496799999800000;8,082925483000054;48,653801437000027
52181;08;3;15;095;2018;08;13;1;2;9;1;0;1;0;0;1;0;0;0;427519,855800000020000;5319697,218799999900000;8,027855847000069;48,026450155000077
52190;08;1;19;068;2018;08;22;3;2;0;1;2;1;0;0;0;0;0;0;525904,201200000010000;5413569,408599999700000;9,353274466000073;48,874540999000033
52197;08;1;18;010;2018;08;11;2;3;0;7;0;1;0;0;0;0;0;0;507042,548400000030000;5431995,982400000100000;9,096364023000035;49,040801532000046
52201;08;2;35;073;2018;08;13;1;3;4;2;0;1;1;0;0;0;0;0;478659,121999999970000;5408130,175099999600000;8,709241420000069;48,825784962000057
52212;08;4;21;000;2018;08;20;7;3;5;3;1;1;1;0;0;0;0;0;574255,299000000000000;5361140,877999999600000;10,003206385000055;48,399051917000065
52220;08;1;11;000;2018;08;20;3;3;5;3;1;1;1;0;0;0;0;0;514828,592999999990000;5403428,413999999900000;9,201862895000033;48,783678180000038
52221;08;1;15;028;2018;08;18;2;3;5;3;0;1;1;0;0;0;0;0;501925,570100000010000;5407108,408800000300000;9,026230289000068;48,816956937000043
52230;08;1;11;000;2018;08;16;3;3;0;1;0;1;0;0;0;0;0;0;513350,073199999980000;5402463,895600000400000;9,181704470000057;48,775034945000073
52231;08;3;35;043;2018;08;23;4;3;0;1;2;1;0;0;0;0;0;0;511852,619499999970000;5282999,649100000000000;9,157979000000069;47,700271886000053
52235;08;4;35;016;2018;08;14;4;3;0;7;0;1;0;0;0;0;0;0;536636,274399999990000;5279297,587299999800000;9,487991852000050;47,666032902000040
52236;08;4;36;049;2018;08;16;2;3;0;1;0;1;0;0;0;0;0;0;577529,925999999980000;5287766,561999999900000;10,034130108000056;47,738612211000031
52245;08;1;17;026;2018;08;06;1;2;0;1;0;1;0;0;0;0;0;0;547821,186200000000000;5396429,898000000000000;9,650161260000061;48,719061968000062
52252;08;4;35;020;2018;08;10;2;3;0;7;0;1;0;0;0;0;0;0;524620,013900000020000;5300668,302000000100000;9,329150430000027;47,858883135000042
52253;08;4;35;057;2018;08;13;2;3;0;1;0;1;0;0;0;0;0;0;548308,498499999990000;5273613,496899999700000;9,642828273000021;47,614125529000034
52258;08;3;35;025;2018;08;19;1;2;5;7;0;1;1;0;0;0;0;0;498602,037000000010000;5280858,047199999900000;8,981373916000052;47,681109683000045
52262;08;4;16;050;2018;08;18;5;2;5;3;0;1;1;0;0;0;0;0;488585,229799999970000;5363359,304600000400000;8,845711418000064;48,423280253000030
52264;08;3;17;065;2018;08;17;4;3;0;7;0;1;0;0;0;0;0;0;417102,143999999970000;5354828,136400000200000;7,881297205000067;48,341192317000036
52266;08;2;16;007;2018;08;20;5;2;8;1;0;1;0;0;0;0;0;0;437393,493200000030000;5392523,263600000200000;8,149435080000046;48,682611923000081
52271;08;4;26;062;2018;08;16;2;3;8;1;0;1;0;0;0;0;0;0;554698,092900000050000;5319800,832499999600000;9,733678136000037;48,029152858000032
52277;08;4;36;009;2018;08;10;6;3;2;2;0;1;1;0;0;0;0;0;556745,207799999970000;5307662,576999999600000;9,759530867000024;47,919773215000077
52285;08;4;15;050;2018;08;16;2;3;0;7;0;1;0;0;0;0;0;0;521450,256300000010000;5375829,835599999900000;9,290572607000058;48,535207302000060
52294;08;3;36;091;2018;08;18;2;3;6;7;0;1;0;1;0;0;0;0;395534,652000000000000;5271923,826000000400000;7,610475930000064;47,592306713000028
52298;08;3;35;043;2018;08;13;2;3;0;7;0;1;0;0;0;0;0;0;514337,098600000030000;5279837,086699999900000;9,190989588000036;47,671765947000040
52299;08;1;19;038;2018;08;22;2;2;0;6;2;1;0;0;0;0;1;0;524341,117100000030000;5420988,646999999900000;9,332400330000041;48,941344907000030
52300;08;4;26;120;2018;08;10;6;2;0;1;0;1;0;0;0;0;0;0;562836,768599999950000;5323821,497800000000000;9,843422992000058;48,064574361000041
52301;08;3;35;043;2018;08;21;2;3;0;1;2;1;0;0;0;0;0;0;508495,447099999990000;5287217,891200000400000;9,113314918000071;47,738278869000055
52305;08;3;35;077;2018;08;22;2;2;0;7;2;1;0;0;0;0;0;0;494102,585299999980000;5293673,373499999800000;8,921250780000037;47,796391346000064
52306;08;3;15;095;2018;08;17;4;2;5;3;0;1;1;0;0;0;0;0;431915,658600000020000;5318584,723299999700000;8,086983554000028;48,016925879000041
52319;08;1;16;019;2018;08;19;6;3;0;7;0;1;0;0;0;0;0;0;523497,249399999970000;5397104,691399999900000;9,319507537000050;48,726523774000043
52326;08;2;12;000;2018;08;16;4;2;5;3;0;1;1;0;0;0;0;0;456363,569800000000000;5426329,626299999700000;8,403543351000053;48,988327771000058
52328;08;3;15;048;2018;08;10;5;2;0;1;0;1;0;0;0;0;0;0;397202,885000000010000;5309413,969300000000000;7,623792251000054;47,929796465000038
52329;08;3;15;109;2018;08;13;2;3;4;2;0;1;1;0;0;0;0;0;422670,481499999990000;5314826,408499999900000;7,963702128000023;47,982065032000037
52334;08;3;15;003;2018;08;07;2;2;5;3;0;1;1;0;0;0;0;1;411896,335199999970000;5311024,217400000400000;7,820126131000052;47,946469854000043
52354;08;2;15;017;2018;08;14;4;2;0;1;0;1;0;0;0;0;0;0;457295,820699999980000;5420579,347500000100000;8,416888735000043;48,936667986000032
52355;08;1;19;087;2018;08;19;7;3;5;3;0;1;1;0;0;0;0;0;527762,321000000000000;5426292,921000000100000;9,379480885000021;48,988915274000078
52359;08;3;17;026;2018;08;10;6;3;1;5;0;1;1;0;0;0;0;0;415589,307299999990000;5344216,450600000100000;7,863007099000072;48,245540404000053
52360;08;2;12;000;2018;08;18;4;3;3;6;0;1;0;0;0;0;1;0;460739,899900000020000;5425778,395899999900000;8,463412775000052;48,983663053000043
52373;08;2;16;007;2018;08;10;2;3;5;3;0;1;1;0;0;0;0;0;436955,920099999990000;5393806,926099999800000;8,143295093000063;48,694114552000030
52380;08;3;26;074;2018;08;15;5;3;5;2;0;1;1;0;0;0;0;0;460065,578600000010000;5323040,367800000100000;8,464037492000045;48,059391994000066
52383;08;4;35;024;2018;08;08;2;2;3;2;0;1;1;0;0;0;0;0;526322,071099999940000;5280819,983000000000000;9,350702539000054;47,680232761000070
52391;08;1;36;002;2018;08;08;2;3;0;1;0;1;0;0;0;0;1;0;571107,819099999960000;5422283,259999999800000;9,971204168000043;48,949381187000029
52393;08;1;35;025;2018;08;08;2;3;0;1;0;1;0;0;0;0;0;0;581082,445799999990000;5399427,324699999800000;10,102890558000070;48,742583351000064
52399;08;1;25;079;2018;08;16;6;2;5;3;0;1;1;0;0;0;0;0;511914,915800000020000;5454637,359299999700000;9,163702455000021;49,244393866000053
52412;08;1;19;004;2018;08;20;5;3;0;3;1;1;1;0;0;0;0;0;540254,960599999990000;5421258,955299999600000;9,549736799000073;48,942945474000055
52419;08;2;15;107;2018;08;11;1;3;2;6;0;1;0;0;0;0;0;0;461709,732900000000000;5457933,374800000300000;8,473614317000056;49,272959184000058
52426;08;3;35;100;2018;08;12;4;2;0;1;0;1;0;0;0;0;0;0;488797,162300000030000;5286064,196999999700000;8,850602868000067;47,727857080000035
52436;08;4;35;034;2018;08;10;5;3;5;3;0;1;0;0;1;0;0;0;528000,208300000060000;5284571,933000000200000;9,373301634000029;47,713920317000031
52439;08;3;35;025;2018;08;11;2;3;0;1;0;1;0;0;0;0;0;0;497974,440200000010000;5280394,090300000300000;8,973014138000053;47,676933479000070
52443;08;1;11;000;2018;08;22;2;3;0;6;2;1;0;1;0;0;0;0;513307,483100000010000;5404207,952399999800000;9,181181255000070;48,790725239000039
52446;08;2;25;014;2018;08;09;5;2;5;3;0;1;1;0;0;0;0;0;523530,731700000000000;5485779,287399999800000;9,325136548000046;49,524175124000067
52453;08;3;35;002;2018;08;16;1;3;2;2;0;1;1;0;0;0;0;0;505483,984999999990000;5284455,542000000400000;9,073112353000056;47,713456954000037
52457;08;4;25;141;2018;08;13;1;3;2;6;0;1;1;0;0;0;0;0;567097,582100000000000;5363510,724899999800000;9,906896243000062;48,421172142000046
52458;08;4;35;024;2018;08;17;2;3;0;7;0;1;0;0;0;0;0;0;532048,562099999980000;5279169,670599999800000;9,426876431000039;47,665125598000031
52471;08;4;26;071;2018;08;16;1;3;5;3;0;1;1;0;0;0;0;0;565531,158700000030000;5331835,434200000000000;9,880814731000044;48,136396323000042
52473;08;3;17;150;2018;08;18;1;2;5;3;0;1;1;0;0;0;0;0;408388,935999999990000;5356563,672000000300000;7,763362295000036;48,355599171000051
52488;08;2;31;000;2018;08;04;1;3;0;7;2;1;0;0;0;0;0;0;477768,547499999990000;5414943,110200000000000;8,696737990000031;48,887040949000038
52493;08;3;15;048;2018;08;09;5;2;0;1;0;1;0;0;0;0;0;1;397211,418899999990000;5309455,621299999800000;7,623896524000031;47,930172481000056
52505;08;4;36;003;2018;08;16;1;2;8;1;0;1;0;0;0;0;0;0;577816,854000000050000;5306219,318900000300000;10,041271259000041;47,904578391000030
52506;08;1;11;000;2018;08;17;5;2;5;3;0;1;1;0;0;0;0;0;517859,487700000000000;5404368,530000000300000;9,243163225000046;48,792055695000045
52507;08;4;36;009;2018;08;12;1;2;0;1;0;1;0;0;0;0;0;0;553926,129399999980000;5304996,663200000300000;9,721467448000055;47,896032360000049
52508;08;4;35;030;2018;08;20;1;3;3;6;1;1;0;0;0;0;0;0;541846,218600000020000;5271663,842600000100000;9,556654808000076;47,597033364000026
52509;08;3;15;003;2018;08;08;6;2;3;6;0;1;0;0;0;0;0;0;411929,913200000010000;5311081,265700000300000;7,820564029000025;47,946987643000057
52512;08;1;16;080;2018;08;05;6;3;5;3;1;1;1;0;0;0;0;0;519243,527000000000000;5394990,235999999600000;9,261568943000043;48,707648067000036
52514;08;3;26;074;2018;08;12;7;2;5;1;0;1;1;0;0;0;0;0;465640,802000000030000;5323214,900999999600000;8,538846194000030;48,061286892000055
52520;08;3;17;026;2018;08;02;1;3;9;1;2;1;0;0;0;0;0;0;414528,592000000000000;5344755,926000000000000;7,848613550000039;48,250250822000055
52523;08;3;25;072;2018;08;06;5;3;5;3;2;1;1;0;0;0;0;1;469546,706000000010000;5325781,671000000100000;8,591085098000065;48,084578155000031
52531;08;3;17;065;2018;08;16;5;3;8;7;0;1;0;0;0;0;0;0;417284,193199999980000;5355747,179700000200000;7,883572914000069;48,349482915000067
52535;08;3;16;042;2018;08;08;5;2;6;4;0;0;1;1;0;0;0;0;429720,277799999980000;5327885,470200000300000;8,056018978000054;48,100356500000032
52536;08;1;25;006;2018;08;13;5;3;0;1;0;1;0;0;0;0;0;0;504344,037499999980000;5454467,252500000400000;9,059682248000058;49,242964282000059
52537;08;4;37;100;2018;08;13;7;3;5;3;0;1;0;0;0;0;0;0;537063,387100000050000;5318560,271499999800000;9,497043862000055;48,019258798000067
52540;08;3;37;125;2018;08;10;2;2;4;6;0;1;1;0;0;0;0;0;447773,797000000020000;5270954,993999999900000;8,305360402000076;47,589902618000053
52561;08;1;16;019;2018;08;22;5;3;8;1;2;1;0;0;0;0;0;0;523908,391400000020000;5398676,567200000400000;9,325189194000075;48,740648558000032
52565;08;3;27;046;2018;08;19;2;3;6;4;0;0;1;1;0;0;0;0;480474,432800000010000;5324620,388899999700000;8,737869377000038;48,074558601000035
52567;08;4;35;016;2018;08;19;3;3;5;2;0;1;1;0;0;0;0;0;536199,148599999960000;5278281,704099999700000;9,482085433000066;47,656917208000038
52568;08;3;17;057;2018;08;15;5;3;0;7;0;1;0;0;0;0;0;0;411888,170300000000000;5380943,567800000300000;7,805451164000033;48,575382309000076
52587;08;3;36;091;2018;08;21;3;3;1;6;2;1;1;0;0;0;0;0;394224,455800000000000;5271580,539400000100000;7,593136785000070;47,589006408000046