OBJECTID_1;ULAND;UREGBEZ;UKREIS;UGEMEINDE;UJAHR;UMONAT;USTUNDE;UWOCHENTAG;UKATEGORIE;UART;UTYP1;ULICHTVERH;IstRad;IstPKW;IstFuss;IstKrad;IstGkfz;IstSonstig;STRZUSTAND;LINREFX;LINREFY;XGCSWGS84;YGCSWGS84
52590;08;1;11;000;2018;08;23;6;3;6;4;2;0;1;1;0;0;0;0;515814,844500000010000;5405505,737999999900000;9,215368695000052;48,802341237000064
52595;08;1;26;011;2018;08;18;1;2;0;7;0;1;0;0;0;0;0;0;529732,497399999990000;5445183,585500000000000;9,407798941000067;49,158750253000051
52603;08;1;19;038;2018;08;09;5;2;2;6;0;1;1;0;0;0;0;0;522681,636300000010000;5422008,761800000400000;9,309795753000060;48,950584498000069
52612;08;3;36;069;2018;08;11;1;2;9;1;0;1;0;0;0;0;0;0;409150,106299999980000;5270393,041400000500000;7,791851389000044;47,580586701000072
52615;08;1;28;045;2018;08;18;5;2;5;3;0;1;1;0;0;0;0;0;552862,065799999980000;5501798,956000000200000;9,732552921000035;49,666406699000049
52619;08;4;35;029;2018;08;06;2;3;0;2;0;1;1;0;0;0;0;0;542725,930399999950000;5271448,531899999800000;9,568335514000069;47,595038749000025
52623;08;1;35;015;2018;08;17;6;2;5;3;0;1;1;0;0;0;0;1;578257,343800000030000;5383784,552600000100000;10,061510227000042;48,602244526000050
52638;08;1;11;000;2018;08;12;7;3;2;7;0;1;1;0;0;0;0;0;512470,288999999990000;5401219,631000000100000;9,169692285000053;48,763859873000058
52646;08;3;36;006;2018;08;10;3;3;5;3;0;1;1;0;0;0;0;0;391377,444299999970000;5287422,160899999600000;7,551345233000063;47,731028824000077
52655;08;2;26;003;2018;08;14;1;3;5;3;0;1;1;0;0;0;0;0;463526,848600000030000;5461080,491200000000000;8,498306476000039;49,301378033000049
52656;08;4;35;016;2018;08;10;4;3;3;6;0;1;1;0;0;0;0;0;537378,402299999960000;5278858,038300000100000;9,497838942000044;47,662035647000039
52659;08;3;36;050;2018;08;08;4;3;6;4;0;0;1;1;0;0;0;0;399801,749799999990000;5274657,161399999600000;7,666592860000037;47,617567499000074
52660;08;4;37;031;2018;08;14;4;2;0;4;0;0;1;1;0;0;0;0;516079,811500000010000;5344113,348700000000000;9,216608845000053;48,250030396000056
52662;08;1;25;046;2018;08;13;7;3;0;1;0;1;0;0;0;0;0;1;518430,114999999990000;5433742,401999999800000;9,252259813000023;49,056276074000039
52663;08;4;37;124;2018;08;18;3;2;5;3;0;1;1;0;0;0;0;0;512898,312099999980000;5301010,990000000200000;9,172451690000059;47,862308730000052
52679;08;3;17;005;2018;08;15;1;3;3;2;0;1;1;0;0;0;0;0;424416,720500000000000;5376198,007199999900000;7,976134216000048;48,534333264000054
52688;08;1;11;000;2018;08;14;6;2;0;1;0;1;0;0;0;0;0;1;512284,229500000020000;5407348,147599999800000;9,167343693000021;48,818995128000040
52689;08;3;37;096;2018;08;15;1;3;5;7;0;1;1;0;0;0;0;0;419984,479999999980000;5267254,079099999700000;7,936474593000071;47,553774567000062
52693;08;3;26;074;2018;08;19;4;3;3;6;0;1;1;0;0;0;0;0;459718,636799999980000;5328377,092500000300000;8,458878028000072;48,107382850000079
52695;08;1;19;067;2018;08;12;1;2;5;2;0;1;1;0;0;0;0;0;540786,926499999940000;5403451,582800000000000;9,555226372000050;48,782726054000079
52697;08;3;35;061;2018;08;16;2;2;8;1;0;1;0;0;0;0;0;0;496499,987000000020000;5279773,134899999900000;8,953375469000036;47,671340009000062
52698;08;3;16;043;2018;08;07;4;3;0;3;0;1;1;0;0;0;0;0;411411,971000000020000;5331007,252799999900000;7,809506801000055;48,126154287000077
52700;08;1;35;019;2018;08;15;1;3;0;7;0;1;0;0;0;0;1;0;583572,346800000060000;5394094,979299999800000;10,135671281000043;48,694293621000043
52701;08;3;15;007;2018;08;16;4;3;8;1;0;1;0;0;0;0;0;0;406200,898200000000000;5294878,161700000100000;7,747377540000059;47,800423611000042
52714;08;2;15;017;2018;08;13;4;2;3;6;0;1;1;0;0;0;0;0;457637,308699999990000;5419433,697999999900000;8,421670433000031;48,926386043000036
52716;08;1;16;018;2018;08;16;1;3;0;1;0;1;0;0;0;0;0;0;531387,210899999950000;5379284,573300000300000;9,425439247000043;48,565867953000065
52726;08;2;12;000;2018;08;19;3;3;0;7;0;1;0;0;0;0;0;0;455677,730900000020000;5427659,867499999700000;8,394024196000032;49,000244610000038
52734;08;4;15;050;2018;08;14;5;3;5;2;0;1;0;0;0;0;1;0;520707,916000000030000;5376340,609000000200000;9,280542124000021;48,539827280000054
52738;08;2;21;000;2018;08;19;4;3;0;2;0;1;1;0;0;0;0;0;476562,809200000020000;5472656,725200000200000;8,676932961000034;49,406144648000065
52741;08;3;36;019;2018;08;17;4;3;5;3;0;1;1;0;0;0;0;0;394471,859300000010000;5276062,444699999900000;7,595347109000045;47,629361889000052
52755;08;3;17;009;2018;08;10;6;2;5;5;0;1;1;0;0;0;0;0;425089,625100000000000;5362040,042200000000000;7,987784333000036;48,407062532000054
52774;08;3;17;145;2018;08;12;6;1;8;7;0;1;0;0;0;0;0;1;442243,304300000020000;5350121,600700000300000;8,221181124000054;48,301652199000046
52777;08;1;35;027;2018;08;10;4;3;0;1;0;1;0;0;0;0;0;0;590893,698300000050000;5377148,915000000000000;10,231425441000056;48,540854953000064
52780;08;4;25;141;2018;08;16;4;3;7;1;0;1;0;0;0;0;1;0;562710,680000000050000;5367715,333999999800000;9,848239041000056;48,459446745000037
52785;08;3;16;043;2018;08;17;3;2;0;1;0;1;0;0;0;0;0;0;409075,343700000030000;5328615,119300000400000;7,778623400000072;48,104307627000026
52807;08;2;21;000;2018;08;09;2;3;3;2;0;1;0;0;0;0;1;1;476563,145200000030000;5472645,080500000200000;8,676938280000059;49,406039919000079
52816;08;1;15;021;2018;08;18;1;3;0;7;0;1;0;0;0;0;0;0;493833,846900000000000;5380334,166100000000000;8,916403905000038;48,576066012000069
52845;08;3;37;106;2018;08;16;2;2;8;1;0;1;1;0;0;0;0;0;458921,725099999980000;5295551,517400000200000;8,451309339000034;47,812005651000050
52860;08;2;16;017;2018;08;13;3;3;6;5;0;0;0;1;0;0;1;0;448161,248399999980000;5399473,769600000200000;8,294838565000021;48,746121534000054
52862;08;2;15;110;2018;08;06;5;2;5;3;0;1;0;0;0;1;0;0;461912,432600000000000;5420482,115799999800000;8,479933228000050;48,936094801000081
52865;08;4;35;029;2018;08;18;3;3;8;1;0;1;0;0;0;0;0;0;543146,815700000040000;5271527,997700000200000;9,573941613000045;47,595725859000027
52866;08;4;35;016;2018;08;09;3;3;5;2;0;1;1;0;0;0;0;0;530680,655999999960000;5279713,188000000100000;9,408695030000047;47,670082225000044
52874;08;4;35;016;2018;08;16;3;3;0;1;0;1;0;0;0;0;0;0;535132,910000000030000;5279449,710000000000000;9,467980112000021;47,667485030000080
52876;08;2;31;000;2018;08;16;6;2;6;4;0;0;0;1;0;0;1;0;478511,402300000020000;5415899,799599999600000;8,706820910000033;48,895673213000066
52878;08;4;26;001;2018;08;16;1;3;0;1;0;1;0;0;0;0;0;0;567272,389399999990000;5344042,143400000400000;9,906149943000060;48,246023247000039
52882;08;3;17;059;2018;08;13;5;3;0;7;0;1;1;0;0;0;0;0;412467,995500000020000;5349838,050300000200000;7,819808898000076;48,295682490000047
52883;08;1;18;060;2018;08;14;1;2;5;3;0;1;1;0;0;0;0;0;523135,814499999980000;5431343,465400000100000;9,316530545000035;49,034537914000055
52887;08;1;25;098;2018;08;18;3;3;3;2;0;1;1;0;0;0;0;0;520112,820899999990000;5437851,801599999900000;9,275495708000051;49,093189111000072
52890;08;2;15;066;2018;08;18;1;2;6;4;0;0;1;1;0;0;0;0;457465,866299999990000;5453180,555800000200000;8,415780580000046;49,229928240000049
52898;08;4;36;009;2018;08;17;3;3;5;3;0;1;1;0;0;0;0;0;557125,469000000040000;5307983,632899999600000;9,764662736000048;47,922627823000028
52903;08;1;25;005;2018;08;16;6;3;5;3;0;1;1;0;0;0;0;0;516174,096000000020000;5453455,275000000400000;9,222172455000020;49,233663073000059
52905;08;3;35;043;2018;08;15;3;3;0;1;0;1;0;0;0;0;0;0;515398,639000000020000;5281070,795699999700000;9,205174168000042;47,682842005000055
52912;08;3;25;049;2018;08;08;3;3;3;6;0;1;1;0;0;0;0;0;471507,938900000010000;5334483,650600000300000;8,616837312000030;48,162958743000047
52913;08;1;21;000;2018;08;17;2;3;5;2;0;1;1;0;0;0;0;0;513916,816400000010000;5443322,955900000400000;9,190815131000022;49,142575579000038
52926;08;3;17;116;2018;08;17;3;3;5;2;0;1;1;0;0;0;0;0;433114,175200000000000;5387788,565800000000000;8,092069412000058;48,639579358000049
52930;08;3;17;096;2018;08;11;3;2;7;7;0;1;0;0;0;0;1;0;422500,739599999970000;5371361,321800000000000;7,951082899000028;48,490594176000059
52931;08;4;26;071;2018;08;09;2;3;5;3;0;1;1;0;0;0;0;0;564051,192000000040000;5328738,828999999900000;9,860459224000067;48,108690049000074
52932;08;2;22;000;2018;08;18;7;3;3;2;0;1;1;0;0;0;0;0;462978,228599999970000;5482570,139999999700000;8,488757926000062;49,494636604000050
52937;08;1;19;090;2018;08;16;6;3;5;3;0;1;1;0;0;0;0;0;531165,069600000050000;5406977,499400000100000;9,424517368000068;48,815000615000031
52945;08;2;26;060;2018;08;07;3;3;4;6;0;1;1;0;0;0;0;0;478269,687400000000000;5463228,919599999700000;8,700975545000063;49,321405596000034
52949;08;2;35;047;2018;08;14;3;2;5;2;0;1;0;0;0;1;0;0;475464,429799999980000;5388863,547600000200000;8,666863384000067;48,652346834000070
52954;08;2;12;000;2018;08;18;3;3;5;3;0;1;1;0;0;0;0;0;455716,444000000020000;5428009,169999999900000;8,394515364000029;49,003389403000028
52958;08;2;11;000;2018;08;13;3;3;5;3;0;1;1;0;0;0;0;0;440384,380699999980000;5403653,698300000300000;8,188454736000040;48,783024492000038
52977;08;3;35;055;2018;08;07;2;3;0;1;0;1;0;0;0;0;0;0;496531,168100000010000;5284156,024600000100000;8,953755991000037;47,710775976000036
52979;08;4;35;029;2018;08;19;3;3;3;6;0;1;0;0;0;0;0;0;542432,913500000020000;5271480,818599999900000;9,564441156000044;47,595348490000049
52984;08;1;16;080;2018;08;12;6;3;5;3;0;1;1;0;0;0;0;0;518138,647500000020000;5397598,091599999900000;9,246665625000048;48,731141381000043
52985;08;1;21;000;2018;08;15;3;3;5;2;0;1;1;0;0;0;0;0;513917,918300000020000;5443322,134200000200000;9,190830211000048;49,142568163000078
52989;08;1;27;076;2018;08;12;3;3;5;3;0;1;1;0;0;0;0;0;554507,866099999980000;5440179,449500000100000;9,746907867000061;49,112039949000064
52991;08;2;12;000;2018;08;13;4;3;5;3;0;1;1;0;0;0;0;0;455774,603999999990000;5431353,878999999700000;8,394945962000065;49,033479517000046
53016;08;2;26;082;2018;08;19;2;2;5;3;0;1;1;0;0;0;0;0;480274,865999999980000;5481125,493900000100000;8,727679132000048;49,482451334000075
53018;08;1;15;048;2018;08;08;3;1;6;4;0;0;0;1;0;1;0;0;509697,905299999980000;5387275,574599999900000;9,131639045000043;48,638467658000081
53023;08;1;27;014;2018;08;18;5;3;5;3;0;1;1;0;0;0;0;0;576522,413999999990000;5443820,372800000000000;10,049213205000058;49,142440558000033
53027;08;4;25;020;2018;08;20;3;2;9;1;1;1;0;0;0;0;0;0;556887,719200000050000;5364009,988400000100000;9,768980768000063;48,426668175000032
53030;08;1;15;003;2018;08;12;4;3;0;7;0;1;0;0;0;0;1;0;500894,492600000000000;5392766,455400000300000;9,012153700000056;48,687938999000039
53032;08;1;19;020;2018;09;11;1;3;0;7;0;1;0;0;0;0;0;0;519114,898600000010000;5406805,531100000300000;9,260369365000031;48,813941222000039
53033;08;4;36;008;2018;09;15;5;3;0;1;0;1;0;0;0;0;0;0;547946,983000000010000;5310516,406299999900000;9,642093339000041;47,946166802000050
53037;08;1;18;073;2018;09;20;3;3;0;1;2;1;0;0;0;0;0;0;497103,451599999970000;5419927,174200000200000;8,960452169000064;48,932268359000034
53038;08;3;17;096;2018;09;14;7;3;5;3;0;1;1;0;0;0;0;0;423127,207999999980000;5370548,918999999800000;7,959709883000073;48,483363612000062
53040;08;2;15;025;2018;09;19;5;3;5;3;0;1;1;0;0;0;0;0;475023,182199999980000;5434033,871399999600000;8,658116511000060;49,058667314000047
53043;08;1;28;115;2018;09;16;7;3;0;1;0;1;0;0;0;0;0;0;548208,925999999980000;5496989,219899999900000;9,667483691000030;49,623537902000066
53049;08;3;17;065;2018;09;19;4;3;0;7;1;1;0;0;0;0;0;0;416336,288300000010000;5354439,293600000400000;7,871041335000029;48,337593746000039
53051;08;1;26;069;2018;09;14;2;3;5;3;0;1;1;0;0;0;0;0;536762,731299999980000;5447157,927299999600000;9,504399618000036;49,176128704000064
53054;08;1;15;028;2018;09;17;4;3;6;4;0;0;1;1;0;0;0;0;500960,814000000010000;5404952,825699999900000;9,013083250000022;48,797567728000047
53055;08;1;11;000;2018;09;12;3;3;5;3;0;1;1;0;0;0;0;0;507018,078099999980000;5397519,464200000300000;9,095437185000037;48,730658530000028
53058;08;1;27;014;2018;09;09;5;3;5;3;0;1;1;0;0;0;0;0;578617,911399999980000;5442534,616600000300000;10,077688946000023;49,130612079000059
53063;08;4;36;082;2018;09;05;2;3;5;3;2;1;1;0;0;0;0;0;549077,948600000000000;5295280,082700000100000;9,655506517000049;47,809003146000066
53067;08;4;35;016;2018;09;07;2;3;4;2;0;1;0;0;0;0;0;0;535652,333899999970000;5279521,327399999800000;9,474904585000047;47,668100973000037
53097;08;1;36;002;2018;09;18;1;3;5;3;0;1;1;0;0;0;0;0;568834,153599999960000;5416534,811900000100000;9,939184331000035;48,897933892000026
53101;08;1;35;019;2018;09;16;6;2;0;1;0;1;0;0;0;0;0;0;585545,795700000020000;5391117,667799999900000;10,161866805000045;48,667247451000037
53107;08;4;35;016;2018;09;06;3;3;5;3;0;1;1;0;0;0;0;0;537231,003000000030000;5281808,377000000300000;9,496127388000048;47,688589411000066
53108;08;2;12;000;2018;09;21;2;3;6;1;2;1;0;1;0;0;0;0;459127,321200000010000;5429630,074799999600000;8,440986310000028;49,018205016000081
53116;08;2;16;043;2018;09;21;6;1;6;4;2;0;1;1;0;0;0;0;437750,555999999980000;5413753,629999999900000;8,151071226000056;48,873614345000078
53130;08;1;36;019;2018;09;10;2;3;5;3;0;1;0;0;0;0;1;0;582280,946200000010000;5424484,914200000500000;10,124225207000052;48,967797098000062
53138;08;1;19;024;2018;09;11;1;2;0;1;0;1;0;0;0;0;1;0;542211,490400000010000;5431445,208399999900000;9,577512516000070;49,034442201000047
53149;08;1;27;014;2018;09;04;7;3;0;1;2;1;0;0;0;0;0;0;578979,020900000000000;5441467,034500000100000;10,082429047000062;49,120964140000069
53161;08;3;26;017;2018;09;17;3;3;0;7;0;1;0;0;0;0;0;0;441924,306400000000000;5321915,263600000200000;8,220734720000053;48,047876667000025
53172;08;3;36;045;2018;09;10;1;2;3;6;0;1;1;0;0;0;0;0;396576,472599999980000;5283132,699300000400000;7,621679264000022;47,693299191000051
53174;08;1;18;079;2018;09;06;2;3;5;3;1;1;1;0;0;0;0;1;509751,264800000000000;5422602,778599999800000;9,133202115000074;48,956267180000054
53176;08;1;19;079;2018;09;19;7;3;6;4;0;0;1;1;0;0;0;0;523322,414300000000000;5409181,998800000200000;9,317815423000070;48,835175648000074
53189;08;1;16;077;2018;09;11;2;3;3;6;0;1;1;0;0;0;0;0;517822,123000000020000;5391953,927199999800000;9,242117591000067;48,680375625000067
53191;08;3;17;093;2018;09;11;1;3;8;7;0;1;0;0;0;0;0;0;442071,933900000000000;5351467,607300000300000;8,218685694000044;48,313745023000081
53192;08;1;18;012;2018;09;13;5;3;0;1;0;1;0;0;0;0;0;0;497669,774600000000000;5412762,619400000200000;8,968225301000075;48,867820051000081
53198;08;3;35;025;2018;09;10;1;2;4;1;0;1;0;0;0;0;0;0;497481,761999999990000;5279951,265999999800000;8,966452905000040;47,672947349000026
53200;08;4;37;076;2018;09;16;1;3;8;1;0;1;0;0;0;0;0;1;524262,314200000020000;5322059,166600000100000;9,325575121000043;48,051352772000030
53208;08;2;15;009;2018;09;11;4;2;0;7;0;1;0;0;0;0;0;0;469617,250100000000000;5436158,756900000400000;8,583962244000077;49,077538332000074
53210;08;1;11;000;2018;09;18;2;3;2;6;0;1;1;0;0;0;0;0;516958,848200000010000;5409870,085599999900000;9,231128219000027;48,841571973000043
53216;08;3;15;007;2018;09;14;1;2;2;6;0;1;1;0;0;0;0;0;402497,293100000010000;5292898,319500000200000;7,698376238000037;47,782064250000076
53221;08;3;36;078;2018;09;16;6;3;8;7;0;1;0;0;0;0;0;0;395281,413799999980000;5288332,321000000500000;7,603175635000071;47,739860989000078
53226;08;4;15;061;2018;09;19;4;3;5;3;0;1;1;0;0;0;0;0;514869,918300000020000;5374264,052100000000000;9,201377910000076;48,521311511000079
53228;08;2;15;009;2018;09;21;6;3;0;7;2;1;0;0;0;0;0;0;469974,658999999990000;5441666,452499999700000;8,588446716000021;49,127098824000029
53229;08;4;15;061;2018;09;16;1;3;6;5;0;0;0;1;0;0;1;0;513030,131400000010000;5371825,159799999600000;9,176386309000066;48,499411289000079
53232;08;3;35;025;2018;09;16;7;3;0;7;0;1;0;0;0;0;0;0;497803,996900000030000;5280190,091199999700000;8,970744405000062;47,675097401000073
53235;08;3;36;104;2018;09;08;1;2;9;6;0;1;0;0;0;0;0;0;403700,625899999980000;5289311,064299999700000;7,715231063000033;47,749976873000037
53237;08;3;35;075;2018;09;16;1;2;8;1;0;1;0;0;0;0;0;0;492597,003800000010000;5285668,348700000000000;8,901282860000038;47,724350172000072
53238;08;2;11;000;2018;09;14;7;2;9;7;0;1;0;0;0;0;0;0;449403,253099999970000;5396197,121600000200000;8,312134434000029;48,716748953000035
53243;08;4;35;016;2018;09;11;6;3;8;1;0;1;0;0;0;0;0;0;533566,916699999940000;5278448,145800000100000;9,447044374000029;47,658556694000026
53246;08;1;18;016;2018;09;16;1;3;3;6;0;1;1;0;0;0;0;0;504810,199599999990000;5429655,974299999900000;9,065790796000044;49,019773305000058
53247;08;4;35;059;2018;09;13;5;3;0;1;0;1;0;0;0;0;0;0;510053,556199999990000;5291104,010700000500000;9,134187276000034;47,773222012000076
53255;08;2;11;000;2018;09;07;5;3;5;3;0;1;1;0;0;0;0;0;443412,614599999970000;5402120,948400000100000;8,229884911000056;48,769520042000067
53261;08;3;17;040;2018;09;17;7;3;5;3;0;1;1;0;0;0;0;0;432483,696400000020000;5347525,891099999700000;8,090008892000071;48,277335851000032
53279;08;2;36;070;2018;09;12;1;3;0;7;0;1;0;0;0;0;0;0;466500,085900000010000;5415130,768899999600000;8,543012374000057;48,888222360000043
53284;08;2;36;040;2018;09;00;1;2;0;7;2;1;0;1;0;0;0;0;488527,863599999980000;5420725,652099999600000;8,843343763000064;48,939351641000030
53289;08;3;11;000;2018;09;19;6;3;5;3;0;1;1;0;0;0;0;0;415078,160199999980000;5315663,430200000300000;7,861811255000021;47,988631518000034
53302;08;3;25;057;2018;09;08;5;2;5;3;0;1;1;0;0;0;0;0;478128,978000000000000;5357339,830000000100000;8,704693775000067;48,368850094000038
53304;08;1;11;000;2018;09;13;4;2;4;6;0;1;0;0;0;0;0;0;509813,709299999990000;5402181,737900000100000;9,133565343000043;48,772562501000039
53311;08;2;15;046;2018;09;16;7;3;5;3;0;1;1;0;0;0;0;0;450823,407000000010000;5415092,005400000100000;8,329177191000042;48,886827967000045
53317;08;1;25;026;2018;09;17;6;3;1;3;0;1;0;0;0;0;0;0;492504,130200000010000;5438775,782200000200000;8,897307514000033;49,101783810000029
53324;08;4;35;015;2018;09;00;7;3;6;4;2;0;1;1;0;0;0;0;518277,951500000020000;5299642,337600000200000;9,244319560000065;47,849863951000032
53328;08;4;25;090;2018;09;05;7;2;6;4;2;0;1;1;0;0;0;0;542114,832999999980000;5342156,338000000500000;9,567115929000067;48,231228959000077
53331;08;4;35;035;2018;09;09;7;3;3;6;0;1;0;0;0;0;0;1;539566,060399999960000;5281073,577899999900000;9,527175612000065;47,681839450000041
53340;08;3;36;091;2018;09;15;4;3;0;7;0;1;0;0;0;0;0;0;394451,531800000000000;5273062,420699999700000;7,595799420000049;47,602373104000037
53347;08;4;35;015;2018;09;10;1;3;5;3;0;1;1;0;0;0;0;0;518785,531900000000000;5294956,599000000400000;9,250900993000073;47,807689987000060
53354;08;4;36;005;2018;09;17;4;3;5;3;0;1;1;0;0;0;0;0;540380,805199999940000;5309619,780700000000000;9,540690062000067;47,938621733000048
53371;08;2;15;107;2018;09;21;3;3;5;3;2;1;1;0;0;0;0;0;461683,293500000030000;5458688,415599999900000;8,473178535000045;49,279748971000060
53373;08;3;36;045;2018;09;12;7;3;3;6;0;1;0;0;1;0;0;0;399812,206999999990000;5289030,007000000200000;7,663433128000065;47,746856347000062
53376;08;2;15;007;2018;09;12;1;2;4;1;0;1;1;0;0;0;0;0;479814,832999999980000;5428583,668200000200000;8,723975272000075;49,009815886000069
53393;08;3;25;049;2018;09;12;4;3;6;7;0;0;0;1;0;0;1;0;472314,908899999980000;5334943,415699999800000;8,627659308000034;48,167130790000044
53398;08;3;17;096;2018;09;18;7;3;6;6;0;0;0;1;0;0;1;0;419026,579000000030000;5372290,178999999500000;7,903890388000036;48,498510969000051
53402;08;1;36;088;2018;09;06;5;3;5;3;0;1;1;0;0;0;0;0;580608,626999999980000;5413258,791000000200000;10,099162515000046;48,867048779000072
53413;08;4;35;059;2018;09;20;3;2;6;4;2;0;1;1;0;0;0;0;514535,562900000020000;5291633,281700000200000;9,194027132000031;47,777898596000057
53419;08;2;12;000;2018;09;01;7;2;5;3;2;1;1;0;0;0;0;1;456588,924699999970000;5424969,112999999900000;8,406768777000025;48,976105617000030
53429;08;1;27;014;2018;09;06;5;3;5;3;0;1;1;0;0;0;0;0;578338,529100000040000;5442825,525899999800000;10,073916419000057;49,133264148000080
53447;08;1;25;048;2018;09;17;3;3;5;3;0;1;0;0;0;1;0;0;533806,689099999960000;5461852,276399999900000;9,465082599000027;49,308473524000078
53452;08;1;19;086;2018;09;10;1;3;4;6;0;1;0;0;0;0;1;0;534278,766500000030000;5402757,868099999600000;9,466577274000031;48,776878351000050
53454;08;1;11;000;2018;09;15;6;3;5;7;0;1;1;0;0;0;0;0;509598,188599999990000;5398625,528900000300000;9,130549176000045;48,740574296000034
53476;08;1;18;073;2018;09;15;1;3;5;3;0;1;1;0;0;0;0;0;495652,843999999980000;5417968,515999999800000;8,940667280000071;48,914640304000045
53478;08;2;25;052;2018;09;18;7;2;6;4;0;0;0;1;0;0;1;0;510508,481099999980000;5479878,881799999600000;9,145045281000023;49,471467818000065
53488;08;1;27;013;2018;09;13;7;2;2;6;0;1;0;0;0;0;0;0;567412,656100000020000;5428192,762500000200000;9,921721486000024;49,002948004000075
53491;08;4;36;055;2018;09;16;4;2;2;6;0;1;0;0;0;0;0;0;578690,979700000030000;5296983,389999999700000;10,051284526000074;47,821386395000047
53497;08;2;15;047;2018;09;18;4;3;2;6;0;1;1;0;0;0;0;0;459487,440300000020000;5412322,471500000000000;8,447632123000062;48,862541858000043
53505;08;1;17;011;2018;09;18;4;3;0;7;0;1;0;0;0;0;0;0;547753,490800000030000;5399280,207100000200000;9,649571167000033;48,744706994000069
53514;08;3;36;084;2018;09;07;6;2;4;2;0;1;1;0;0;0;0;0;405675,220600000000000;5277177,658800000300000;7,744192122000072;47,641122698000061
53522;08;3;36;103;2018;08;08;6;3;3;6;0;1;0;0;0;1;0;0;416157,269199999980000;5288031,723899999600000;7,881631626000058;47,740208021000058
53524;08;3;26;017;2018;08;12;6;3;6;4;0;0;1;1;0;0;0;0;440406,007999999970000;5321998,065999999600000;8,200352543000065;48,048481602000038
53525;08;3;36;104;2018;09;14;4;2;8;1;0;1;0;0;0;0;0;0;402585,772999999990000;5287117,064000000200000;7,700852448000035;47,730073781000044
53528;08;4;17;063;2018;09;13;5;2;3;6;0;1;1;0;0;0;0;1;506440,880400000020000;5337554,106499999800000;9,086664785000039;48,191189294000026
53535;08;4;36;003;2018;08;16;6;2;8;4;0;0;1;1;0;0;0;1;578007,963299999940000;5303951,905700000000000;10,043418161000034;47,884157846000051
53538;08;4;21;000;2018;09;13;4;3;0;7;0;0;1;1;0;0;0;0;569581,730400000000000;5361056,156100000300000;9,940060480000057;48,398822986000027
53543;08;2;12;000;2018;09;16;4;3;6;7;0;1;0;1;0;0;0;0;461713,446200000010000;5427253,614699999800000;8,476579136000055;48,996994139000037
53550;08;2;22;000;2018;09;16;7;3;6;4;0;0;1;1;0;0;0;0;462023,526300000030000;5481624,469999999700000;8,475665658000025;49,486071790000040
53560;08;1;18;049;2018;09;17;5;3;1;2;0;1;1;0;0;0;0;0;520235,235600000010000;5421014,311400000000000;9,276332770000067;48,941723721000074
53562;08;1;15;021;2018;09;16;7;2;0;7;0;1;0;0;0;0;0;0;489603,606399999990000;5380032,788900000000000;8,859061146000045;48,573298829000066
53563;08;3;37;065;2018;09;22;4;3;0;1;2;1;0;0;0;0;0;0;449275,010899999990000;5274723,338499999600000;8,324889842000061;47,623926269000037
53566;08;3;36;069;2018;08;12;6;2;6;4;0;0;1;1;0;0;0;1;404636,517999999980000;5267808,271499999800000;7,732404388000020;47,556687148000037
53576;08;1;11;000;2018;09;20;5;3;7;7;2;1;0;0;0;0;0;1;512541,223999999990000;5401465,894200000000000;9,170665051000071;48,766073818000052
53582;08;1;18;016;2018;09;11;1;3;5;3;0;1;1;0;0;0;0;0;504326,830000000020000;5428460,480999999700000;9,059166837000021;49,009022718000040
53586;08;1;35;019;2018;09;09;5;3;5;3;0;1;1;0;0;0;0;0;584281,326499999970000;5392393,614000000100000;10,144956666000041;48,678895652000051
53592;08;1;15;001;2018;09;16;4;2;5;3;0;1;0;0;0;0;1;0;491431,030499999990000;5391621,801900000300000;8,883595070000069;48,677583397000035
53597;08;1;28;115;2018;09;12;4;3;5;3;0;1;1;0;0;0;0;0;547860,981000000030000;5497185,349000000400000;9,662690435000059;49,625329569000030
53600;08;1;21;000;2018;09;11;4;2;3;6;0;1;0;0;0;0;1;0;515927,718899999980000;5442250,525799999900000;9,218344280000054;49,132879856000045
53601;08;4;16;041;2018;09;12;4;3;5;3;0;1;1;0;0;0;0;0;501756,256999999980000;5374565,612900000100000;9,023785697000051;48,524198135000063
53604;08;1;25;046;2018;09;16;4;3;0;7;0;1;0;0;0;0;0;0;515278,960900000010000;5434767,046500000200000;9,209167808000075;49,065579434000028
53607;08;1;21;000;2018;09;09;4;3;3;2;0;1;1;0;0;0;0;0;515895,299899999980000;5442037,508700000100000;9,217891471000030;49,130964533000054
53614;08;1;17;026;2018;09;12;4;3;3;2;0;1;1;0;0;0;0;0;550661,274399999990000;5392052,096699999600000;9,688234256000044;48,679457391000028
53621;08;1;16;080;2018;09;11;4;3;5;3;0;1;1;0;0;0;0;0;522141,186999999980000;5395642,708999999800000;9,300990060000061;48,713421533000030
53628;08;1;15;003;2018;09;16;4;2;4;2;0;1;1;0;0;0;0;0;502910,691100000000000;5393251,094399999800000;9,039551717000052;48,692292713000029
53638;08;4;15;061;2018;09;17;4;3;6;4;0;1;0;1;0;0;0;0;516734,825499999980000;5379025,948900000200000;9,226824812000075;48,564103841000076
53644;08;4;35;016;2018;09;19;4;3;5;3;1;1;1;0;0;0;0;0;533106,642400000010000;5278485,804399999800000;9,440917479000063;47,658919246000039
53648;08;4;36;064;2018;09;05;3;3;4;6;2;1;0;0;0;0;0;0;544762,682000000030000;5292230,137000000100000;9,597558623000055;47,781877369000028
53652;08;4;15;059;2018;09;12;4;3;5;3;0;1;1;0;0;0;0;0;516475,004200000020000;5369333,359600000100000;9,222920268000053;48,476913277000051