OBJECTID_1;ULAND;UREGBEZ;UKREIS;UGEMEINDE;UJAHR;UMONAT;USTUNDE;UWOCHENTAG;UKATEGORIE;UART;UTYP1;ULICHTVERH;IstRad;IstPKW;IstFuss;IstKrad;IstGkfz;IstSonstig;STRZUSTAND;LINREFX;LINREFY;XGCSWGS84;YGCSWGS84
53656;08;4;25;033;2018;09;15;3;2;3;2;0;1;0;0;0;1;0;0;552717,687900000020000;5347847,698400000100000;9,710592292000058;48,281636126000080
53658;08;4;36;081;2018;09;07;4;3;0;1;0;1;0;0;0;0;0;0;562409,966299999970000;5282325,919499999800000;9,831698394000057;47,691304473000059
53666;08;1;15;045;2018;09;10;6;3;5;3;0;1;1;0;0;0;0;0;498657,086899999990000;5394562,624900000200000;8,981747655000049;48,704096703000062
53669;08;3;36;105;2018;09;16;3;3;5;3;0;1;0;0;0;0;1;0;401656,479799999970000;5267002,394700000100000;7,692983720000029;47,548993277000079
53679;08;3;17;102;2018;09;06;5;2;0;7;2;1;0;0;0;0;0;1;436476,373900000010000;5380406,524500000300000;8,138833323000029;48,573527008000042
53685;08;3;36;091;2018;09;18;5;3;0;7;0;1;0;0;0;0;0;1;394955,567199999990000;5271696,933199999900000;7,602830041000061;47,590172226000050
53688;08;1;21;000;2018;09;16;5;2;5;3;0;1;1;0;0;0;0;0;515828,297000000020000;5444550,237700000400000;9,217071706000070;49,153569087000051
53695;08;2;12;000;2018;09;11;3;3;3;2;0;1;1;0;0;0;0;0;455641,867099999970000;5427187,299100000400000;8,393585500000029;48,995991226000058
53699;08;2;37;004;2018;09;16;3;3;3;6;0;1;1;0;0;0;0;0;455024,070400000030000;5381396,832399999700000;8,390152637000028;48,584041523000053
53704;08;4;35;057;2018;09;16;4;3;5;3;0;1;1;0;0;0;0;0;544093,020499999980000;5280375,718799999900000;9,587418946000071;47,675267696000049
53709;08;3;11;000;2018;09;19;4;2;3;6;0;1;0;0;0;0;0;0;412292,699100000030000;5318641,813500000200000;7,823877430000039;48,015046987000062
53710;08;2;22;000;2018;09;16;3;2;3;2;0;1;1;0;0;0;0;0;462948,139399999990000;5482579,326100000200000;8,488341574000060;49,494717391000052
53711;08;2;12;000;2018;09;11;5;3;3;2;0;1;1;0;0;0;0;0;455101,211599999980000;5428249,076200000000000;8,386077327000066;49,005502933000059
53712;08;1;19;020;2018;09;15;6;3;5;3;0;1;1;0;0;0;0;0;519542,950200000020000;5409062,123200000300000;9,266307445000052;48,834227746000067
53721;08;2;15;100;2018;09;19;3;3;0;7;0;1;1;0;0;0;0;0;474881,658700000030000;5452839,190999999600000;8,655007100000034;49,227819725000074
53722;08;1;11;000;2018;09;13;6;3;5;3;0;1;1;0;0;0;0;0;515289,136899999980000;5406002,525600000300000;9,208228088000055;48,806823424000072
53730;08;4;36;064;2018;09;21;4;3;5;3;2;1;1;0;0;0;0;0;546338,038999999990000;5291633,496000000300000;9,618523904000028;47,776397978000034
53737;08;1;35;019;2018;09;07;3;3;6;2;0;0;1;1;0;0;0;0;584751,528900000030000;5392343,714900000000000;10,151332766000053;48,678383188000055
53755;08;1;19;087;2018;09;18;3;2;2;1;0;1;1;0;0;0;0;0;530393,870299999950000;5423837,734500000300000;9,415266863000056;48,966705939000065
53763;08;1;15;051;2018;09;13;3;2;5;3;0;1;1;0;0;0;0;0;502982,145499999980000;5384126,490100000100000;9,040456946000063;48,610205963000055
53770;08;1;11;000;2018;09;19;3;3;5;3;0;1;1;0;0;0;0;0;509603,634100000020000;5402928,935899999900000;9,130723663000026;48,779287531000080
53778;08;1;11;000;2018;09;13;3;3;6;4;0;0;1;1;0;0;0;0;506782,187600000000000;5405532,531700000200000;9,092361470000071;48,802746463000062
53779;08;1;11;000;2018;09;17;6;3;6;6;0;1;0;1;0;0;0;0;509580,702999999980000;5398581,436999999900000;9,130310322000071;48,740177915000061
53782;08;3;35;043;2018;09;13;2;3;0;6;0;1;0;0;0;0;0;0;512804,268800000020000;5283918,938199999700000;9,170690111000056;47,708525130000055
53786;08;2;37;028;2018;09;20;5;3;5;3;2;1;1;0;0;0;0;1;460689,584099999980000;5366977,233300000400000;8,468329227000027;48,454704284000059
53788;08;4;35;045;2018;09;20;2;3;5;3;2;1;1;0;0;0;0;0;535532,576899999990000;5287342,920500000000000;9,473946886000022;47,738481150000041
53791;08;2;16;015;2018;09;13;4;3;6;4;0;0;1;1;0;0;0;0;452171,397100000000000;5407238,743099999600000;8,348481256000071;48,816291280000030
53810;08;2;12;000;2018;09;15;4;3;5;3;0;1;0;0;0;0;0;0;456408,857900000000000;5426747,613300000300000;8,404117511000038;48,992090823000069
53813;08;3;26;074;2018;09;16;2;2;6;4;0;0;0;1;0;0;1;0;459710,434400000030000;5323342,596099999700000;8,459242821000032;48,062088717000051
53814;08;3;17;065;2018;09;08;2;3;6;4;0;0;0;1;0;0;1;0;416934,802099999970000;5354781,199900000400000;7,879048641000054;48,340748144000031
53837;08;2;26;095;2018;09;17;5;3;4;6;0;1;0;0;0;0;0;1;472907,867600000000000;5463395,506299999500000;8,627183283000022;49,322689589000049
53846;08;4;35;029;2018;09;16;5;3;0;1;0;1;0;0;0;0;0;0;543301,396799999990000;5271592,217899999600000;9,576004095000030;47,596293365000065
53847;08;1;15;003;2018;09;14;2;3;5;3;0;1;1;0;0;0;0;0;500421,775000000020000;5393032,733300000400000;9,005731037000032;48,690334961000076
53863;08;1;36;070;2018;09;15;7;3;5;3;0;1;1;0;0;0;0;0;562867,381999999980000;5410103,502000000300000;9,856794391000051;48,840719708000051
53865;08;1;19;042;2018;09;11;7;3;6;4;0;0;1;1;0;0;0;0;527381,801600000010000;5416233,534799999600000;9,373603632000027;48,898442925000040
53868;08;1;19;093;2018;09;19;7;3;0;7;0;1;0;0;0;0;0;0;525122,277800000040000;5404892,051500000100000;9,342079116000036;48,796514156000057
53869;08;1;21;000;2018;09;10;2;1;6;4;0;0;0;1;0;1;0;0;513246,448800000010000;5443100,851900000100000;9,181616389000055;49,140592500000025
53883;08;1;16;004;2018;09;20;1;3;0;1;2;1;0;0;0;0;0;0;527228,454400000050000;5396925,740199999900000;9,370230336000077;48,724762107000060
53886;08;2;31;000;2018;09;11;7;3;0;5;0;1;1;0;0;0;0;0;481570,597000000010000;5417758,269999999600000;8,748474607000048;48,912489973000049
53887;08;2;12;000;2018;09;09;3;3;3;2;0;1;1;0;0;0;0;0;455713,950499999980000;5427987,279400000300000;8,394483660000049;49,003192315000035
53888;08;1;17;009;2018;09;11;7;3;5;3;0;1;1;0;0;0;0;0;548415,238299999970000;5399389,365299999700000;9,658584861000065;48,745637829000032
53889;08;4;26;021;2018;09;15;2;3;6;4;0;0;1;1;0;0;0;0;558585,736099999980000;5327169,731999999800000;9,786828730000025;48,095100434000074
53890;08;1;17;051;2018;09;10;7;3;3;2;0;1;1;0;0;0;0;0;543007,966999999950000;5395004,422600000200000;9,584577479000075;48,706589616000031
53893;08;1;17;026;2018;09;12;7;3;5;3;0;1;1;0;0;0;0;0;545306,256000000050000;5390623,634999999800000;9,615334376000021;48,667019129000039
53895;08;1;11;000;2018;09;14;1;3;4;6;0;1;0;0;0;0;0;0;513440,008399999990000;5402542,843200000000000;9,182931129000053;48,775743215000034
53897;08;4;25;020;2018;09;09;7;3;5;3;0;1;1;0;0;0;0;0;560507,525700000000000;5365393,161399999600000;9,818106265000040;48,438773264000076
53899;08;1;36;089;2018;09;07;3;2;5;3;0;1;0;0;0;1;0;0;582717,234000000050000;5416601,987999999900000;10,128585716000032;48,896840032000057
53901;08;3;37;049;2018;09;19;2;3;5;3;0;1;1;0;0;0;0;0;424625,870999999980000;5277779,510999999900000;7,996345937000058;47,649021343000072
53908;08;4;35;029;2018;09;17;7;3;0;1;0;1;0;0;0;0;0;0;545047,711200000020000;5271569,171900000400000;9,599230276000071;47,595967019000057
53922;08;2;37;028;2018;09;02;1;3;6;4;2;0;0;1;0;0;1;0;456349,472699999980000;5368368,783400000100000;8,409487405000050;48,466936511000029
53931;08;1;11;000;2018;09;15;7;3;0;1;0;1;0;0;0;0;0;0;512944,141000000000000;5407217,122000000400000;9,176329255000042;48,817803040000058
53933;08;1;11;000;2018;09;17;7;3;8;1;0;1;0;0;0;0;0;0;516192,978599999970000;5403922,145600000400000;9,220455708000031;48,788085708000040
53938;08;1;11;000;2018;09;20;7;3;6;4;2;0;1;1;0;0;0;0;516830,563499999990000;5406644,866800000000000;9,229247488000056;48,812561991000052
53948;08;1;21;000;2018;09;07;2;3;0;7;1;1;1;0;0;0;0;0;516041,680999999980000;5443745,021999999900000;9,219965997000031;49,146320379000031
53951;08;2;16;043;2018;09;20;3;3;0;7;1;1;0;1;0;0;0;0;441828,973100000000000;5414317,622399999800000;8,206604769000023;48,879083476000062
53961;08;1;35;015;2018;09;18;3;2;2;6;0;1;1;0;0;0;0;0;575534,866500000000000;5385273,573800000400000;10,024858874000074;48,615972403000058
53964;08;4;35;016;2018;09;12;6;3;5;3;0;1;1;0;0;0;0;0;532589,625099999950000;5278767,577300000000000;9,434053012000049;47,661480741000048
53967;08;2;12;000;2018;09;14;2;2;0;7;0;1;0;0;0;0;0;0;461879,925899999970000;5427531,780799999800000;8,478828899000064;48,999506614000040
53972;08;1;26;046;2018;09;13;3;3;5;3;0;1;1;0;0;0;0;0;549369,650000000020000;5459907,736999999700000;9,678930463000029;49,289923443000077
53978;08;4;15;061;2018;09;07;6;3;3;2;0;1;1;0;0;0;0;0;514305,181999999970000;5371174,654000000100000;9,193624032000059;48,493531366000070
53985;08;4;26;071;2018;09;20;1;1;6;4;2;0;1;1;0;0;0;0;562866,085800000000000;5333919,928799999900000;9,845305068000073;48,155417316000069
53993;08;1;27;014;2018;09;14;2;2;6;6;0;1;0;1;0;0;0;0;579120,620699999970000;5441028,584800000300000;10,084283374000051;49,117002594000041
53994;08;3;36;107;2018;09;17;6;3;8;1;0;1;0;0;0;0;0;0;408454,026599999980000;5286508,406499999600000;7,779222405000041;47,725457739000035
54007;08;3;17;039;2018;09;13;6;3;8;7;0;1;0;0;0;0;0;0;441301,908100000000000;5347568,810399999800000;8,208842964000041;48,278600968000035
54008;08;1;18;050;2018;09;19;2;3;4;2;0;1;1;0;0;0;0;0;506288,737000000020000;5416907,224999999600000;9,085816261000048;48,905076521000069
54012;08;2;12;000;2018;09;09;3;3;5;2;0;1;1;0;0;0;0;0;455633,070400000030000;5427032,654000000100000;8,393482137000035;48,994599543000049
54020;08;1;11;000;2018;09;14;1;3;3;6;0;1;1;0;0;0;0;0;513747,186999999980000;5402217,179999999700000;9,187101209000048;48,772806863000028
54028;08;3;11;000;2018;09;01;6;3;6;4;2;1;0;1;0;0;0;0;414600,597100000010000;5317468,540300000500000;7,855052665000073;48,004805601000044
54038;08;2;15;029;2018;09;18;1;3;1;7;0;1;1;0;0;0;0;0;467270,969700000020000;5448242,721800000400000;8,550854209000022;49,186114947000078
54039;08;1;27;076;2018;09;15;3;3;5;3;0;1;1;0;0;0;0;0;553348,882800000020000;5439176,236200000200000;9,730895415000077;49,103117982000072
54041;08;3;35;043;2018;09;09;2;3;0;7;0;1;0;0;0;0;0;0;514080,441300000010000;5279679,073099999700000;9,187565490000054;47,670349835000081
54042;08;2;12;000;2018;09;23;6;2;0;1;2;1;0;0;0;0;0;0;460486,527699999980000;5424126,766900000200000;8,460110444000065;48,968790073000037
54045;08;2;15;066;2018;09;16;1;2;0;1;0;1;0;0;0;0;0;0;462250,504100000020000;5448482,589599999600000;8,481937778000031;49,187984068000048
54049;08;1;16;049;2018;09;16;3;3;5;3;0;1;1;0;0;0;0;0;525673,379300000030000;5387645,419499999800000;9,348509638000053;48,641342834000056
54071;08;2;36;043;2018;09;11;2;3;1;5;0;1;1;0;0;0;0;0;470497,121900000030000;5410753,180100000500000;8,597851962000050;48,849046503000068
54082;08;2;16;043;2018;09;13;3;3;4;2;0;1;1;0;0;0;0;0;441870,556600000010000;5411114,422600000200000;8,207626905000041;48,850274700000057
54100;08;2;12;000;2018;09;09;2;3;5;6;0;1;1;0;0;0;0;0;455210,775000000020000;5428865,109600000100000;8,387507385000049;49,011052170000028
54102;08;1;11;000;2018;09;07;2;2;5;2;0;1;1;0;0;0;0;0;517796,756700000030000;5406179,674200000200000;9,242387621000034;48,808350274000077
54108;08;3;26;074;2018;09;15;2;3;0;1;0;1;0;0;0;0;0;0;465410,501500000010000;5324188,677899999500000;8,535676517000070;48,070035310000037
54109;08;2;15;009;2018;09;13;6;3;4;2;0;1;1;0;0;0;0;0;469642,226000000020000;5440405,224399999700000;8,583985132000066;49,115737508000052
54118;08;4;26;124;2018;09;11;1;2;0;1;0;1;0;0;0;0;0;0;540938,841600000040000;5332631,437300000300000;9,550362594000035;48,145615448000058
54124;08;3;17;057;2018;09;05;6;3;6;4;2;0;1;1;0;0;0;0;412007,018099999990000;5380979,353699999900000;7,807054468000047;48,575720882000041
54130;08;4;35;015;2018;09;09;2;3;0;7;0;1;0;0;0;0;0;0;519056,010000000010000;5296887,913200000300000;9,254598416000022;47,825058817000070
54143;08;4;37;053;2018;09;15;2;3;0;1;0;1;0;0;0;0;0;0;529477,018500000010000;5319009,702100000300000;9,395339527000033;48,023697414000026
54144;08;1;27;076;2018;09;22;6;3;5;7;2;1;1;0;0;0;0;0;556235,137100000050000;5438745,468700000100000;9,770374322000066;49,098986267000043
54150;08;1;35;031;2018;09;10;3;2;5;3;0;1;0;0;0;0;1;0;595115,591800000050000;5379115,515200000300000;10,289058047000026;48,557916723000062
54159;08;4;21;000;2018;09;17;7;3;0;2;0;1;1;0;0;0;0;0;571945,925799999970000;5361392,404699999800000;9,972054071000059;48,401582253000072
54171;08;3;37;066;2018;09;15;4;3;0;6;0;1;1;0;0;0;0;0;430873,373399999980000;5271020,958999999800000;8,080590501000074;47,588914719000059
54174;08;1;36;042;2018;09;11;4;3;5;3;0;1;1;0;0;0;0;0;545919,606099999980000;5403892,404400000300000;9,625141925000037;48,786333685000045
54177;08;4;36;055;2018;09;10;5;3;0;7;0;1;0;0;0;0;0;0;576925,576499999970000;5297266,087100000100000;10,027753513000050;47,824143089000074
54186;08;3;37;062;2018;09;11;4;2;5;3;0;1;1;0;0;0;0;0;457093,526000000010000;5278538,933000000200000;8,428568128000052;47,658821486000079
54191;08;3;36;050;2018;09;13;5;3;3;6;0;1;1;0;0;0;0;0;399236,009900000000000;5275134,494199999600000;7,658956475000025;47,621773515000029
54193;08;3;26;074;2018;09;07;5;3;3;7;0;1;1;0;0;0;0;0;460820,332999999980000;5323206,660000000100000;8,474151418000076;48,060934880000048
54196;08;1;21;000;2018;09;16;5;2;5;3;0;1;1;0;0;0;0;0;515611,936400000010000;5441929,591300000400000;9,214002998000069;49,130001043000050
54210;08;3;17;096;2018;09;17;4;3;5;2;0;1;1;0;0;0;0;0;421204,583600000010000;5369399,879700000400000;7,933912979000070;48,472790072000066
54232;08;1;11;000;2018;09;19;5;3;5;3;2;1;1;0;0;0;0;0;513437,031000000020000;5402549,818000000000000;9,182890832000055;48,775806024000076
54235;08;3;36;008;2018;09;03;5;2;7;1;2;1;0;0;0;0;0;1;395246,445300000020000;5275693,096500000000000;7,605742601000031;47,626165322000077
54244;08;4;15;050;2018;09;16;5;3;5;3;0;1;1;0;0;0;0;0;518371,857000000020000;5375887,415000000000000;9,248874527000055;48,535822997000025
54248;08;2;37;019;2018;09;07;4;3;6;4;0;0;1;1;0;0;0;0;461422,940899999990000;5368585,784300000400000;8,478099066000027;48,469220341000039
54253;08;3;26;074;2018;09;13;7;3;6;4;0;0;1;1;0;0;0;0;459985,301500000000000;5323043,872800000000000;8,462959809000040;48,059418497000081
54256;08;3;36;069;2018;09;07;6;3;4;6;0;1;0;0;0;0;0;0;402893,555300000010000;5266887,844999999700000;7,709445816000027;47,548148995000076
54257;08;2;36;075;2018;09;18;4;3;2;6;0;1;0;0;0;0;0;0;482022,568900000010000;5425152,370600000000000;8,754316773000028;48,979017771000031
54258;08;1;19;020;2018;09;14;5;3;0;5;0;1;1;0;0;0;0;0;519324,367700000000000;5408960,168600000400000;9,263324096000076;48,833317426000065
54277;08;2;26;105;2018;09;15;4;3;1;5;0;1;1;0;0;0;0;0;471847,592799999980000;5477421,603500000200000;8,611599891000026;49,448803631000033
54283;08;2;16;024;2018;09;08;4;3;0;6;0;1;0;0;0;0;1;0;445326,232900000000000;5409305,699500000100000;8,254968935000022;48,834319144000062
54288;08;2;16;008;2018;09;07;4;3;6;4;0;0;1;1;0;0;0;0;440336,358300000020000;5392681,043899999900000;8,189389457000061;48,684319424000080
54295;08;2;15;100;2018;09;17;4;3;3;6;0;1;0;0;0;0;1;0;474725,679599999970000;5451873,801799999500000;8,652925637000067;49,219129533000057
54300;08;1;21;000;2018;09;17;6;3;0;3;0;1;1;0;0;0;0;0;516003,532300000020000;5445376,369699999700000;9,219507729000043;49,160995853000031
54315;08;1;27;076;2018;09;18;4;3;5;3;0;1;1;0;0;0;0;0;553513,779899999960000;5440860,948699999600000;9,733377695000058;49,118257150000034
54321;08;1;26;066;2018;09;08;4;2;0;7;0;1;0;0;0;0;0;0;536920,166199999980000;5449964,153699999700000;9,506817370000022;49,201361168000062
54331;08;2;21;000;2018;09;12;5;3;2;6;0;1;1;0;0;0;0;0;478396,802199999980000;5473387,923800000000000;8,702173250000044;49,412789542000041
54340;08;1;21;000;2018;09;07;4;3;4;6;0;1;0;0;0;0;0;0;515144,672199999970000;5444307,193400000200000;9,207687297000064;49,151400069000033
54351;08;1;17;026;2018;09;10;4;3;0;7;0;1;0;0;0;0;0;0;547658,358299999960000;5394840,902800000300000;9,647764134000056;48,704780643000049
54355;08;2;15;107;2018;09;07;5;3;6;4;0;0;1;1;0;0;0;0;462371,538100000010000;5456519,074400000300000;8,482844899000043;49,260278877000076
54356;08;1;16;049;2018;09;15;4;3;5;2;0;1;1;0;0;0;0;0;523024,611199999980000;5385017,177899999500000;9,312407882000059;48,617802185000073
54357;08;4;36;010;2018;09;19;5;3;5;2;0;1;1;0;1;0;0;0;563204,755000000000000;5301315,466000000000000;9,845052709000072;47,862067857000056
54360;08;1;16;049;2018;09;19;4;3;6;6;0;1;0;1;0;0;0;0;524122,455499999980000;5384993,825600000100000;9,327302302000021;48,617550737000045
54368;08;1;16;076;2018;09;18;4;3;6;2;0;0;1;1;0;0;0;0;527923,403999999980000;5400739,729100000100000;9,379937996000024;48,759041330000059
54375;08;1;16;015;2018;09;08;4;2;6;7;0;0;1;1;0;0;0;0;523268,850500000000000;5393531,791299999700000;9,316200439000056;48,694390772000077
54377;08;3;35;043;2018;09;07;5;3;5;2;0;1;1;0;0;0;0;0;511529,915299999990000;5281371,991299999900000;9,153634795000073;47,685632651000049
54381;08;1;15;003;2018;09;06;4;3;5;3;1;1;1;0;0;0;0;0;496502,191100000000000;5393228,426199999600000;8,952470470000037;48,692085773000031
54386;08;1;11;000;2018;09;09;4;2;5;3;0;1;0;0;0;0;0;0;512437,451999999990000;5407517,946399999800000;9,169436127000040;48,820519565000041
54400;08;2;22;000;2018;09;13;4;3;3;6;0;1;1;0;0;0;0;0;468412,717000000000000;5479401,282200000200000;8,564054632000023;49,466441282000062
54412;08;1;18;079;2018;09;14;5;2;6;4;0;0;1;1;0;0;0;0;507314,716699999990000;5425696,388600000200000;9,099974594000059;48,984129842000073
54416;08;1;36;065;2018;09;15;3;3;8;1;0;1;0;0;0;0;0;0;564638,547499999990000;5400599,929600000400000;9,879434267000022;48,755054398000027
54418;08;4;35;034;2018;09;17;5;3;4;6;0;1;1;0;0;0;0;0;529496,434299999960000;5285211,560499999700000;9,393292305000045;47,719608692000065
54423;08;1;16;033;2018;09;18;5;3;5;3;0;1;1;0;0;0;0;0;532625,358299999960000;5388480,693599999900000;9,442944165000029;48,648532690000081
54426;08;1;17;043;2018;09;13;5;2;8;1;0;1;0;0;0;0;0;0;553155,117699999940000;5390271,820600000200000;9,721881605000021;48,663235698000051
54431;08;3;36;105;2018;09;14;5;3;5;3;0;1;1;0;0;0;0;0;401737,623800000000000;5266962,692200000400000;7,694070733000046;47,548648414000070
54437;08;4;35;059;2018;09;17;3;3;5;3;0;1;1;0;0;0;0;0;512689,173599999980000;5290676,229700000000000;9,169352867000043;47,769326532000036
54439;08;1;11;000;2018;09;11;5;3;5;2;0;1;1;0;0;0;0;0;512309,026100000020000;5406528,724200000100000;9,167656904000069;48,811623212000029
54441;08;4;35;035;2018;09;16;3;3;5;3;0;1;1;0;0;0;0;0;541151,201000000000000;5283389,000000000000000;9,548513357000047;47,702572928000052
54444;08;4;35;010;2018;09;10;3;3;5;3;0;1;0;0;0;0;1;0;519937,054999999990000;5284291,218500000400000;9,265791444000058;47,711693916000058
54446;08;1;35;019;2018;09;09;6;2;3;6;0;1;0;0;0;0;0;0;585509,231700000000000;5391194,558500000300000;10,161386200000038;48,667944035000062
54455;08;4;15;061;2018;09;07;3;3;5;2;0;1;1;0;0;0;0;0;514509,449000000020000;5369713,700000000200000;9,196338078000053;48,480383401000040
54461;08;1;16;046;2018;09;08;3;3;6;7;0;1;0;1;0;0;0;0;524356,743800000050000;5376846,243999999900000;9,330003685000065;48,544245002000025
54463;08;2;36;046;2018;09;13;6;2;0;7;0;1;1;0;0;0;0;0;483943,946100000000000;5418393,901399999900000;8,780840915000056;48,918274004000068
54466;08;1;27;014;2018;09;11;5;3;6;4;0;0;1;1;0;0;0;0;578331,001399999950000;5443286,016200000400000;10,073902717000067;49,137406676000069
54477;08;3;17;096;2018;09;07;3;3;1;5;0;1;1;0;0;0;0;0;421888,686999999980000;5369693,590200000400000;7,943112247000045;48,475517325000055
54497;08;2;31;000;2018;09;15;3;3;6;4;0;0;1;1;0;0;0;0;478909,534300000000000;5415698,972199999700000;8,712263108000059;48,893880318000072
54506;08;2;36;072;2018;09;07;3;3;0;7;0;1;0;0;0;0;0;0;466206,016999999990000;5410305,884300000000000;8,539399494000065;48,844803977000026
54510;08;2;16;041;2018;09;18;3;3;5;3;0;1;1;0;0;0;0;0;434947,113699999990000;5391495,214800000200000;8,116364655000041;48,673114408000060
54515;08;4;35;016;2018;09;07;5;3;5;3;0;1;1;0;0;0;0;0;536302,226999999960000;5278929,940000000400000;9,483511987000043;47,662743871000032
54518;08;4;15;061;2018;09;18;4;3;3;2;1;1;1;0;0;0;0;0;515221,558100000020000;5370868,292299999900000;9,206016154000054;48,490753695000080
54535;08;1;26;058;2018;09;11;3;2;6;4;0;0;0;1;0;0;1;0;541962,384899999950000;5450577,579500000000000;9,576094497000042;49,206554387000040
54536;08;1;36;010;2018;09;02;6;2;6;4;2;0;0;1;0;1;0;0;602043,721499999990000;5416533,715599999800000;10,392183623000051;48,893344471000034
54540;08;2;15;110;2018;09;13;5;3;6;2;0;0;1;1;0;0;0;0;460317,707799999970000;5418055,056499999900000;8,458395206000034;48,914162366000028
54541;08;1;25;069;2018;09;15;3;3;3;6;0;1;0;0;0;1;0;0;523899,421199999980000;5453999,705500000200000;9,328320869000038;49,238307457000076
54543;08;1;21;000;2018;09;17;3;3;5;3;0;1;1;0;0;0;0;0;510458,653999999980000;5449214,159000000000000;9,143553164000025;49,195637477000048
54544;08;3;11;000;2018;09;07;4;3;5;3;0;1;1;0;0;0;0;0;415009,806600000010000;5315679,727800000500000;7,860892088000071;47,988769041000069
54551;08;1;18;079;2018;09;09;5;3;6;4;0;0;1;1;0;0;0;0;506170,116600000010000;5421438,078499999800000;9,084266115000048;48,945836020000058
54553;08;4;25;141;2018;09;16;6;2;8;1;0;1;0;0;0;0;0;0;566541,317200000050000;5364245,918999999800000;9,899495387000059;48,427844520000065
54554;08;2;12;000;2018;09;08;4;3;5;3;0;1;1;0;0;0;0;0;455779,304899999990000;5431305,612999999900000;8,395015536000074;49,033045699000070
54560;08;3;11;000;2018;09;16;3;3;0;7;0;1;0;0;0;0;0;0;412884,663000000000000;5318062,845999999900000;7,831931369000074;48,009919989000025
54571;08;1;18;048;2018;09;15;4;2;1;6;0;1;1;0;0;0;0;0;518145,995600000020000;5417797,121600000200000;9,247659200000044;48,912847840000040
54572;08;2;26;105;2018;09;13;4;3;5;2;0;1;1;0;0;0;0;0;470614,188399999980000;5478222,274799999800000;8,594524466000053;49,455947020000053
54574;08;4;36;094;2018;09;10;7;3;6;7;0;0;1;1;0;0;0;0;567405,671899999960000;5285807,834900000100000;9,898803295000050;47,722127849000060
54578;08;1;11;000;2018;09;09;3;3;6;7;0;0;1;1;0;0;0;0;508213,663300000010000;5397429,866600000300000;9,111693850000052;48,729837896000049
54583;08;2;35;079;2018;09;12;2;3;6;4;0;0;1;1;0;0;0;0;468740,422499999990000;5402588,987999999900000;8,574529296000037;48,775518183000031
54587;08;4;15;061;2018;09;08;4;3;5;3;0;1;1;0;0;0;0;0;516442,646400000030000;5370234,389399999800000;9,222517896000056;48,485020116000044
54591;08;3;17;098;2018;09;14;4;3;0;7;0;1;0;0;0;0;0;0;438054,785099999980000;5367479,695700000000000;8,162148540000032;48,457402901000080
54593;08;2;15;009;2018;09;13;6;3;6;6;0;1;0;1;0;0;0;0;470749,556600000010000;5441741,916100000000000;8,599062383000046;49,127815006000048
54594;08;2;12;000;2018;09;08;5;3;5;2;0;1;1;0;0;0;0;0;459088,815300000020000;5428738,776300000000000;8,440549543000032;49,010185087000082
54595;08;4;35;053;2018;09;18;2;3;8;1;0;1;0;0;0;0;0;0;508211,774500000000000;5293113,893799999700000;9,109642635000057;47,791332069000077
54602;08;3;35;075;2018;09;11;4;3;5;2;0;1;0;0;0;1;0;0;487800,426199999990000;5289242,531499999600000;8,837221673000045;47,756436253000061
54606;08;3;37;096;2018;09;09;2;2;6;4;0;0;1;1;0;0;0;0;420217,813800000000000;5267320,456100000100000;7,939563350000071;47,554400431000033
54608;08;2;35;020;2018;09;15;5;2;6;4;0;0;1;1;0;0;0;0;476160,577200000000000;5381557,600200000200000;8,676735250000036;48,586648969000066
54624;08;3;17;034;2018;09;17;2;3;0;7;0;1;0;0;0;0;0;0;426992,609200000010000;5361273,107499999900000;8,013627528000029;48,400387104000060
54633;08;1;16;053;2018;09;10;4;3;5;2;0;1;0;0;1;0;0;0;538455,014700000060000;5388162,624300000300000;9,522058862000051;48,645339865000039
54635;08;3;17;001;2018;09;19;5;3;0;7;1;1;0;0;0;0;0;0;430043,701699999980000;5389565,405600000200000;8,050095465000027;48,655225851000068
54641;08;4;26;062;2018;09;18;4;2;5;3;0;1;1;0;0;0;0;0;555143,663999999990000;5319410,844999999700000;9,739603970000076;48,025606057000061
54642;08;1;16;033;2018;09;14;4;2;6;4;0;0;1;1;0;0;0;0;532099,711800000050000;5389001,049200000200000;9,435848189000069;48,653240980000078
54653;08;3;15;130;2018;09;16;5;3;3;6;0;1;0;0;0;1;0;0;415110,602799999990000;5300474,189000000200000;7,865238325000064;47,852000380000050
54655;08;2;26;048;2018;09;08;2;3;3;6;0;1;0;0;0;1;0;0;485186,912000000010000;5464838,656999999700000;8,796100873000057;49,336092328000063
54659;08;1;16;056;2018;09;16;4;3;3;6;0;1;1;0;0;0;0;0;530104,492399999990000;5395479,410600000100000;9,409229812000035;48,711618892000047
54660;08;2;15;009;2018;09;12;2;3;0;7;0;1;0;0;0;0;0;0;471007,214900000020000;5441133,730800000000000;8,602637747000074;49,122356465000053
54667;08;3;17;153;2018;09;06;2;2;6;2;1;0;0;1;0;0;1;0;421076,862000000020000;5390629,186999999900000;7,928156952000052;48,663725807000048
54670;08;2;26;105;2018;09;07;6;2;5;2;0;1;1;0;0;0;0;0;470325,500999999990000;5478033,477000000000000;8,590555311000060;49,454234812000038
54674;08;1;36;088;2018;09;16;5;3;5;2;0;1;0;0;0;0;1;0;580290,224000000050000;5410588,140999999800000;10,094297943000072;48,843069721000063
54676;08;3;26;012;2018;09;19;4;3;4;2;2;1;1;0;0;0;0;0;462705,192600000010000;5309865,672500000300000;8,500607770000045;47,941021101000047