OBJECTID_1;ULAND;UREGBEZ;UKREIS;UGEMEINDE;UJAHR;UMONAT;USTUNDE;UWOCHENTAG;UKATEGORIE;UART;UTYP1;ULICHTVERH;IstRad;IstPKW;IstFuss;IstKrad;IstGkfz;IstSonstig;STRZUSTAND;LINREFX;LINREFY;XGCSWGS84;YGCSWGS84
56828;08;3;17;096;2018;10;20;1;3;5;2;2;1;1;0;0;0;0;1;421632,963999999980000;5368807,894999999600000;7,939818789000071;48,467518761000065
56850;08;1;21;000;2018;10;18;3;3;6;3;2;0;1;1;0;0;0;0;516542,432800000010000;5443718,147900000200000;9,226831223000033;49,146065354000029
56851;08;2;36;028;2018;10;07;6;3;1;5;2;1;0;0;0;0;1;0;494409,355500000010000;5422174,195100000100000;8,923637702000065;48,952463405000060
56856;08;3;17;040;2018;10;12;2;2;0;7;0;1;0;0;0;0;0;0;431322,361500000000000;5348356,149000000200000;8,074223462000020;48,284679579000056
56857;08;4;17;002;2018;10;14;3;3;6;4;0;0;1;1;0;0;0;1;488952,538000000000000;5347136,557300000500000;8,851101949000054;48,277337140000043
56874;08;1;16;019;2018;11;03;7;2;6;1;2;0;1;1;0;0;1;0;520269,167599999990000;5398630,144299999800000;9,275688780000053;48,740359991000048
56889;08;2;16;043;2018;11;14;1;2;5;3;0;1;1;0;0;0;0;0;440629,731499999990000;5411551,659099999800000;8,190651342000024;48,854090146000033
56893;08;3;35;063;2018;10;07;4;3;5;3;0;1;0;0;0;0;0;0;496397,166399999990000;5287293,246600000200000;8,951943620000066;47,739002766000056
56896;08;3;17;057;2018;11;05;5;3;0;7;2;0;0;1;0;0;1;0;412046,888199999990000;5381024,940399999700000;7,807585233000054;48,576136502000054
56915;08;2;16;005;2018;11;15;5;3;5;2;0;1;1;0;0;0;0;0;445448,123000000020000;5416694,643000000200000;8,255644561000054;48,900793894000060
56926;08;4;35;016;2018;10;09;2;3;5;7;0;1;1;0;0;0;0;1;536918,664299999950000;5278828,479199999900000;9,491713478000065;47,661796097000035
56927;08;1;25;013;2018;10;08;6;3;0;1;0;1;0;0;0;0;0;0;504480,765900000000000;5436362,440399999700000;9,061359211000024;49,080104024000036
56931;08;1;19;079;2018;10;22;6;3;6;4;2;0;1;1;0;0;0;0;523526,901799999990000;5408992,479899999700000;9,320591058000048;48,833463071000040
56980;08;4;35;016;2018;10;11;3;3;5;7;0;1;1;0;0;0;0;0;536181,363900000000000;5278368,745500000200000;9,481855797000037;47,657701350000082
56984;08;1;17;026;2018;10;15;2;3;3;2;0;1;1;0;0;0;0;0;546895,952300000000000;5395175,668800000100000;9,637440352000056;48,707849828000064
56995;08;4;36;009;2018;10;18;5;3;8;1;1;1;0;0;0;0;0;0;557576,615899999980000;5305228,056300000300000;9,770333072000028;47,897796873000061
56999;08;2;12;000;2018;10;08;2;3;5;2;0;1;1;0;0;0;0;0;455371,819100000020000;5429723,938400000300000;8,389615086000049;49,018789074000040
57003;08;1;18;048;2018;10;18;3;1;6;4;2;0;0;1;1;0;0;0;514778,993900000000000;5418345,691800000100000;9,201726069000074;48,917872131000081
57009;08;3;17;031;2018;10;18;2;2;5;3;2;1;1;0;0;0;0;1;416601,748499999990000;5358227,678000000300000;7,873871964000045;48,371704947000069
57010;08;2;25;058;2018;11;15;2;2;6;4;0;0;1;1;0;0;0;0;511043,717000000000000;5468065,821999999700000;9,152104203000022;49,365200674000050
57016;08;2;36;072;2018;10;11;3;3;6;4;0;1;0;1;0;0;0;1;466787,222899999990000;5410536,969899999900000;8,547302135000052;48,846914100000049
57020;08;4;16;041;2018;10;08;5;3;4;6;0;1;0;0;0;0;0;1;505028,856299999980000;5373490,196100000300000;9,068094840000072;48,514505605000068
57021;08;3;17;065;2018;11;18;7;3;5;3;2;1;1;0;0;0;0;0;414164,992000000030000;5355126,261500000000000;7,841607984000063;48,343481627000074
57023;08;3;37;126;2018;11;07;6;3;6;3;0;0;1;1;0;0;0;0;442782,449299999980000;5273692,983599999900000;8,238620924000031;47,614115147000064
57028;08;3;36;079;2018;10;17;5;3;6;1;0;1;0;1;0;0;0;0;417593,949599999990000;5293657,112099999600000;7,899724845000037;47,790998563000073
57037;08;1;19;003;2018;11;06;2;2;6;4;2;0;1;1;0;0;0;0;534108,020400000040000;5417713,900600000300000;9,465498530000048;48,911425689000055
57052;08;3;17;031;2018;10;16;5;3;6;4;0;0;1;1;0;0;0;0;417016,303000000010000;5358371,757600000100000;7,879440146000036;48,373055578000049
57081;08;2;15;097;2018;11;11;6;1;6;7;0;0;1;1;0;0;0;0;475567,052000000030000;5443573,397500000000000;8,664983777000032;49,144500060000041
57088;08;4;15;061;2018;11;14;1;2;1;5;0;1;1;0;0;0;0;0;510950,646400000030000;5364954,265800000200000;9,148056919000055;48,437637530000075
57109;08;2;26;060;2018;10;07;5;2;6;4;2;0;1;1;0;0;0;1;477184,070499999970000;5463798,670699999700000;8,686004334000074;49,326490877000026
57122;08;2;12;000;2018;10;20;4;2;4;6;2;1;0;0;0;0;0;0;460688,597400000030000;5423873,316100000400000;8,462895770000046;48,966523102000053
57124;08;1;11;000;2018;11;09;7;3;5;3;0;1;1;0;0;0;0;0;511058,408200000010000;5397302,711199999800000;9,150374703000068;48,728650014000038
57127;08;3;36;050;2018;10;19;2;3;6;4;2;0;1;1;0;0;0;1;398847,905299999980000;5273464,523900000400000;7,654178311000067;47,606691127000033
57130;08;2;12;000;2018;11;14;5;2;5;3;0;1;1;0;0;0;0;0;456407,735999999980000;5424454,742999999800000;8,404348022000022;48,971466013000054
57132;08;2;26;012;2018;11;14;1;3;1;7;0;1;1;0;0;0;0;0;475920,081999999990000;5477571,375000000000000;8,667775145000064;49,450325823000071
57138;08;2;22;000;2018;10;11;5;3;3;2;0;1;0;0;0;0;1;0;461945,674999999990000;5481459,031999999700000;8,474606750000021;49,484578885000076
57164;08;3;17;096;2018;10;18;4;3;5;3;2;1;1;0;0;0;0;0;421392,061999999980000;5369639,877899999700000;7,936403947000031;48,474972295000043
57170;08;1;18;050;2018;10;16;4;3;1;2;0;1;0;0;0;0;1;0;507826,834099999980000;5417110,946499999600000;9,106809043000055;48,906891620000067
57178;08;1;26;020;2018;10;05;5;3;0;1;2;1;0;0;0;0;0;1;551203,832399999960000;5470803,255900000200000;9,705551740000033;49,387771204000046
57202;08;1;11;000;2018;11;17;5;3;6;4;2;0;1;1;0;0;0;0;515870,598999999990000;5405599,198599999800000;9,216131574000031;48,803180575000056
57208;08;2;21;000;2018;10;20;4;3;3;6;2;1;0;0;0;0;1;0;477668,331100000010000;5473643,193599999900000;8,692116165000073;49,415059350000035
57213;08;2;31;000;2018;10;16;4;3;8;7;0;1;1;0;0;0;0;0;476581,430700000030000;5416076,048000000400000;8,680479701000024;48,897188733000064
57215;08;1;27;062;2018;11;19;7;2;0;1;2;1;0;0;0;0;0;0;549624,489799999980000;5428246,063400000300000;9,678534567000042;49,005113952000045
57216;08;2;31;000;2018;11;14;6;3;3;2;0;1;1;0;0;0;0;0;476563,593799999970000;5416080,396999999900000;8,680236091000040;48,897227181000062
57217;08;3;36;107;2018;10;12;2;2;0;7;0;1;0;0;0;0;0;0;408090,574299999980000;5286206,934100000200000;7,774440484000024;47,722694171000057
57221;08;3;35;079;2018;11;10;5;2;0;7;0;1;0;0;0;0;0;0;500419,163899999990000;5300170,760300000200000;9,005603461000021;47,854878211000027
57228;08;1;17;026;2018;10;07;5;3;6;4;2;0;1;1;0;0;0;1;545308,875000000000000;5390655,460000000000000;9,615373430000034;48,667305225000064
57237;08;1;11;000;2018;10;12;5;3;5;2;0;1;0;0;0;0;1;0;515807,793100000010000;5405499,331100000100000;9,215272422000055;48,802283781000028
57243;08;3;17;031;2018;11;12;5;3;0;2;0;0;0;1;0;1;0;0;414845,385699999980000;5359389,447599999600000;7,849925315000064;48,381920240000056
57248;08;4;16;048;2018;11;12;4;3;0;3;0;1;1;0;0;0;0;0;496169,315999999990000;5379466,177799999700000;8,948074428000041;48,568275976000052
57249;08;1;11;000;2018;11;18;6;3;5;2;2;1;1;0;0;0;0;0;509920,609500000020000;5399167,412899999900000;9,134947602000068;48,745444030000044
57250;08;4;15;050;2018;11;13;4;3;0;1;0;1;0;0;0;0;0;0;520251,375400000020000;5376702,393899999600000;9,274374769000076;48,543096886000058
57252;08;4;36;006;2018;11;18;6;3;6;2;2;0;1;1;0;0;0;0;556024,544800000030000;5284024,519200000000000;9,746830003000071;47,707171795000079
57255;08;3;35;043;2018;11;09;4;3;5;2;0;1;1;0;0;0;0;0;512179,130100000010000;5279255,502500000400000;9,162226435000036;47,666577293000046
57256;08;4;35;016;2018;11;15;4;2;5;3;0;1;0;0;0;0;1;0;534794,402000000000000;5277846,189000000200000;9,463343570000063;47,653075768000065
57264;08;3;11;000;2018;11;08;4;2;3;2;0;1;0;0;0;1;0;0;414408,431300000000000;5316731,854799999900000;7,852623815000072;47,998153131000038
57266;08;3;11;000;2018;11;21;4;3;5;3;2;1;1;0;0;0;0;1;414586,292000000020000;5317882,157300000100000;7,854778544000055;48,008524330000057
57272;08;4;36;093;2018;11;06;5;2;2;6;2;1;0;0;0;0;1;1;543728,734000000050000;5316160,668100000400000;9,586181282000041;47,997248787000046
57275;08;2;36;076;2018;11;16;4;2;5;3;1;1;1;0;0;0;0;0;473217,706000000010000;5423285,449000000000000;8,634112782000045;48,961904928000081
57279;08;2;21;000;2018;11;21;4;3;5;3;2;1;1;0;0;0;0;1;476992,539899999970000;5474989,866200000000000;8,682721181000034;49,427147245000072
57280;08;3;35;043;2018;11;07;5;2;6;4;1;0;1;1;0;0;0;1;513139,213200000000000;5280476,882600000100000;9,175051463000045;47,677548064000064
57281;08;2;21;000;2018;11;16;4;3;4;2;0;1;1;0;0;0;0;0;477499,895200000030000;5474224,672299999700000;8,689761030000057;49,420283446000042
57286;08;2;11;000;2018;11;05;4;3;6;4;2;0;1;1;0;0;0;0;443473,584900000020000;5402065,886500000000000;8,230722162000063;48,769030292000082
57290;08;1;15;050;2018;11;17;6;2;6;4;2;0;1;1;0;0;0;0;489210,885899999990000;5401966,351900000100000;8,853165015000059;48,770608752000044
57291;08;2;15;099;2018;11;08;5;3;5;3;0;1;0;0;0;0;1;0;463283,811999999980000;5446778,460000000000000;8,496273585000040;49,172718185000065
57294;08;1;36;042;2018;11;15;4;3;0;1;0;1;0;0;0;0;0;0;547747,319000000020000;5404562,675200000400000;9,650100352000038;48,792225383000073
57302;08;1;27;023;2018;11;17;4;3;8;1;2;1;0;0;0;0;0;0;554219,290000000040000;5426185,469999999700000;9,741080740000029;48,986192637000045
57304;08;1;16;058;2018;11;14;6;3;6;4;0;0;1;1;0;0;0;0;533868,787299999970000;5395154,909699999700000;9,460372045000042;48,708506653000029
57311;08;2;25;009;2018;11;15;4;2;4;1;0;1;1;0;0;0;0;0;518298,016899999990000;5465729,044300000200000;9,251908897000021;49,344006785000033
57314;08;1;25;110;2018;11;14;4;3;6;4;0;0;1;1;0;0;0;0;524861,351400000040000;5443856,270300000000000;9,340907692000030;49,147027374000061
57317;08;1;19;004;2018;11;19;4;2;5;3;2;1;1;0;0;0;0;0;541748,804299999960000;5418496,146999999900000;9,569853345000070;48,917994213000043
57327;08;1;16;080;2018;11;09;4;3;6;4;0;0;1;1;0;0;0;0;518543,205900000000000;5397406,277900000100000;9,252158490000056;48,729403926000032
57329;08;1;36;019;2018;11;07;5;3;6;4;2;0;1;1;0;0;0;1;581806,453400000000000;5422677,142199999700000;10,117380093000065;48,951601049000033
57331;08;1;16;047;2018;11;06;4;3;2;6;1;1;1;0;0;0;0;0;520664,840299999980000;5393057,314399999600000;9,280791277000049;48,690214064000031
57334;08;3;26;074;2018;11;12;5;2;5;3;0;1;1;0;0;0;0;0;460820,332999999980000;5323206,660000000100000;8,474151418000076;48,060934880000048
57342;08;1;36;050;2018;11;18;5;2;6;2;2;0;1;1;0;0;0;0;580855,060599999970000;5402678,254499999800000;10,100436797000043;48,771852866000074
57346;08;1;16;073;2018;11;16;4;3;3;6;0;1;1;0;0;0;0;0;521095,324900000010000;5389872,148799999600000;9,286478062000072;48,661545871000044
57351;08;1;11;000;2018;11;13;4;2;6;2;0;0;0;1;0;1;0;0;512468,563599999990000;5401226,856800000200000;9,169669026000065;48,763924911000061
57354;08;3;17;096;2018;11;16;6;2;5;2;0;1;1;0;0;0;0;0;422551,158600000020000;5370193,269600000200000;7,951981690000025;48,480093859000078
57356;08;1;11;000;2018;11;22;4;3;2;4;2;0;1;1;0;0;0;0;512868,990999999980000;5407462,677000000100000;9,175313246000030;48,820013579000033
57365;08;4;35;016;2018;11;13;5;3;5;3;0;1;0;0;0;1;0;0;536051,431400000000000;5279162,483699999700000;9,480190932000028;47,664850188000059
57369;08;4;26;044;2018;11;14;3;3;5;3;0;1;1;0;0;0;0;0;580915,782000000010000;5327645,792000000400000;10,086771782000028;48,096938306000027
57372;08;4;35;035;2018;11;10;6;3;5;3;0;1;1;0;0;0;0;0;541236,949700000000000;5281047,822800000200000;9,549434964000056;47,681503284000030
57373;08;1;19;067;2018;11;15;5;3;5;2;0;1;1;0;0;0;0;0;539344,365699999970000;5405874,817800000300000;9,535822006000046;48,804617298000039
57381;08;4;35;016;2018;11;12;6;2;5;3;0;1;1;0;0;0;0;0;536181,558300000030000;5277972,896099999500000;9,481825619000063;47,654139720000046
57384;08;3;26;017;2018;11;06;3;2;6;2;2;0;1;1;0;0;0;0;444647,229500000020000;5324782,832200000100000;8,256896705000031;48,073916256000075
57390;08;3;35;043;2018;11;07;5;3;8;1;0;1;0;0;0;0;0;1;510957,043599999980000;5281974,446700000200000;9,146016500000030;47,691063299000064
57393;08;2;12;000;2018;11;07;3;3;5;3;0;1;1;0;0;0;0;0;461954,705900000000000;5427066,417200000000000;8,479894820000027;48,995325166000043
57400;08;2;26;106;2018;11;11;3;2;0;1;0;1;0;0;0;0;0;0;498120,373700000000000;5465304,313099999900000;8,974125048000076;49,340457893000064
57401;08;1;19;085;2018;11;14;6;3;8;1;0;0;1;1;0;0;1;0;529463,269800000010000;5414152,743499999900000;9,401852935000022;48,879629523000062
57402;08;2;16;043;2018;11;20;3;3;5;3;2;1;1;0;0;0;0;0;442479,536299999980000;5412529,565000000400000;8,215728366000064;48,863060651000069
57404;08;2;15;111;2018;11;17;3;3;5;2;2;1;1;0;0;0;0;0;457454,799000000000000;5445431,284000000000000;8,416449130000046;49,160223987000052
57420;08;1;27;013;2018;11;15;3;2;9;1;0;1;0;0;0;0;0;0;567071,728400000020000;5427728,241999999600000;9,916983955000035;48,998807033000048
57429;08;3;35;043;2018;11;09;6;2;0;1;0;1;0;0;0;0;0;0;515045,675600000020000;5281296,133200000000000;9,200479020000046;47,684877821000043
57443;08;3;35;079;2018;11;06;6;3;5;3;2;1;1;0;0;0;0;0;501062,910900000020000;5300092,707600000300000;9,014208998000072;47,854175196000028
57449;08;1;15;048;2018;11;07;3;3;0;6;0;1;1;0;0;0;0;0;508863,240700000020000;5389214,251299999700000;9,120350856000073;48,655920676000051
57455;08;3;26;074;2018;11;17;6;3;0;1;2;1;0;0;0;0;0;0;459203,164200000000000;5323055,616200000000000;8,452462058000037;48,059474608000073
57462;08;1;11;000;2018;11;19;5;2;6;4;2;0;0;1;0;0;1;0;515785,697600000010000;5405501,325899999600000;9,214971601000059;48,802302287000032
57484;08;4;35;057;2018;11;12;6;3;5;2;0;1;1;0;0;0;0;0;544567,696800000030000;5278833,660400000400000;9,593585026000028;47,661360900000034
57498;08;2;12;000;2018;11;12;2;3;1;5;0;1;0;0;0;0;1;0;455680,053100000020000;5427694,538499999800000;8,394052160000058;49,000556646000064
57508;08;1;36;065;2018;11;19;5;3;5;3;2;1;1;0;0;0;0;0;559143,489399999960000;5405863,610600000200000;9,805436993000058;48,802947839000069
57517;08;2;26;056;2018;11;14;4;3;6;2;0;0;1;1;0;0;0;0;485500,658500000020000;5471577,243800000300000;8,800174005000031;49,396713374000058
57518;08;1;15;044;2018;11;17;3;2;6;2;2;0;1;1;0;0;0;0;505498,368000000020000;5389960,477500000000000;9,074670390000051;48,662672509000060
57523;08;1;16;080;2018;11;11;3;3;6;3;0;0;1;1;0;0;0;1;518664,838200000000000;5394868,379400000000000;9,253697648000070;48,706569435000063
57528;08;1;11;000;2018;11;18;3;3;6;3;2;0;1;1;0;0;0;0;516653,226599999990000;5407419,198599999800000;9,226863448000074;48,819532530000060
57530;08;4;35;035;2018;11;06;2;3;0;6;1;1;1;0;0;0;0;0;542162,744900000050000;5282683,111200000200000;9,561927535000052;47,696156646000077
57534;08;4;25;071;2018;11;09;2;3;6;4;0;0;1;1;0;0;0;0;550648,975199999990000;5370926,444899999500000;9,685492286000056;48,489420025000072
57540;08;3;15;132;2018;11;07;3;2;5;3;1;1;1;0;0;0;0;1;410482,353000000000000;5324726,663200000300000;7,798334337000028;48,069529999000054
57541;08;4;15;061;2018;11;15;2;3;3;2;0;1;1;0;0;0;0;0;515694,902899999990000;5372308,680900000000000;9,212476736000042;48,503700281000079
57542;08;2;12;000;2018;11;08;4;3;5;5;0;1;1;0;0;0;0;0;452835,001999999980000;5429219,512799999700000;8,354979610000044;49,014063015000033
57546;08;1;25;007;2018;11;08;5;3;8;1;0;1;0;0;0;0;0;0;511806,683000000020000;5452746,388000000300000;9,162159728000063;49,227386278000040
57549;08;3;17;085;2018;11;14;4;3;3;6;0;1;1;0;0;0;0;0;431191,133500000000000;5359765,725100000400000;8,070591044000025;48,387299894000080
57550;08;3;37;096;2018;11;07;2;3;0;2;0;1;1;0;0;0;0;0;420222,434200000020000;5267323,149400000500000;7,939624263000042;47,554425229000060
57551;08;1;17;053;2018;11;14;4;3;6;4;0;0;1;1;0;0;0;0;550040,449299999980000;5400726,288900000000000;9,680853224000032;48,757535494000081
57553;08;3;35;075;2018;11;08;2;3;5;2;0;1;1;0;0;0;0;0;487851,449000000020000;5289171,900000000400000;8,837904439000056;47,755801707000046
57568;08;3;17;096;2018;11;13;2;1;5;2;0;1;0;0;0;1;0;0;422212,814200000020000;5368795,724299999900000;7,947664120000070;48,467481272000043
57579;08;2;15;101;2018;11;17;2;3;6;2;2;0;1;1;0;0;0;0;465720,055500000020000;5428477,535899999600000;8,531248707000032;49,008239170000081
57594;08;2;22;000;2018;11;09;2;3;5;3;0;1;1;0;0;0;0;0;463241,859799999980000;5483180,794800000300000;8,492341507000049;49,500145159000056
57625;08;1;25;094;2018;11;15;2;3;0;1;0;1;0;0;0;0;0;0;513653,926299999990000;5437756,815100000200000;9,187022290000073;49,092511904000048
57644;08;1;11;000;2018;11;15;2;3;0;1;0;1;0;0;0;0;0;0;515603,358300000020000;5406015,784099999800000;9,212508053000022;48,806934886000079
57665;08;3;17;085;2018;11;19;1;3;6;6;2;1;0;1;0;0;0;0;431494,468799999970000;5360416,532200000200000;8,074581518000059;48,393187186000034
57688;08;2;26;036;2018;11;03;1;3;8;7;2;1;0;0;0;0;0;1;467497,272699999970000;5481081,911500000400000;8,551282644000025;49,481509561000053
57690;08;2;21;000;2018;11;01;1;2;6;4;2;0;1;1;0;0;0;1;477767,594600000010000;5473507,655500000300000;8,693492269000046;49,413843842000063
57695;08;2;15;047;2018;11;15;1;3;4;2;0;1;1;0;0;0;0;0;459520,325300000030000;5412072,526999999800000;8,448105193000060;48,860295650000069
57705;08;2;16;007;2018;11;15;4;3;5;2;0;1;1;0;0;0;0;1;435555,696200000010000;5394929,229299999800000;8,124094624000065;48,704066658000045
57720;08;1;27;076;2018;11;15;3;3;5;3;0;1;0;0;0;0;1;0;551895,850400000000000;5439433,980100000300000;9,711023196000042;49,105560641000068
57726;08;1;21;000;2018;11;09;5;3;5;3;0;1;1;0;0;0;0;0;515650,422100000030000;5441956,823800000400000;9,214531600000044;49,130245030000026
57741;08;3;26;010;2018;11;13;7;2;3;2;0;1;1;0;0;0;0;0;466501,346100000020000;5326389,058299999700000;8,550146794000057;48,089889895000056
57743;08;4;36;004;2018;11;14;6;2;5;3;0;1;1;0;0;0;0;0;581512,539699999960000;5310124,746600000200000;10,091453190000038;47,939251333000072
57744;08;3;17;021;2018;11;11;7;2;0;7;0;1;0;0;0;0;0;0;427747,749399999970000;5371619,494400000200000;8,022042956000064;48,493541664000077
57746;08;3;17;057;2018;11;17;7;3;5;3;2;1;1;0;0;0;0;1;412029,115300000000000;5381016,747700000200000;7,807346066000036;48,576060319000078
57747;08;1;25;098;2018;11;07;3;2;5;3;0;1;1;0;0;0;0;1;519240,952999999980000;5438254,084099999600000;9,263572577000048;49,096835675000079
57752;08;2;12;000;2018;11;23;7;1;6;4;2;0;0;1;0;0;1;1;459008,499499999980000;5429537,123999999800000;8,439370663000034;49,017361025000071
57753;08;2;22;000;2018;11;22;4;3;0;1;2;1;0;0;0;0;0;0;462287,606099999980000;5480427,351099999600000;8,479425759000037;49,475320782000040
57754;08;1;11;000;2018;11;16;5;3;6;4;0;0;1;1;0;0;0;0;515060,781200000030000;5394849,478600000000000;9,204709983000043;48,706496852000043
57759;08;4;36;064;2018;11;16;3;3;6;2;1;0;0;1;1;0;0;1;545097,066699999970000;5292298,778699999700000;9,602029362000053;47,782471616000066
57762;08;4;15;059;2018;11;07;4;3;5;3;1;1;1;0;0;0;0;0;516475,004699999990000;5369333,360600000200000;9,222920275000035;48,476913286000070
57763;08;2;21;000;2018;11;02;7;3;0;7;2;1;0;0;0;0;0;0;476071,849500000010000;5472988,380900000200000;8,670145520000062;49,409108729000081
57777;08;2;25;014;2018;11;17;7;2;8;1;2;0;1;1;0;0;0;0;523736,834399999990000;5485503,070000000300000;9,327967711000042;49,521682607000059
57784;08;3;15;107;2018;11;13;4;3;5;3;0;1;1;0;0;0;0;0;411144,669100000000000;5309620,178799999900000;7,810351977000039;47,933736209000074
57787;08;3;27;050;2018;11;15;4;2;5;3;0;1;1;0;0;0;0;0;485052,485800000020000;5314083,253200000200000;8,799696933000064;47,979878818000032
57794;08;1;17;051;2018;11;15;7;3;5;3;0;1;1;0;0;0;0;0;542104,356600000060000;5395546,311300000200000;9,572351259000072;48,711525901000073
57810;08;4;26;117;2018;11;18;4;3;0;6;2;0;1;1;0;0;0;0;581671,150700000000000;5317327,055100000500000;10,094945496000037;48,004020138000044
57828;08;1;16;080;2018;11;17;4;3;5;2;2;1;1;0;0;0;0;0;518941,028600000020000;5395620,260099999600000;9,257486174000064;48,713325012000041
57837;08;3;16;017;2018;11;16;7;3;5;3;0;1;1;0;0;0;0;0;409250,430400000010000;5340466,483300000400000;7,778446414000030;48,210934384000041
57845;08;1;19;008;2018;11;07;3;1;0;5;1;1;1;0;0;0;0;0;531168,571099999940000;5421583,078999999900000;9,425678570000059;48,946385744000054
57848;08;2;12;000;2018;11;07;2;3;5;3;2;1;1;0;0;0;0;0;455172,283000000000000;5428186,510999999900000;8,387055970000063;49,004945320000047
57849;08;2;31;000;2018;11;20;4;3;0;4;2;0;0;1;0;0;1;0;478927,634100000020000;5415703,724200000100000;8,712509795000074;48,893923681000047
57872;08;4;16;041;2018;11;17;2;3;5;3;1;1;1;0;0;0;0;0;505030,601000000020000;5370515,940999999600000;9,068082622000077;48,487748023000051
57873;08;4;16;041;2018;11;16;4;3;5;3;0;1;1;0;0;0;0;0;505307,647999999990000;5373380,856300000100000;9,071868514000073;48,513519648000056
57877;08;4;25;108;2018;11;12;2;2;8;2;0;1;1;0;0;1;0;0;554432,692400000060000;5357968,026800000100000;9,735014347000060;48,372532768000042
57888;08;4;35;016;2018;11;13;2;2;6;4;0;0;1;1;0;0;0;0;536162,641199999950000;5279049,612999999900000;9,481662806000031;47,663828437000063
57889;08;3;37;126;2018;11;07;4;3;0;1;1;1;0;0;0;0;0;0;445030,083999999970000;5275692,384399999900000;8,268276052000033;47,632298445000060
57893;08;1;16;058;2018;11;14;7;3;0;7;0;1;0;0;0;0;0;0;535179,572099999990000;5395219,111899999900000;9,478194132000056;48,709011634000035
57895;08;4;35;029;2018;11;07;6;3;0;1;0;1;0;0;0;0;0;0;545031,020000000020000;5271586,069000000100000;9,599009996000063;47,596120208000059
57897;08;4;35;016;2018;11;06;6;3;4;2;2;1;1;0;0;0;0;0;535632,654300000050000;5279577,355999999700000;9,474647024000035;47,668606170000032
57898;08;4;26;021;2018;11;12;6;2;5;2;0;1;1;0;0;0;0;0;559155,646100000010000;5326365,922700000000000;9,794370695000055;48,087816563000047
57902;08;3;11;000;2018;11;14;4;3;6;7;0;1;0;1;0;0;0;0;414636,524399999990000;5318670,784400000200000;7,855294907000030;48,015625035000028
57905;08;4;17;079;2018;11;18;3;3;4;2;2;1;1;0;0;0;0;0;497316,367199999980000;5344505,563199999700000;8,963846548000049;48,253757402000076
57907;08;1;16;049;2018;11;18;2;3;3;6;2;1;1;0;0;0;0;0;525835,073100000040000;5388183,295800000400000;9,350738097000033;48,646174911000060
57916;08;3;35;043;2018;11;19;6;2;5;3;2;1;1;0;0;0;0;0;513192,168999999990000;5279628,757000000200000;9,175731358000064;47,669915841000034
57918;08;2;12;000;2018;11;14;4;2;6;3;0;0;1;1;0;0;0;0;456285,915199999990000;5428244,997899999800000;8,402275852000059;49,005551298000057
57925;08;4;36;055;2018;11;06;2;3;5;3;2;1;1;0;0;0;0;0;576895,709299999990000;5296760,822100000500000;10,027264856000045;47,819601286000079
57926;08;2;12;000;2018;11;16;5;3;4;6;0;1;0;0;0;0;0;0;457589,325799999990000;5428096,722500000100000;8,420112541000037;49,004308483000045
57929;08;2;15;009;2018;11;08;2;3;5;3;0;1;1;0;0;0;0;0;470987,236299999990000;5442304,752600000200000;8,602279694000060;49,132889097000032
57947;08;1;18;049;2018;11;08;4;3;0;5;0;1;1;0;0;0;0;0;519172,179100000010000;5420853,602199999600000;9,261808251000048;48,940311907000080
57949;08;4;35;016;2018;11;17;1;1;3;1;1;1;1;0;0;0;0;0;535683,379500000040000;5279387,856599999600000;9,475307208000061;47,666898370000069
57953;08;2;36;046;2018;11;17;6;2;6;4;2;0;1;1;0;0;0;0;484290,361700000010000;5418107,375400000300000;8,785580354000047;48,915705395000032
57954;08;3;27;002;2018;11;16;2;3;6;4;1;0;1;1;0;0;0;1;477661,141999999990000;5326824,377500000400000;8,699986178000074;48,094295370000054
57961;08;1;16;049;2018;11;07;4;3;5;3;2;1;1;0;0;0;0;0;526165,527099999950000;5385848,060600000400000;9,355076809000025;48,625153352000041
57971;08;2;15;110;2018;11;13;6;2;3;6;0;1;1;0;0;0;0;0;460307,165900000020000;5419331,462500000400000;8,458127139000055;48,925643395000066
57995;08;4;17;057;2018;11;21;1;2;6;4;2;0;1;1;0;0;0;0;482156,575000000010000;5339358,634999999800000;8,759834208000029;48,207206227000029
57997;08;1;16;077;2018;11;08;3;3;6;6;0;0;0;1;0;0;1;0;516747,994000000010000;5391664,452399999800000;9,227513701000021;48,677801239000075
58000;08;2;26;038;2018;11;11;2;3;5;3;0;1;0;0;0;0;1;0;471488,714600000010000;5480257,761300000400000;8,606444555000053;49,474297235000051
58004;08;1;19;079;2018;11;15;6;3;6;4;0;0;0;1;0;0;1;0;523183,938199999980000;5412701,678600000200000;9,316127702000074;48,866842864000034
58014;08;1;17;024;2018;11;17;4;3;0;2;1;0;1;1;0;0;0;0;562327,781599999990000;5386630,097500000100000;9,845891240000071;48,629629767000040
58021;08;1;18;081;2018;11;16;6;3;0;3;0;1;1;0;0;0;0;0;517653,999799999990000;5412471,301000000000000;9,240714349000029;48,864952519000042
58028;08;1;16;070;2018;11;18;6;3;5;3;2;1;1;0;0;0;0;0;539837,482899999940000;5384803,346400000200000;9,540503308000041;48,615033897000046
58029;08;1;19;008;2018;11;18;2;2;6;4;2;0;1;1;0;0;0;0;532669,491400000060000;5420559,766900000200000;9,446094407000032;48,937103141000080
58036;08;2;21;000;2018;11;11;1;2;6;4;0;1;0;1;0;0;0;0;477769,842200000010000;5473038,070500000400000;8,693549551000046;49,409620081000071