OBJECTID_1;ULAND;UREGBEZ;UKREIS;UGEMEINDE;UJAHR;UMONAT;USTUNDE;UWOCHENTAG;UKATEGORIE;UART;UTYP1;ULICHTVERH;IstRad;IstPKW;IstFuss;IstKrad;IstGkfz;IstSonstig;STRZUSTAND;LINREFX;LINREFY;XGCSWGS84;YGCSWGS84
58037;08;1;18;049;2018;11;17;5;3;5;3;1;1;1;0;0;0;0;0;519150,765000000010000;5421039,854000000300000;9,261524585000075;48,941988020000053
58043;08;3;27;050;2018;11;23;2;2;5;3;2;1;1;0;0;0;0;0;483745,085299999980000;5312049,313199999700000;8,782254275000071;47,961547230000065
58046;08;4;35;052;2018;11;11;5;2;6;3;0;0;1;1;0;0;0;1;521589,498599999990000;5291477,099700000100000;9,288177395000048;47,776295576000052
58057;08;4;16;036;2018;11;10;5;3;0;7;0;1;0;0;0;0;0;0;496871,464800000020000;5368814,147400000100000;8,957672087000049;48,472450304000063
58058;08;3;17;073;2018;11;07;2;3;5;3;0;1;1;0;0;0;0;0;411742,830200000030000;5349035,985299999800000;7,810201336000034;48,288367349000055
58069;08;3;37;116;2018;11;18;5;3;0;2;1;1;0;0;0;0;0;0;417796,158300000010000;5275361,048899999800000;7,905874767000057;47,626433059000078
58077;08;1;19;075;2018;11;12;1;3;5;3;0;1;1;0;0;0;0;0;536131,419400000010000;5428040,345400000000000;9,494028890000038;49,004200897000032
58079;08;4;15;061;2018;11;06;2;3;5;3;2;1;1;0;0;0;0;0;513568,004200000020000;5371615,566399999900000;9,183660537000037;48,497514325000054
58080;08;3;17;026;2018;11;14;3;3;6;2;0;0;1;1;0;0;0;0;412254,925200000000000;5345312,652499999900000;7,817876202000036;48,254947769000069
58088;08;3;17;056;2018;11;06;5;3;5;3;2;1;1;0;0;0;0;0;434446,804899999990000;5383045,226700000500000;8,110906324000041;48,597053571000060
58090;08;2;21;000;2018;11;15;3;3;4;6;0;1;0;0;0;0;0;0;478765,835599999990000;5473642,961299999600000;8,707247117000065;49,415096557000027
58095;08;3;11;000;2018;11;12;5;2;6;4;0;0;0;1;0;0;1;0;414573,724600000020000;5317317,270499999600000;7,854722587000026;48,003441280000061
58108;08;2;12;000;2018;11;07;5;3;5;3;0;1;1;0;0;0;0;0;460629,458300000000000;5430932,027300000200000;8,461403626000049;49,030014011000048
58120;08;3;15;074;2018;11;06;2;3;6;7;2;0;1;1;0;0;0;0;396788,834600000000000;5298268,356800000200000;7,620914431000074;47,829477782000026
58123;08;2;21;000;2018;11;10;5;2;5;2;0;1;1;0;0;0;0;0;477663,304200000010000;5473817,177500000200000;8,692037070000026;49,416624122000030
58129;08;4;36;055;2018;11;17;4;2;0;7;2;1;0;0;0;0;0;0;576788,170399999940000;5298502,527800000300000;10,026137281000047;47,835282542000073
58134;08;2;31;000;2018;11;00;7;3;6;4;2;0;1;1;0;0;0;0;478171,168999999990000;5416129,015999999800000;8,702166762000047;48,897723271000075
58143;08;2;15;107;2018;11;06;2;3;0;7;2;1;0;0;0;0;0;0;462652,906599999990000;5456585,810999999800000;8,486705560000075;49,260896407000075
58162;08;1;27;014;2018;11;13;7;3;6;4;0;0;1;1;0;0;0;0;578313,600100000040000;5443566,393799999700000;10,073718669000073;49,139930559000049
58167;08;1;18;003;2018;11;07;3;3;5;3;0;1;1;0;0;0;0;1;509907,865400000010000;5417169,953900000100000;9,135209235000048;48,907392638000033
58173;08;1;25;065;2018;11;18;2;2;5;3;2;1;1;0;0;0;0;1;516240,937299999990000;5447462,798800000000000;9,222848220000060;49,179757634000055
58175;08;3;25;053;2018;11;22;3;2;6;2;2;0;1;1;0;0;0;1;454349,267500000020000;5341264,316800000100000;8,385368683000024;48,222959358000026
58188;08;3;11;000;2018;11;19;2;3;6;7;2;1;0;1;0;0;0;1;412689,588899999970000;5315348,400899999800000;7,829868642000065;47,985476088000041
58191;08;1;18;049;2018;11;18;2;3;6;2;2;0;1;1;0;0;0;1;519495,088999999980000;5421094,036999999500000;9,266229245000034;48,942464672000028
58197;08;3;37;065;2018;11;07;4;3;5;3;0;1;1;0;0;0;0;0;449017,122500000000000;5275042,243099999600000;8,321420661000047;47,626775251000026
58198;08;2;36;070;2018;11;04;4;3;6;4;2;0;1;1;0;0;0;1;468990,427399999990000;5416533,440000000400000;8,576876779000031;48,900969757000041
58218;08;4;36;055;2018;11;14;6;3;6;7;0;1;0;1;0;0;0;0;576600,303900000060000;5297714,669200000400000;10,023487809000073;47,828217365000057
58228;08;1;17;024;2018;11;17;2;3;6;4;2;0;1;1;0;0;0;1;562138,780799999950000;5384508,354299999800000;9,843008586000053;48,610562993000030
58235;08;2;26;096;2018;11;05;1;2;6;4;2;0;1;1;0;0;0;1;475296,498800000000000;5486831,676500000100000;8,658593057000076;49,533594303000029
58236;08;1;36;042;2018;11;00;4;2;9;1;2;1;0;0;0;0;0;0;549905,133400000050000;5405288,996399999600000;9,679566058000034;48,798589422000077
58245;08;3;17;031;2018;11;17;2;3;6;4;2;0;1;1;0;0;0;0;416686,627600000010000;5358510,024299999700000;7,874961905000021;48,374255826000081
58254;08;3;35;075;2018;11;14;6;3;5;3;0;1;1;0;0;0;0;0;488573,343400000010000;5290029,071700000200000;8,847513953000032;47,763527337000028
58262;08;3;11;000;2018;11;14;1;2;9;1;0;1;0;0;0;0;0;2;417282,760000000010000;5307556,060999999800000;7,892912251000041;47,915989997000054
58272;08;3;17;031;2018;11;07;3;3;6;2;1;0;1;1;0;0;0;0;417009,466799999990000;5358371,223500000300000;7,879347958000039;48,373049875000049
58278;08;1;19;079;2018;11;17;1;2;5;3;2;1;1;0;0;0;0;0;522152,739200000010000;5410444,241200000000000;9,301944699000046;48,846573291000027
58297;08;3;35;075;2018;11;08;4;3;5;3;0;1;1;0;0;0;0;1;490611,616700000010000;5293858,535299999600000;8,874631346000058;47,798015892000080
58317;08;3;17;065;2018;11;14;4;3;0;7;0;1;0;0;0;0;0;1;414183,559599999980000;5354997,340400000100000;7,841884784000058;48,342324530000042
58323;08;1;15;024;2018;11;17;2;3;0;7;2;1;1;0;0;0;0;1;501007,239599999970000;5386475,882399999500000;9,013670312000045;48,631347888000050
58338;08;1;26;039;2018;11;17;6;2;6;4;2;0;1;1;0;0;0;0;553171,812799999960000;5462381,984500000300000;9,731542771000022;49,311858823000080
58339;08;1;25;046;2018;11;15;6;3;0;1;0;1;0;0;0;0;0;0;520565,462200000010000;5434668,709499999900000;9,281533812000021;49,064541011000074
58347;08;1;25;013;2018;11;14;6;3;0;1;0;1;0;0;0;0;0;0;505471,063800000000000;5435416,997000000400000;9,074907462000056;49,071591292000051
58355;08;1;11;000;2018;11;11;1;3;5;3;0;1;1;0;0;0;0;0;517272,908400000010000;5406927,480800000000000;9,235284469000021;48,815092200000038
58361;08;4;37;076;2018;11;15;4;2;8;1;0;1;1;0;0;0;0;0;523239,140000000010000;5320795,893400000400000;9,311776799000029;48,040025210000067
58363;08;2;31;000;2018;11;18;2;3;6;4;2;0;1;1;0;0;0;1;477766,621800000020000;5414945,050499999900000;8,696711616000073;48,887058334000074
58364;08;1;18;080;2018;11;07;6;3;5;3;0;1;0;0;0;0;0;0;509858,776000000010000;5408619,673000000400000;9,134333276000064;48,830476829000077
58376;08;2;16;043;2018;11;07;4;3;5;2;1;1;0;0;0;0;0;0;442182,903600000020000;5412141,966199999700000;8,211739035000051;48,859546627000043
58382;08;1;16;070;2018;11;16;2;3;6;4;1;0;0;1;1;0;0;1;539609,471900000000000;5384860,919499999800000;9,537415361000058;48,615566291000050
58393;08;4;26;070;2018;11;19;7;3;5;3;2;1;1;0;0;0;0;0;565159,919299999950000;5342159,210599999900000;9,877409080000064;48,229305547000081
58394;08;4;17;031;2018;11;06;2;3;5;3;2;1;1;0;0;0;0;1;497655,293999999990000;5355994,162999999700000;8,968348670000069;48,357118295000078
58414;08;3;37;062;2018;11;17;2;3;5;2;2;1;1;0;0;0;0;1;456001,288699999980000;5274812,537899999900000;8,414397214000076;47,625220697000032
58425;08;3;37;070;2018;11;16;5;2;8;1;1;1;0;0;0;0;0;1;468020,637300000000000;5275042,663999999900000;8,574347045000025;47,627996301000053
58427;08;3;35;002;2018;11;16;7;3;5;2;0;1;1;0;0;0;0;0;505917,065300000020000;5289883,414200000500000;9,078959968000049;47,762290907000079
58439;08;1;15;045;2018;11;05;3;2;0;7;2;1;0;0;0;0;0;1;500362,034099999990000;5394017,603799999700000;9,004920147000064;48,699194988000045
58442;08;3;35;100;2018;11;07;7;2;5;3;1;1;0;0;0;0;1;1;488189,273099999990000;5286292,281100000300000;8,842490113000054;47,729898446000050
58450;08;2;26;085;2018;11;16;3;3;0;2;0;0;1;1;0;0;0;1;490681,982800000000000;5455562,628100000300000;8,871955453000055;49,252761896000038
58461;08;1;11;000;2018;11;07;3;3;5;3;0;1;1;0;0;0;0;1;512432,449700000000000;5398346,521900000100000;9,169090632000064;48,738014233000058
58475;08;2;26;085;2018;11;17;5;3;6;7;2;0;1;1;0;0;0;0;491173,824900000010000;5455570,792200000000000;8,878713958000049;49,252842627000064
58477;08;1;28;126;2018;11;07;2;3;6;4;2;0;1;1;0;0;0;0;565357,092999999990000;5481525,216000000000000;9,902318206000075;49,482848103000038
58478;08;2;26;056;2018;11;07;5;2;6;4;1;0;1;1;0;0;0;0;488262,369599999980000;5470483,662200000100000;8,838267278000046;49,386936157000036
58481;08;1;11;000;2018;11;21;2;3;5;3;2;1;1;0;0;0;0;1;513420,173599999980000;5405048,724700000100000;9,182742995000069;48,798286315000041
58482;08;1;17;026;2018;11;13;3;3;6;4;0;0;0;1;0;0;1;0;547779,574999999950000;5395399,523000000000000;9,649476245000074;48,709796435000044
58484;08;2;21;000;2018;11;16;5;3;5;2;1;1;1;0;0;0;0;0;477373,091000000010000;5474654,632000000200000;8,687988118000021;49,424146153000038
58486;08;2;21;000;2018;11;07;5;3;5;3;0;1;0;0;0;0;0;0;476801,059000000010000;5472193,134999999800000;8,680244111000036;49,401983856000072
58489;08;1;19;091;2018;11;17;5;3;6;1;2;1;0;1;0;0;0;0;525815,386700000030000;5406825,037999999700000;9,351638246000050;48,813874430000055
58490;08;3;35;043;2018;11;17;2;3;0;2;2;1;0;0;0;1;0;0;512380,304400000020000;5279841,598000000200000;9,164922685000022;47,671846967000079
58495;08;2;11;000;2018;11;17;5;2;6;2;2;0;1;1;0;0;0;0;441834,223000000000000;5403537,627999999600000;8,208205817000021;48,782117699000025
58504;08;1;36;010;2018;11;05;5;3;0;3;2;1;1;0;0;0;0;1;600527,129900000060000;5411698,098500000300000;10,370310636000056;48,850104510000051
58524;08;1;18;079;2018;11;07;2;2;6;4;2;0;0;1;0;1;0;1;510466,631999999980000;5424298,123999999800000;9,143017591000046;48,971506208000051
58529;08;2;37;002;2018;12;20;7;3;6;4;2;0;1;1;0;0;0;0;460604,646200000020000;5352269,738599999800000;8,468559948000063;48,322387588000026
58530;08;2;25;014;2018;12;06;2;3;0;1;1;1;0;0;0;0;0;1;526164,348699999970000;5485183,286100000100000;9,361486380000031;49,518706340000051
58535;08;1;19;008;2018;12;13;4;3;5;2;0;1;1;0;0;0;0;0;532166,640200000020000;5421031,751699999900000;9,439265558000045;48,941375206000032
58553;08;1;16;033;2018;12;07;4;3;6;4;1;0;1;1;0;0;0;0;532894,215800000010000;5388551,997399999800000;9,446599908000053;48,649160037000058
58562;08;2;36;070;2018;12;09;7;3;6;2;0;0;1;1;0;0;0;0;470748,637899999970000;5416032,482800000300000;8,600902677000022;48,896548892000055
58565;08;3;17;001;2018;12;06;3;3;5;3;2;1;1;0;0;0;0;1;432343,304000000000000;5386516,586799999700000;8,081814394000048;48,628054909000070
58574;08;2;22;000;2018;12;14;7;2;6;4;0;0;0;1;0;0;1;0;463144,395000000020000;5483120,560999999800000;8,491001117000053;49,499597473000051
58585;08;4;25;141;2018;12;07;3;3;6;2;2;0;1;1;0;0;0;1;566489,130000000000000;5363286,286100000100000;9,898637825000037;48,419217737000054
58597;08;1;26;066;2018;12;10;4;3;5;3;0;1;1;0;0;0;0;0;536827,675200000060000;5449804,553200000000000;9,505533129000071;49,199931133000064
58601;08;1;19;079;2018;12;07;7;2;6;7;2;0;1;1;0;0;0;1;523713,030900000010000;5408288,102500000000000;9,323086576000037;48,827119594000067
58610;08;1;17;033;2018;12;13;4;3;3;2;0;1;1;0;0;0;0;0;559068,968499999960000;5387157,679499999600000;9,801743579000060;48,634691844000031
58614;08;1;15;029;2018;12;18;7;3;5;3;2;1;1;0;0;0;0;1;499731,925600000020000;5397942,980499999600000;8,996354242000052;48,734507962000066
58616;08;1;11;000;2018;12;15;7;2;6;7;0;1;0;1;0;0;0;0;513227,516000000000000;5402326,037999999700000;9,180031949000068;48,773797406000028
58631;08;1;15;003;2018;12;17;4;3;0;7;2;1;0;0;0;0;0;0;500323,028799999970000;5393257,674900000000000;9,004389459000038;48,692358617000082
58646;08;2;31;000;2018;12;16;4;3;5;3;2;1;1;0;0;0;0;0;481321,585000000020000;5417484,909000000000000;8,745088625000051;48,910023447000071
58656;08;3;35;075;2018;11;12;6;3;6;4;0;0;0;1;0;0;1;1;488030,806199999990000;5289904,169599999700000;8,840277390000040;47,762393681000049
58668;08;3;27;049;2018;11;18;6;2;6;2;2;0;1;1;0;0;0;1;472820,550400000010000;5324323,148600000000000;8,635136813000031;48,071604022000031
58679;08;1;16;071;2018;12;07;3;2;4;6;2;1;0;0;0;0;0;1;527089,764300000040000;5391356,013399999600000;9,367979180000077;48,674663437000049
58680;08;3;36;050;2018;11;13;6;3;3;6;0;1;1;0;0;0;0;1;399027,745700000030000;5275671,760999999900000;7,656061634000025;47,626573961000076
58682;08;3;11;000;2018;11;08;6;3;5;2;0;1;1;0;0;0;0;1;414026,871300000000000;5314942,004300000100000;7,847868440000070;47,982001546000049
58702;08;3;35;075;2018;12;19;2;2;5;3;2;1;0;0;0;0;1;1;486612,344999999970000;5289219,171000000100000;8,821369958000048;47,756202489000032
58705;08;2;12;000;2018;12;07;2;3;6;2;2;0;1;1;0;0;0;1;455242,840000000030000;5429272,412899999900000;8,387900932000036;49,014718223000045
58707;08;3;35;097;2018;12;13;3;3;6;4;0;0;1;1;0;0;0;1;485612,347400000030000;5295262,237499999800000;8,807826879000061;47,810553303000063
58708;08;1;21;000;2018;12;23;1;3;0;1;2;1;0;0;0;0;0;1;515881,345700000010000;5442464,033400000100000;9,217716991000032;49,134801630000027
58727;08;1;18;048;2018;12;09;1;3;6;4;0;0;1;1;0;0;0;1;513339,455200000030000;5416751,650799999900000;9,182025079000027;48,903565292000053
58728;08;2;15;009;2018;11;17;6;3;0;1;2;1;0;0;0;0;0;1;470208,563900000010000;5441689,576100000200000;8,591651025000033;49,127318209000066
58752;08;1;35;019;2018;11;19;6;2;6;2;2;0;1;1;0;0;0;1;585240,844700000020000;5392446,825199999800000;10,157999871000072;48,679243973000041
58756;08;1;19;084;2018;12;17;2;3;5;3;2;1;1;0;0;0;0;1;546665,025999999950000;5413935,920900000300000;9,636432579000029;48,876622907000069
58762;08;1;27;076;2018;11;13;6;3;0;1;0;1;0;0;0;0;0;1;553769,089700000010000;5440794,523000000000000;9,736867425000071;49,117637394000042
58777;08;2;12;000;2018;12;17;3;3;3;2;2;1;1;0;0;0;0;0;455857,675300000000000;5426926,939799999800000;8,396563904000061;48,993664730000035
58785;08;1;19;086;2018;11;11;6;3;6;4;0;0;1;1;0;0;0;0;535195,273099999990000;5405227,088499999600000;9,479263122000077;48,799039380000067
58790;08;1;18;080;2018;11;10;6;3;6;4;0;0;1;1;0;0;0;1;509369,554400000020000;5408495,348899999600000;9,127664439000057;48,829366001000039
58793;08;3;11;000;2018;12;17;4;3;6;4;2;0;1;1;0;0;0;1;410573,363399999970000;5316429,783400000100000;7,801288132000025;47,994910989000061
58805;08;2;12;000;2018;12;05;1;2;6;2;2;0;1;1;0;0;0;1;458766,501999999980000;5429339,713700000200000;8,436081158000036;49,015569162000077
58808;08;1;28;131;2018;12;09;2;2;6;4;0;0;1;1;0;0;0;0;537162,204999999960000;5511968,099000000400000;9,515966386000059;49,759041276000062
58813;08;4;35;016;2018;12;06;3;3;5;3;2;1;0;0;0;0;1;1;536191,783399999960000;5278323,087200000000000;9,481990776000032;47,657289961000060
58827;08;1;11;000;2018;11;14;6;3;6;2;0;0;1;1;0;0;0;1;513088,989400000020000;5402094,542399999700000;9,178139187000056;48,771717818000070
58832;08;1;11;000;2018;11;06;6;2;4;6;2;1;0;0;0;0;0;0;513510,144299999990000;5406347,213499999600000;9,184010852000029;48,809965412000054
58864;08;1;18;046;2018;12;17;2;3;5;2;2;1;1;0;0;0;0;1;513627,653100000000000;5412492,244599999900000;9,185815686000069;48,865242463000072
58867;08;3;35;043;2018;11;08;5;3;0;7;0;1;0;0;0;0;0;0;513926,748100000030000;5279591,507100000000000;9,185515362000047;47,669565275000082
58879;08;1;25;086;2018;12;07;3;3;6;4;2;0;1;1;0;0;0;1;500668,818000000030000;5441913,582700000100000;9,009167932000025;49,130055002000063
58883;08;3;17;031;2018;11;13;5;2;6;4;0;0;1;1;0;0;0;0;417171,006899999980000;5358402,653500000000000;7,881522669000049;48,373353810000026
58887;08;3;36;050;2018;11;07;5;1;6;4;2;0;1;1;0;0;1;0;398008,516300000020000;5276145,989000000100000;7,642389139000045;47,630680052000059
58897;08;1;19;079;2018;12;06;3;3;6;2;2;0;1;1;0;0;0;1;522923,018999999970000;5415098,641300000300000;9,312704334000046;48,888414859000079
58906;08;2;12;000;2018;12;07;3;3;5;2;1;1;1;0;0;0;0;1;455194,577500000010000;5428615,770700000200000;8,387313419000066;49,008808169000076
58913;08;4;37;065;2018;12;17;3;3;6;2;2;0;1;1;0;0;0;0;518596,565999999990000;5318438,381000000100000;9,249390261000031;48,018966675000058
58916;08;2;22;000;2018;11;08;5;3;4;6;0;1;0;0;0;0;0;0;462852,961200000020000;5482776,345999999900000;8,487008768000067;49,496483662000060
58920;08;2;15;009;2018;11;06;5;3;5;3;2;1;1;0;0;0;0;0;471014,722699999980000;5442366,218999999600000;8,602652062000061;49,133443297000042
58927;08;4;15;061;2018;12;18;2;3;0;1;2;1;0;0;0;0;0;1;513257,360099999990000;5371833,014200000100000;9,179462493000074;48,499477195000054
58941;08;2;12;000;2018;12;11;4;3;5;2;0;1;1;0;0;0;0;0;455709,346299999980000;5428123,254099999600000;8,394405880000022;49,004415092000045
58949;08;1;21;000;2018;12;13;6;3;5;2;0;1;0;0;1;0;0;1;516760,369200000020000;5443332,322599999600000;9,229803511000057;49,142588824000029
58950;08;3;35;077;2018;12;08;4;3;5;3;0;1;1;0;0;0;0;1;494121,949000000020000;5293805,644999999600000;8,921507554000073;47,797581635000029
58962;08;1;19;042;2018;12;17;4;3;6;7;2;0;0;1;0;0;1;1;528777,784899999970000;5415021,130300000300000;9,392564895000021;48,887473375000070
58967;08;2;11;000;2018;12;17;5;3;0;1;2;1;0;0;0;0;0;0;440328,150800000000000;5396701,844800000100000;8,188696836000077;48,720486471000072
58972;08;3;17;096;2018;12;21;2;3;6;2;2;0;1;1;0;0;0;0;422073,837999999990000;5369799,235700000100000;7,945597303000056;48,476490572000046
58974;08;1;15;044;2018;12;18;4;3;6;4;2;0;1;1;0;0;0;0;504590,983200000020000;5389256,204500000000000;9,062339879000035;48,656344095000065
58977;08;2;21;000;2018;12;06;3;2;2;6;2;1;1;0;0;0;0;0;473046,210000000020000;5474248,483000000000000;8,628351758000065;49,420316566000054
58979;08;1;17;026;2018;12;15;4;3;6;4;0;0;1;1;0;0;0;0;547725,247699999950000;5394948,943199999600000;9,648685713000077;48,705747406000057
58981;08;1;18;046;2018;12;07;4;3;1;4;2;0;0;1;0;0;1;1;513147,092000000000000;5412108,048999999600000;9,179250833000026;48,861796695000066
58990;08;2;12;000;2018;12;11;2;3;5;2;0;1;0;0;0;0;1;0;456878,075000000010000;5428281,440000000400000;8,410368421000044;49,005920758000059
58991;08;1;15;003;2018;12;06;6;2;5;2;2;1;1;0;0;0;0;0;499849,048599999980000;5392447,879800000200000;8,997949101000074;48,685073681000063
58992;08;1;11;000;2018;12;13;4;3;6;7;0;1;0;1;0;0;0;0;513040,716299999970000;5407001,259999999800000;9,177637967000067;48,815859155000055
59007;08;1;11;000;2018;12;20;6;2;6;4;2;0;1;1;0;0;0;1;515314,879100000020000;5399425,752799999900000;9,208333709000044;48,747658759000046
59011;08;1;17;026;2018;12;14;5;2;6;4;0;0;1;1;0;0;0;1;549528,538999999990000;5395058,758600000300000;9,673207648000073;48,706594647000031
59013;08;2;15;066;2018;12;18;6;3;5;2;2;1;1;0;0;0;0;1;460644,782400000030000;5454173,259700000300000;8,459344401000067;49,239070025000046
59015;08;1;15;050;2018;12;20;3;2;6;4;2;0;1;1;0;0;0;1;489718,695000000010000;5400646,705000000100000;8,860109022000074;48,758745860000033
59017;08;4;35;047;2018;12;10;4;3;3;6;0;1;1;0;0;0;0;0;511380,836599999980000;5296178,243300000200000;9,152035877000060;47,818855224000060
59020;08;4;35;016;2018;12;05;5;3;5;3;2;1;1;0;0;0;0;1;536821,475100000040000;5280013,707600000300000;9,490518985000051;47,672465589000069
59034;08;2;16;017;2018;12;20;6;3;6;4;2;0;1;1;0;0;0;1;451939,480500000010000;5399374,881199999700000;8,346241683000073;48,745535012000062
59045;08;4;25;071;2018;12;17;2;2;6;4;2;0;1;1;0;0;0;1;550364,863400000030000;5370815,116399999700000;9,681633928000053;48,488441372000068
59048;08;2;12;000;2018;12;07;5;3;5;2;1;1;0;0;0;0;1;0;455145,000899999980000;5428121,948300000300000;8,386690087000034;49,004362590000028
59049;08;1;17;026;2018;12;17;3;3;6;2;2;0;1;1;0;0;0;1;547201,585800000000000;5395011,899400000500000;9,641575723000074;48,706353581000030
59060;08;3;11;000;2018;12;13;6;2;5;2;0;1;1;0;0;0;0;0;414573,357100000020000;5318058,073499999900000;7,854570105000050;48,010105033000059
59061;08;1;18;079;2018;12;15;4;3;0;7;0;1;0;0;0;0;0;0;508092,795999999970000;5422917,683400000400000;9,110553767000056;48,959123893000026
59071;08;4;36;055;2018;12;18;6;3;1;5;2;1;1;0;0;0;0;0;576290,233699999980000;5297174,699000000000000;10,019250402000068;47,823396631000037
59072;08;2;12;000;2018;12;06;2;3;6;2;2;0;1;1;0;0;0;1;455071,952600000020000;5427487,989199999700000;8,385761479000053;48,998654754000029
59082;08;3;26;074;2018;12;11;5;3;5;3;0;1;1;0;0;0;0;0;459557,507300000000000;5324156,619599999900000;8,457113354000057;48,069402548000028
59102;08;3;26;074;2018;12;07;5;3;6;4;1;0;1;1;0;0;0;1;461716,068199999980000;5323350,058299999700000;8,486160152000025;48,062279384000078
59104;08;3;17;065;2018;12;13;5;3;5;3;0;1;1;0;0;0;0;0;414204,902799999980000;5354658,972099999900000;7,842241687000069;48,339283869000042
59109;08;2;16;043;2018;12;07;4;3;5;2;1;1;1;0;0;0;0;1;442106,239699999980000;5411940,964900000000000;8,210722354000041;48,857731474000047
59113;08;1;36;065;2018;12;18;2;2;6;4;2;0;1;1;0;0;0;1;558835,169200000000000;5405927,178899999700000;9,801247718000070;48,803548899000077
59114;08;3;26;006;2018;12;07;3;3;6;4;1;0;1;1;0;0;0;1;459403,224600000020000;5308858,243400000000000;8,456490087000077;47,931756620000044
59117;08;1;27;014;2018;12;15;3;3;5;3;0;1;1;0;0;0;0;1;578185,005000000000000;5444002,320000000300000;10,072040464000054;49,143867581000052
59131;08;1;18;076;2018;12;10;2;3;6;4;0;0;1;1;0;0;0;0;504484,785099999980000;5423229,657399999900000;9,061269065000033;48,961967015000027
59135;08;2;26;103;2018;12;17;5;3;6;7;2;0;1;1;0;0;0;0;470772,608200000020000;5457291,605299999900000;8,598247047000029;49,267686895000054
59138;08;4;35;016;2018;12;12;4;3;0;6;0;1;1;0;0;0;0;0;533564,694400000040000;5278448,730899999800000;9,447014823000075;47,658562074000031
59139;08;1;15;001;2018;12;17;1;3;6;4;2;0;1;1;0;0;0;1;492383,179400000020000;5391675,388299999800000;8,896528499000056;48,678077809000058
59141;08;3;26;074;2018;12;18;2;2;6;4;2;0;1;1;0;0;0;1;465642,663400000020000;5323171,762600000000000;8,538874642000053;48,060898885000029
59150;08;2;12;000;2018;12;07;5;3;6;7;2;0;1;1;0;0;0;1;452086,845900000010000;5427810,911200000000000;8,344914891000030;49,001334976000066
59152;08;2;35;046;2018;12;10;5;3;6;2;0;0;1;1;0;0;0;1;479902,125100000000000;5377345,185600000400000;8,727673877000029;48,548884523000027
59162;08;2;16;013;2018;12;18;6;3;5;3;2;1;1;0;0;0;0;1;452944,594900000030000;5392504,048600000300000;8,360696783000037;48,683805171000074
59171;08;4;35;034;2018;12;01;7;2;0;1;2;1;0;0;0;0;0;1;525995,533500000020000;5283301,240700000000000;9,346499843000061;47,702571113000033
59179;08;4;37;088;2018;12;17;6;2;6;4;2;0;1;1;0;0;0;1;518739,120999999980000;5307912,679999999700000;9,250842938000062;47,924261245000025
59185;08;2;26;096;2018;12;06;5;3;6;7;2;0;0;1;1;0;0;1;475085,725500000000000;5488588,905899999700000;8,655569107000076;49,549391259000060
59187;08;4;36;055;2018;12;17;7;3;6;4;2;0;1;1;0;0;0;1;576441,150999999950000;5297364,747999999700000;10,021299891000069;47,825088401000073
59190;08;2;25;058;2018;12;18;5;3;5;3;2;1;1;0;0;0;0;1;509989,893999999970000;5466174,551000000000000;9,137542585000062;49,348206816000072
59197;08;3;17;153;2018;12;08;3;2;5;3;0;1;1;0;0;0;0;0;418681,186899999970000;5386535,220200000300000;7,896431656000061;48,626595321000082
59205;08;1;35;019;2018;12;18;3;2;6;2;2;0;1;1;0;0;0;1;583866,174099999950000;5393725,417500000400000;10,139588274000062;48,690930240000057
59206;08;2;16;024;2018;12;09;5;2;8;1;0;1;0;0;0;0;0;1;445237,651799999990000;5408474,887799999700000;8,253872938000029;48,826838088000045
59207;08;4;25;141;2018;12;06;4;3;6;4;2;0;1;1;0;0;0;1;565933,744500000030000;5363162,447100000500000;9,891112956000029;48,418162124000048
59214;08;3;35;075;2018;12;12;6;3;3;2;0;1;1;0;0;0;0;0;487135,756999999980000;5289802,593000000300000;8,828336488000048;47,761462500000050
59216;08;1;15;041;2018;12;18;2;2;2;6;2;1;1;0;0;0;0;1;494408,697400000000000;5401609,225300000000000;8,923909648000063;48,767464466000035
59225;08;1;16;020;2018;12;12;7;3;3;7;0;1;1;0;0;0;0;0;527585,946699999970000;5380742,573499999900000;9,374012803000028;48,579163105000077
59230;08;2;31;000;2018;12;16;6;3;0;7;0;0;0;1;0;0;1;0;478160,297499999990000;5416057,710900000300000;8,702022245000023;48,897081451000076
59281;08;1;21;000;2018;12;19;2;3;5;3;2;1;1;0;0;0;0;1;515892,742000000030000;5442019,793999999800000;9,217855710000038;49,130805249000048
59285;08;4;16;036;2018;12;20;6;3;3;7;2;1;1;0;0;0;0;1;486507,702400000010000;5371465,540799999600000;8,817369092000035;48,496166271000050
59309;08;4;36;039;2018;12;17;4;2;6;6;2;1;0;1;0;0;0;0;549030,147000000000000;5289039,893000000200000;9,654163385000061;47,752864150000050
59319;08;1;18;048;2018;12;06;5;3;5;2;2;1;1;0;0;0;0;0;513979,698500000000000;5414803,437300000300000;9,190694874000030;48,886025566000058
59321;08;1;26;066;2018;12;06;5;3;5;3;2;1;1;0;0;0;0;1;538567,625000000000000;5449705,296000000100000;9,529406827000059;49,198931318000064
59322;08;2;12;000;2018;12;07;4;3;3;2;0;1;1;0;0;0;0;0;455201,277300000020000;5428742,032399999900000;8,387391095000055;49,009944390000044
59350;08;1;17;024;2018;12;17;2;3;6;7;2;0;1;1;0;0;0;0;561267,867800000010000;5386005,917399999700000;9,831415806000052;48,624119851000046
59354;08;2;16;043;2018;12;07;3;3;0;1;1;1;0;0;0;0;0;2;442854,013199999990000;5410511,949599999900000;8,221115334000047;48,844946789000062