OBJECTID_1;ULAND;UREGBEZ;UKREIS;UGEMEINDE;UJAHR;UMONAT;USTUNDE;UWOCHENTAG;UKATEGORIE;UART;UTYP1;ULICHTVERH;IstRad;IstPKW;IstFuss;IstKrad;IstGkfz;IstSonstig;STRZUSTAND;LINREFX;LINREFY;XGCSWGS84;YGCSWGS84
59359;08;2;15;009;2018;12;08;5;3;6;2;1;0;1;1;0;0;0;1;470098,832799999970000;5441635,824199999700000;8,590150974000039;49,126829372000032
59365;08;4;35;016;2018;12;17;6;3;2;2;2;1;1;0;0;0;0;1;536044,550300000000000;5279822,261099999800000;9,480153723000058;47,670786849000081
59375;08;1;18;007;2018;12;09;1;2;0;1;0;1;0;0;0;0;0;1;510195,558399999980000;5427148,733699999700000;9,139385110000035;48,997153727000068
59394;08;3;17;065;2018;12;17;6;3;6;4;2;0;1;1;0;0;0;1;414180,836100000010000;5354846,940999999600000;7,841878687000076;48,340971346000060
59425;08;3;11;000;2018;12;17;5;2;6;4;2;1;0;1;0;0;0;0;414631,133800000010000;5318654,289800000400000;7,855225920000066;48,015475940000044
59429;08;4;15;061;2018;12;13;4;3;5;3;0;1;1;0;0;0;0;1;516326,490500000010000;5373330,268500000200000;9,221067040000037;48,512874712000041
59439;08;2;35;085;2018;12;13;1;3;6;4;0;0;1;1;0;0;0;1;480576,701100000010000;5398066,880099999700000;8,735842627000068;48,735319854000068
59445;08;3;17;096;2018;12;09;4;3;5;3;0;1;1;0;0;0;0;1;421729,384599999990000;5368802,338700000200000;7,941124014000025;48,467480789000035
59446;08;2;16;033;2018;12;11;1;2;6;4;0;0;1;1;0;0;0;1;447185,797199999970000;5412829,288999999900000;8,279852385000027;48,866175291000047
59451;08;3;35;075;2018;12;19;4;3;5;3;2;1;1;0;0;0;0;1;487369,504599999990000;5290160,886900000300000;8,831445244000065;47,764690880000046
59454;08;4;16;022;2018;12;09;6;3;0;3;0;1;1;0;0;0;0;1;510396,962999999990000;5375170,839399999900000;9,140825145000065;48,529559297000048
59470;08;2;31;000;2018;12;21;4;3;6;4;2;0;1;1;0;0;0;0;477647,560500000020000;5415186,773099999900000;8,695074288000058;48,889228506000052
59472;08;2;16;043;2018;12;08;2;3;5;2;0;1;1;0;0;0;0;1;442071,288400000020000;5412093,106800000200000;8,210224373000074;48,859096725000029
59474;08;4;35;016;2018;12;14;6;2;6;4;0;0;1;1;0;0;0;1;535001,778100000000000;5278107,931499999900000;9,466125981000062;47,655419594000080
59475;08;4;36;082;2018;12;15;3;3;4;6;0;1;0;0;0;0;0;1;546949,308399999980000;5295523,339499999800000;9,627103616000056;47,811350537000067
59482;08;1;36;042;2018;12;02;1;3;0;1;2;1;0;0;0;0;0;0;546599,571200000010000;5404082,087799999900000;9,634419779000041;48,787989386000049
59497;08;4;17;031;2018;12;05;2;3;6;4;2;0;1;1;0;0;0;1;497677,560699999970000;5355983,065899999800000;8,968649311000036;48,357018541000059
59499;08;1;27;014;2018;12;09;7;3;5;3;0;1;1;0;0;0;0;1;577308,456000000010000;5443731,417999999600000;10,059971785000073;49,141542083000047
59501;08;2;31;000;2018;12;17;2;3;4;2;2;1;1;0;0;0;0;1;479708,998399999980000;5416082,455500000200000;8,723151000000030;48,897356707000029
59503;08;3;11;000;2018;12;09;6;3;5;3;0;1;1;0;0;0;0;1;416889,250000000000000;5315624,122000000400000;7,886087701000065;47,988515853000081
59512;08;4;17;063;2018;12;15;7;3;5;3;0;1;1;0;0;0;0;0;507455,606800000010000;5334349,712500000400000;9,100262115000021;48,162348593000047
59520;08;1;28;139;2018;12;06;2;2;2;6;2;1;1;0;0;0;0;1;550424,349099999990000;5490794,700100000000000;9,697360420000052;49,567643378000071
59527;08;4;36;049;2018;12;18;4;1;4;2;2;1;1;0;0;0;0;0;578118,339999999970000;5281358,512000000100000;10,040828777000058;47,680893407000042
59532;08;4;17;079;2018;12;11;2;1;6;4;0;0;1;1;0;0;0;1;498803,081000000010000;5340044,782499999700000;8,983887911000068;48,213629117000039
59533;08;3;11;000;2018;12;17;5;2;5;2;1;1;1;0;0;0;0;0;414067,455399999980000;5315816,201299999800000;7,848237238000024;47,989870742000051
59535;08;4;35;035;2018;12;22;7;2;5;2;2;1;1;0;0;0;0;0;542248,206499999970000;5282859,791799999800000;9,563083590000076;47,697740699000065
59539;08;3;17;031;2018;12;12;2;3;6;2;0;0;1;1;0;0;0;1;417581,561999999980000;5358461,292000000400000;7,887053993000052;48,373935017000065
59548;08;1;11;000;2018;12;07;7;3;3;6;1;1;1;0;0;0;0;1;516500,800700000020000;5404616,620500000200000;9,224674342000071;48,794325026000081
59559;08;3;11;000;2018;12;19;7;3;4;6;2;1;0;0;0;0;0;0;412767,033999999990000;5318186,670300000300000;7,830329314000039;48,011017779000042
59560;08;3;17;089;2018;12;09;7;2;6;2;0;0;1;1;0;0;0;1;431877,273800000020000;5375827,772400000100000;8,077242438000042;48,531857310000078
59564;08;3;16;009;2018;12;17;7;2;3;6;2;1;1;0;0;0;0;0;417967,138299999990000;5323750,510300000200000;7,898975688000064;48,061755842000025
59566;08;1;16;072;2018;12;17;4;3;6;4;2;0;1;1;0;0;0;1;531087,900200000030000;5392998,771400000000000;9,422410768000077;48,689255201000037
59572;08;3;17;065;2018;12;18;3;3;6;2;2;0;1;1;0;0;0;1;416149,875799999980000;5354483,822100000500000;7,868517528000041;48,337969562000069
59581;08;1;21;000;2018;12;08;6;3;6;2;2;0;1;1;0;0;0;1;515252,933699999990000;5442844,720800000200000;9,209116572000028;49,138241966000066
59582;08;2;16;043;2018;12;16;3;3;6;4;1;0;0;1;0;0;1;0;441719,591200000020000;5411704,044700000400000;8,205485352000039;48,855564180000044
59586;08;1;16;036;2018;12;17;3;3;0;2;2;1;1;0;0;0;0;1;524436,560300000010000;5378052,230899999800000;9,331155865000028;48,555091163000043
59587;08;2;12;000;2018;12;11;7;3;5;3;0;1;1;0;0;0;0;0;454639,033999999990000;5428265,543700000300000;8,379756298000075;49,005617264000080
59591;08;1;36;021;2018;12;01;7;3;0;1;2;1;0;0;0;0;0;1;575565,795999999970000;5408038,502999999600000;10,029448622000075;48,820730334000075
59597;08;2;36;046;2018;12;04;3;3;0;1;2;1;0;0;0;0;0;2;484335,411000000020000;5417993,998999999800000;8,786199576000058;48,914686638000035
59599;08;1;11;000;2018;12;06;6;3;6;2;2;0;1;1;0;0;0;0;512463,337400000020000;5401214,276499999700000;9,169597528000054;48,763811844000031
59600;08;1;36;028;2018;12;16;3;3;0;7;1;1;0;0;0;0;1;0;568819,955300000030000;5404808,733400000300000;9,937020656000072;48,792463471000076
59605;08;1;36;075;2018;12;17;2;3;6;2;2;0;1;1;0;0;0;1;599876,365699999970000;5421804,337500000400000;10,363913318000073;48,941097347000039
59610;08;2;11;000;2018;12;12;4;3;6;2;0;0;1;1;0;0;0;1;446811,166099999970000;5402625,129499999800000;8,276067660000024;48,774355043000071
59621;08;3;17;096;2018;12;16;3;3;5;3;0;1;1;0;0;0;0;0;421477,533000000000000;5369657,475700000300000;7,937556891000043;48,475141265000047
59642;08;1;11;000;2018;12;15;7;3;2;6;0;1;1;0;0;0;0;0;513634,911800000000000;5402397,611300000000000;9,185579117000032;48,774432479000041
59656;08;4;16;041;2018;12;17;4;3;6;4;2;0;1;1;0;0;0;1;501148,178000000010000;5374641,752000000300000;9,015550448000056;48,524884517000032
59664;08;4;15;078;2018;12;07;6;3;6;4;0;0;1;1;0;0;0;1;534081,658100000000000;5369919,063600000000000;9,461194483000043;48,481474424000055
59681;08;3;36;081;2018;12;06;6;3;5;3;2;1;1;0;0;0;0;0;411753,275000000020000;5277806,960000000000000;7,824968139000021;47,647640952000074
59685;08;1;18;048;2018;12;06;4;2;5;3;2;1;1;0;0;0;0;1;511730,422800000000000;5418315,190200000100000;9,160113873000057;48,917663021000067
59690;08;2;16;043;2018;12;09;3;2;5;3;0;1;1;0;0;0;0;2;440635,131700000030000;5412740,378200000200000;8,190552547000038;48,864783117000059
59701;08;1;27;025;2018;12;08;2;2;6;4;0;0;1;1;0;0;0;0;556290,414299999950000;5427743,192599999700000;9,769602488000032;49,000018765000050
59708;08;3;17;096;2018;12;14;6;3;6;4;0;0;1;1;0;0;0;0;424993,119000000010000;5369586,737999999900000;7,985129037000036;48,474934205000068
59713;08;3;17;065;2018;12;17;6;3;6;2;2;0;1;1;0;0;0;0;414199,059799999990000;5355259,320600000200000;7,842040537000059;48,344683097000029
59719;08;3;17;065;2018;12;12;6;3;5;3;0;1;0;0;0;0;1;0;417969,965099999970000;5354741,866100000200000;7,893022931000076;48,340529607000065
59730;08;1;17;024;2018;12;16;7;2;6;2;1;0;1;1;0;0;0;1;561962,248099999970000;5385026,941399999900000;9,840691362000030;48,615245320000042
59747;08;1;19;085;2018;12;14;2;3;6;7;0;0;1;1;0;0;0;1;529225,206200000020000;5414069,037600000400000;9,398600057000067;48,878887809000048
59749;08;1;11;000;2018;12;09;7;3;6;2;0;0;1;1;0;0;0;1;516019,799300000010000;5403784,774799999800000;9,218092660000025;48,786854421000044
59753;08;3;36;050;2018;12;18;4;3;6;4;2;0;0;1;1;0;0;0;399123,072099999990000;5275601,481499999800000;7,657346259000065;47,625956630000076
59776;08;1;19;085;2018;12;07;4;3;5;3;1;1;0;0;0;0;1;1;528661,014700000060000;5413759,129599999600000;9,390883565000024;48,876126343000067
59783;08;2;11;000;2018;12;08;2;3;6;7;0;0;1;1;0;0;0;1;441369,473200000010000;5403764,007000000200000;8,201847659000066;48,784110364000071
59797;08;4;15;061;2018;12;11;6;2;6;4;0;0;1;1;0;0;0;1;514119,768999999970000;5373476,434999999600000;9,191192306000062;48,514243175000047
59802;08;1;15;003;2018;12;12;6;3;6;4;0;0;1;1;0;0;0;0;496294,524399999990000;5393159,731599999600000;8,949649235000038;48,691466591000051
59812;08;1;11;000;2018;12;05;6;3;6;4;2;0;1;1;0;0;0;0;518538,295800000020000;5401638,330900000400000;9,252282231000038;48,767475298000079
59824;08;3;37;066;2018;12;12;6;3;6;2;0;0;1;1;0;0;0;1;430278,128000000030000;5268479,277999999900000;8,073078277000036;47,565984319000052
59844;08;3;15;006;2018;12;07;3;3;5;2;2;1;0;0;1;0;0;1;400719,051800000020000;5306568,489600000000000;7,671507473000077;47,904756058000032
59852;08;3;17;096;2018;12;17;3;3;5;3;2;1;1;0;0;0;0;1;421807,829000000030000;5369732,482400000100000;7,942011115000071;48,475857106000035
59854;08;2;16;007;2018;12;11;3;2;8;7;0;1;0;0;0;0;0;0;436674,837799999980000;5394591,278800000400000;8,139355649000038;48,701141399000051
59862;08;1;21;000;2018;12;19;5;3;5;2;2;1;1;0;0;0;0;1;516771,393900000020000;5443345,815399999700000;9,229955232000066;49,142709895000053
59894;08;1;21;000;2018;12;17;6;2;6;4;2;0;1;1;0;0;0;1;515672,114400000020000;5444160,077999999700000;9,214914628000031;49,150063484000043
59902;08;3;25;012;2018;12;19;4;2;6;4;2;0;0;1;0;0;1;1;464059,476700000000000;5354658,256199999700000;8,514959744000066;48,344081391000032
59913;08;1;16;049;2018;12;18;6;3;6;4;2;0;1;1;0;0;0;1;524966,007699999960000;5385819,024299999700000;9,338797400000033;48,624941173000082
59965;08;4;36;009;2018;12;11;2;3;0;1;0;1;0;0;0;0;0;1;556363,950399999970000;5307531,536299999800000;9,754411081000058;47,918627939000032
59976;08;4;15;059;2018;12;10;2;3;0;3;0;1;1;0;0;0;0;1;516474,870400000010000;5369333,110399999700000;9,222918448000030;48,476911039000072
60101;08;3;15;109;2018;12;05;7;2;6;6;2;0;0;1;0;0;1;0;422368,467200000010000;5313971,544300000200000;7,959810003000030;47,974338316000058
60127;08;1;18;010;2018;12;15;7;2;0;1;0;1;0;0;0;0;0;1;506602,076699999980000;5433023,673999999600000;9,090353753000045;49,050051042000064
60160;08;4;35;013;2018;12;08;6;2;5;3;0;1;1;0;0;0;0;0;540911,796300000050000;5274951,996000000300000;9,544532372000049;47,626677813000072
60175;08;3;11;000;2018;12;02;6;3;2;6;2;1;1;0;0;0;0;0;414081,575100000020000;5315894,271200000300000;7,848410821000073;47,990574908000042
60229;08;1;16;033;2018;12;14;6;3;5;3;0;1;1;0;0;0;0;0;532018,648200000050000;5390558,819100000000000;9,434868075000054;48,667258666000066
60239;08;3;36;084;2018;12;09;5;3;5;3;0;1;1;0;0;0;0;0;405557,808399999980000;5277264,608099999800000;7,742610554000066;47,641887738000037
60245;08;3;17;129;2018;12;17;5;3;0;7;2;1;0;0;0;0;0;0;430212,094400000000000;5349698,363300000300000;8,059037296000042;48,296632043000045
148546;08;1;17;026;2018;01;17;6;2;6;4;2;0;1;1;0;0;0;1;548527,645999999950000;5394841,949000000000000;9,659578655000075;48,704723024000032
148551;08;1;15;028;2018;01;16;6;2;6;4;1;0;1;1;0;0;0;1;500697,727900000000000;5404875,026800000100000;9,009500716000048;48,796868205000067
148553;08;1;15;003;2018;01;15;6;3;5;3;0;1;1;0;0;0;0;1;500763,193600000000000;5391118,818300000400000;9,010366665000049;48,673116836000077
148554;08;1;15;003;2018;01;16;6;3;6;4;1;0;1;1;0;0;0;1;500948,552600000000000;5392591,181800000400000;9,012887825000064;48,686362139000039
148556;08;4;36;064;2018;01;09;5;3;3;2;0;1;1;0;0;0;0;1;545967,869399999970000;5292090,251299999700000;9,613631498000075;47,780533934000061
148558;08;4;26;021;2018;01;09;5;2;4;2;0;1;1;0;0;0;0;1;557276,263599999950000;5327788,335799999500000;9,769326705000026;48,100784595000050
148560;08;3;36;081;2018;01;17;5;3;3;6;2;1;1;0;0;0;0;1;411087,707400000010000;5277581,077100000300000;7,816153771000074;47,645517852000069
148562;08;3;36;050;2018;01;07;5;3;7;1;2;1;0;0;0;0;0;1;398992,737000000020000;5275924,623999999800000;7,655537462000041;47,628843079000035
148563;08;3;35;043;2018;01;10;5;3;5;3;0;1;0;0;0;1;0;1;510589,488399999970000;5281016,269700000100000;9,141095125000049;47,682448083000054
148574;08;2;12;000;2018;01;17;5;2;0;5;2;1;0;0;0;0;1;1;455049,218600000020000;5429042,772500000000000;8,385278559000028;49,012638514000059
148575;08;2;12;000;2018;01;17;5;3;6;4;2;0;1;1;0;0;0;1;454923,277699999980000;5428822,972799999600000;8,383580777000077;49,010652211000036
148580;08;2;25;058;2018;01;16;5;3;6;4;1;0;1;1;0;0;0;1;509727,193000000030000;5466050,650399999700000;9,133922657000028;49,347096571000066
148582;08;2;22;000;2018;01;00;5;2;8;7;2;1;0;0;0;0;0;1;461363,139000000020000;5483128,734000000200000;8,466401160000032;49,499560139000039
148589;08;2;12;000;2018;01;08;5;3;5;3;0;1;1;0;0;0;0;0;454477,466000000010000;5428676,446999999700000;8,377501158000030;49,009301473000050
148592;08;2;11;000;2018;01;16;5;3;6;2;2;0;1;1;0;0;0;1;441552,675500000010000;5403343,524500000300000;8,204401174000054;48,780345329000056
148598;08;1;19;067;2018;01;17;5;3;6;4;2;0;0;1;0;0;1;1;540426,849999999980000;5408822,685999999800000;9,550853900000050;48,831065339000077
148601;08;1;19;067;2018;01;17;5;2;6;4;2;0;1;1;0;0;0;1;539234,314200000020000;5405444,117100000400000;9,534282152000060;48,800749872000040
148602;08;1;18;048;2018;01;16;5;3;5;2;1;1;0;0;0;0;0;0;513687,637600000020000;5414935,448800000400000;9,186715360000051;48,887219628000025
148608;08;1;15;003;2018;01;10;5;3;6;4;0;0;1;1;0;0;0;1;501021,037300000030000;5392332,933600000100000;9,013872024000023;48,684038795000049
148618;08;4;26;128;2018;01;20;4;2;2;1;2;1;1;0;0;0;0;0;559459,791399999990000;5333435,238400000100000;9,799440639000068;48,151384694000058
148626;08;3;25;049;2018;01;08;4;3;6;4;0;0;1;1;0;0;0;1;472282,136400000020000;5334348,740899999600000;8,627257321000059;48,161779228000057
148629;08;3;11;000;2018;01;11;4;2;3;6;0;1;1;0;0;0;0;0;414022,446999999990000;5316804,104000000300000;7,847436204000076;47,998751247000030
148631;08;3;11;000;2018;01;18;4;3;0;4;2;0;1;1;0;0;0;0;413104,250999999990000;5316624,601499999900000;7,835166388000062;47,997012417000064
148634;08;2;12;000;2018;01;08;4;3;5;3;0;1;1;0;0;0;0;1;454709,685200000010000;5427524,822700000400000;8,380804897000076;48,998959603000060
148638;08;2;22;000;2018;01;14;4;3;5;3;0;1;1;0;0;0;0;0;463372,588500000010000;5477777,165699999800000;8,494647230000055;49,451550012000041
148641;08;2;22;000;2018;01;13;4;3;4;6;0;1;1;0;0;0;0;0;461332,124799999990000;5482145,305999999900000;8,466069087000051;49,490712768000037
148643;08;2;12;000;2018;01;07;4;3;6;7;2;0;1;1;0;0;0;1;456034,363300000030000;5426944,889999999700000;8,398977190000039;48,993838801000038
148648;08;1;19;091;2018;01;12;4;3;6;6;0;0;1;1;0;0;0;1;530286,103000000000000;5406143,642000000000000;9,412483251000026;48,807542970000043
148652;08;1;16;047;2018;01;10;4;3;6;4;0;0;1;1;0;0;0;0;520536,685799999980000;5392309,322200000300000;9,279012776000059;48,683489357000042
148657;08;4;15;014;2018;01;11;3;3;0;1;0;1;0;0;0;0;0;1;525569,009399999980000;5375571,764100000300000;9,346349852000060;48,532731308000052
148659;08;3;36;091;2018;01;19;3;3;6;4;1;0;1;1;0;0;0;0;394256,875000000000000;5271674,006000000100000;7,593545313000050;47,589852438000037
148660;08;3;17;057;2018;01;10;3;3;6;4;0;0;1;1;0;0;0;1;413840,057299999990000;5379452,576100000200000;7,832216337000034;48,562243155000033
148665;08;3;16;020;2018;01;19;3;3;0;4;2;0;1;1;0;0;0;0;408339,487299999980000;5338153,410600000100000;7,766686992000075;48,189997871000060
148667;08;3;15;050;2018;01;06;3;3;6;4;2;0;1;1;0;0;0;0;399448,225099999980000;5303302,521400000000000;7,655268020000051;47,875181107000060
148668;08;3;36;050;2018;01;11;3;3;5;3;0;1;1;0;0;0;0;0;399427,819000000020000;5273430,662600000400000;7,661899616000028;47,606476784000051
148673;08;1;21;000;2018;01;13;3;2;6;7;0;0;1;1;0;0;0;0;516129,024299999990000;5442877,536000000300000;9,221128930000077;49,138514772000065
148675;08;1;25;078;2018;01;15;3;2;6;7;0;0;1;1;0;0;0;0;517926,301199999990000;5454919,127399999600000;9,246306548000064;49,246781859000066
148679;08;1;18;079;2018;01;09;3;3;6;4;0;0;1;1;0;0;0;1;509931,832999999980000;5423054,602000000000000;9,135679689000028;48,960328754000045
148690;08;1;11;000;2018;01;19;3;3;6;3;2;0;1;1;0;0;0;0;510401,644299999990000;5400312,929300000000000;9,141519916000050;48,755741225000065
148694;08;3;17;097;2018;01;03;2;3;6;7;2;0;0;1;0;0;1;1;425629,660299999990000;5364781,778500000000000;7,994594052000025;48,431788795000045
148695;08;3;17;096;2018;01;05;2;3;6;4;2;0;1;1;0;0;0;1;421038,331400000020000;5368974,489099999900000;7,931744353000056;48,468942879000053
148700;08;3;11;000;2018;01;17;2;3;6;7;1;0;0;1;0;0;1;0;411298,041000000030000;5323328,588999999700000;7,809571535000032;48,057068100000038
148702;08;3;11;000;2018;01;02;2;3;6;4;2;1;0;1;0;0;0;1;414108,820400000030000;5316210,912399999800000;7,848712559000035;47,993426876000058
148704;08;2;12;000;2018;01;14;2;3;6;4;0;0;0;1;0;0;1;0;457310,812600000000000;5428629,842400000400000;8,416248540000026;49,009084770000072
148705;08;2;21;000;2018;01;03;2;3;5;5;2;1;1;0;0;0;0;0;478269,902999999990000;5472930,421000000100000;8,700448854000058;49,408669853000049
148709;08;2;12;000;2018;01;21;2;3;1;5;2;1;1;0;0;0;0;0;456888,388700000010000;5427719,821600000400000;8,410569063000025;49,000869646000069
148712;08;1;19;006;2018;01;00;2;2;6;4;2;0;1;1;0;0;0;1;537165,203499999950000;5422679,662300000000000;9,507673366000063;48,955918592000046
148793;08;2;22;000;2018;01;09;5;3;5;2;0;1;1;0;0;0;0;1;464291,995999999980000;5484214,308000000200000;8,506750687000022;49,509503817000052
148794;08;2;21;000;2018;01;10;5;3;6;4;0;0;1;1;0;0;0;0;476517,274800000010000;5473840,158599999700000;8,676235307000070;49,416787674000034
148795;08;2;21;000;2018;01;07;5;3;4;3;1;1;1;0;0;0;0;1;476145,231800000010000;5472840,584200000400000;8,671165971000050;49,407782204000057
148796;08;2;16;015;2018;01;07;5;3;3;6;2;1;1;0;0;0;0;0;449552,163799999980000;5405104,802600000100000;8,313067049000040;48,796888743000068
148797;08;2;15;021;2018;01;06;5;3;5;3;2;1;1;0;0;0;0;0;469794,753900000010000;5444255,720800000200000;8,585786803000076;49,150380901000062
148800;08;1;36;088;2018;01;07;5;2;6;4;2;1;0;1;0;0;0;0;579451,035900000020000;5410050,680700000400000;10,082758346000048;48,838343648000034
148801;08;1;36;088;2018;01;07;5;3;6;4;1;0;1;1;0;0;0;0;579711,147200000010000;5410196,180599999600000;10,086330779000036;48,839618967000035
148802;08;1;36;019;2018;01;07;5;2;6;7;2;0;1;1;0;0;0;0;582795,489999999990000;5423504,425400000100000;10,131054654000025;48,958909942000048
148803;08;1;28;082;2018;01;14;5;3;6;7;0;0;1;1;0;0;0;0;566409,257199999990000;5472409,115899999600000;9,915314953000063;49,400745747000030
148804;08;1;25;056;2018;01;13;5;3;7;7;0;0;1;1;0;0;0;0;510332,983499999970000;5435660,003399999800000;9,141480829000045;49,073714854000059
148805;08;1;18;068;2018;01;07;5;2;5;3;2;1;1;0;0;0;0;0;501135,064000000010000;5423023,661899999700000;9,015506150000022;48,960129174000031
148809;08;1;15;041;2018;01;13;5;3;8;1;0;1;0;0;0;0;0;0;492482,275199999970000;5402926,492800000100000;8,897669507000046;48,779294258000050
148810;08;1;15;003;2018;01;07;5;3;6;4;1;0;1;1;0;0;0;0;499847,852599999980000;5392018,380500000000000;8,997933010000054;48,681209856000066
148812;08;1;11;000;2018;01;07;5;3;5;2;2;1;1;0;0;0;0;0;514207,223799999980000;5406340,725499999700000;9,193504934000032;48,809891500000049
148813;08;4;37;047;2018;01;17;4;3;0;7;1;1;0;0;0;0;0;0;517295,280800000010000;5340754,654400000300000;9,232844978000060;48,219781077000050
148814;08;4;36;039;2018;01;12;4;2;6;6;0;0;0;1;0;1;0;0;549255,445399999970000;5288950,128399999800000;9,657158958000025;47,752039367000066
148815;08;4;15;014;2018;01;14;4;3;0;1;0;1;0;0;0;0;0;0;525836,729399999950000;5374920,593899999700000;9,349935868000046;48,526862292000033
148816;08;3;36;069;2018;01;17;4;3;6;3;1;0;1;1;0;0;0;0;409096,092999999990000;5269405,294999999900000;7,791337795000061;47,571693515000050
148817;08;3;17;096;2018;01;17;4;3;0;7;1;1;0;0;0;0;0;1;423005,571600000020000;5370922,843899999700000;7,957995203000053;48,486712155000077
148818;08;3;17;026;2018;01;13;4;2;5;3;0;1;1;0;0;0;0;0;411408,439399999970000;5346100,607699999600000;7,806309681000073;48,261917498000059
148819;08;3;16;056;2018;01;14;4;3;0;2;0;1;1;0;0;0;0;0;422376,401300000030000;5327228,915000000000000;7,957513268000071;48,093597894000027
148821;08;3;15;076;2018;01;15;4;3;0;7;0;1;0;0;0;0;0;1;392212,013099999980000;5297157,269299999800000;7,560055937000072;47,818733157000054
148822;08;3;11;000;2018;01;22;4;3;5;3;2;1;1;0;0;0;0;0;413860,603999999990000;5316235,861999999700000;7,845381152000073;47,993617917000051
148823;08;3;11;000;2018;01;18;4;3;5;3;2;1;0;0;0;0;0;0;412168,211000000010000;5315316,968999999600000;7,822889104000069;47,985121962000051
148825;08;2;12;000;2018;01;19;4;3;5;3;2;1;1;0;0;0;0;1;458978,307199999980000;5428422,113199999600000;8,439070446000073;49,007329311000035
148827;08;2;36;076;2018;01;14;4;3;4;6;0;1;1;0;0;0;0;0;474019,186700000020000;5423503,384300000000000;8,645048102000033;48,963899574000038
148829;08;3;11;000;2018;01;07;2;3;5;3;1;1;1;0;0;0;0;0;411400,353999999990000;5322026,411399999600000;7,811213981000037;48,045369011000048
148830;08;2;22;000;2018;01;18;4;2;1;5;2;1;1;0;0;0;0;1;461428,820300000020000;5481647,326700000100000;8,467452800000046;49,486239866000062
148831;08;3;11;000;2018;01;08;2;3;6;4;0;0;1;1;0;0;0;0;412626,754000000020000;5317842,997000000400000;7,828518789000043;48,007907173000035
148832;08;2;21;000;2018;01;08;4;2;1;5;0;1;1;0;0;0;0;0;475351,841200000020000;5473015,272300000300000;8,660218568000062;49,409321872000078
148833;08;2;21;000;2018;01;02;4;3;0;7;2;1;0;0;0;0;0;0;478013,939200000020000;5472962,140800000200000;8,696918667000034;49,408945974000062
148835;08;2;26;085;2018;01;16;4;3;0;2;0;0;1;1;0;0;0;0;490413,624100000020000;5454951,926199999600000;8,868282398000076;49,247264364000046
148836;08;2;12;000;2018;01;07;2;3;6;7;0;1;1;1;0;0;0;0;455628,007099999990000;5428467,925400000100000;8,393256112000074;49,007509603000074
148837;08;2;21;000;2018;01;16;4;2;0;7;0;1;0;0;0;0;0;0;476517,719400000000000;5473831,627399999600000;8,676241942000047;49,416710954000052
148839;08;2;31;000;2018;01;16;2;3;6;2;0;0;1;1;0;0;0;0;478486,456799999990000;5415021,004999999900000;8,706526843000063;48,887767003000079
148842;08;2;12;000;2018;01;17;4;3;5;3;2;1;1;0;0;0;0;0;463501,034900000030000;5428049,401899999900000;8,500945002000037;49,004260737000038
148844;08;2;26;063;2018;01;17;2;3;5;3;2;1;1;0;0;0;0;1;470851,978599999970000;5471205,749800000300000;8,598321025000075;49,392846724000037
148846;08;2;22;000;2018;01;07;2;3;6;4;1;0;0;1;0;0;1;0;462622,081599999980000;5482862,218600000300000;8,483812391000072;49,497241859000042
148847;08;1;36;088;2018;01;11;4;3;6;7;0;0;1;1;0;0;0;0;580999,889500000050000;5413145,644399999600000;10,104474256000060;48,865980144000048
148850;08;2;26;028;2018;01;20;2;2;6;4;2;0;1;1;0;0;0;1;470664,870700000030000;5483691,306400000100000;8,594818103000023;49,505141437000077
148853;08;1;28;007;2018;01;20;4;2;6;4;2;0;1;1;0;0;0;0;555806,072799999970000;5482504,876600000100000;9,770609010000044;49,492612563000080
148854;08;1;25;001;2018;01;19;4;3;6;4;2;0;1;1;0;0;0;0;522325,741900000020000;5435955,560899999900000;9,305702078000024;49,076055433000079
148855;08;2;21;000;2018;01;20;2;3;5;2;2;1;1;0;0;0;0;1;475476,417399999980000;5473778,413999999900000;8,661888708000049;49,416191223000055
148856;08;2;21;000;2018;01;18;2;3;3;6;2;1;1;0;0;0;0;1;477245,975600000010000;5472461,508299999900000;8,686361018000071;49,404414629000030
148857;08;1;19;091;2018;01;18;4;3;4;1;2;1;0;0;0;0;1;1;526712,915700000010000;5406531,046900000400000;9,363844337000046;48,811191826000027
148858;08;2;26;105;2018;01;17;2;2;5;3;1;1;1;0;0;0;0;1;471321,900299999980000;5477418,057599999900000;8,604347697000037;49,448747154000046
148859;08;1;18;071;2018;01;10;4;3;6;7;0;0;0;1;0;0;1;0;509148,366099999980000;5419210,594499999700000;9,124890390000076;48,925761367000064
148860;08;1;15;021;2018;01;07;2;2;6;2;2;0;1;1;0;0;0;0;490252,929999999990000;5382628,670400000200000;8,867802794000056;48,596662449000064
148862;08;1;36;088;2018;01;18;2;3;6;7;2;0;1;1;0;0;0;0;580381,075199999960000;5410423,959900000100000;10,095503732000054;48,841581282000050
148863;08;1;36;027;2018;01;06;2;2;6;7;2;1;0;1;0;0;0;0;552985,909100000050000;5420525,902400000000000;9,723487318000025;48,935392106000052
148865;08;1;19;076;2018;01;06;2;3;1;5;1;1;1;0;0;0;0;0;542741,797499999990000;5406276,781000000400000;9,582130316000075;48,808008788000052
148866;08;1;11;000;2018;01;19;4;2;6;2;2;0;1;1;0;0;0;0;515008,766699999980000;5396861,069400000400000;9,204076174000022;48,724594388000071