OBJECTID_1;ULAND;UREGBEZ;UKREIS;UGEMEINDE;UJAHR;UMONAT;USTUNDE;UWOCHENTAG;UKATEGORIE;UART;UTYP1;ULICHTVERH;IstRad;IstPKW;IstFuss;IstKrad;IstGkfz;IstSonstig;STRZUSTAND;LINREFX;LINREFY;XGCSWGS84;YGCSWGS84
148867;08;4;36;010;2018;01;12;3;2;6;2;0;0;1;1;0;0;0;0;566710,287299999970000;5306775,952499999700000;9,892760065000061;47,910837382000068
148868;08;1;19;020;2018;01;12;2;2;3;5;0;1;1;0;0;0;0;0;520020,269299999990000;5407270,045400000200000;9,272724195000023;48,818091388000028
148875;08;1;16;033;2018;01;17;2;3;5;3;2;1;1;0;0;0;0;1;533398,926199999990000;5387588,336199999800000;9,453374354000061;48,640464274000067
148878;08;1;11;000;2018;01;17;2;3;6;4;2;1;0;1;0;0;0;0;511113,830299999970000;5400587,006099999900000;9,151216952000027;48,758194504000073
148881;08;3;35;097;2018;01;17;3;2;4;1;2;1;0;0;0;0;0;0;486383,099999999980000;5295178,089999999900000;8,818124263000073;47,809812964000059
148883;08;3;17;056;2018;01;16;1;2;0;1;0;1;0;0;0;0;0;0;435105,474500000010000;5382291,309200000000000;8,119956506000051;48,590340559000026
148885;08;3;11;000;2018;01;19;1;3;6;4;2;0;1;1;0;0;0;0;407835,813000000020000;5315077,926000000000000;7,764891782000063;47,982362138000042
148887;08;3;11;000;2018;01;18;1;3;6;4;2;0;1;1;0;0;0;0;411634,585700000000000;5314561,910899999600000;7,815894456000024;47,978256493000060
148889;08;3;15;132;2018;01;16;3;3;1;7;0;1;1;0;0;0;0;0;409284,556800000020000;5323409,616000000400000;7,782538550000027;48,057513829000072
148890;08;2;22;000;2018;01;16;1;3;5;3;1;1;1;0;0;0;0;0;465585,294700000030000;5484225,639499999600000;8,524613905000024;49,509680521000064
148892;08;2;21;000;2018;01;14;1;2;0;7;0;1;0;0;0;0;0;0;474504,277699999980000;5475415,148799999600000;8,648380710000026;49,430873334000069
148894;08;2;21;000;2018;01;13;3;3;1;5;0;1;1;0;0;0;0;0;477404,539400000010000;5472601,343200000000000;8,688538654000070;49,405678331000047
148895;08;2;12;000;2018;01;18;1;3;4;2;2;1;1;0;0;0;0;0;455104,818099999970000;5430374,820299999800000;8,385891468000068;49,024624425000070
148900;08;1;26;066;2018;01;18;1;3;5;3;2;1;1;0;0;0;0;0;536983,964799999960000;5449732,421099999900000;9,507671785000071;49,199272899000050
148901;08;1;35;019;2018;01;11;3;3;6;2;0;0;1;1;0;0;0;0;584793,183599999990000;5391691,792100000200000;10,151764831000037;48,672513939000055
148903;08;1;27;076;2018;01;12;3;2;6;4;0;0;1;1;0;0;0;0;551915,259300000030000;5440246,150899999800000;9,711393536000060;49,112864277000028
148905;08;1;19;044;2018;01;04;1;2;6;4;2;0;1;1;0;0;0;1;542756,129300000030000;5426402,385800000300000;9,584432329000038;48,989043831000060
148909;08;1;11;000;2018;01;16;1;2;6;4;1;0;1;1;0;0;0;0;507366,507999999970000;5398589,645999999700000;9,100194523000027;48,740281883000080
148910;08;1;18;048;2018;01;13;3;3;5;3;0;1;1;0;0;0;0;0;514517,730199999990000;5415618,311999999900000;9,198062986000025;48,893343594000044
148911;08;1;11;000;2018;01;15;1;3;6;4;0;0;1;1;0;0;0;0;513695,976100000030000;5402500,146900000100000;9,186413649000031;48,775353540000026
148912;08;1;17;024;2018;01;12;3;3;6;7;0;0;1;1;0;0;0;0;562152,331699999980000;5384822,044599999700000;9,843239392000044;48,613383370000065
148919;08;4;15;073;2018;01;14;7;2;6;7;0;0;1;1;0;0;0;0;517689,599800000030000;5350346,521900000100000;9,238554821000037;48,306065317000048
148920;08;1;11;000;2018;01;16;3;2;6;4;0;0;1;1;0;0;0;0;518813,275800000000000;5403331,870400000400000;9,256101795000063;48,782701923000047
148921;08;4;15;061;2018;01;17;7;3;4;2;2;1;1;0;0;0;0;0;514255,854600000020000;5370573,865399999500000;9,192935873000067;48,488127574000032
148922;08;4;35;016;2018;01;09;7;2;6;7;0;0;1;1;0;0;0;0;537303,725100000040000;5278149,903500000000000;9,496783919000052;47,655668596000055
148925;08;3;15;047;2018;01;04;7;2;0;7;2;1;0;0;0;0;0;0;415876,860800000020000;5322258,939899999600000;7,871219416000031;48,048066406000032
148927;08;3;11;000;2018;01;02;7;3;1;1;2;1;1;0;0;0;0;0;414886,720299999990000;5317057,679100000300000;7,858969441000056;48,001147907000075
148928;08;3;37;096;2018;01;07;2;3;5;3;2;1;0;0;0;0;1;0;419294,676299999990000;5267200,553399999600000;7,927317551000044;47,553207657000030
148930;08;3;35;075;2018;01;17;2;3;5;2;2;1;1;0;0;0;0;0;488614,580699999990000;5288094,635200000400000;8,848114911000039;47,746122894000052
148931;08;2;26;082;2018;01;06;7;3;4;6;1;1;1;0;0;0;0;0;475875,091000000010000;5480491,614000000100000;8,666976453000075;49,476590826000063
148932;08;3;35;043;2018;01;08;2;3;5;3;0;1;0;0;0;0;0;0;513452,152999999990000;5279846,129800000200000;9,179201253000031;47,671866331000047
148937;08;3;17;057;2018;01;15;2;3;0;7;0;1;0;0;0;0;0;0;412316,451799999980000;5380588,611499999600000;7,811331003000021;48,572249792000036
148938;08;3;16;056;2018;01;21;2;2;5;3;2;1;1;0;0;0;0;0;423378,936800000020000;5328001,675800000300000;7,970836339000073;48,100670671000046
148939;08;1;16;080;2018;01;21;7;3;0;7;2;0;1;1;0;0;0;0;522400,020100000020000;5395041,617100000400000;9,304475990000071;48,708004900000049
148940;08;3;15;059;2018;01;19;2;3;8;1;2;1;0;0;0;0;0;0;402231,312299999990000;5322633,421900000400000;7,688081508000039;48,049490301000048
148944;08;1;15;045;2018;01;14;7;2;6;4;0;0;1;1;0;0;0;0;501664,194299999970000;5394177,736600000400000;9,022617520000040;48,700633441000036
148945;08;2;22;000;2018;01;15;2;3;4;6;0;1;0;0;1;0;0;0;464677,631999999980000;5481984,301799999500000;8,512276816000053;49,489468595000062
148953;08;1;19;076;2018;01;17;2;3;5;3;1;1;0;0;0;0;1;0;542331,108899999990000;5406867,570399999600000;9,576598095000065;48,813351319000049
148954;08;3;35;075;2018;01;16;6;2;5;3;0;1;1;0;0;0;0;0;490433,435799999980000;5288854,573800000400000;8,872362228000043;47,752990033000060
148955;08;1;19;083;2018;01;12;2;2;5;3;0;1;1;0;0;0;0;0;535112,051400000000000;5419631,237200000300000;9,479365849000033;48,928616830000067
148956;08;3;35;043;2018;01;17;6;3;7;1;1;1;0;0;0;0;0;0;512619,749300000020000;5278700,298899999800000;9,168079436000028;47,661573301000033
148957;08;1;16;081;2018;01;14;2;3;5;3;0;1;1;0;0;0;0;0;517359,925099999990000;5385768,898099999900000;9,235579227000073;48,624747601000081
148958;08;3;35;043;2018;01;08;6;2;5;3;0;1;1;0;0;0;0;0;512370,869499999970000;5280174,169400000000000;9,164806421000037;47,674839514000041
148959;08;4;36;011;2018;01;08;6;3;5;3;0;1;1;0;0;0;0;0;548840,400200000030000;5297696,853199999800000;9,652606378000030;47,830764629000043
148961;08;3;17;150;2018;01;20;6;3;9;7;2;1;1;0;0;0;0;0;407573,995100000000000;5360123,441700000300000;7,751581745000067;48,387498629000049
148963;08;3;17;153;2018;01;23;6;3;4;6;2;1;1;0;0;0;0;1;422062,561200000000000;5390334,289400000100000;7,941596728000036;48,661197089000041
148964;08;3;17;005;2018;01;12;6;2;6;2;0;0;1;1;0;0;0;0;425050,548000000010000;5376695,058000000200000;7,984629343000051;48,538880232000054
148965;08;1;15;045;2018;01;07;2;3;6;4;0;0;1;1;0;0;0;0;500208,801099999980000;5395410,468399999700000;9,002838371000053;48,711725377000050
148966;08;3;16;011;2018;01;12;6;3;0;3;0;1;1;0;0;0;0;0;415434,151599999980000;5329373,399400000500000;7,863871857000049;48,112004541000033
148967;08;1;11;000;2018;01;19;2;3;3;6;2;1;1;0;0;0;0;0;512240,740999999980000;5401077,237999999900000;9,166564437000034;48,762583470000038
148971;08;3;11;000;2018;01;07;6;2;6;4;2;0;1;1;0;0;0;0;411971,068099999970000;5315943,911799999900000;7,820119050000074;47,990734396000050
148973;08;3;11;000;2018;01;11;6;3;5;3;0;1;1;0;0;0;0;0;414196,933599999990000;5318149,099399999700000;7,849505726000075;48,010873412000080
148974;08;3;35;043;2018;01;18;1;3;5;2;2;1;1;0;0;0;0;0;512739,456100000010000;5284728,832800000000000;9,169849792000036;47,715813521000030
148978;08;3;11;000;2018;01;14;6;3;5;3;0;1;0;0;0;0;0;0;410164,008500000000000;5315462,385300000200000;7,796004676000052;47,986151652000046
148980;08;3;11;000;2018;01;08;1;3;5;3;1;1;1;0;0;0;0;0;414464,000799999980000;5315648,832100000200000;7,853584421000051;47,988418353000043
148981;08;2;12;000;2018;01;07;6;3;4;7;1;1;1;0;0;0;0;0;463374,909800000020000;5428053,895300000000000;8,499220141000023;49,004293685000050
148983;08;2;26;084;2018;01;07;6;3;5;3;1;1;0;0;0;0;1;0;469280,919500000020000;5469571,149899999600000;8,576797700000043;49,378066638000064
148984;08;2;22;000;2018;01;13;6;3;3;5;0;1;1;0;0;0;0;0;461350,166600000000000;5482106,828300000200000;8,466321962000052;49,490367832000061
148986;08;2;21;000;2018;01;18;6;3;0;1;1;1;0;0;0;0;0;0;477691,543699999980000;5470499,845400000000000;8,692612721000046;49,386786227000073
148989;08;2;16;059;2018;01;20;6;3;3;6;2;1;1;0;0;0;0;0;453324,319399999980000;5396200,833900000000000;8,365437570000040;48,717088242000045
148991;08;2;11;000;2018;01;19;6;3;0;3;2;1;1;0;0;0;0;0;440810,260000000010000;5403695,551000000000000;8,194245587000069;48,783441632000063
148992;08;3;17;001;2018;01;23;7;2;5;3;2;1;1;0;0;0;0;0;429453,896000000010000;5387474,985100000200000;8,042443997000021;48,636356382000031
148994;08;1;28;020;2018;01;00;6;3;5;3;2;1;1;0;0;0;0;0;574273,579400000050000;5480760,994300000400000;10,025255956000024;49,474949504000051
148995;08;3;11;000;2018;01;14;7;3;5;2;0;1;1;0;0;0;0;0;411855,293000000010000;5319019,896999999900000;7,817935519000059;48,018387747000077
149000;08;1;16;071;2018;01;15;6;3;5;3;0;1;1;0;0;0;0;0;528053,178599999980000;5391012,499499999900000;9,381042308000076;48,671530665000034
149002;08;2;15;108;2018;01;12;7;3;4;3;0;1;1;0;0;0;0;1;448110,184899999990000;5422989,309100000200000;8,291164111000057;48,957643378000057
149005;08;1;16;019;2018;01;17;7;3;4;2;2;1;1;0;0;0;0;1;521581,578400000000000;5398097,192300000200000;9,293511236000029;48,735521515000073
149006;08;1;11;000;2018;01;15;6;2;6;4;0;0;1;1;0;0;0;0;512322,045099999990000;5399445,586600000000000;9,167621929000063;48,747903592000057
149007;08;4;35;030;2018;01;11;6;3;0;1;0;1;0;0;0;0;0;1;539896,123900000010000;5272881,662899999900000;9,530825895000021;47,608113559000060
149008;08;1;11;000;2018;01;19;6;3;1;5;2;1;1;0;0;0;0;0;512750,764399999990000;5402037,607800000300000;9,173534253000071;48,771212660000060
149010;08;4;21;000;2018;01;20;6;2;6;4;2;0;1;1;0;0;0;1;574452,427000000030000;5361981,063000000100000;10,006018242000039;48,406586270000048
149014;08;1;11;000;2018;01;14;6;3;6;6;0;0;1;1;0;0;0;0;508614,204499999990000;5399179,493499999900000;9,117177192000042;48,745572147000075
149020;08;3;17;096;2018;01;20;6;3;3;2;2;1;1;0;0;0;0;1;421246,377900000020000;5367825,029900000400000;7,934774862000040;48,458629695000070
149022;08;4;21;000;2018;01;14;5;2;6;4;0;0;1;1;0;0;0;0;571538,694999999950000;5361261,040000000000000;9,966530445000046;48,400446939000062
149026;08;3;15;115;2018;01;19;6;2;5;3;2;1;1;0;0;0;0;1;407985,927800000000000;5321588,303600000200000;7,765505900000051;48,040945118000081
149029;08;3;11;000;2018;01;20;6;2;6;2;2;0;1;1;0;0;0;1;412390,588999999980000;5317596,837700000000000;7,825403312000049;48,005660569000042
149030;08;3;35;100;2018;01;10;5;3;5;2;0;1;0;0;0;0;0;0;488324,101299999980000;5287273,195200000000000;8,844261885000037;47,738726745000065
149031;08;3;11;000;2018;01;15;6;3;5;3;0;1;1;0;0;0;0;1;414762,761500000020000;5317477,279900000400000;7,857224613000028;48,004905863000033
149033;08;2;31;000;2018;01;16;6;3;6;2;1;0;1;1;0;0;0;1;477685,616299999990000;5414863,052799999700000;8,695611103000033;48,886317798000050
149034;08;3;17;096;2018;01;08;5;3;5;3;1;1;1;0;0;0;0;1;422573,806099999990000;5369668,533900000200000;7,952385294000067;48,475376688000040
149036;08;2;22;000;2018;01;14;6;3;0;7;0;1;1;0;0;0;0;1;462374,538600000030000;5478426,578800000300000;8,480815908000068;49,457330196000044
149037;08;3;36;091;2018;01;15;5;3;0;4;0;0;0;1;0;0;1;0;396098,005400000020000;5271946,607499999900000;7,617961608000030;47,592602152000040
149039;08;1;36;065;2018;01;19;6;3;6;4;2;0;1;1;0;0;0;1;558822,012800000030000;5405416,707499999600000;9,800995442000044;48,798958430000027
149040;08;2;12;000;2018;01;22;5;2;0;1;2;1;0;0;0;0;0;0;456499,399099999980000;5428686,143299999600000;8,405147488000068;49,009534538000025
149042;08;1;17;026;2018;01;18;6;3;0;4;2;0;1;1;0;0;0;1;549063,983499999970000;5393733,942200000400000;9,666736288000038;48,694714013000066
149044;08;4;16;041;2018;01;07;5;3;6;4;2;0;1;1;0;0;0;1;503623,766000000000000;5374144,983000000000000;9,049074462000021;48,520405992000065
149045;08;4;15;093;2018;01;15;5;3;6;7;0;0;0;1;0;0;1;2;528191,143099999990000;5364120,107499999900000;9,381095165000033;48,429597227000045
149047;08;4;36;064;2018;01;07;5;3;1;5;2;1;1;0;0;0;0;1;545751,931499999950000;5292717,416899999600000;9,610815183000057;47,786191926000072
149048;08;3;35;063;2018;01;18;5;2;6;2;2;0;1;1;0;0;0;1;495112,243299999970000;5288815,512400000400000;8,934787584000048;47,752691020000043
149050;08;3;26;052;2018;01;17;5;3;6;4;2;0;1;1;0;0;0;1;450413,989300000020000;5330538,650299999900000;8,333640040000034;48,126172583000027
149051;08;3;26;074;2018;01;20;5;3;3;6;2;1;0;0;0;1;0;1;467071,788899999990000;5323271,419400000000000;8,558047303000024;48,061870854000063
149052;08;3;11;000;2018;01;08;5;3;6;4;0;1;0;1;0;0;0;1;413175,477699999990000;5315410,770499999600000;7,836366502000033;47,986103268000079
149054;08;3;11;000;2018;01;07;5;3;5;3;1;1;1;0;0;0;0;1;412566,073800000010000;5317504,158300000200000;7,827774453000075;48,004850921000070
149055;08;3;11;000;2018;01;17;5;3;5;3;0;1;1;0;0;0;0;0;404384,201200000010000;5316158,400399999700000;7,718407281000054;47,991574335000053
149056;08;2;12;000;2018;01;14;5;1;6;3;0;0;0;1;0;0;1;1;457129,241400000000000;5428643,680900000000000;8,413764327000024;49,009196662000079
149057;08;2;12;000;2018;01;13;5;3;1;5;0;1;1;0;0;0;0;1;456828,374100000020000;5428880,863300000300000;8,409625123000069;49,011309171000050
149059;08;2;31;000;2018;01;19;5;3;6;4;2;0;1;1;0;0;0;1;478344,834099999980000;5415430,220200000300000;8,704573263000043;48,891443235000054
149063;08;2;22;000;2018;01;12;5;2;5;5;0;1;1;0;0;0;0;1;462740,255000000000000;5481955,008000000400000;8,485529825000072;49,489089240000055
149064;08;2;22;000;2018;01;09;5;2;5;3;0;1;1;0;0;0;0;1;464289,508900000020000;5484215,624900000200000;8,506716214000051;49,509515516000079
149066;08;2;21;000;2018;01;07;5;2;2;6;1;1;0;0;0;0;0;1;477322,705399999980000;5473719,977400000200000;8,687346755000021;49,415737222000075
149068;08;2;15;103;2018;01;07;5;3;5;3;2;1;1;0;0;0;0;1;466447,956599999980000;5443340,504200000300000;8,539968906000070;49,141974687000072
149069;08;2;12;000;2018;01;07;5;3;5;2;2;1;1;0;0;0;0;1;454303,152000000000000;5433207,462000000300000;8,374607019000052;49,050045223000041
149070;08;2;15;108;2018;01;09;5;3;0;4;0;0;1;1;0;0;0;1;449987,178799999990000;5424884,468799999900000;8,316569733000051;48,974845092000066
149071;08;2;12;000;2018;01;09;5;3;6;1;0;0;1;1;0;0;0;0;457516,261200000010000;5428704,524000000200000;8,419049971000050;49,009770720000063
149073;08;3;16;010;2018;01;17;2;3;6;4;1;0;0;1;0;0;1;1;430909,091399999980000;5335866,144700000100000;8,070689887000071;48,172279015000072
149075;08;3;16;011;2018;01;18;2;3;6;4;2;0;1;1;0;0;0;1;414530,631700000030000;5330456,662600000400000;7,851518560000045;48,121628072000078
149077;08;3;16;011;2018;01;07;2;3;5;2;2;1;1;0;0;0;0;1;415699,332999999980000;5329122,180200000300000;7,867483462000052;48,109779923000076
149080;08;3;11;000;2018;01;16;2;3;6;4;0;1;0;1;0;0;0;1;414202,611199999980000;5315111,882199999900000;7,850189111000077;47,983553262000044
149081;08;3;36;091;2018;01;08;2;3;3;6;0;1;1;0;0;0;0;1;396638,130100000010000;5272174,017799999600000;7,625090274000058;47,594734084000038
149083;08;2;12;000;2018;01;15;2;3;6;4;0;0;1;1;0;0;0;1;459613,558200000030000;5428044,026600000400000;8,447794033000037;49,003970250000066
149085;08;2;26;096;2018;01;07;2;3;4;7;1;1;1;0;0;0;0;1;475109,045800000020000;5489171,266499999900000;8,655854696000063;49,554630313000075
149086;08;1;28;007;2018;01;14;5;3;6;4;0;0;1;1;0;0;0;1;555769,270999999950000;5482442,089300000100000;9,770092013000067;49,492051236000066
149088;08;1;27;014;2018;01;06;5;3;6;4;2;0;1;1;0;0;0;1;578419,488299999970000;5443148,853799999700000;10,075088949000076;49,136161773000026
149090;08;2;22;000;2018;01;07;2;2;6;4;0;0;1;1;0;0;0;1;463860,093600000020000;5485833,301300000400000;8,500636631000020;49,524040209000077
149092;08;2;22;000;2018;01;16;2;2;6;4;0;0;1;1;0;0;0;0;460306,996999999970000;5487462,275399999700000;8,451380004000043;49,538469515000031
149095;08;2;12;000;2018;01;15;2;3;1;3;0;1;1;0;0;0;0;1;455114,016000000000000;5434129,621299999800000;8,385601362000045;49,058399657000052
149099;08;2;15;090;2018;01;16;2;3;0;5;0;1;1;0;0;0;0;1;465684,958999999970000;5433335,398000000000000;8,530357691000063;49,051934987000038
149100;08;1;19;020;2018;01;07;5;3;5;2;2;1;0;0;0;0;1;1;519508,916000000030000;5407315,102599999900000;9,265760556000032;48,818512983000062
149102;08;2;12;000;2018;01;15;2;3;6;1;0;1;0;1;0;0;0;1;455259,621199999990000;5431650,271499999800000;8,387868114000071;49,036108428000034
149103;08;1;17;026;2018;01;17;5;2;6;4;2;0;1;1;0;0;0;1;547883,637699999960000;5394762,406399999700000;9,650816782000049;48,704057274000036
149104;08;2;12;000;2018;01;17;2;3;6;2;2;0;1;1;0;0;0;0;451483,672700000000000;5428199,376699999900000;8,336622264000027;49,004782112000044
149105;08;2;12;000;2018;01;17;2;3;0;7;2;1;0;0;0;0;0;1;457374,396300000020000;5428188,630300000300000;8,417164289000027;49,005120401000056
149108;08;2;12;000;2018;01;09;2;3;6;4;0;0;1;1;0;0;0;1;461588,215099999970000;5427634,879300000100000;8,474831104000032;49,000415927000063
149110;08;2;12;000;2018;01;17;2;3;6;7;1;0;1;1;0;0;0;0;454582,711599999980000;5433239,762199999800000;8,378429127000061;49,050356432000058
149112;08;1;11;000;2018;01;18;5;3;6;2;2;0;1;1;0;0;0;1;509059,003199999980000;5406835,968100000200000;9,123396397000022;48,814443027000038
149113;08;1;11;000;2018;01;19;5;3;6;4;2;0;1;1;0;0;0;1;515961,006200000000000;5405486,358799999600000;9,217358376000050;48,802163168000050
149114;08;1;21;000;2018;01;09;2;2;5;3;0;1;0;0;0;1;0;1;516801,776799999990000;5444153,639499999600000;9,230405504000032;49,149975696000070
149118;08;1;19;020;2018;01;16;2;3;3;5;1;1;1;0;0;0;0;1;519180,897200000010000;5407245,028699999700000;9,261288887000035;48,817892826000048
149121;08;1;19;008;2018;01;17;2;3;6;4;2;0;1;1;0;0;0;1;531265,267899999980000;5421540,773900000400000;9,426995902000044;48,946000309000055
149123;08;1;18;048;2018;01;10;2;3;5;2;0;1;1;0;0;0;0;1;514622,985400000010000;5415615,005800000400000;9,199498837000022;48,893311377000032
149126;08;1;16;071;2018;01;07;2;3;1;5;1;1;0;0;0;1;0;1;527343,540799999960000;5391666,318500000100000;9,371446849000051;48,677443859000050
149127;08;4;15;061;2018;01;19;4;2;6;4;2;0;1;1;0;0;0;1;515807,796299999990000;5370340,591199999700000;9,213930568000023;48,485991834000060
149129;08;3;35;043;2018;01;13;4;3;0;1;0;1;0;0;0;0;0;2;512831,250600000030000;5280131,567599999700000;9,170938402000047;47,674447224000062
149131;08;1;15;045;2018;01;17;2;3;6;4;2;0;1;1;0;0;0;1;497428,373599999990000;5396903,431200000500000;8,965032881000070;48,725150886000051
149133;08;1;15;003;2018;01;18;2;3;6;4;2;0;1;1;0;0;0;1;500205,283300000010000;5391527,566499999700000;9,002788622000026;48,676794420000078
149135;08;3;11;000;2018;01;08;4;3;4;3;1;1;1;0;0;0;0;0;415070,480700000010000;5317706,192499999900000;7,861304030000042;48,007005987000070
149138;08;1;11;000;2018;01;14;2;2;6;4;0;0;1;1;0;0;0;1;507422,884000000020000;5396925,745099999900000;9,100931346000039;48,725312725000038
149139;08;1;11;000;2018;01;17;2;3;6;4;2;0;1;1;0;0;0;1;513053,117299999980000;5403482,109199999800000;9,177695028000073;48,784201013000029
149141;08;1;11;000;2018;01;06;2;3;6;4;2;0;1;1;0;0;0;1;515551,538400000020000;5406489,588700000200000;9,211820255000021;48,811198462000050
149142;08;2;12;000;2018;01;04;4;3;0;1;2;1;0;0;0;0;0;1;456114,804999999990000;5428716,320399999600000;8,399885363000067;49,009778753000035
149144;08;2;12;000;2018;01;16;4;1;6;3;0;0;0;1;0;0;1;1;455373,639000000020000;5433547,445000000300000;8,389219029000060;49,053181834000043
149145;08;2;12;000;2018;01;06;4;3;6;2;2;0;0;1;0;0;1;1;455646,111800000010000;5428755,618200000400000;8,393472229000054;49,010098730000038
149146;08;3;36;050;2018;01;18;1;3;6;4;2;0;1;1;0;0;0;1;399198,074299999980000;5272996,380400000100000;7,658943621000049;47,602534575000050
149149;08;2;31;000;2018;01;09;4;3;0;7;0;0;0;1;0;0;1;1;477779,358899999990000;5415337,139999999700000;8,696864042000073;48,890585896000061
149150;08;3;11;000;2018;01;03;1;3;3;6;2;1;0;0;0;0;0;1;414012,392999999980000;5316809,977000000000000;7,847300277000045;47,998802724000029
149151;08;3;11;000;2018;01;00;1;3;6;7;2;0;1;1;0;0;0;1;412289,653799999970000;5314451,420500000000000;7,824693076000074;47,977352741000061
149153;08;2;12;000;2018;01;11;1;2;0;1;0;1;0;0;0;0;0;1;462649,114100000010000;5427578,286200000000000;8,489340389000063;48,999971963000064
149155;08;2;26;103;2018;01;07;1;3;6;4;0;0;1;1;0;0;0;0;473436,060000000000000;5456684,293999999800000;8,634897726000077;49,262345617000051
149157;08;2;26;041;2018;01;13;4;3;0;7;0;0;0;1;0;0;1;0;476130,110700000020000;5466147,237499999800000;8,671359225000060;49,347575781000046
149160;08;1;28;126;2018;01;02;1;3;6;1;2;0;1;1;0;0;0;1;565225,351999999960000;5483020,992499999700000;9,900746445000038;49,496314896000058
149162;08;2;12;000;2018;01;00;4;3;5;2;2;1;1;0;0;0;0;0;457845,751999999980000;5428671,997999999700000;8,423558778000029;49,009500740000078
149163;08;2;12;000;2018;01;18;4;3;9;7;2;1;0;0;0;0;0;1;460417,515000000010000;5427746,546099999900000;8,458815055000059;49,001346434000027
149175;08;4;21;000;2018;01;23;7;3;0;1;2;1;0;0;0;0;0;2;572539,634399999980000;5361856,863800000400000;9,980154668000068;48,405692129000045
149177;08;4;16;036;2018;01;18;7;3;0;3;2;0;0;1;1;0;0;1;495227,207999999980000;5368934,627000000300000;8,935424544000057;48,473523860000057
149179;08;1;15;050;2018;01;15;4;3;6;4;0;0;1;1;0;0;0;1;490626,998000000020000;5400442,187599999800000;8,872472329000061;48,756920366000031
149181;08;1;15;021;2018;01;09;4;3;5;3;0;1;1;0;0;0;0;1;490210,709900000020000;5382511,215099999700000;8,867232943000033;48,595605136000074
149182;08;1;11;000;2018;01;18;4;3;5;3;2;1;1;0;0;0;0;1;516172,506300000010000;5405376,123399999900000;9,220234239000035;48,801166039000066
149184;08;1;11;000;2018;01;17;4;3;6;4;2;0;1;1;0;0;0;1;511212,319200000030000;5405816,035699999900000;9,152699636000023;48,805232706000027
149190;08;1;11;000;2018;01;17;4;3;6;4;2;0;0;1;0;0;1;1;511747,282100000010000;5402980,123599999600000;9,159904130000030;48,779711224000039
149191;08;4;36;081;2018;01;11;3;3;0;7;0;1;0;0;0;0;1;0;562270,587900000040000;5282656,447599999600000;9,829888368000070;47,694291591000081
149193;08;4;35;016;2018;01;05;3;3;5;2;2;1;1;0;0;0;0;1;535081,343299999950000;5278708,589100000400000;9,467233745000044;47,660819656000058
149194;08;2;26;009;2018;01;17;7;3;5;2;1;1;1;0;0;0;0;1;466054,219400000000000;5471845,737099999600000;8,532152216000043;49,398354623000046
149195;08;2;12;000;2018;01;18;7;3;4;3;2;1;0;0;0;0;0;1;455433,182399999990000;5427735,735299999800000;8,390672592000044;49,000909441000033
149200;08;1;19;067;2018;01;13;7;2;0;7;0;1;0;0;0;0;0;1;538224,683100000020000;5405893,664800000400000;9,520575724000025;48,804856708000045
149201;08;4;25;020;2018;01;17;3;3;6;4;1;0;1;1;0;0;0;1;558230,137800000030000;5362044,703999999900000;9,786852289000024;48,408866417000070
149204;08;1;19;075;2018;01;12;7;3;6;4;0;0;1;1;0;0;0;1;536512,479100000000000;5427798,062599999800000;9,499217171000055;49,001999073000036
149208;08;4;15;061;2018;01;05;3;3;0;7;2;1;0;0;0;0;0;1;515657,964500000000000;5372226,212100000100000;9,211973576000048;48,502959286000078
149212;08;1;15;051;2018;01;09;7;3;6;4;0;1;0;1;0;0;0;2;504385,799100000000000;5385432,859100000000000;9,059513259000028;48,621950075000029
149214;08;1;11;000;2018;01;12;7;3;6;7;0;1;0;1;0;0;0;1;514221,883700000010000;5403915,807699999800000;9,193620626000040;48,788076894000028
149217;08;1;11;000;2018;01;19;7;3;6;2;2;0;1;1;0;0;0;1;516182,474099999990000;5406325,451799999900000;9,220407399000067;48,809705800000074
149220;08;3;26;074;2018;01;17;3;3;6;2;2;0;1;1;0;0;0;1;459709,846000000020000;5323337,343000000300000;8,459235419000038;48,062041419000082
149225;08;4;36;064;2018;01;16;6;3;0;1;0;1;0;0;0;0;0;0;545480,986999999960000;5292639,080500000200000;9,607189917000028;47,785506324000039
149226;08;3;17;096;2018;01;09;3;3;0;7;0;1;0;0;0;0;0;1;424518,021400000030000;5368533,438000000100000;7,978891976000057;48,465402897000047
149228;08;3;17;005;2018;01;06;3;2;6;2;2;0;1;1;0;0;0;1;424194,667800000000000;5376305,929899999900000;7,973107116000051;48,535277229000030
149229;08;4;16;041;2018;01;12;6;2;0;1;0;1;0;0;0;0;0;1;504325,509399999980000;5373571,369599999900000;9,058571793000056;48,515241112000069
149230;08;3;16;011;2018;01;17;3;3;0;1;0;1;0;0;0;0;0;0;414075,328099999980000;5329750,995400000400000;7,845544011000072;48,115219179000064
149232;08;3;35;043;2018;01;20;6;3;5;3;2;1;1;0;0;0;0;1;513405,167800000000000;5279802,014800000000000;9,178573994000033;47,671470375000069
149233;08;3;15;013;2018;01;18;3;2;6;4;2;0;1;1;0;0;0;1;404372,045700000020000;5324434,793300000000000;7,716396832000044;48,066017715000044