OBJECTID_1;ULAND;UREGBEZ;UKREIS;UGEMEINDE;UJAHR;UMONAT;USTUNDE;UWOCHENTAG;UKATEGORIE;UART;UTYP1;ULICHTVERH;IstRad;IstPKW;IstFuss;IstKrad;IstGkfz;IstSonstig;STRZUSTAND;LINREFX;LINREFY;XGCSWGS84;YGCSWGS84
149235;08;3;11;000;2018;01;09;3;3;2;6;0;1;1;0;0;0;0;1;414598,161900000010000;5316656,808500000300000;7,855181610000045;47,997503434000066
149238;08;3;11;000;2018;01;16;3;3;0;1;0;1;0;0;0;0;0;1;415304,741900000020000;5317427,905299999800000;7,864499209000030;48,004533767000055
149239;08;3;26;003;2018;01;18;6;3;5;3;2;1;1;0;0;0;0;1;464953,984500000020000;5319509,235799999900000;8,529931799000053;48,027910347000045
149241;08;2;26;103;2018;01;06;3;3;6;4;2;0;0;1;0;0;1;1;474381,501899999970000;5454809,115799999800000;8,648011837000070;49,245518628000070
149244;08;3;17;096;2018;01;18;6;3;6;4;2;0;1;1;0;0;0;0;421041,187500000000000;5368369,943099999800000;7,931897110000023;48,463505414000053
149245;08;3;17;096;2018;01;12;6;3;5;3;0;1;1;0;0;0;0;0;421720,441999999980000;5369307,997499999600000;7,940908402000048;48,472028032000026
149247;08;3;17;065;2018;01;15;6;2;5;3;0;1;1;0;0;0;0;0;415553,039500000010000;5354496,617800000100000;7,860462841000071;48,338005162000059
149251;08;2;15;017;2018;01;19;3;3;6;7;2;0;1;1;0;0;0;1;453749,045900000030000;5419621,921000000100000;8,368570293000062;48,927800777000073
149252;08;3;11;000;2018;01;08;6;3;5;2;0;1;1;0;0;0;0;0;414162,137200000000000;5317498,859000000200000;7,849169403000076;48,005019594000032
149253;08;2;15;017;2018;01;17;6;2;6;4;2;0;1;1;1;0;0;1;455398,687099999980000;5421823,423999999600000;8,390849328000058;48,947724839000045
149257;08;1;19;020;2018;01;11;3;3;6;2;0;0;1;1;0;0;0;1;519817,105500000010000;5406745,385599999700000;9,269931307000036;48,813378164000028
149258;08;2;26;085;2018;01;14;6;3;0;3;0;1;0;0;0;0;1;0;489097,535900000020000;5457759,746000000300000;8,850122834000047;49,272499173000028
149260;08;2;21;000;2018;01;12;6;3;5;3;0;0;1;1;0;0;0;0;477458,044400000010000;5472828,266699999600000;8,689263287000074;49,407721458000026
149262;08;2;21;000;2018;01;17;6;3;5;2;2;1;1;0;0;0;0;1;477098,738100000020000;5472836,389499999600000;8,684309926000026;49,407781105000026
149264;08;2;16;043;2018;01;18;6;2;6;4;2;0;1;1;0;0;0;1;441822,718600000020000;5411908,562199999600000;8,206862044000047;48,857413489000066
149267;08;2;15;100;2018;01;16;6;3;5;3;0;1;1;0;0;0;0;0;474764,908500000020000;5451364,558199999900000;8,653496352000047;49,214550447000079
149268;08;1;15;021;2018;01;12;3;3;5;3;0;1;1;0;0;0;0;1;490648,586399999970000;5382184,695200000000000;8,873178971000073;48,592674381000052
149269;08;2;12;000;2018;01;16;6;3;6;4;0;0;0;1;0;0;1;0;452378,149399999990000;5427660,472199999700000;8,348915062000060;49,000004315000069
149271;08;1;15;003;2018;01;09;3;3;5;3;0;1;1;0;0;0;0;1;501232,310699999970000;5391180,463200000100000;9,016738993000047;48,673670652000055
149272;08;1;28;007;2018;01;17;6;3;6;2;2;0;1;1;0;0;0;1;554816,413500000020000;5482635,926000000000000;9,756962551000072;49,493881451000050
149276;08;1;11;000;2018;01;08;3;3;5;3;0;1;1;0;0;0;0;1;511906,545500000010000;5400967,356999999800000;9,162013751000075;48,761601468000038
149278;08;4;36;049;2018;01;06;2;3;6;4;2;0;1;1;0;0;0;0;577436,035500000000000;5282253,999400000100000;10,031898341000044;47,689031508000028
149279;08;4;35;059;2018;01;15;2;3;6;2;0;0;1;1;0;0;0;0;512585,858599999980000;5290604,372499999600000;9,167971924000028;47,768682022000064
149280;08;1;15;028;2018;01;13;6;2;6;7;0;0;1;1;0;0;0;0;500918,517100000000000;5404502,183000000200000;9,012506292000069;48,793513839000070
149282;08;1;11;000;2018;01;05;6;3;5;3;2;1;1;0;0;0;0;1;507974,077700000020000;5405795,620199999800000;9,108597999000040;48,805099034000079
149283;08;1;11;000;2018;01;18;6;3;6;2;2;0;1;1;0;0;0;1;515294,239500000030000;5406743,865899999600000;9,208325208000076;48,813492288000077
149285;08;4;15;061;2018;01;06;2;3;4;2;2;1;1;0;0;0;0;0;515925,779700000010000;5372210,222699999800000;9,215598554000053;48,502808707000042
149289;08;3;35;043;2018;01;12;2;3;0;3;0;1;1;0;0;0;0;0;512716,068199999980000;5278533,549399999900000;9,169357426000033;47,660071056000049
149290;08;4;26;014;2018;01;11;5;3;0;4;0;0;1;1;0;0;0;1;549056,195199999960000;5317557,245000000100000;9,657750717000056;48,009426616000042
149291;08;3;26;074;2018;01;17;2;3;6;4;2;0;1;1;0;0;0;0;464817,512099999990000;5322955,523900000400000;8,527818089000050;48,058908453000072
149293;08;4;26;070;2018;01;18;5;2;6;4;2;0;1;1;0;0;0;1;566148,407899999990000;5343112,752299999800000;9,890866787000050;48,237781014000063
149294;08;3;17;100;2018;01;18;2;2;6;4;2;0;1;1;0;0;0;1;423990,113799999990000;5366520,537100000300000;7,972117322000031;48,447233238000081
149295;08;4;21;000;2018;01;18;5;3;5;3;2;1;1;0;0;0;0;1;571272,788300000010000;5362813,881900000400000;9,963202176000038;48,414445297000043
149296;08;4;21;000;2018;01;06;5;3;0;1;2;1;0;0;0;0;0;1;574210,053700000050000;5362529,706500000300000;10,002840801000048;48,411549993000051
149299;08;1;11;000;2018;01;19;7;3;6;4;2;0;1;1;0;0;0;0;513258,522999999990000;5402363,603000000100000;9,180455176000066;48,774134678000053
149301;08;4;21;000;2018;01;09;6;3;5;3;0;1;1;0;0;0;0;0;573560,039400000010000;5361393,900200000000000;9,993859082000029;48,401409412000078
149302;08;4;21;000;2018;01;14;6;3;6;4;0;0;1;1;0;0;0;1;572877,908999999990000;5360962,792100000200000;9,984569496000063;48,397610728000075
149304;08;3;26;074;2018;01;16;6;3;6;4;1;0;1;1;0;0;0;0;460044,798000000010000;5325060,590400000100000;8,463569760000041;48,077565999000058
149307;08;3;17;065;2018;01;08;6;2;6;4;0;0;1;1;0;0;0;1;414766,245899999980000;5354001,007000000200000;7,849948246000054;48,333441562000075
149309;08;3;11;000;2018;01;15;6;3;5;3;0;1;1;0;0;0;0;1;415194,505000000000000;5317427,758399999700000;7,863021605000029;48,004517829000065
149310;08;3;11;000;2018;01;14;6;3;5;3;0;1;1;0;0;0;0;1;413340,633299999990000;5315348,521599999600000;7,838592031000076;47,985565716000053
149311;08;3;11;000;2018;01;19;6;3;6;2;2;0;1;1;0;0;0;1;412891,672000000020000;5318052,093000000300000;7,832027512000025;48,009824218000063
149312;08;3;11;000;2018;01;13;6;3;1;5;0;1;1;0;0;0;0;1;414184,583400000000000;5316065,413099999500000;7,849756967000076;47,992128227000080
149313;08;2;26;098;2018;01;16;6;3;5;3;1;1;1;0;0;0;0;1;477737,761200000010000;5460183,886599999900000;8,693825748000052;49,293996336000077
149314;08;2;26;037;2018;01;07;6;3;5;3;2;1;1;0;0;0;0;1;466207,824900000010000;5469114,245799999700000;8,534501340000077;49,373794185000065
149318;08;4;25;139;2018;01;20;4;3;3;1;2;1;0;0;0;0;1;0;548476,370000000000000;5365627,771900000100000;9,655475795000029;48,441925231000027
149319;08;2;22;000;2018;01;09;6;3;0;1;0;1;0;0;0;0;0;1;468317,576999999990000;5479487,557000000000000;8,562734711000076;49,467212335000056
149321;08;3;36;081;2018;01;11;4;3;5;3;0;1;1;0;0;0;0;0;411755,772999999990000;5277809,063000000100000;7,825000969000030;47,647660211000073
149324;08;2;16;007;2018;01;05;6;3;6;2;2;0;1;1;0;0;0;1;437108,956000000010000;5393547,809100000200000;8,145413903000076;48,691799214000071
149327;08;3;35;043;2018;01;16;4;3;5;7;0;1;1;0;0;0;0;0;513151,369400000030000;5278303,388700000000000;9,175147979000030;47,657991439000057
149328;08;3;17;096;2018;01;12;4;3;6;6;0;1;0;1;0;0;0;0;422644,499300000020000;5369151,438099999900000;7,953437312000062;48,470734144000062
149329;08;3;17;096;2018;01;09;4;3;3;2;0;1;1;0;0;0;0;0;422537,703900000020000;5368899,257100000000000;7,952039413000023;48,468452644000081
149331;08;2;12;000;2018;01;16;6;3;5;3;0;1;1;0;0;0;0;1;456117,097000000010000;5428523,785000000100000;8,399937517000069;49,008047039000076
149333;08;1;18;079;2018;01;17;6;2;6;4;2;0;1;1;0;0;0;1;510753,589500000000000;5421398,298100000200000;9,146862004000070;48,945415456000035
149334;08;1;15;045;2018;01;07;6;2;6;4;2;0;1;1;0;0;0;1;501013,506100000000000;5395361,918999999800000;9,013777138000023;48,711287834000075
149335;08;1;27;014;2018;01;19;6;3;6;6;2;1;0;1;0;0;0;0;579017,784800000020000;5442711,789200000500000;10,083204078000051;49,132154245000038
149337;08;3;11;000;2018;01;13;4;3;5;1;0;1;1;0;0;0;0;0;414050,545800000020000;5317338,367100000400000;7,847705766000047;48,003560916000026
149339;08;3;11;000;2018;01;08;4;3;5;2;0;1;1;0;0;0;0;0;413090,392999999980000;5317210,024000000200000;7,834862077000025;48,002276599000027
149340;08;1;18;073;2018;01;15;6;3;6;2;0;0;1;1;0;0;0;1;497092,878000000030000;5419914,724999999600000;8,960307892000060;48,932156320000047
149341;08;2;12;000;2018;01;14;4;2;6;4;0;0;1;1;0;0;0;0;453208,302099999970000;5428892,511400000200000;8,360122162000039;49,011150050000026
149343;08;2;31;000;2018;01;18;4;2;6;4;2;0;1;1;0;0;0;1;477389,406800000000000;5414687,016900000200000;8,691580330000022;48,884723502000043
149348;08;2;22;000;2018;01;17;4;3;6;4;1;0;1;1;0;0;0;0;461209,576999999990000;5483277,428000000300000;8,464265871000066;49,500887757000044
149349;08;2;22;000;2018;01;17;4;3;5;2;2;1;1;0;0;0;0;1;462213,666700000000000;5478761,676199999600000;8,478564196000036;49,460334253000042
149351;08;2;21;000;2018;01;07;4;2;5;3;2;1;1;0;0;0;0;0;476562,571899999980000;5473379,506600000000000;8,676887024000052;49,412645937000036
149354;08;2;12;000;2018;01;18;4;3;5;3;2;1;1;0;0;0;0;1;455511,456899999990000;5428630,215499999900000;8,391644710000037;49,008961027000055
149355;08;1;11;000;2018;01;15;6;3;0;3;0;1;1;0;0;0;0;0;512456,189300000030000;5401501,543899999900000;9,169508956000072;48,766396229000065
149356;08;3;17;001;2018;01;17;4;2;5;3;1;1;1;0;0;0;0;1;431836,116900000020000;5386464,485000000300000;8,074940733000062;48,627531177000037
149357;08;4;36;011;2018;01;15;5;3;5;3;0;1;1;0;0;0;0;0;548842,897099999940000;5297696,023099999900000;9,652639646000068;47,830756971000028
149359;08;1;25;065;2018;01;22;4;3;6;4;2;0;1;1;0;0;0;1;516503,808200000030000;5449992,362999999900000;9,226559025000029;49,202504672000032
149360;08;4;21;000;2018;01;09;5;3;7;1;0;1;0;0;0;0;0;0;572037,638700000010000;5360045,848899999600000;9,973061985000072;48,389459151000040
149364;08;3;26;075;2018;01;06;5;2;0;1;2;1;0;0;0;0;0;2;460584,852900000000000;5318668,541100000000000;8,471408915000041;48,020092098000077
149366;08;1;18;048;2018;01;17;4;3;6;4;2;1;0;1;0;0;0;1;513182,247500000000000;5417277,874400000100000;9,179896886000051;48,908302418000062
149369;08;1;17;026;2018;01;13;4;3;6;4;0;0;1;1;0;0;0;1;545115,972100000010000;5390906,546699999800000;9,612781016000042;48,669577871000058
149370;08;3;27;050;2018;01;12;5;2;6;4;0;0;1;1;0;0;0;0;486795,018900000020000;5315382,050099999600000;8,823007551000046;47,991602655000065
149371;08;3;17;059;2018;01;17;5;3;0;7;1;1;0;0;0;0;0;0;415306,688399999980000;5348056,321999999700000;7,858432146000041;48,280042296000033
149373;08;3;16;011;2018;01;17;5;3;5;7;1;1;1;0;0;0;0;0;414206,220299999990000;5330265,792299999900000;7,847198665000065;48,119867520000071
149375;08;1;11;000;2018;01;06;4;3;1;5;2;1;1;0;0;0;0;0;519233,301400000000000;5400787,063600000000000;9,261700466000036;48,759796297000037
149376;08;3;11;000;2018;01;18;5;3;0;7;2;1;1;0;0;0;0;0;413920,224500000010000;5315635,827600000400000;7,846300469000028;47,988228411000080
149380;08;4;21;000;2018;01;12;3;3;6;6;0;0;0;1;0;0;1;0;572885,852700000050000;5360910,661899999700000;9,984667747000060;48,397140887000035
149381;08;2;36;040;2018;01;07;5;2;1;7;2;1;0;0;0;0;1;0;488389,647899999980000;5420932,363500000000000;8,841450494000071;48,941208571000061
149384;08;2;22;000;2018;01;14;5;3;5;7;0;1;1;0;0;0;0;0;463007,499200000020000;5486525,654099999900000;8,488791461000062;49,530216088000032
149386;08;2;22;000;2018;01;18;5;3;6;4;2;1;0;1;0;0;0;0;461517,338899999970000;5481593,925099999600000;8,468680107000068;49,485765167000068
149388;08;3;35;043;2018;01;14;3;3;6;6;0;0;1;1;0;0;0;0;508704,149500000000000;5286904,296099999900000;9,116092377000030;47,735454489000062
149391;08;2;15;106;2018;01;10;5;3;6;7;0;0;1;1;0;0;0;0;465604,682500000000000;5451019,064799999800000;8,527750561000062;49,210996962000081
149394;08;1;18;048;2018;01;16;5;2;6;4;0;0;1;1;0;0;0;0;513098,292399999980000;5416346,648199999700000;9,178721290000055;48,899927146000039
149397;08;2;12;000;2018;01;11;3;3;5;2;0;1;0;0;0;0;0;0;456417,348000000000000;5428754,973000000200000;8,404018148000034;49,010147879000044
149398;08;1;26;066;2018;01;09;5;3;6;7;0;0;1;1;0;0;0;0;536963,677900000010000;5449185,690800000000000;9,507343020000064;49,194356308000067
149399;08;1;25;069;2018;01;17;5;2;6;4;2;0;1;1;0;0;0;0;524491,000000000000000;5453916,335099999800000;9,336442507000072;49,237534151000034
149400;08;2;12;000;2018;01;09;3;3;5;2;0;1;0;0;0;0;0;0;455583,328099999980000;5427452,739299999500000;8,392756244000054;48,998374683000065
149403;08;2;37;040;2018;01;15;3;3;6;4;0;0;1;1;0;0;0;0;477479,844099999990000;5366708,235000000300000;8,695426271000031;48,453109312000038
149409;08;1;15;045;2018;01;12;5;3;5;3;0;1;1;0;0;0;0;0;500517,168100000010000;5393919,969600000400000;9,007028340000034;48,698316552000051
149410;08;2;26;084;2018;01;13;3;3;6;7;0;1;0;1;0;0;0;0;469420,262999999980000;5470351,803999999500000;8,578657283000041;49,385095457000034
149412;08;2;22;000;2018;01;08;3;3;4;6;0;0;0;1;0;0;1;0;466088,148600000010000;5481848,592400000400000;8,531763851000051;49,488328421000062
149413;08;4;36;064;2018;01;06;4;3;0;1;2;1;0;0;0;0;0;0;545631,094200000050000;5291369,024100000000000;9,609060314000033;47,774068977000070
149415;08;2;21;000;2018;01;07;3;3;4;6;0;1;0;0;0;0;1;0;476767,228999999990000;5475424,817099999600000;8,679588657000068;49,431050977000041
149416;08;4;35;016;2018;01;06;4;3;5;3;2;1;1;0;0;0;0;0;536426,598600000030000;5280066,499599999700000;9,485263218000057;47,672962946000041
149417;08;2;21;000;2018;01;17;3;3;5;3;1;1;1;0;0;0;0;0;477025,800999999980000;5472488,874800000300000;8,683324621000054;49,404652515000066
149418;08;4;26;021;2018;01;12;4;3;6;4;0;1;0;1;0;0;0;0;558765,276500000040000;5327276,108000000000000;9,789254436000022;48,096040877000064
149420;08;4;26;021;2018;01;12;4;3;6;2;0;0;1;1;0;0;0;0;559784,252499999940000;5329253,845800000200000;9,803215709000028;48,113738076000061
149421;08;4;21;000;2018;01;23;4;3;0;1;2;1;0;0;0;0;0;0;571266,937000000030000;5360759,298000000400000;9,962774199000023;48,395964406000076
149422;08;2;16;009;2018;01;18;3;3;6;6;2;1;0;1;0;0;0;0;447072,072700000020000;5421199,790000000000000;8,277216800000076;48,941458686000033
149424;08;2;16;009;2018;01;07;3;3;1;5;2;1;1;0;0;0;0;1;447284,768999999970000;5420800,672799999800000;8,280172767000067;48,937886790000050
149425;08;2;15;009;2018;01;12;3;3;6;7;0;0;1;1;0;0;0;0;470500,843899999980000;5441410,934899999800000;8,595677559000023;49,124825877000035
149427;08;4;15;061;2018;01;13;4;3;3;2;0;1;1;0;0;0;0;0;515022,334600000000000;5369612,943000000000000;9,203274645000022;48,479464906000032
149428;08;2;15;090;2018;01;12;3;3;1;5;0;1;1;0;0;0;0;0;465669,199000000020000;5433461,600999999800000;8,530131306000044;49,053069334000043
149429;08;2;15;017;2018;01;14;3;3;6;4;0;0;1;1;0;0;0;0;456749,886000000000000;5421288,513000000300000;8,409359324000036;48,943009169000049
149430;08;3;36;081;2018;01;06;4;3;5;3;2;1;1;0;0;0;0;1;411991,032200000020000;5278323,005800000400000;7,828029399000059;47,652315602000044
149431;08;2;12;000;2018;01;16;3;3;6;3;1;0;1;1;0;0;0;0;457040,675800000030000;5428246,630400000100000;8,412595318000058;49,005618981000055
149432;08;3;26;055;2018;01;14;4;3;6;4;0;0;1;1;0;0;0;1;440555,834199999980000;5332576,798800000000000;8,200889327000027;48,143663565000054
149433;08;2;12;000;2018;01;13;3;3;5;1;0;1;0;0;0;0;0;0;455617,481399999990000;5428458,870400000400000;8,393113181000047;49,007427396000026
149434;08;3;27;050;2018;01;21;4;1;6;4;2;0;1;1;0;0;0;0;486507,138500000000000;5314390,960900000300000;8,819180126000049;47,982679654000037
149435;08;3;17;011;2018;01;14;4;2;0;7;0;1;0;0;0;0;0;0;428734,033100000000000;5354238,262600000000000;8,038343967000060;48,337305583000045
149437;08;1;35;019;2018;01;11;3;3;6;7;0;0;1;1;0;0;0;0;584757,130000000000000;5392385,631500000100000;10,151417433000063;48,678759439000032
149438;08;3;16;011;2018;01;07;4;3;6;4;2;0;1;1;0;0;0;1;414339,652400000020000;5328999,616700000100000;7,849245575000055;48,108495998000080
149442;08;3;11;000;2018;01;12;4;3;3;2;0;1;0;0;0;1;0;0;414444,348899999980000;5318386,957200000100000;7,852775053000073;48,013046203000044
149443;08;3;36;091;2018;01;13;4;3;0;4;0;0;0;1;0;0;1;0;396573,974899999970000;5272036,939399999600000;7,624269466000044;47,593490802000076
149444;08;1;18;048;2018;01;18;3;3;6;7;2;0;1;1;0;0;0;0;513935,858799999990000;5415329,668300000000000;9,190114812000047;48,890760392000061
149447;08;1;18;049;2018;01;07;3;3;0;7;0;1;0;0;0;0;0;1;517384,616400000000000;5419452,122999999700000;9,237338410000064;48,927757522000036
149451;08;1;11;000;2018;01;05;3;3;5;3;2;1;1;0;0;0;0;1;519464,543100000010000;5401638,883299999900000;9,264887147000025;48,767451987000072
149452;08;2;21;000;2018;01;12;4;3;5;3;0;1;1;0;0;0;0;0;477246,813700000000000;5468106,612599999600000;8,686621795000065;49,365242900000055
149453;08;1;11;000;2018;01;07;3;3;6;4;1;0;1;1;0;0;0;1;512855,954299999980000;5409014,525100000200000;9,175184304000027;48,833974035000040
149454;08;2;21;000;2018;01;16;4;3;5;3;0;1;1;0;0;0;0;0;477569,654600000010000;5472549,421199999700000;8,690817540000069;49,405217409000045
149455;08;2;12;000;2018;01;15;4;3;4;5;0;1;1;0;0;0;0;0;456402,755899999990000;5428756,099100000200000;8,403818495000053;49,010156978000055
149457;08;2;16;043;2018;01;07;4;2;5;3;1;1;1;0;0;0;0;0;441938,063399999980000;5412310,302000000100000;8,208377410000026;48,861037936000059
149458;08;4;35;016;2018;01;16;2;3;6;6;0;0;0;1;0;0;1;0;538728,418599999980000;5279675,900000000400000;9,515891429000021;47,669314809000070
149459;08;4;15;061;2018;01;14;2;2;1;5;0;1;1;0;0;0;0;0;511555,571899999980000;5370896,793700000300000;9,156399881000027;48,491088215000048
149460;08;1;35;016;2018;01;18;4;1;7;7;2;1;1;0;0;0;0;0;591186,383900000020000;5383960,228000000100000;10,236883288000058;48,602074737000066
149461;08;4;15;061;2018;01;09;2;3;6;4;0;0;0;1;0;0;1;0;515476,004800000000000;5370234,636300000400000;9,209436464000021;48,485046883000052
149462;08;3;35;043;2018;01;07;2;3;5;3;0;1;1;0;0;0;0;0;512734,950499999980000;5279907,945000000300000;9,169648972000061;47,672437047000074
149465;08;1;27;014;2018;01;11;4;2;6;4;0;0;1;1;0;0;0;0;579097,418500000030000;5442534,660400000400000;10,084260775000075;49,130550938000056
149471;08;3;11;000;2018;01;07;2;3;4;6;2;1;0;0;0;0;0;0;414742,498599999990000;5315850,731300000100000;7,857276183000067;47,990271708000080
149472;08;1;15;028;2018;01;19;4;3;0;7;2;1;1;0;0;0;0;0;500677,231199999980000;5403893,885900000100000;9,009220003000053;48,788041941000074
149473;08;3;11;000;2018;01;10;2;3;5;3;0;1;1;0;0;0;0;0;413857,752199999990000;5316238,009800000100000;7,845342503000040;47,993636853000055
149476;08;2;12;000;2018;01;14;2;3;6;4;0;0;0;1;0;0;1;0;456670,375000000000000;5428407,442499999900000;8,407515127000067;49,007039619000068
149477;08;1;11;000;2018;01;12;4;3;6;2;0;0;1;1;0;0;0;0;515788,445899999990000;5399116,757899999600000;9,214763914000059;48,744867230000068
149478;08;2;12;000;2018;01;11;2;3;6;6;0;0;1;1;0;0;0;0;455927,179799999980000;5428617,374900000200000;8,397330545000045;49,008875356000033
149479;08;1;11;000;2018;01;12;4;3;5;3;0;1;1;0;0;0;0;0;519928,859999999990000;5401544,546099999900000;9,271201254000062;48,766588645000070
149481;08;1;25;006;2018;01;16;2;3;5;3;0;1;1;0;0;0;0;1;507157,317199999990000;5453807,207200000100000;9,098321749000036;49,237000591000026
149482;08;4;21;000;2018;01;19;3;3;8;1;2;1;0;0;0;0;0;1;571400,799699999970000;5360965,593500000400000;9,964617422000060;48,397804948000044
149486;08;1;15;003;2018;01;09;2;3;5;3;0;1;1;0;0;0;0;0;500793,678499999980000;5391691,221400000200000;9,010781849000068;48,678266208000082
149488;08;1;16;047;2018;01;09;2;2;6;7;0;0;1;1;0;0;0;0;520715,697300000000000;5391690,257299999700000;9,281413782000072;48,677914328000043
149489;08;1;15;003;2018;01;07;2;3;5;3;1;1;1;0;0;0;0;0;498553,326100000010000;5392086,077800000100000;8,980346053000062;48,681817211000066
149490;08;3;17;065;2018;01;16;3;3;2;6;0;1;1;0;0;0;0;0;416127,911100000030000;5354607,922799999800000;7,868196483000077;48,339082919000077
149491;08;1;11;000;2018;01;14;2;3;6;4;0;0;1;1;0;0;0;0;512081,995400000010000;5402686,338600000400000;9,164451598000028;48,777061944000081
149496;08;1;11;000;2018;01;15;2;3;6;6;0;1;0;1;0;0;0;0;511755,470099999980000;5400993,272199999500000;9,159958799000037;48,761837471000035
149498;08;3;17;096;2018;01;09;1;3;3;6;0;1;1;0;0;0;0;0;420664,286100000030000;5368357,662100000300000;7,926801894000050;48,463347522000049
149502;08;2;35;085;2018;01;15;3;2;6;7;0;0;0;1;0;0;1;0;482682,858100000010000;5393183,788300000100000;8,764691092000021;48,691453710000076
149504;08;2;26;041;2018;01;13;3;3;5;3;0;1;1;0;0;0;0;0;475759,723100000000000;5466197,217400000400000;8,666256776000068;49,348010736000049
149505;08;2;26;060;2018;01;15;3;3;5;2;0;1;1;0;0;0;0;0;477182,614500000030000;5463259,336000000100000;8,686015145000056;49,321639521000066
149508;08;2;15;089;2018;01;07;1;2;5;3;0;1;1;0;0;0;0;0;471731,275000000020000;5428102,297000000300000;8,613471368000035;49,005168390000051
149511;08;1;15;003;2018;01;13;1;3;1;5;0;1;1;0;0;0;0;1;501680,815400000020000;5392042,948400000100000;9,022834727000031;48,681428628000049
149512;08;2;16;043;2018;01;11;3;3;5;3;0;1;1;0;0;0;0;0;441556,852599999980000;5411988,029000000100000;8,203226481000058;48,858103302000075
149515;08;2;12;000;2018;01;11;3;3;5;3;0;1;0;0;0;0;0;0;454459,272100000000000;5428621,557500000100000;8,377258538000035;49,008806395000079
149516;08;1;18;080;2018;01;17;1;3;6;4;0;1;0;1;0;0;0;0;508494,073600000000000;5408782,963399999800000;9,115741601000025;48,831965934000038
149517;08;1;16;049;2018;01;17;1;3;1;7;2;1;1;0;0;0;0;0;522436,641200000010000;5383514,838100000300000;9,304348934000075;48,604308350000053
149518;08;2;11;000;2018;01;13;3;3;5;3;0;1;1;0;0;0;0;0;442209,103000000000000;5402954,998599999600000;8,213390347000029;48,776911824000081
149520;08;1;11;000;2018;01;17;1;3;6;4;1;0;1;1;0;0;0;0;509051,919700000030000;5406839,248499999800000;9,123299983000038;48,814472640000076
149521;08;1;19;093;2018;01;08;3;3;6;4;0;0;1;1;0;0;0;1;523321,264000000020000;5406576,402999999900000;9,317651583000043;48,811736390000078
149522;08;1;11;000;2018;01;12;1;3;6;4;0;0;1;1;0;0;0;0;512659,343400000010000;5402260,417500000400000;9,172296903000074;48,773218908000047
149526;08;4;16;041;2018;01;22;7;3;0;7;2;1;0;0;0;0;0;0;504143,413799999980000;5373523,042899999800000;9,056105555000045;48,514807575000077
149527;08;1;17;006;2018;01;14;3;3;1;1;0;1;1;0;0;0;0;0;551817,157499999970000;5381777,759399999900000;9,702651132000028;48,586939577000066
149530;08;1;11;000;2018;01;08;3;2;6;4;1;0;1;1;0;0;0;1;508332,751700000020000;5406746,660600000100000;9,113502035000067;48,813649791000046
149532;08;4;26;070;2018;01;11;2;3;6;7;0;0;1;1;0;0;0;1;565881,014100000030000;5339862,127600000200000;9,886760797000022;48,208567029000051
149533;08;3;17;096;2018;01;10;7;3;0;7;0;1;0;0;0;0;0;0;422516,686500000010000;5368894,506400000300000;7,951756006000039;48,468407323000065
149535;08;4;26;021;2018;01;11;2;3;6;7;0;0;0;1;0;0;1;0;558597,615600000020000;5327555,630599999800000;9,787041246000058;48,098570956000060
149539;08;2;26;084;2018;01;06;7;3;0;7;2;1;0;0;0;0;0;0;468827,817300000000000;5470430,064899999600000;8,570488376000071;49,385769359000051
149540;08;4;26;045;2018;01;17;2;2;6;4;2;0;1;1;0;0;0;1;535182,796399999990000;5327421,229199999900000;9,472553848000075;48,099085301000059
149541;08;2;21;000;2018;01;12;7;3;5;3;0;1;1;0;0;0;0;0;476975,099200000000000;5472414,136699999700000;8,682630094000047;49,403978341000027
149542;08;4;15;053;2018;01;15;2;2;6;4;0;0;1;1;0;0;0;1;537409,695900000050000;5362086,994800000500000;9,505528127000048;48,410826823000036
149543;08;3;37;126;2018;01;10;2;3;6;4;0;0;0;1;0;0;1;1;440589,276399999970000;5274689,762099999900000;8,209304550000070;47,622885698000061
149544;08;2;12;000;2018;01;20;7;3;6;2;2;0;1;1;0;0;0;0;454316,240800000030000;5429337,641400000100000;8,375222197000028;49,015237043000070
149545;08;3;37;126;2018;01;15;2;2;6;4;0;0;1;1;0;0;0;1;445242,158000000000000;5275959,708999999800000;8,271065360000023;47,634721544000058
149547;08;2;12;000;2018;01;17;7;3;6;4;2;0;1;1;0;0;0;0;462750,091000000010000;5428404,223000000200000;8,490645118000032;49,007407577000038
149548;08;3;37;126;2018;01;07;2;3;6;4;1;0;0;1;0;0;1;1;441168,728500000030000;5274927,955900000400000;8,216983710000022;47,625081604000059
149550;08;2;16;043;2018;01;19;7;2;6;4;2;0;1;1;0;0;0;0;442683,945899999990000;5412515,792000000400000;8,218517077000058;48,862955685000031
149551;08;3;27;050;2018;01;17;2;3;5;3;1;1;1;0;0;0;0;1;486605,807700000000000;5314741,336400000400000;8,820491470000036;47,985834115000046
149553;08;3;27;050;2018;01;08;2;2;6;4;1;0;1;1;0;0;0;1;486758,407200000020000;5315212,573699999600000;8,822522059000050;47,990077092000035
149555;08;3;17;065;2018;01;17;2;3;6;4;2;0;1;1;0;0;0;1;416142,286900000010000;5354747,649600000100000;7,868362616000070;48,340341655000032
149557;08;1;16;077;2018;01;23;7;2;6;6;2;1;0;1;0;0;0;0;515811,348699999970000;5390199,718700000100000;9,214733907000039;48,664648819000035