OBJECTID_1;ULAND;UREGBEZ;UKREIS;UGEMEINDE;UJAHR;UMONAT;USTUNDE;UWOCHENTAG;UKATEGORIE;UART;UTYP1;ULICHTVERH;IstRad;IstPKW;IstFuss;IstKrad;IstGkfz;IstSonstig;STRZUSTAND;LINREFX;LINREFY;XGCSWGS84;YGCSWGS84
149561;08;3;17;001;2018;01;08;2;3;6;2;1;0;1;1;0;0;0;1;431889,372600000000000;5386316,365299999700000;8,075687707000043;48,626204639000036
149562;08;2;22;000;2018;02;18;3;3;3;5;2;1;1;0;0;0;0;0;462446,072300000000000;5481227,350300000000000;8,481537140000057;49,482526197000027
149564;08;2;21;000;2018;02;18;3;3;5;3;2;1;1;0;0;0;0;0;477333,425999999980000;5473907,781800000000000;8,687483833000044;49,417426890000058
149566;08;1;28;007;2018;02;16;3;3;6;2;0;0;1;1;0;0;0;0;555904,902299999960000;5482580,792700000100000;9,771984325000062;49,493286257000079
149568;08;1;21;000;2018;02;13;3;3;3;6;0;1;1;0;0;0;0;0;516311,648099999990000;5443389,897500000000000;9,223653421000051;49,143118809000043
149569;08;1;19;067;2018;02;21;3;3;5;3;2;1;1;0;0;0;0;0;538849,023900000030000;5406120,899299999700000;9,529099648000056;48,806862093000063
149570;08;1;16;078;2018;02;08;3;3;6;4;0;0;1;1;0;0;0;0;510585,601900000010000;5394216,752600000200000;9,143866222000042;48,700896832000069
149576;08;3;26;012;2018;02;19;2;3;6;4;2;0;1;1;0;0;0;1;462547,450599999980000;5311596,810200000200000;8,498344921000069;47,956586810000033
149577;08;4;37;078;2018;02;19;2;3;6;7;2;0;1;1;0;0;0;0;508680,604100000000000;5315858,873900000000000;9,116359946000046;47,995970153000030
149579;08;3;11;000;2018;02;16;2;3;5;3;0;1;1;0;0;0;0;0;414090,076999999990000;5318059,457700000100000;7,848091194000062;48,010052697000049
149580;08;2;12;000;2018;02;16;2;3;5;3;0;1;0;0;0;0;1;1;458442,576100000010000;5428570,183199999900000;8,431730091000077;49,008625381000058
149582;08;2;26;098;2018;02;15;2;3;5;3;0;1;1;0;0;0;0;0;476505,401900000000000;5460301,149299999700000;8,676870398000062;49,295004968000057
149583;08;4;37;076;2018;02;16;2;3;6;2;0;0;1;1;0;0;0;0;525022,795300000000000;5322228,388000000300000;9,335789709000039;48,052845879000074
149584;08;2;22;000;2018;02;10;2;3;0;7;0;1;1;0;0;0;0;1;461767,266999999990000;5479742,010400000000000;8,472309647000031;49,469123941000078
149586;08;4;25;031;2018;02;07;2;3;2;6;1;1;1;0;0;0;0;1;567608,667000000020000;5367310,883000000400000;9,914416526000025;48,455301254000062
149588;08;4;15;078;2018;02;12;2;2;1;7;0;1;0;0;0;1;0;0;529367,491900000020000;5371272,560899999900000;9,397499056000072;48,493888687000037
149589;08;2;15;100;2018;02;09;2;3;5;7;0;1;1;0;0;0;0;0;474879,864100000010000;5452250,237300000200000;8,655019335000077;49,222521953000069
149591;08;2;12;000;2018;02;17;2;3;0;1;0;1;0;0;0;0;0;1;460470,580699999990000;5427747,203300000200000;8,459540489000062;49,001355746000058
149592;08;3;27;049;2018;02;09;2;3;6;3;0;0;1;1;0;0;0;0;472421,633900000020000;5324422,133700000100000;8,629775393000045;48,072477451000054
149598;08;1;17;026;2018;02;12;2;3;6;4;0;0;1;1;0;0;0;0;547800,030200000040000;5395419,721400000200000;9,649756617000037;48,709976562000065
149602;08;3;11;000;2018;02;10;2;3;6;4;0;1;0;1;0;0;0;0;414439,102599999980000;5316735,737400000000000;7,853034111000056;47,998192162000066
149603;08;1;11;000;2018;02;13;2;3;5;3;0;1;1;0;0;0;0;0;518607,887999999980000;5400981,882000000200000;9,253199593000034;48,761567874000036
149604;08;3;11;000;2018;02;16;2;3;0;1;0;1;0;0;0;0;0;0;413756,251500000010000;5319117,675200000400000;7,843403206000062;48,019526746000054
149605;08;1;11;000;2018;02;20;2;2;6;7;2;0;1;1;0;0;0;0;513339,642600000020000;5401946,996199999900000;9,181545737000022;48,770385179000073
149606;08;3;11;000;2018;02;08;2;3;5;3;0;1;1;0;0;0;0;0;414775,541000000030000;5317746,190000000400000;7,857342479000067;48,007326518000070
149607;08;2;15;017;2018;02;07;2;2;6;4;1;0;1;1;0;0;0;1;453866,806999999970000;5419514,331000000200000;8,370190067000067;48,926841775000071
149609;08;2;31;000;2018;02;07;2;3;6;4;0;0;1;1;0;0;0;0;477459,487199999970000;5415376,580099999900000;8,692498213000022;48,890929133000043
149610;08;2;22;000;2018;02;19;2;3;6;7;2;0;1;1;0;0;0;0;462685,301900000020000;5481594,403199999600000;8,484805120000033;49,485842407000064
149611;08;2;22;000;2018;02;16;2;3;0;3;0;1;1;0;0;0;0;0;462560,166499999990000;5481415,943900000300000;8,483094379000022;49,484229549000077
149613;08;2;21;000;2018;02;16;2;3;6;4;0;1;0;1;0;0;0;0;477780,705200000030000;5472940,873100000400000;8,693704738000065;49,408746202000032
149617;08;3;16;043;2018;02;09;1;3;4;6;0;1;0;0;1;0;0;0;412581,519800000010000;5330831,724800000000000;7,825256382000021;48,124737109000080
149619;08;1;18;001;2018;02;07;2;2;4;2;2;1;1;0;0;0;0;1;523835,129000000020000;5418432,989000000100000;9,325341314000070;48,918374983000035
149625;08;1;25;007;2018;02;16;1;3;6;7;0;0;1;1;0;0;0;1;511335,821600000020000;5452918,853799999700000;9,155697549000024;49,228946544000053
149627;08;1;16;071;2018;02;14;1;2;0;1;0;1;0;0;0;0;0;0;527487,144899999960000;5390268,510800000300000;9,373304686000040;48,664862957000025
149628;08;3;16;009;2018;02;14;1;3;1;1;0;1;1;0;0;0;0;0;416827,379900000000000;5325041,468500000400000;7,883429947000025;48,073220898000045
149634;08;2;15;017;2018;02;02;1;3;8;1;2;0;1;1;0;0;0;2;458307,982699999990000;5417452,325400000400000;8,431028371000025;48,908608543000071
149636;08;3;17;031;2018;02;14;7;3;8;1;0;1;0;0;0;0;0;0;418470,530000000030000;5357603,783099999700000;7,899222221000059;48,366337265000027
149639;08;1;18;048;2018;02;20;1;3;5;3;2;1;1;0;0;0;0;1;513699,279700000010000;5416633,431499999900000;9,186931113000071;48,902493970000080
149640;08;1;18;051;2018;02;19;1;3;6;7;2;0;1;1;0;0;0;1;508760,274299999990000;5415476,477599999900000;9,119512166000050;48,892175839000060
149644;08;2;26;032;2018;02;13;7;3;0;7;0;1;0;0;0;0;0;0;467074,705000000020000;5464145,832100000200000;8,546853198000065;49,329151840000065
149645;08;1;11;000;2018;02;19;1;1;6;4;2;0;1;1;0;0;0;1;510865,073700000010000;5402434,151499999700000;9,147881116000065;48,774815728000078
149646;08;2;12;000;2018;02;18;7;3;5;3;1;1;1;0;0;0;0;0;460671,060999999990000;5427254,623900000000000;8,462329092000061;48,996937691000028
149648;08;1;16;072;2018;02;20;7;2;6;7;2;0;0;1;0;0;1;0;530481,925399999950000;5393483,795699999700000;9,414213024000048;48,693648308000036
149649;08;1;15;021;2018;02;11;7;3;0;7;0;1;0;0;0;0;0;0;490779,288100000010000;5379933,639499999600000;8,875001448000035;48,572425260000045
149652;08;3;36;050;2018;02;09;7;3;5;3;0;1;0;0;0;0;1;0;399278,931199999990000;5273672,467500000300000;7,659863672000029;47,608628780000060
149653;08;3;25;069;2018;02;19;7;3;6;7;2;0;1;1;0;0;0;1;468549,514000000020000;5335562,160600000100000;8,576973548000069;48,172522250000043
149655;08;3;17;057;2018;02;15;7;3;6;7;0;0;1;1;0;0;0;0;413676,054899999990000;5379703,940899999800000;7,829941830000053;48,564481472000068
149656;08;3;36;069;2018;02;09;6;3;5;3;0;1;1;0;0;0;0;0;408568,188900000010000;5267673,633800000000000;7,784680789000049;47,556041586000049
149657;08;3;16;011;2018;02;12;7;3;1;7;0;1;1;0;0;0;0;0;416682,974600000020000;5327938,935300000000000;7,880926412000065;48,099265728000034
149658;08;3;36;050;2018;02;18;6;3;6;4;2;0;1;1;0;0;0;0;399772,058299999980000;5273824,698800000400000;7,666388282000071;47,610074610000026
149659;08;3;25;061;2018;02;11;6;3;8;7;0;1;0;0;0;0;0;0;474928,295800000020000;5353736,084800000300000;8,661693046000039;48,336310043000026
149661;08;3;17;116;2018;02;18;6;3;6;6;2;0;1;1;0;0;0;0;434479,646100000010000;5386751,362200000300000;8,110766408000075;48,630394210000077
149662;08;2;12;000;2018;02;18;7;3;5;3;2;1;1;0;0;0;0;1;458960,068299999980000;5428355,771599999600000;8,438827767000021;49,006731345000048
149664;08;3;11;000;2018;02;20;6;3;5;3;2;1;1;0;0;0;0;0;414134,197600000010000;5319687,734199999800000;7,848356473000024;48,024705529000073
149667;08;2;22;000;2018;02;13;7;3;5;3;0;1;1;0;0;0;0;0;464457,875600000030000;5485067,036899999700000;8,508965185000022;49,517183418000059
149668;08;2;22;000;2018;02;23;7;3;6;7;2;1;0;1;0;0;0;0;461037,623199999970000;5482324,618599999700000;8,461985083000059;49,492306747000043
149671;08;3;11;000;2018;02;09;6;3;5;3;0;1;1;0;0;0;0;0;414494,333700000020000;5315363,010200000400000;7,854047803000071;47,985851325000056
149672;08;2;21;000;2018;02;14;7;3;0;2;0;1;1;0;0;0;0;0;475165,625200000010000;5472703,162600000400000;8,657671100000073;49,406506931000081
149673;08;2;15;090;2018;02;06;6;3;5;3;2;1;1;0;0;0;0;0;465022,437600000000000;5434042,231599999600000;8,521229565000056;49,058255855000027
149674;08;2;31;000;2018;02;18;6;3;0;7;2;1;1;0;0;0;0;0;481613,922000000020000;5416111,039300000300000;8,749140083000043;48,897673302000044
149677;08;1;18;021;2018;02;13;7;2;6;2;0;0;1;1;0;0;0;0;521551,294500000020000;5427294,079400000200000;9,294637324000064;48,998169201000053
149678;08;2;21;000;2018;02;15;6;3;6;7;0;0;1;1;0;0;0;0;478146,154700000010000;5472987,558299999700000;8,698739854000053;49,409179363000078
149681;08;2;15;007;2018;02;07;6;3;6;4;2;0;1;1;0;0;0;0;479407,688100000030000;5431305,590699999600000;8,718269611000039;49,034287414000062
149682;08;1;21;000;2018;02;12;7;3;5;3;0;1;1;0;0;0;0;0;516254,006100000000000;5442638,865100000100000;9,222832793000066;49,136364554000068
149684;08;1;19;093;2018;02;13;7;3;5;3;0;1;1;0;0;0;0;0;525157,660599999940000;5404151,910100000000000;9,342515573000071;48,789854576000039
149685;08;1;36;065;2018;02;21;6;3;6;7;2;0;1;1;0;0;0;0;558167,241599999950000;5405604,265700000300000;9,792106705000037;48,800707140000043
149687;08;1;35;019;2018;02;07;7;2;3;3;1;1;1;0;0;0;0;1;585263,125400000020000;5394137,288300000100000;10,158651284000030;48,694445406000057
149691;08;1;19;020;2018;02;16;6;3;5;2;0;1;1;0;0;0;0;0;519959,555700000030000;5407497,555200000300000;9,271908210000049;48,820139974000028
149695;08;1;16;071;2018;02;07;6;3;4;2;1;1;1;0;0;0;0;0;527605,743200000030000;5390971,576799999900000;9,374962263000043;48,671182469000030
149696;08;4;35;029;2018;02;06;6;3;5;3;2;1;1;0;0;0;0;0;545364,484000000050000;5271065,361999999700000;9,603391676000058;47,591411988000061
149697;08;1;15;042;2018;02;07;6;3;3;6;1;1;1;0;0;0;0;0;496227,071200000010000;5406409,279500000200000;8,948611261000053;48,810659163000025
149698;08;4;17;079;2018;02;15;6;3;0;1;0;1;0;0;0;0;0;0;500974,467000000000000;5344555,871600000200000;9,013127973000053;48,254214950000062
149702;08;4;35;016;2018;02;09;6;2;5;3;0;1;1;0;0;0;0;0;536267,794100000060000;5278109,226099999600000;9,482985280000037;47,655361508000055
149705;08;4;15;014;2018;02;06;5;3;5;3;2;1;1;0;0;0;0;1;526225,210100000030000;5374639,769799999900000;9,355179729000042;48,524319833000050
149709;08;3;16;053;2018;02;12;6;2;5;3;0;1;1;0;0;0;0;0;404681,560600000030000;5342153,221500000000000;7,716582608000067;48,225436080000065
149710;08;3;25;069;2018;02;07;5;3;6;4;0;0;1;1;0;0;0;2;469865,553399999980000;5334882,354399999600000;8,594722729000068;48,166470018000041
149711;08;3;16;011;2018;02;17;5;2;5;3;2;1;0;0;0;0;0;0;414129,766000000000000;5330536,633000000400000;7,846117007000032;48,122293470000045
149712;08;3;15;115;2018;02;08;6;2;6;4;0;0;1;1;0;0;0;0;408006,739899999990000;5320338,814000000200000;7,766053478000060;48,029708906000053
149714;08;3;11;000;2018;02;16;6;3;0;7;0;1;0;0;0;0;0;0;414159,320000000010000;5317495,260900000100000;7,849132361000045;48,004986850000080
149715;08;3;11;000;2018;02;15;5;3;5;3;0;1;1;0;0;0;0;0;413310,562900000020000;5316921,031800000000000;7,837871511000060;47,999706915000047
149716;08;2;15;108;2018;02;06;6;2;3;6;2;1;1;0;0;0;0;1;449966,186200000000000;5425254,134999999800000;8,316237408000063;48,978168544000027
149717;08;3;11;000;2018;02;07;5;3;6;4;2;0;1;1;0;0;0;1;413141,116800000020000;5317835,325600000100000;7,835415325000042;48,007908281000027
149719;08;2;12;000;2018;02;09;5;3;5;3;0;1;1;0;0;0;0;0;454046,046800000010000;5428626,112800000200000;8,371607775000030;49,008816737000075
149724;08;2;21;000;2018;02;07;6;3;5;3;1;1;1;0;0;0;0;0;475651,136300000010000;5473095,767000000000000;8,664339420000033;49,410057958000039
149726;08;2;21;000;2018;02;08;6;2;5;3;0;1;1;0;0;0;0;0;477030,868200000030000;5474766,402700000400000;8,683262669000044;49,425138682000068
149728;08;1;36;010;2018;02;06;6;2;0;1;2;1;0;0;0;0;0;2;600726,437299999990000;5411725,531700000200000;10,373033378000059;48,850318907000030
149729;08;1;36;088;2018;02;15;6;3;6;4;0;0;1;1;0;0;0;0;580101,053700000050000;5410067,492999999800000;10,091618398000037;48,838411333000067
149731;08;1;35;019;2018;02;06;6;3;0;1;2;1;0;0;0;0;0;2;585753,459799999950000;5395571,340900000200000;10,165610884000046;48,707276397000044
149732;08;2;22;000;2018;02;09;5;3;0;7;0;1;1;0;0;0;0;0;461940,537000000010000;5482811,225999999800000;8,474405612000055;49,496740831000068
149733;08;1;21;000;2018;02;16;6;3;6;4;0;0;1;1;0;0;0;0;515807,442600000010000;5442703,382899999600000;9,216713248000076;49,136956566000038
149734;08;2;16;043;2018;02;13;5;3;5;3;0;1;0;0;0;1;0;0;443786,326799999980000;5412509,273099999900000;8,233547103000035;48,862997934000077
149735;08;2;15;009;2018;02;06;5;3;5;2;2;1;1;0;0;0;0;2;467941,762400000010000;5442257,066200000200000;8,560535956000024;49,132308797000064
149736;08;1;17;026;2018;02;19;6;3;6;4;2;0;1;1;0;0;0;1;548890,178700000050000;5394752,018100000000000;9,664495136000028;48,703885741000079
149739;08;1;15;028;2018;02;13;6;3;5;3;0;1;1;0;0;0;0;0;501071,277100000010000;5405050,868999999900000;9,014587664000032;48,798449538000057
149742;08;4;25;104;2018;02;09;4;3;6;7;0;0;1;1;0;0;0;0;551204,366000000040000;5342629,286000000300000;9,689563839000073;48,234814846000063
149743;08;1;11;000;2018;02;06;6;3;5;2;2;1;1;0;0;0;0;0;516209,814799999990000;5405049,263899999700000;9,220729393000056;48,798224684000047
149744;08;3;35;043;2018;02;12;4;3;5;3;0;1;1;0;0;0;0;0;513869,188800000000000;5280026,833200000200000;9,184762455000055;47,673483427000065
149747;08;2;31;000;2018;02;06;4;3;6;3;2;0;1;1;0;0;0;0;477439,010000000010000;5415196,628999999700000;8,692228800000066;48,889309609000065
149748;08;4;17;013;2018;02;15;5;3;6;4;0;0;1;1;0;0;0;0;508229,788699999980000;5348845,440299999900000;9,110954740000068;48,292754385000080
149750;08;2;26;084;2018;02;09;4;3;4;6;0;1;1;0;0;0;1;0;468966,656000000020000;5470908,287999999700000;8,572364000000050;49,390077951000080
149751;08;3;35;043;2018;02;06;5;3;5;3;2;1;1;0;0;0;0;1;512011,560699999970000;5280345,304800000000000;9,160024387000021;47,676386108000031
149752;08;1;28;131;2018;02;15;4;3;5;7;0;1;1;0;0;0;0;0;536810,691800000030000;5512538,343799999900000;9,511140039000054;49,764191726000035
149754;08;3;17;151;2018;02;16;5;3;6;2;0;0;1;1;0;0;0;0;412207,710000000020000;5368521,639999999700000;7,812397178000026;48,463698991000058
149755;08;1;21;000;2018;02;11;4;3;6;7;0;0;1;1;0;0;0;0;517237,833999999970000;5443060,998999999800000;9,236338427000021;49,140134967000051
149756;08;3;17;034;2018;02;06;5;3;0;1;2;1;0;0;0;0;0;1;428052,073600000000000;5361266,565700000200000;8,027940473000058;48,400450070000034
149759;08;1;18;048;2018;02;09;4;3;5;7;0;1;1;0;0;0;0;0;515180,005699999980000;5415565,123999999800000;9,207096264000029;48,892849257000080
149763;08;3;15;050;2018;02;04;5;3;5;3;2;1;0;0;1;0;0;1;398683,214299999990000;5303271,845599999700000;7,645047270000021;47,874784921000071
149765;08;1;18;079;2018;02;18;4;3;6;2;2;0;1;1;0;0;0;0;508909,198199999980000;5423208,962600000200000;9,121712794000075;48,961732914000038
149766;08;3;15;074;2018;02;07;5;3;2;6;1;1;1;0;0;0;0;0;397119,731000000030000;5295477,792000000400000;7,625996998000062;47,804429997000057
149767;08;1;17;060;2018;02;10;4;2;5;3;0;1;1;0;0;0;0;0;542201,113499999980000;5388900,893899999600000;9,572987979000061;48,651739412000040
149768;08;3;11;000;2018;02;19;5;3;0;7;2;0;1;1;0;0;0;1;411251,462100000000000;5318169,477699999700000;7,810015699000076;48,010654440000053
149771;08;3;11;000;2018;02;15;5;3;4;6;0;1;0;0;0;0;0;0;413836,306400000000000;5317024,942099999600000;7,844897089000028;48,000712703000033
149773;08;2;31;000;2018;02;00;5;3;6;4;2;0;1;1;0;0;0;1;478498,264199999980000;5416130,320200000000000;8,706629528000065;48,897746442000027
149775;08;1;15;045;2018;02;08;4;3;5;7;0;1;1;0;0;0;0;0;500499,433299999980000;5394893,395200000100000;9,006788501000074;48,707073584000057
149778;08;2;31;000;2018;02;18;5;3;5;3;2;1;1;0;0;0;0;0;475861,330399999980000;5416492,395200000100000;8,670630294000034;48,900906397000028
149781;08;2;26;098;2018;02;14;5;3;6;7;0;0;1;1;0;0;0;0;477792,801500000000000;5459935,682300000500000;8,694596503000071;49,291765734000080
149782;08;2;26;006;2018;02;14;5;3;0;3;0;1;1;0;0;0;0;1;483772,224999999980000;5466612,951999999600000;8,776555888000075;49,352016137000078
149784;08;4;21;000;2018;02;07;3;2;6;4;2;0;1;1;0;0;0;0;572632,002499999940000;5360491,423299999900000;9,981166305000045;48,393399029000079
149785;08;2;22;000;2018;02;06;5;3;5;3;2;1;1;0;0;0;0;1;461036,647400000020000;5485060,751100000000000;8,461701677000065;49,516916635000030
149787;08;2;15;009;2018;02;16;5;2;6;4;0;0;1;1;0;0;0;1;470367,389299999980000;5441500,693000000000000;8,593841853000072;49,125626848000081
149789;08;2;15;103;2018;02;05;5;3;6;4;2;0;1;1;0;0;0;1;467118,722000000010000;5443368,106399999900000;8,549163197000041;49,142259246000037
149790;08;4;16;041;2018;02;21;3;3;0;7;2;1;0;0;0;0;0;0;502890,531499999980000;5375466,570000000300000;9,039153879000025;48,532299266000052
149791;08;2;15;017;2018;02;16;5;3;5;3;0;1;1;0;0;0;0;0;454371,817199999990000;5420421,490000000200000;8,376982509000072;48,935039284000027
149793;08;2;12;000;2018;02;19;5;3;5;3;2;1;1;0;0;0;0;1;455318,065500000030000;5428815,503600000400000;8,388979956000071;49,010613738000075
149795;08;3;36;103;2018;02;12;3;3;3;6;0;1;1;0;0;0;0;0;414480,109400000020000;5284754,258600000300000;7,859908344000075;47,710504318000062
149797;08;3;36;105;2018;02;08;3;2;5;3;0;1;1;0;0;0;0;0;401442,817700000010000;5266418,542100000200000;7,690275707000069;47,543708812000034
149799;08;1;35;019;2018;02;19;5;3;0;3;2;1;1;0;0;0;0;0;584765,384500000040000;5392461,591199999700000;10,151545121000026;48,679441522000047
149801;08;1;35;019;2018;02;08;5;3;6;4;0;0;1;1;0;0;0;0;583826,877600000010000;5392639,894999999600000;10,138834222000071;48,681171974000051
149802;08;1;28;007;2018;02;18;5;3;5;3;2;1;1;0;0;0;0;1;555765,417999999950000;5482440,699300000400000;9,770038618000058;49,492039089000059
149803;08;3;17;145;2018;02;18;3;2;0;1;2;1;0;0;0;0;0;0;442243,618800000000000;5350321,268799999700000;8,221158038000056;48,303448417000027
149805;08;3;16;049;2018;02;10;3;2;0;2;0;0;1;1;0;0;0;0;401485,983000000010000;5339286,633200000000000;7,674233295000022;48,199164441000050
149806;08;1;21;000;2018;02;12;5;2;6;4;0;0;1;1;0;0;0;1;516234,921299999990000;5442945,047399999600000;9,222583486000076;49,139119270000037
149808;08;3;11;000;2018;02;10;3;3;6;1;0;1;0;1;0;0;0;0;415092,419600000020000;5317234,247800000000000;7,861691539000049;48,002763570000070
149810;08;3;11;000;2018;02;07;3;3;1;7;0;1;0;0;0;1;0;0;411950,337000000000000;5314287,767699999700000;7,820180816000061;47,975834024000051
149811;08;1;19;093;2018;02;19;5;3;6;7;2;0;0;1;0;0;1;1;525142,751700000020000;5404188,667600000300000;9,342314845000033;48,790185842000028
149812;08;1;16;078;2018;02;07;5;3;6;4;1;0;1;1;0;0;0;1;510422,637899999970000;5393871,272900000200000;9,141642707000074;48,697791620000032
149813;08;3;11;000;2018;02;16;3;3;3;6;0;1;1;0;0;0;0;0;414071,964900000020000;5317971,227000000000000;7,847866072000045;48,009256596000057
149814;08;2;12;000;2018;02;05;3;3;0;2;2;1;0;0;0;0;1;0;454291,491700000010000;5429156,680599999600000;8,374904127000036;49,013607457000035
149819;08;4;35;035;2018;01;06;4;2;4;2;2;1;1;0;0;0;0;0;542243,898200000050000;5282850,585900000300000;9,563025280000034;47,697658153000077
149822;08;4;35;016;2018;01;13;4;2;5;3;0;1;1;0;0;0;0;0;536958,512899999970000;5280399,863300000300000;9,492377154000053;47,675932155000055
149826;08;1;27;014;2018;02;14;4;2;5;2;0;1;1;0;0;0;0;0;577010,435500000020000;5442995,945600000200000;10,055745854000065;49,134964775000071
149829;08;2;31;000;2018;02;14;6;3;0;3;0;0;1;1;0;0;0;0;478626,534300000000000;5416978,989199999700000;8,708335207000062;48,905385214000034
149833;08;4;16;041;2018;02;01;1;3;6;3;2;0;1;1;0;0;0;1;504340,550200000000000;5373863,137299999600000;9,058778497000048;48,517865858000050
149834;08;3;35;043;2018;02;00;1;3;5;3;2;1;1;0;0;0;0;1;511065,063599999990000;5280800,764200000100000;9,147426239000026;47,680501071000037
149837;08;2;26;076;2018;02;14;1;3;6;1;0;0;1;1;0;0;0;0;475165,123000000020000;5465522,310999999800000;8,658112461000030;49,341916083000058
149838;08;2;21;000;2018;02;13;1;3;5;2;0;1;1;0;0;0;0;0;477593,106600000000000;5472154,758600000300000;8,691163065000069;49,401668340000072
149841;08;2;12;000;2018;02;07;1;3;0;7;2;1;0;0;0;0;0;2;457403,881500000020000;5428121,617300000000000;8,417574459000036;49,004519645000073
149843;08;2;22;000;2018;02;14;3;3;0;1;0;1;0;0;0;0;0;0;463348,820699999980000;5490500,235799999900000;8,493138335000026;49,565985834000060
149844;08;4;26;021;2018;02;06;4;3;5;3;2;1;1;0;0;0;0;1;557803,522000000000000;5327700,875000000000000;9,776396246000047;48,099950153000066
149845;08;2;26;009;2018;02;16;3;3;5;3;0;1;1;0;0;0;0;0;465325,981700000000000;5472562,526399999900000;8,522053286000073;49,404760864000082
149846;08;1;11;000;2018;02;00;1;3;6;7;2;0;1;1;0;0;0;0;512325,038200000010000;5402922,224399999700000;9,167766782000058;48,779179188000057
149847;08;1;11;000;2018;02;06;1;2;6;4;2;0;1;1;0;0;0;1;512360,546299999990000;5402711,353500000200000;9,168243772000039;48,777281505000076
149851;08;4;36;049;2018;02;06;2;3;2;2;2;1;1;0;0;0;0;2;578795,165099999980000;5282283,639999999700000;10,050012092000031;47,689133868000056
149853;08;4;25;020;2018;02;05;2;2;5;2;2;1;1;0;0;0;0;1;558230,295599999950000;5362052,380400000100000;9,786855486000036;48,408935457000041
149856;08;3;11;000;2018;02;18;7;3;6;4;2;0;1;1;0;0;0;1;412402,337300000010000;5317595,729199999900000;7,825561016000052;48,005652208000072
149857;08;3;35;043;2018;02;16;5;3;0;1;0;1;0;0;0;0;0;0;513424,958099999990000;5279253,355100000300000;9,178820762000044;47,666533309000044
149858;08;3;11;000;2018;02;17;7;3;2;6;2;1;1;0;0;0;0;1;414077,645299999970000;5315925,807500000100000;7,848351847000060;47,990858061000040
149860;08;1;36;065;2018;02;10;4;3;6;7;0;0;1;1;0;0;0;0;558377,071000000000000;5405694,067699999500000;9,794976588000054;48,801495244000080
149863;08;3;11;000;2018;02;20;6;3;1;5;2;1;1;0;0;0;0;0;414671,044999999980000;5316988,422100000100000;7,856092464000028;48,000496160000068
149864;08;2;22;000;2018;02;08;7;3;5;3;0;1;1;0;0;0;0;0;463246,968400000010000;5480772,450600000100000;8,492635983000071;49,478483623000045
149867;08;4;37;104;2018;02;11;2;3;1;1;0;0;1;1;0;0;1;1;516636,739799999980000;5325898,714300000100000;9,223398254000074;48,086141610000027
149869;08;2;12;000;2018;02;20;5;3;5;3;2;1;1;0;0;0;0;0;453778,814000000010000;5428698,082000000400000;8,367945567000049;49,009444146000078
149871;08;1;16;019;2018;02;07;4;3;6;3;0;0;1;1;0;0;0;0;521496,168799999980000;5398239,562599999800000;9,292357101000050;48,736805219000075
149872;08;2;26;028;2018;02;10;3;3;5;3;0;1;0;0;0;0;1;0;470886,446500000020000;5483693,340800000400000;8,597878317000038;49,505170413000030
149875;08;2;25;058;2018;02;17;6;2;5;3;1;1;1;0;0;0;0;0;507609,502299999990000;5466057,197599999600000;9,104766766000068;49,347185566000064
149876;08;2;26;098;2018;02;11;7;2;6;4;0;0;1;1;0;0;0;1;476865,457799999970000;5459916,050400000100000;8,681844589000036;49,291554736000080
149878;08;2;22;000;2018;02;13;3;3;4;6;0;1;0;0;0;0;0;0;461617,705499999980000;5481289,946300000000000;8,470095288000039;49,483037394000064
149879;08;1;16;058;2018;02;17;5;3;5;3;0;1;1;0;0;0;0;0;534053,865100000050000;5395188,418800000100000;9,462890452000067;48,708798014000081
149881;08;1;36;065;2018;02;12;7;3;6;2;0;0;1;1;0;0;0;1;558738,282000000010000;5405637,966300000400000;9,799887020000028;48,800956582000026
149883;08;1;25;013;2018;02;08;7;3;6;6;0;0;0;1;0;0;1;0;505910,646499999970000;5437110,948400000100000;9,080950794000046;49,086825141000077
149884;08;2;31;000;2018;02;18;3;3;6;4;2;0;1;1;0;0;0;0;477608,609999999990000;5413835,733000000000000;8,694616950000068;48,877073587000041
149885;08;1;19;085;2018;02;18;7;2;6;2;1;0;1;1;0;0;0;0;529221,624300000020000;5414361,465599999800000;9,398572107000064;48,881518539000069
149887;08;1;18;050;2018;02;20;7;3;6;7;2;0;1;1;0;0;0;1;508248,527699999980000;5417135,509300000000000;9,112564178000071;48,907107108000048
149888;08;2;12;000;2018;02;07;6;2;5;3;0;1;1;0;0;0;0;0;454778,371600000010000;5433754,615000000200000;8,381049231000077;49,055001927000035
149893;08;1;11;000;2018;02;12;7;3;6;2;0;0;1;1;0;0;0;1;512530,967200000010000;5401634,400200000000000;9,170530607000046;48,767589895000071
149897;08;4;35;016;2018;02;22;6;2;0;1;2;1;0;0;0;0;0;0;535278,227700000050000;5278145,764200000100000;9,469810444000075;47,655744975000061
149901;08;4;21;000;2018;02;08;6;3;2;1;0;1;1;0;0;0;0;1;573611,105100000040000;5361146,921500000200000;9,994505605000029;48,399181828000053
149902;08;4;15;061;2018;02;14;6;3;5;3;0;1;1;0;0;0;0;0;515468,606000000030000;5370858,081700000000000;9,209359422000034;48,490655804000028