OBJECTID_1;ULAND;UREGBEZ;UKREIS;UGEMEINDE;UJAHR;UMONAT;USTUNDE;UWOCHENTAG;UKATEGORIE;UART;UTYP1;ULICHTVERH;IstRad;IstPKW;IstFuss;IstKrad;IstGkfz;IstSonstig;STRZUSTAND;LINREFX;LINREFY;XGCSWGS84;YGCSWGS84
149903;08;2;26;084;2018;02;15;4;3;1;5;0;1;1;0;0;0;0;0;469802,507999999970000;5469926,160600000100000;8,583956222000040;49,381285962000049
149904;08;3;35;075;2018;02;16;6;3;6;7;0;0;1;1;0;0;0;0;487732,713600000020000;5289510,456500000300000;8,836310630000071;47,758845632000032
149908;08;1;21;000;2018;02;07;3;3;6;4;1;0;0;1;0;0;1;0;517925,261500000020000;5442641,016900000200000;9,245744599000034;49,136337419000029
149909;08;3;36;091;2018;02;14;3;3;5;3;0;1;1;0;0;0;0;0;396571,757999999970000;5271954,242999999800000;7,624259486000028;47,592746575000035
149910;08;3;36;050;2018;02;09;6;3;6;7;0;0;0;1;0;0;1;0;398838,265900000000000;5274824,731200000300000;7,653736048000042;47,618925110000077
149912;08;3;11;000;2018;02;12;6;3;5;3;0;1;1;0;0;0;0;0;414045,839199999990000;5316686,459499999900000;7,847773287000052;47,997696137000048
149915;08;2;15;017;2018;02;05;6;3;4;2;2;1;1;0;0;0;0;1;459480,007099999990000;5420053,490700000000000;8,446763847000057;48,932084659000054
149918;08;2;26;068;2018;02;19;5;3;5;3;2;1;0;0;0;0;1;0;468285,458199999990000;5460121,666500000300000;8,563835816000051;49,293019130000062
149925;08;2;22;000;2018;02;18;6;3;6;2;2;0;1;1;0;0;0;0;462641,350500000000000;5481038,047700000000000;8,484250884000062;49,480835566000053
149926;08;2;16;043;2018;02;07;6;3;5;3;0;1;1;0;0;0;0;0;441685,522899999980000;5412586,761599999900000;8,204895200000067;48,863500991000080
149929;08;2;35;079;2018;02;16;6;3;6;7;0;0;1;1;0;0;0;0;466973,234899999980000;5400146,727900000300000;8,550673086000074;48,753457022000077
149932;08;1;18;079;2018;02;07;5;3;1;5;0;1;1;0;0;0;0;0;509599,962799999980000;5421919,269399999600000;9,131119223000042;48,950120928000047
149934;08;1;36;019;2018;02;17;6;3;0;1;0;1;0;0;0;0;0;0;583003,920300000000000;5423286,015200000300000;10,133856871000035;48,956917628000042
149936;08;1;35;019;2018;02;10;6;2;6;7;0;0;0;1;0;0;1;0;584039,241400000060000;5390361,043499999700000;10,141255663000038;48,660646643000064
149937;08;1;28;007;2018;02;14;6;3;5;2;0;1;1;0;0;0;0;0;556063,525299999980000;5482808,560600000400000;9,774206834000040;49,495320169000081
149942;08;4;26;120;2018;02;11;2;3;6;7;0;0;0;1;0;0;1;2;561538,930000000050000;5324301,299999999800000;9,826073794000024;48,069017274000032
149947;08;1;15;024;2018;02;11;6;3;5;3;0;1;1;0;0;0;0;0;500884,402500000030000;5387213,490799999800000;9,012004734000072;48,637983739000049
149948;08;1;18;079;2018;02;17;6;3;5;2;0;1;1;0;0;0;0;0;510824,956899999990000;5422295,793100000400000;9,147860520000052;48,953487776000031
149951;08;1;11;000;2018;02;08;6;2;8;1;0;1;0;0;0;0;0;1;512641,161700000000000;5406373,790199999700000;9,172176013000069;48,810222778000082
149952;08;2;22;000;2018;02;13;4;3;5;2;0;1;1;0;0;0;0;0;461424,256100000000000;5482095,369300000400000;8,467346064000026;49,490269479000062
149953;08;1;11;000;2018;02;08;6;2;0;1;0;1;0;0;0;0;0;1;511785,703299999990000;5403517,206100000100000;9,160442517000035;48,784542050000027
149956;08;4;16;036;2018;02;13;5;3;0;7;0;1;0;0;0;0;0;2;495205,560999999990000;5368671,445500000400000;8,935134680000033;48,471155999000075
149962;08;2;12;000;2018;02;17;4;3;6;7;0;0;1;1;0;0;0;0;461827,404099999990000;5424138,615700000000000;8,478429495000057;48,968980940000051
149963;08;3;11;000;2018;02;10;5;3;0;7;0;1;1;0;0;0;0;1;412694,043999999990000;5317731,315000000400000;7,829443538000021;48,006911756000079
149964;08;3;11;000;2018;02;08;5;3;0;7;0;1;0;0;0;0;0;2;410841,173899999990000;5320752,004700000400000;7,803978271000062;48,033827650000035
149965;08;2;12;000;2018;02;12;5;3;5;3;0;1;1;0;0;0;0;1;455039,163999999990000;5429896,451700000100000;8,385046479000039;49,020316687000047
149967;08;2;15;025;2018;02;14;5;3;6;4;0;0;1;1;0;0;0;0;475057,130699999980000;5434296,753600000400000;8,658564992000038;49,061033411000039
149968;08;3;11;000;2018;02;07;2;3;0;1;0;1;0;0;0;0;0;0;414699,550200000000000;5316357,159599999900000;7,856600010000022;47,994821508000030
149971;08;3;11;000;2018;02;12;2;3;1;5;0;1;1;0;0;0;0;0;412137,792100000020000;5317114,194699999900000;7,822113612000067;48,001284360000056
149973;08;1;16;058;2018;02;17;4;3;6;7;0;0;1;1;0;0;0;0;532569,524699999950000;5395855,068199999600000;9,442767236000066;48,714874349000070
149974;08;1;16;019;2018;02;09;3;3;0;7;0;1;0;0;0;0;0;0;522409,787000000010000;5398945,950000000200000;9,304820941000060;48,743127613000070
149975;08;2;12;000;2018;02;13;5;3;6;7;0;1;0;1;0;0;0;1;454906,047900000010000;5428128,213600000400000;8,383422345000042;49,004401535000056
149979;08;1;18;079;2018;02;08;5;3;0;4;0;0;1;1;0;0;0;0;508894,341299999970000;5423504,791600000100000;9,121516293000070;48,964394303000063
149981;08;2;26;049;2018;02;06;2;3;6;4;2;0;1;1;0;0;0;0;486432,276599999980000;5463083,928100000100000;8,813302655000030;49,320337413000061
149982;08;1;17;049;2018;02;05;5;3;5;3;1;1;1;0;0;0;0;0;555991,206299999960000;5391946,626600000100000;9,760620843000027;48,678053355000031
149984;08;1;17;019;2018;02;10;5;2;6;4;0;0;1;1;0;0;0;1;552018,704000000030000;5394240,151999999800000;9,706948996000051;48,699028227000042
149985;08;4;35;029;2018;02;07;4;2;4;2;1;1;1;0;0;0;0;2;545443,966699999990000;5271272,496799999800000;9,604470273000061;47,593270082000060
149987;08;4;16;022;2018;02;20;4;3;0;7;2;1;0;0;0;0;0;0;511072,351000000020000;5374774,566999999800000;9,149962606000031;48,525982748000047
149995;08;3;11;000;2018;02;20;4;3;5;1;2;1;1;0;0;0;0;0;418335,060300000010000;5315573,300900000100000;7,905471503000058;47,988244950000080
149996;08;3;17;096;2018;02;12;4;3;5;3;0;1;1;0;0;0;0;0;422139,505400000020000;5368920,174399999900000;7,946649375000050;48,468591621000030
149998;08;3;11;000;2018;02;18;4;3;6;4;2;0;0;1;1;0;0;0;413549,429300000020000;5316785,134200000200000;7,841100373000074;47,998516816000063
150009;08;2;26;038;2018;02;16;4;3;4;2;0;1;0;0;0;0;1;0;471444,770100000020000;5480234,446300000000000;8,605839665000076;49,474085459000037
150014;08;2;16;015;2018;02;14;4;3;3;6;0;1;1;0;0;0;0;0;450069,215499999990000;5406017,491100000200000;8,319996088000039;48,805140386000062
150017;08;1;21;000;2018;02;10;2;2;0;7;0;1;0;0;0;0;1;0;516549,309699999980000;5442544,494599999900000;9,226877323000053;49,135507775000065
150021;08;1;21;000;2018;02;08;4;3;6;4;0;0;1;1;0;0;0;0;515058,277400000020000;5441024,382199999900000;9,206379889000061;49,121872178000046
150026;08;2;26;041;2018;02;15;5;2;4;6;0;1;1;0;0;0;0;0;482073,402899999990000;5465711,963000000500000;8,753205160000050;49,343864169000028
150027;08;1;21;000;2018;02;08;2;2;5;2;0;1;1;0;0;0;0;0;515885,668100000010000;5444597,820200000000000;9,217860374000054;49,153995624000061
150030;08;2;15;108;2018;02;10;3;3;8;1;0;1;0;0;0;0;0;0;448764,738599999980000;5423946,636099999800000;8,299984366000047;48,966309132000049
150034;08;4;35;035;2018;02;11;3;3;0;1;0;1;0;0;0;0;0;2;541420,544499999960000;5281120,006799999600000;9,551887886000031;47,682141004000073
150036;08;4;15;061;2018;02;17;3;3;6;2;2;0;1;1;0;0;0;0;516208,215099999970000;5370935,294400000000000;9,219372562000046;48,491331794000075
150041;08;1;25;065;2018;02;17;5;3;5;3;0;1;1;0;0;0;0;0;516709,906399999980000;5446949,307300000500000;9,229261740000027;49,175126045000070
150042;08;3;35;075;2018;02;19;3;3;0;7;2;1;0;0;0;0;0;0;487737,771400000030000;5290307,234400000400000;8,836355637000054;47,766014757000050
150043;08;3;35;063;2018;02;14;3;2;0;7;0;1;0;0;0;0;0;0;497794,480500000010000;5287170,139700000200000;8,970582309000065;47,737901390000047
150046;08;1;36;065;2018;02;19;6;3;6;4;2;0;1;1;0;0;0;0;558962,066699999970000;5405781,252600000200000;9,802954742000054;48,802224262000038
150049;08;3;17;089;2018;02;12;4;2;0;7;0;1;0;0;0;0;0;0;430928,009299999980000;5376831,202700000300000;8,064219588000071;48,540779536000059
150050;08;3;15;015;2018;02;15;3;3;5;3;0;1;1;0;0;0;0;0;396482,070400000030000;5319301,230899999800000;7,611763025000073;48,018612282000049
150054;08;2;22;000;2018;02;23;3;3;6;7;2;0;0;1;0;0;1;0;461696,016799999980000;5481563,363500000000000;8,471149915000069;49,485501586000055
150057;08;2;21;000;2018;02;14;3;3;5;3;0;1;1;0;0;0;0;0;476150,648099999990000;5472742,806900000200000;8,671246506000045;49,406902926000043
150059;08;2;12;000;2018;02;11;3;3;0;7;0;1;0;0;0;0;0;0;456379,569299999970000;5425255,461000000100000;8,403877291000072;48,978666618000034
150060;08;2;12;000;2018;02;17;3;3;0;1;0;1;0;0;0;0;0;0;455572,617000000030000;5428759,010700000500000;8,392466894000052;49,010123959000055
150062;08;3;11;000;2018;02;14;5;3;5;1;0;1;0;0;0;0;0;0;413740,012700000020000;5316779,420500000000000;7,843655818000059;47,998491163000040
150063;08;2;31;000;2018;02;14;3;2;6;7;0;0;1;1;0;0;0;1;478614,903200000000000;5416021,332299999900000;8,708226639000031;48,896770061000041
150064;08;1;25;026;2018;02;14;3;3;6;7;0;1;0;1;0;0;0;0;493589,385400000030000;5442915,866999999600000;8,912109572000077;49,139037869000049
150065;08;4;21;000;2018;02;23;5;2;6;4;2;0;1;1;0;0;0;0;572859,106900000010000;5361126,453400000000000;9,984343925000076;48,399085073000037
150066;08;1;19;041;2018;02;16;3;3;1;6;0;1;1;0;0;0;1;1;528029,109900000040000;5411069,434500000400000;9,382081514000049;48,851959734000047
150067;08;1;18;073;2018;02;12;3;3;4;6;0;1;1;0;0;0;0;0;499068,891400000020000;5425202,084300000200000;8,987275106000027;48,979725869000049
150068;08;2;12;000;2018;02;20;4;2;5;3;2;1;1;0;0;0;0;0;454736,084399999990000;5432696,019500000400000;8,380588783000064;49,045476743000052
150070;08;1;17;060;2018;02;15;3;3;6;4;0;0;1;1;0;0;0;0;541939,122399999990000;5388964,055599999600000;9,569437362000031;48,652325236000081
150073;08;4;16;041;2018;02;16;3;2;3;6;0;1;0;0;0;0;0;0;503564,731700000000000;5373811,899600000100000;9,048272150000059;48,517409789000055
150078;08;2;22;000;2018;03;13;6;3;6;7;0;1;0;1;0;0;0;0;461785,776499999980000;5482901,956000000200000;8,472259717000043;49,497547168000040
150080;08;2;22;000;2018;03;14;6;2;6;4;0;0;1;1;0;0;0;0;464385,830100000020000;5484524,576899999800000;8,508018817000050;49,512300045000075
150084;08;1;19;086;2018;03;18;2;2;0;7;2;1;0;0;0;0;0;0;534902,887899999970000;5405630,707899999800000;9,475316087000067;48,802686671000060
150085;08;2;15;009;2018;03;13;6;3;5;3;0;1;1;0;0;0;0;0;473928,200699999990000;5438904,825199999800000;8,642814593000026;49,102437711000050
150086;08;3;11;000;2018;03;16;2;3;5;3;0;1;1;0;0;0;0;0;415435,965399999990000;5315794,236399999800000;7,866580099000032;47,989855590000047
150087;08;2;12;000;2018;03;08;6;3;5;3;0;1;0;0;0;0;0;0;457810,897000000000000;5428849,154000000100000;8,423063764000062;49,011091902000032
150088;08;1;19;067;2018;03;16;6;3;0;1;0;1;0;0;0;0;0;0;539133,910299999990000;5404935,853299999600000;9,532866510000076;48,796184093000079
150089;08;1;18;080;2018;03;17;2;3;0;4;0;0;0;1;0;0;1;0;506745,027500000030000;5411153,172100000100000;9,091947879000031;48,853309443000057
150092;08;1;18;079;2018;03;12;2;3;0;7;0;1;0;0;0;0;0;0;510854,268999999970000;5421296,052299999600000;9,148234257000070;48,944493928000043
150103;08;4;15;050;2018;03;12;5;2;5;3;0;1;1;0;0;0;0;0;520602,560500000020000;5377182,899299999700000;9,279156497000031;48,547408182000026
150105;08;3;36;105;2018;03;18;5;3;6;3;1;0;1;1;0;0;0;1;399514,064599999980000;5267352,894200000000000;7,664438122000036;47,551818204000028
150106;08;1;21;000;2018;03;13;3;3;4;6;0;1;1;0;0;0;0;0;515826,839700000010000;5443206,419200000400000;9,216998926000031;49,141481046000081
150108;08;2;22;000;2018;03;15;2;3;6;3;0;0;1;1;0;0;0;0;461801,693199999980000;5481413,896599999600000;8,472623329000044;49,484163870000032
150109;08;3;11;000;2018;03;06;5;3;5;3;1;1;1;0;0;0;0;0;414073,864000000000000;5317974,828999999900000;7,847890808000045;48,009289252000031
150110;08;3;11;000;2018;03;07;5;3;2;2;0;1;1;0;0;0;0;0;412892,611099999980000;5318053,015499999700000;7,832039914000063;48,009832644000028
150112;08;2;12;000;2018;03;19;5;2;6;4;2;0;1;1;0;0;0;0;458707,750500000020000;5431874,235299999800000;8,435019639000075;49,038363600000025
150116;08;1;11;000;2018;03;15;3;3;6;4;0;0;1;1;0;0;0;0;518552,988000000010000;5402864,019600000200000;9,252537464000056;48,778501015000074
150122;08;1;36;065;2018;03;14;2;3;6;7;0;0;1;1;0;0;0;0;562572,597100000010000;5407772,380500000000000;9,852421566000032;48,819781322000040
150125;08;4;17;054;2018;03;09;1;3;6;4;0;0;1;1;0;0;0;0;480212,189699999990000;5347703,834499999900000;8,733273718000021;48,282227876000036
150127;08;3;35;063;2018;03;07;1;2;0;1;1;1;0;0;0;0;0;1;495746,542800000000000;5288676,673999999600000;8,943251757000041;47,751446308000027
150131;08;3;35;043;2018;03;05;1;2;0;1;2;1;0;0;0;0;0;2;512943,927800000000000;5280338,894799999900000;9,172445631000073;47,676310437000041
150133;08;4;37;104;2018;02;08;4;3;6;4;0;0;1;1;0;0;0;0;516323,612499999990000;5325921,041100000000000;9,219194464000054;48,086350581000033
150137;08;4;25;033;2018;02;19;4;2;6;4;2;0;1;1;0;0;0;0;552906,959400000050000;5348840,294599999700000;9,713267644000041;48,290549769000052
150140;08;3;17;096;2018;03;09;2;2;0;1;0;1;0;0;0;0;0;2;423219,537200000020000;5369554,663200000300000;7,961141767000072;48,474431613000036
150144;08;3;26;003;2018;02;15;4;2;6;4;0;0;1;1;0;0;0;0;465242,611700000010000;5320331,099899999800000;8,533736291000025;48,035320300000080
150145;08;3;17;096;2018;02;12;4;3;5;3;0;1;1;0;0;0;0;0;422323,029500000000000;5368028,327600000400000;7,949297394000041;48,460592205000069
150146;08;3;16;011;2018;03;21;1;3;5;3;2;1;1;0;0;0;0;1;414638,074000000020000;5329435,026999999800000;7,853166562000070;48,112452675000043
150147;08;3;17;096;2018;02;12;4;3;6;4;0;0;0;1;0;0;1;0;420769,696799999980000;5368419,315299999900000;7,928215879000049;48,463915372000031
150148;08;2;26;006;2018;03;04;2;2;0;7;2;1;0;0;0;0;0;0;483606,495100000000000;5468311,424300000100000;8,774203997000029;49,367289433000053
150152;08;3;36;050;2018;02;08;4;3;2;6;0;1;1;0;0;0;0;0;398774,178699999990000;5274312,425499999900000;7,653001798000048;47,614306755000030
150155;08;3;11;000;2018;03;15;1;2;0;1;0;1;0;0;0;0;0;0;414578,478000000000000;5318503,335699999700000;7,854550044000064;48,014111015000026
150156;08;2;26;009;2018;02;10;4;3;0;7;0;1;0;0;0;0;0;0;466385,848999999990000;5472887,436999999900000;8,536634486000025;49,407742795000047
150161;08;2;12;000;2018;03;07;2;3;0;1;1;1;0;0;0;0;0;2;455984,104999999980000;5425646,479000000300000;8,398430803000053;48,982155833000036
150165;08;2;16;043;2018;02;13;4;3;6;6;0;0;1;1;0;0;0;0;442003,154800000020000;5413164,089300000100000;8,209143774000040;48,868723817000046
150166;08;1;18;011;2018;03;14;1;2;6;6;0;1;0;1;0;0;0;0;504740,293300000020000;5408686,575100000000000;9,064590925000061;48,831138841000040
150168;08;4;16;041;2018;03;12;2;3;5;3;0;1;1;0;0;0;0;0;503495,708400000000000;5374172,798399999700000;9,047340490000067;48,520656956000039
150172;08;1;19;020;2018;03;07;3;3;5;3;0;1;1;0;0;0;0;0;520026,981000000030000;5405688,368099999600000;9,272738441000058;48,803862702000060
150173;08;1;19;085;2018;02;13;4;3;5;3;0;1;1;0;0;0;0;0;529463,469700000020000;5413575,729100000100000;9,401814086000059;48,874438930000053
150177;08;1;11;000;2018;03;08;1;2;0;1;0;1;0;0;0;0;0;2;511257,978000000000000;5406445,377999999600000;9,153338718000043;48,810893372000066
150178;08;1;16;019;2018;02;13;4;2;6;7;0;0;0;1;0;1;0;0;522025,879699999990000;5397942,532800000200000;9,299545419000026;48,734114663000071
150181;08;4;36;064;2018;03;09;7;3;0;1;0;1;0;0;0;0;0;0;546205,344700000020000;5292657,424800000200000;9,616861769000025;47,785619807000046
150183;08;1;11;000;2018;02;13;4;3;6;2;0;0;1;1;0;0;0;0;514319,727699999990000;5402353,120400000400000;9,194898258000023;48,774016858000039
150186;08;4;16;036;2018;02;18;3;3;5;3;1;1;0;0;1;0;0;0;494920,655000000030000;5369075,961000000100000;8,931275194000023;48,474792960000059
150188;08;4;16;036;2018;02;15;3;3;6;2;0;0;1;1;0;0;0;0;494893,719400000000000;5368946,110000000300000;8,930912335000073;48,473624546000053
150189;08;3;11;000;2018;03;18;2;3;5;3;2;1;1;0;0;0;0;0;414300,021599999980000;5317798,910400000400000;7,850957683000047;48,007737169000052
150192;08;3;37;097;2018;03;15;7;3;6;1;0;0;1;1;0;0;0;0;434429,845900000010000;5290318,735399999700000;8,124989102000029;47,762899430000061
150196;08;3;11;000;2018;02;08;3;3;5;3;0;1;1;0;0;0;0;0;415070,815200000010000;5315660,139200000100000;7,861713483000074;47,988600938000047
150198;08;3;11;000;2018;02;13;3;3;0;1;0;1;0;0;0;0;0;0;415381,153600000020000;5315790,559200000000000;7,865846325000064;47,989815262000036
150199;08;2;35;006;2018;03;07;2;3;6;4;1;0;1;1;0;0;0;0;473679,838300000000000;5385767,179100000300000;8,642829913000071;48,624419252000052
150201;08;2;12;000;2018;02;18;3;3;6;4;1;0;1;1;0;0;0;0;460695,220800000010000;5427132,466400000300000;8,462671188000059;48,995840396000062
150202;08;3;35;066;2018;03;13;7;3;6;6;0;1;0;1;0;0;0;1;506138,781000000020000;5281851,885999999900000;9,081805411000062;47,690024280000046
150208;08;2;16;015;2018;03;08;2;3;6;4;0;1;1;1;0;0;0;0;449659,943700000000000;5406419,932000000000000;8,314373307000039;48,808727438000062
150211;08;2;22;000;2018;03;13;2;3;6;7;0;1;0;1;0;0;0;0;462326,048699999980000;5481243,792600000300000;8,479878620000022;49,482666648000077
150213;08;2;16;043;2018;02;07;3;3;5;3;0;1;1;0;0;0;0;0;441117,823099999980000;5413359,579199999600000;8,197044312000060;48,870398806000026
150215;08;1;26;066;2018;02;11;3;3;1;3;0;1;1;0;0;0;0;0;536846,212599999970000;5449462,367100000400000;9,505756196000050;49,196852071000080
150216;08;1;21;000;2018;02;16;3;2;6;4;0;0;1;1;0;0;0;0;516282,331999999990000;5443622,047299999700000;9,223260844000038;49,145207849000030
150223;08;3;11;000;2018;03;23;7;3;0;1;2;1;0;0;0;0;0;1;412153,961100000010000;5317182,443300000400000;7,822316352000030;48,001900497000065
150224;08;1;11;000;2018;02;07;3;3;6;6;0;1;0;1;0;0;0;0;515518,967100000010000;5394169,658300000200000;9,210912164000035;48,700369942000066
150227;08;2;11;000;2018;03;19;7;3;6;2;2;0;1;1;0;0;0;1;443589,552000000030000;5401937,174999999800000;8,232317881000029;48,767883033000032
150230;08;1;11;000;2018;02;19;3;2;0;1;2;1;0;0;0;0;0;0;512218,158999999990000;5397300,176000000000000;9,166145112000038;48,728605548000075
150231;08;2;15;009;2018;03;18;7;3;6;4;1;0;1;1;0;0;0;1;470147,126500000010000;5441357,985899999700000;8,590833472000043;49,124332511000034
150233;08;4;21;000;2018;02;12;2;3;0;7;0;1;1;0;0;0;0;0;572977,786199999970000;5361158,903800000400000;9,985952705000045;48,399363244000028
150235;08;4;17;079;2018;02;11;2;3;6;7;0;0;1;1;0;0;0;0;501745,950100000020000;5340035,196700000200000;9,023502723000036;48,213541601000031
150236;08;3;11;000;2018;03;08;2;3;0;1;0;1;0;0;0;0;0;2;415462,533999999990000;5315580,577100000300000;7,866978202000041;47,987937143000067
150238;08;3;17;047;2018;02;13;2;3;6;4;0;0;1;1;0;0;0;0;418850,451599999970000;5363922,126400000400000;7,903129719000049;48,423219205000066
150242;08;3;17;021;2018;03;16;2;3;6;7;0;0;1;1;0;0;0;0;427304,121800000020000;5371669,061999999900000;8,016030607000062;48,493936360000077
150243;08;2;12;000;2018;02;12;2;3;5;2;0;1;0;0;0;0;1;0;456522,061600000020000;5428060,730100000300000;8,405524345000060;49,003910467000026
150245;08;1;17;026;2018;03;09;7;3;1;1;0;0;1;1;1;0;0;0;547771,687299999990000;5394810,779600000000000;9,649300893000032;48,704501000000050
150254;08;2;11;000;2018;02;21;2;2;6;2;2;0;1;1;0;0;0;0;443397,943800000010000;5400330,829199999600000;8,229931483000030;48,753416269000070
150258;08;1;26;046;2018;02;13;2;3;6;4;0;0;1;1;0;0;0;0;550422,904400000000000;5458977,672199999900000;9,693296390000057;49,281471961000079
150262;08;2;12;000;2018;03;13;2;3;3;6;0;1;0;0;0;0;0;0;456363,781800000000000;5425480,361100000300000;8,403637413000070;48,980688516000043
150267;08;1;15;045;2018;02;12;2;3;0;3;0;1;1;0;0;0;0;0;500640,128399999990000;5393572,661899999700000;9,008698838000044;48,695192026000029
150269;08;1;11;000;2018;02;19;2;2;5;2;2;1;1;0;0;0;0;0;507433,146100000010000;5397841,547700000000000;9,101087396000025;48,733551188000035
150270;08;4;21;000;2018;03;12;2;2;5;2;0;1;1;0;0;0;0;0;573752,535500000000000;5361516,136699999700000;9,996480938000047;48,402486461000080
150273;08;3;11;000;2018;02;03;1;3;5;2;2;1;1;0;0;0;0;0;413656,470099999980000;5316682,647099999700000;7,842555611000023;47,997609375000081
150277;08;4;36;082;2018;03;17;6;2;5;3;0;1;1;0;0;0;0;1;547837,562000000030000;5294757,328400000000000;9,638882770000066;47,804393365000067
150279;08;3;35;063;2018;03;09;6;3;6;1;0;0;1;1;0;0;0;0;495260,974300000000000;5288933,068500000100000;8,936770669000055;47,753749850000077
150281;08;3;35;100;2018;03;10;2;3;5;5;0;1;1;0;0;0;0;1;487829,778899999980000;5286507,657599999600000;8,837689835000049;47,731829632000029
150297;08;3;11;000;2018;02;16;7;3;4;1;0;1;0;0;0;0;0;0;412595,805500000020000;5317493,286899999700000;7,828175195000029;48,004757196000071
150298;08;3;11;000;2018;03;13;6;3;0;7;0;1;0;0;0;0;0;1;411331,096200000030000;5314589,196000000500000;7,811822938000034;47,978459939000061
150302;08;2;22;000;2018;02;10;7;1;6;4;0;0;0;1;0;0;1;0;461716,929000000000000;5483230,302000000100000;8,471277155000053;49,500496120000037
150303;08;2;12;000;2018;03;15;2;3;5;3;0;1;1;0;0;0;0;0;459560,488900000000000;5431641,879400000000000;8,446709821000070;49,036330056000054
150304;08;1;27;014;2018;02;15;7;3;4;6;0;1;1;0;0;0;0;0;576207,088400000010000;5443854,929999999700000;10,044897007000031;49,142790565000041
150305;08;1;18;046;2018;02;09;7;2;0;7;0;1;0;0;0;0;0;0;514455,238799999990000;5412302,717000000200000;9,197093214000063;48,863518779000060
150307;08;1;15;028;2018;02;12;7;3;5;3;0;1;1;0;0;0;0;0;500089,117800000010000;5405001,957800000000000;9,001213513000039;48,798010453000074
150309;08;3;11;000;2018;03;01;6;3;0;1;2;1;0;0;0;0;0;2;413377,349300000000000;5316554,620500000200000;7,838840605000030;47,996419974000048
150311;08;2;15;108;2018;03;15;3;2;5;3;0;1;1;0;0;0;0;0;450190,771400000030000;5425432,083999999800000;8,319284567000068;48,979787347000070
150312;08;2;12;000;2018;03;08;2;3;1;5;0;1;1;0;0;0;0;0;455569,847000000010000;5427848,703900000100000;8,392528632000051;49,001935458000048
150313;08;1;11;000;2018;02;12;7;3;6;6;0;1;0;1;0;0;0;0;515816,277799999980000;5405702,461799999700000;9,215395792000038;48,804110901000058
150316;08;1;11;000;2018;02;20;7;3;6;4;2;0;1;1;0;0;0;0;512661,128700000000000;5401884,476099999600000;9,172309629000040;48,769836928000075
150317;08;2;36;070;2018;03;15;6;3;6;7;0;0;1;1;0;0;0;0;467696,906900000000000;5418296,203999999900000;8,559087829000021;48,916760582000052
150321;08;4;16;011;2018;02;06;6;3;0;7;2;1;0;0;0;0;0;2;504806,647699999970000;5366781,935700000300000;9,065008784000042;48,454157018000046
150323;08;3;25;049;2018;02;20;6;2;6;4;2;0;1;1;0;0;0;0;472229,415299999990000;5335534,504099999600000;8,626470901000062;48,172444922000068
150324;08;2;26;059;2018;03;13;6;3;6;4;0;0;1;1;0;0;0;0;464957,422000000020000;5459312,580199999700000;8,518138509000039;49,285559709000040
150326;08;2;22;000;2018;03;16;6;3;5;3;0;1;1;0;0;0;0;0;465982,861500000000000;5484208,142300000400000;8,530106989000046;49,509545577000040
150331;08;2;15;066;2018;03;09;4;3;6;7;0;0;1;1;0;0;0;0;460708,971699999990000;5454229,594499999700000;8,460220660000061;49,239580871000044
150335;08;3;36;006;2018;03;07;7;3;0;7;0;1;0;0;0;0;0;1;391896,953800000020000;5287207,111200000200000;7,558324844000026;47,729181742000037
150337;08;3;35;079;2018;03;19;7;2;6;4;2;0;1;1;0;0;0;1;501024,885699999980000;5299985,985100000200000;9,013700424000035;47,853215030000058
150338;08;1;35;031;2018;03;09;4;2;6;7;0;0;1;1;0;0;0;0;595152,424400000020000;5379144,932300000500000;10,289563816000054;48,558175712000036
150339;08;3;35;075;2018;03;11;7;2;6;2;0;0;1;1;0;0;0;1;487869,783899999980000;5289661,245600000000000;8,838135421000061;47,760204955000063
150341;08;1;35;019;2018;03;07;4;2;0;7;0;1;0;0;0;0;0;1;583611,070900000050000;5392224,905100000100000;10,135819040000058;48,677468352000062
150343;08;3;15;037;2018;03;18;7;3;6;6;1;0;1;1;0;0;0;1;432316,426500000000000;5301440,116399999700000;8,095053074000020;47,862732923000067
150344;08;1;19;067;2018;03;17;4;3;6;7;0;0;1;1;0;0;0;0;541398,129900000060000;5402044,765800000200000;9,563404538000043;48,770030608000070
150346;08;3;11;000;2018;03;03;7;3;0;1;2;1;0;0;0;0;0;0;414613,810000000000000;5317764,434999999600000;7,855170866000037;48,007469051000044
150355;08;2;12;000;2018;03;20;7;3;0;7;2;1;0;0;0;0;0;1;456881,465499999990000;5427799,209800000300000;8,410465984000041;49,001583270000026
150357;08;1;15;042;2018;03;11;4;3;4;6;0;1;1;0;0;0;0;0;497130,261000000000000;5404157,105999999700000;8,960928789000036;48,790403602000026
150360;08;1;19;067;2018;03;11;7;3;6;6;0;0;1;1;0;0;0;1;539409,633700000010000;5405695,753100000300000;9,536693647000050;48,803002382000045
150361;08;2;22;000;2018;03;15;4;3;0;4;0;0;1;1;0;0;0;0;461366,206899999990000;5481999,856999999800000;8,466553892000036;49,489406704000032
150363;08;1;16;080;2018;03;12;7;3;0;5;0;1;1;0;0;0;0;1;522155,820499999970000;5395646,923999999600000;9,301189213000043;48,713458931000048
150365;08;4;26;021;2018;03;19;3;3;0;1;2;0;1;1;0;0;0;0;558676,113299999970000;5327123,275799999900000;9,788036025000054;48,094674188000056