OBJECTID_1;ULAND;UREGBEZ;UKREIS;UGEMEINDE;UJAHR;UMONAT;USTUNDE;UWOCHENTAG;UKATEGORIE;UART;UTYP1;ULICHTVERH;IstRad;IstPKW;IstFuss;IstKrad;IstGkfz;IstSonstig;STRZUSTAND;LINREFX;LINREFY;XGCSWGS84;YGCSWGS84
150366;08;1;11;000;2018;03;15;7;3;5;3;0;1;0;0;0;0;1;1;518212,239400000020000;5401759,539400000100000;9,247850435000032;48,768575305000070
150367;08;1;11;000;2018;03;14;7;3;0;7;0;1;0;0;0;0;0;1;510668,122800000010000;5406391,733300000400000;9,145303259000059;48,810421197000039
150374;08;4;21;000;2018;03;14;6;3;0;1;0;1;1;0;0;0;0;0;573163,597300000020000;5361276,796199999700000;9,988483230000043;48,400402175000067
150377;08;4;16;041;2018;03;16;6;3;0;1;0;1;0;0;0;0;0;0;504760,055899999980000;5373972,997899999800000;9,064460574000066;48,518851164000068
150378;08;4;15;060;2018;03;17;6;3;4;2;0;1;0;0;0;0;1;0;513864,556999999970000;5378900,280899999700000;9,187917076000076;48,563043364000066
150380;08;3;37;096;2018;03;15;6;3;6;4;0;0;1;1;0;0;0;0;419310,889199999980000;5266848,988400000100000;7,927597535000075;47,550046882000061
150383;08;2;26;091;2018;03;19;3;3;0;7;2;0;1;1;0;0;0;1;493784,316400000010000;5460623,273900000400000;8,914507807000064;49,298322673000030
150386;08;3;11;000;2018;03;23;6;3;6;7;2;0;1;1;0;0;0;0;413631,231099999980000;5316398,605999999700000;7,842274519000057;47,995050915000036
150388;08;2;22;000;2018;03;13;3;3;3;6;0;1;1;0;0;0;0;0;461986,353400000020000;5481099,696300000000000;8,475202892000027;49,481349395000052
150389;08;3;11;000;2018;03;22;6;3;5;2;2;1;1;0;0;0;0;0;414142,337999999990000;5316075,924200000200000;7,849188739000056;47,992217108000034
150390;08;2;22;000;2018;03;15;3;3;6;2;0;0;1;1;0;0;0;1;461657,643400000000000;5482068,104100000100000;8,470571175000032;49,490039036000042
150391;08;3;36;091;2018;03;19;6;3;6;4;2;0;1;1;0;0;0;0;396798,583500000010000;5271622,136599999900000;7,627353822000032;47,589795338000044
150393;08;2;26;085;2018;03;13;6;3;6;7;0;0;0;1;0;0;1;0;491411,014199999980000;5454936,089499999800000;8,881986928000060;49,247136721000061
150394;08;2;21;000;2018;03;12;3;3;6;7;0;0;1;1;0;0;0;0;477436,497399999990000;5469855,720999999900000;8,689135056000055;49,380983007000054
150396;08;2;22;000;2018;03;17;6;2;6;7;1;0;1;1;0;0;0;1;461279,328299999990000;5481717,598000000200000;8,465381995000030;49,486862399000074
150397;08;2;21;000;2018;03;15;3;3;5;3;0;1;1;0;0;0;0;0;476858,580900000000000;5472292,340099999700000;8,681031155000028;49,402878381000050
150399;08;2;21;000;2018;03;14;6;3;6;4;0;0;1;1;0;0;0;1;476944,558000000020000;5469412,487499999800000;8,682383245000040;49,376977751000027
150400;08;2;21;000;2018;03;09;3;3;6;4;0;0;0;1;0;0;1;0;477737,281000000020000;5473012,445600000200000;8,693102127000032;49,409388399000079
150402;08;2;12;000;2018;03;15;4;3;5;2;0;1;0;0;0;0;1;0;456855,023400000010000;5428485,272599999800000;8,410031579000076;49,007752648000064
150404;08;2;16;043;2018;03;07;6;3;6;4;0;0;1;1;0;0;0;0;441198,699499999990000;5413711,533300000200000;8,198096487000044;48,873572284000034
150406;08;2;16;043;2018;03;18;3;3;3;1;0;1;1;0;0;0;0;0;440695,173100000010000;5412697,093799999900000;8,191377407000061;48,864399521000053
150408;08;1;16;019;2018;03;17;6;3;5;3;0;1;1;0;0;0;0;0;525193,889700000060000;5396526,975800000100000;9,342542159000061;48,721260431000076
150411;08;1;16;080;2018;03;14;6;3;0;7;0;0;0;1;0;0;1;0;520049,742199999980000;5395854,291699999900000;9,272569333000035;48,715395685000033
150412;08;1;15;045;2018;03;11;6;2;6;4;0;0;1;1;0;0;0;0;500259,892999999980000;5395050,548000000400000;9,003532670000027;48,708487488000060
150413;08;1;27;076;2018;03;07;3;2;5;1;0;1;0;0;0;0;0;1;553071,375000000000000;5439102,591000000000000;9,727084121000075;49,102479571000060
150414;08;1;11;000;2018;03;23;6;3;6;2;2;0;1;1;0;0;0;1;515420,245999999980000;5403720,852500000000000;9,209928034000029;48,786294539000039
150415;08;1;21;000;2018;03;19;3;3;6;2;2;0;1;1;0;0;0;1;514598,040800000020000;5445908,808899999600000;9,200249160000055;49,165820341000028
150418;08;1;11;000;2018;03;07;6;3;0;2;0;0;0;1;0;1;0;0;512087,964800000020000;5402673,413999999900000;9,164532469000051;48,776945560000058
150419;08;1;17;018;2018;03;20;3;3;6;4;2;0;1;1;0;0;0;1;538600,523099999990000;5395804,981100000400000;9,524747803000025;48,714079562000052
150421;08;1;16;056;2018;03;19;3;3;6;2;2;0;1;1;0;0;0;1;530329,775799999940000;5395861,654000000100000;9,412320250000050;48,715046573000052
150422;08;4;37;100;2018;03;06;5;3;0;1;2;1;0;0;0;0;0;2;536913,007600000010000;5316955,058400000400000;9,494889052000076;48,004825672000038
150423;08;1;15;045;2018;03;15;3;3;5;2;0;1;1;0;0;0;0;0;500509,913899999990000;5394517,588800000000000;9,006930493000027;48,703692792000027
150425;08;1;15;003;2018;03;09;3;3;6;7;0;0;1;1;0;0;0;0;499751,961799999990000;5392458,073300000300000;8,996630026000048;48,685165352000070
150426;08;4;26;087;2018;03;19;5;3;6;4;2;0;1;1;0;0;0;0;571024,234700000030000;5324485,293800000100000;9,953414224000028;48,069686600000068
150427;08;1;11;000;2018;03;03;3;3;5;3;2;1;1;0;0;0;0;1;512987,364100000010000;5402665,841300000400000;9,176774132000048;48,776859311000067
150430;08;1;11;000;2018;03;15;3;3;0;4;0;0;0;1;0;0;1;0;512319,495300000010000;5402785,742499999700000;9,167687243000046;48,777951517000076
150434;08;4;37;100;2018;03;10;2;3;1;5;0;1;1;0;0;0;0;1;536879,953800000020000;5317431,188900000400000;9,494486865000056;48,009111251000036
150435;08;3;35;075;2018;03;15;5;1;5;2;0;1;0;0;0;1;0;0;489029,301199999990000;5289250,433400000400000;8,853618235000056;47,756529434000072
150439;08;4;35;016;2018;03;21;2;3;6;4;2;0;1;1;0;0;0;0;536911,128999999960000;5278819,872000000400000;9,491612393000025;47,661719085000072
150440;08;3;17;122;2018;03;16;5;3;1;5;0;1;1;0;0;0;0;0;417535,938700000000000;5367319,792399999700000;7,884696522000070;48,453609784000037
150441;08;3;11;000;2018;03;11;5;2;5;3;0;1;0;0;0;0;1;0;411764,693700000000000;5319100,322399999900000;7,816704249000054;48,019098686000063
150443;08;3;11;000;2018;03;08;5;3;3;2;0;1;1;0;0;0;0;0;412891,672000000020000;5318052,093000000300000;7,832027512000025;48,009824218000063
150444;08;4;16;041;2018;03;19;2;3;1;6;2;1;1;0;0;0;0;0;504266,830000000020000;5374177,936700000400000;9,057783421000067;48,520698414000037
150446;08;2;31;000;2018;03;16;5;3;6;7;0;0;0;1;0;0;1;0;477731,353999999990000;5415488,132000000200000;8,696200935000036;48,891942446000030
150449;08;2;22;000;2018;03;10;5;3;5;3;0;1;1;0;0;0;0;0;462766,166800000010000;5477937,528400000200000;8,486265634000063;49,452955542000041
150453;08;3;35;075;2018;03;13;2;3;1;5;0;1;1;0;0;0;0;1;487725,922000000020000;5290304,314000000200000;8,836197585000036;47,765988255000082
150455;08;3;15;051;2018;03;15;4;3;0;7;0;1;0;0;0;0;1;0;418091,141799999980000;5321918,553000000300000;7,900990476000061;48,045292506000067
150456;08;3;35;075;2018;03;17;2;3;5;3;1;1;1;0;0;0;0;0;488451,805200000000000;5288771,553999999500000;8,845925468000075;47,752210610000077
150457;08;1;15;045;2018;03;13;5;2;5;3;0;1;1;0;0;0;0;0;500212,788000000000000;5395410,515499999700000;9,002892568000050;48,711725799000078
150461;08;1;21;000;2018;03;07;5;3;6;7;0;0;1;1;0;0;0;0;513591,759199999970000;5443774,499599999700000;9,186373490000051;49,146644649000052
150467;08;1;15;003;2018;03;13;5;2;6;4;0;0;1;1;0;0;0;0;500420,593799999970000;5392490,472600000000000;9,005714435000073;48,685456727000030
150469;08;1;17;026;2018;03;09;5;3;6;4;0;0;1;1;0;0;0;0;549118,000200000010000;5394849,740399999500000;9,667603000000042;48,704746899000043
150474;08;3;11;000;2018;03;13;2;3;5;3;0;1;0;0;0;0;1;0;413090,392999999980000;5317210,024000000200000;7,834862077000025;48,002276599000027
150476;08;3;11;000;2018;03;12;2;3;5;3;0;1;1;0;0;0;0;0;413875,075799999990000;5317727,501899999600000;7,845275659000038;48,007037700000069
150478;08;1;11;000;2018;03;16;5;3;6;2;0;0;1;1;0;0;0;0;513731,753000000030000;5399772,078900000100000;9,186809560000029;48,750811215000056
150479;08;4;37;104;2018;03;19;4;3;5;3;2;1;1;0;0;0;0;1;516630,717999999990000;5325465,404400000300000;9,223300519000077;48,082243284000072
150480;08;2;12;000;2018;03;19;2;3;5;3;2;1;1;0;0;0;0;0;453432,413500000020000;5429955,614299999500000;8,363064695000048;49,020729652000057
150481;08;4;35;035;2018;03;07;4;3;5;3;0;1;1;0;0;0;0;0;542392,258500000000000;5283310,615299999700000;9,565047244000027;47,701787421000063
150482;08;2;12;000;2018;03;16;2;2;1;5;0;1;0;0;0;1;0;1;453891,889099999970000;5429340,511099999800000;8,369418741000061;49,015231288000052
150483;08;3;36;081;2018;03;07;4;3;5;3;1;1;1;0;0;0;0;1;412350,186999999980000;5278549,353099999900000;7,832765675000076;47,654400541000030
150485;08;3;26;027;2018;03;17;4;2;6;4;0;0;1;1;0;0;0;0;462470,212100000000000;5307962,673899999800000;8,497627273000035;47,923886199000037
150488;08;2;26;096;2018;03;16;2;3;6;2;0;0;1;1;0;0;0;0;475847,033300000010000;5488385,897199999500000;8,666106168000056;49,547596122000073
150492;08;3;11;000;2018;03;13;4;1;6;1;0;0;0;1;0;0;1;0;414288,278999999980000;5316395,435999999800000;7,851080674000059;47,995110818000057
150494;08;3;36;091;2018;03;18;4;3;0;7;2;1;0;0;0;0;0;1;394961,601000000020000;5271697,956000000200000;7,602910025000028;47,590182403000028
150495;08;2;15;017;2018;03;16;4;3;5;3;0;1;1;0;0;0;0;1;456773,623000000020000;5421057,547700000000000;8,409707971000046;48,940933243000075
150496;08;2;21;000;2018;03;17;2;3;3;6;0;1;1;0;0;0;0;0;477220,119000000010000;5472870,295400000200000;8,685981169000058;49,408090639000079
150497;08;2;12;000;2018;03;15;4;3;5;3;0;1;1;0;0;0;0;0;452986,444299999970000;5427976,108699999700000;8,357194567000022;49,002890108000031
150499;08;2;21;000;2018;03;15;2;3;2;6;0;1;1;0;0;0;0;1;478447,120100000000000;5473017,778099999800000;8,702887029000067;49,409461921000059
150501;08;2;26;006;2018;03;13;4;3;6;4;0;0;1;1;0;0;0;0;483785,234200000010000;5467094,879099999600000;8,776715393000075;49,356351414000073
150502;08;1;36;065;2018;03;14;2;3;6;4;0;0;1;1;0;0;0;0;558887,959000000030000;5405793,204800000400000;9,801947349000045;48,802338797000061
150504;08;2;22;000;2018;03;13;4;3;0;5;0;1;1;0;0;0;1;0;463067,904900000020000;5486448,159300000400000;8,489633444000049;49,529522751000059
150508;08;1;28;007;2018;03;10;2;2;8;1;0;1;0;0;0;0;0;0;555975,302999999960000;5482028,528300000400000;9,772878176000063;49,488312684000050
150509;08;2;22;000;2018;03;12;4;3;5;3;0;1;1;0;0;0;0;0;468909,713400000010000;5475826,875799999600000;8,571194152000032;49,434316363000050
150511;08;1;18;081;2018;03;17;2;3;6;2;0;0;0;1;0;0;1;0;518414,135899999990000;5412377,326000000400000;9,251074563000032;48,864085042000056
150512;08;2;22;000;2018;03;17;4;1;5;3;0;1;0;0;0;0;1;1;461727,739500000030000;5484362,427500000200000;8,471316736000063;49,510679639000045
150516;08;2;21;000;2018;03;18;4;3;5;3;2;1;1;0;0;0;0;0;477087,892600000020000;5472783,699500000100000;8,684163465000040;49,407306758000061
150518;08;2;16;043;2018;03;14;4;3;6;2;0;0;1;1;0;0;0;0;441635,490100000000000;5411755,950199999800000;8,204331549000074;48,856023163000032
150521;08;2;15;040;2018;03;16;4;3;6;7;0;0;1;1;0;0;0;0;488769,767799999970000;5436174,783900000200000;8,846219652000059;49,078329832000065
150525;08;2;12;000;2018;03;09;4;3;0;2;0;1;0;0;0;0;0;0;461351,693199999980000;5427724,624300000300000;8,471588961000066;49,001208440000028
150526;08;1;16;056;2018;03;14;2;3;0;7;0;0;1;1;0;0;0;0;530500,031500000040000;5395608,516499999900000;9,414616028000069;48,712761085000068
150527;08;2;11;000;2018;03;08;4;3;6;4;0;0;1;1;0;0;0;1;440777,027500000030000;5404570,841300000400000;8,193667096000070;48,791311756000027
150528;08;1;16;033;2018;03;14;2;3;6;7;0;0;1;1;0;0;0;0;533879,224799999970000;5387478,538800000200000;9,459884980000027;48,639450702000033
150529;08;1;27;043;2018;03;11;4;3;0;3;0;1;1;0;0;0;0;0;566690,025200000030000;5446528,025700000100000;9,914867239000046;49,167940064000049
150531;08;1;27;076;2018;03;18;4;2;6;1;1;1;0;1;0;0;0;0;553565,935700000030000;5440287,134300000000000;9,734016237000049;49,113091321000070
150533;08;1;26;066;2018;03;11;4;3;5;3;0;1;1;0;0;0;0;0;536931,181899999970000;5449828,741499999500000;9,506956130000049;49,200142479000078
150534;08;1;18;079;2018;03;13;4;3;3;6;0;1;0;0;0;0;1;0;508446,355600000010000;5421203,486999999700000;9,115348097000037;48,943698811000047
150535;08;1;15;003;2018;03;16;2;2;5;7;0;1;1;0;0;0;0;0;500569,582500000020000;5392880,633000000400000;9,007739221000065;48,688966534000031
150536;08;1;15;041;2018;03;14;4;2;0;3;0;1;1;0;0;0;0;0;495412,820100000010000;5402534,081799999800000;8,937564127000030;48,775792658000057
150539;08;1;11;000;2018;03;10;2;3;5;3;0;1;1;0;0;0;0;1;512748,128199999980000;5408771,641099999700000;9,173707443000069;48,831791313000053
150549;08;3;36;069;2018;03;11;3;2;6;6;0;0;1;1;0;0;0;0;408696,942700000010000;5268101,159199999600000;7,786302973000034;47,559905665000031
150550;08;4;36;081;2018;03;08;1;3;3;2;0;1;1;0;0;0;0;0;561761,524300000050000;5281186,305400000000000;9,822896654000033;47,681113952000032
150552;08;3;35;075;2018;03;16;3;3;0;1;0;1;0;0;0;0;0;0;487761,469700000020000;5290002,226300000200000;8,836680489000059;47,763270890000058
150554;08;4;36;064;2018;03;18;3;3;5;3;1;1;1;0;0;0;0;0;545379,800300000000000;5292149,473500000300000;9,605787928000041;47,781108455000037
150565;08;4;15;078;2018;03;10;1;2;2;6;0;1;1;0;0;0;0;0;527860,335399999980000;5372268,265399999900000;9,377166093000028;48,502914890000056
150580;08;2;25;058;2018;03;12;3;3;6;4;0;0;1;1;0;0;0;0;511169,279900000020000;5468242,216699999800000;9,153838514000029;49,366785058000062
150582;08;2;26;038;2018;03;13;3;3;3;6;0;1;1;0;0;0;0;0;471112,225400000000000;5480329,164099999700000;8,601242605000039;49,474921681000069
150586;08;2;21;000;2018;03;07;3;3;3;6;0;1;0;0;0;0;0;0;476338,270699999990000;5473868,282300000100000;8,673765679000042;49,417033705000051
150588;08;3;11;000;2018;03;14;1;3;5;2;0;1;1;0;0;0;0;0;414802,633700000010000;5319264,614199999700000;7,857403899000076;48,020988924000051
150592;08;1;11;000;2018;03;09;2;3;0;7;0;1;0;0;0;0;0;1;511523,085000000020000;5400685,727000000000000;9,156788095000024;48,759075153000026
150595;08;4;36;064;2018;03;12;2;3;6;4;0;0;1;1;0;0;0;0;545462,160700000010000;5291863,078900000100000;9,606857330000025;47,778525947000048
150598;08;1;18;003;2018;03;18;3;3;6;4;1;0;1;1;0;0;0;1;511903,205200000030000;5416015,556499999900000;9,162405196000066;48,896972849000065
150601;08;4;35;034;2018;03;08;7;3;6;7;0;0;1;1;0;0;1;0;532275,085199999970000;5285528,824699999800000;9,430364073000021;47,722330286000044
150608;08;3;25;053;2018;03;04;7;2;6;7;2;0;1;1;0;0;0;1;455769,193700000000000;5341832,996000000300000;8,404425811000067;48,228175999000030
150610;08;3;17;034;2018;03;22;7;2;0;1;2;1;0;0;0;0;0;2;425299,845299999990000;5362914,364799999600000;7,990468764000070;48,414952140000025
150611;08;3;11;000;2018;03;22;7;3;0;1;2;1;0;0;0;0;0;2;414676,364599999970000;5319080,055599999600000;7,855747576000056;48,019311900000048
150614;08;2;26;084;2018;03;19;7;3;0;7;2;1;0;0;0;0;0;1;468479,664099999990000;5471426,857800000300000;8,565612379000072;49,394717338000078
150615;08;2;22;000;2018;03;20;7;3;3;5;2;1;1;0;0;0;0;0;461105,697900000030000;5482053,697700000400000;8,462951714000042;49,489874330000077
150617;08;2;22;000;2018;03;13;7;3;6;7;0;0;1;1;0;0;0;0;462888,116199999990000;5483637,512400000400000;8,487413327000070;49,504231552000078
150618;08;2;22;000;2018;03;16;7;3;6;7;0;0;1;1;0;0;0;0;463076,978300000020000;5482415,175699999600000;8,490136005000068;49,493248797000035
150620;08;4;36;064;2018;03;08;6;3;6;4;0;0;1;1;0;0;0;1;545434,061200000000000;5292488,626799999700000;9,606547726000031;47,784156001000042
150625;08;2;15;108;2018;03;13;7;3;6;4;0;0;1;1;0;0;0;0;450523,973300000010000;5425544,634800000100000;8,323824226000056;48,980826521000040
150627;08;4;15;014;2018;03;12;6;3;6;4;0;0;1;1;0;0;0;0;525957,681800000020000;5375136,134399999900000;9,351587453000036;48,528796344000057
150633;08;1;18;046;2018;03;10;7;3;6;7;0;0;1;1;0;0;0;0;514609,093100000000000;5412873,841799999600000;9,199211354000056;48,868652882000049
150634;08;3;26;003;2018;03;07;6;3;5;3;0;1;1;0;0;0;0;0;464871,351399999990000;5319023,718399999700000;8,528863300000069;48,023537683000029
150637;08;1;16;005;2018;03;12;7;3;0;3;0;1;1;0;0;0;0;0;520086,613699999990000;5382549,409000000000000;9,272424932000035;48,595703044000061
150639;08;1;11;000;2018;03;10;7;3;4;6;0;1;1;0;0;0;0;0;510741,012700000020000;5400582,838600000400000;9,146144232000040;48,758163558000035
150640;08;4;17;002;2018;03;12;6;3;6;4;0;0;1;1;0;0;0;0;488731,248100000030000;5346692,477000000000000;8,848131248000072;48,273337973000025
150641;08;3;17;001;2018;03;11;6;3;5;2;0;1;1;0;0;0;0;0;431533,792200000030000;5386903,354700000000000;8,070765928000071;48,631445792000079
150643;08;4;16;023;2018;03;16;6;2;6;7;0;1;0;1;0;0;0;0;508042,061300000000000;5373975,863400000100000;9,108905410000034;48,518843477000075
150647;08;4;16;041;2018;03;19;6;3;5;3;2;1;1;0;0;0;0;0;504577,141699999980000;5375102,289800000400000;9,061995954000054;48,529012038000076
150655;08;2;21;000;2018;03;08;6;3;5;3;0;1;1;0;0;0;0;1;473669,238000000010000;5475936,148000000000000;8,636830065000027;49,435524007000026
150657;08;3;26;074;2018;03;12;6;3;6;4;0;0;1;1;0;0;0;0;464604,650299999980000;5322021,127799999900000;8,525038706000032;48,050490111000045
150658;08;2;26;018;2018;03;13;6;3;6;4;0;0;1;1;0;0;0;1;473333,001600000020000;5471085,008399999700000;8,632518488000073;49,391874400000063
150660;08;3;16;011;2018;03;16;6;3;6;4;0;0;1;1;0;0;0;0;414521,226900000010000;5330272,736899999900000;7,851429096000061;48,119972363000045
150663;08;1;21;000;2018;03;07;6;3;5;3;0;1;1;0;0;0;0;0;516708,888600000010000;5443692,651200000200000;9,229112603000033;49,145831497000074
150665;08;3;11;000;2018;03;20;6;2;9;1;2;1;0;0;0;0;0;0;412019,178399999980000;5317281,279299999600000;7,820489552000026;48,002771017000043
150668;08;1;19;020;2018;03;15;6;3;2;2;0;1;1;0;0;0;0;0;519318,395100000020000;5408560,459699999500000;9,263223874000062;48,829721917000029
150669;08;1;19;084;2018;03;22;6;1;6;7;2;0;1;1;0;0;0;0;546256,697900000030000;5414175,649299999700000;9,630891143000042;48,878809927000077
150670;08;2;12;000;2018;03;16;6;2;6;4;0;0;1;1;0;0;0;0;454048,447400000000000;5428487,323699999600000;8,371656309000059;49,007568499000058
150675;08;2;35;007;2018;03;07;6;3;3;6;0;1;1;0;0;0;0;0;484271,355600000010000;5397207,441999999800000;8,786122411000065;48,727692599000079
150678;08;1;11;000;2018;03;09;6;2;6;4;0;0;1;1;0;0;0;0;511454,877099999980000;5402452,464800000200000;9,155909225000073;48,774969894000037
150680;08;1;18;046;2018;03;15;3;3;6;4;0;0;1;1;0;0;0;0;513612,837999999990000;5411941,083999999800000;9,185595346000071;48,860284666000041
150683;08;4;36;055;2018;03;14;5;3;6;4;0;0;1;1;0;0;0;0;576383,794699999970000;5297206,728299999600000;10,020505836000041;47,823673664000069
150686;08;1;11;000;2018;03;08;2;3;2;6;0;1;1;0;0;0;0;2;510780,617199999980000;5406554,945299999800000;9,146839751000073;48,811887492000039
150687;08;2;22;000;2018;03;15;6;3;5;3;0;1;1;0;0;0;0;0;462947,999300000020000;5482893,398299999500000;8,488310188000071;49,497542299000031
150689;08;4;16;041;2018;03;07;5;3;0;7;0;1;0;0;0;0;0;1;502855,373299999980000;5374146,601599999700000;9,038668601000040;48,520424519000073
150690;08;2;22;000;2018;03;08;6;3;0;7;0;1;0;0;0;0;0;1;460549,727000000010000;5481466,979000000300000;8,455333841000027;49,484561227000029
150697;08;2;15;009;2018;03;22;6;3;0;1;2;0;1;1;0;0;0;1;470302,386100000000000;5441351,110100000200000;8,592961926000044;49,124278184000048
150698;08;3;35;063;2018;03;08;5;3;5;3;0;1;0;0;0;0;1;0;497803,404400000000000;5287257,577499999700000;8,970700896000039;47,738688151000076
150700;08;1;36;088;2018;03;11;6;3;0;1;0;1;0;0;0;0;0;0;579475,118900000000000;5409414,991899999800000;10,082963225000071;48,832623011000067
150705;08;3;11;000;2018;03;15;5;3;5;3;0;1;1;0;0;0;0;1;411455,506100000000000;5314590,704900000200000;7,813489368000035;47,978490743000066
150706;08;3;16;056;2018;03;14;2;3;0;2;0;1;0;0;0;1;0;0;422435,531000000020000;5327126,479000000300000;7,958325858000023;48,092683626000053
150707;08;1;25;006;2018;03;13;6;2;6;4;0;0;1;1;0;0;0;1;507847,558699999990000;5454358,346500000000000;9,107814533000067;49,241949754000075
150709;08;1;19;079;2018;03;17;6;3;6;4;0;0;1;1;0;0;0;0;523002,685200000010000;5408687,373599999600000;9,313430774000040;48,830738055000040
150710;08;1;18;048;2018;03;13;6;3;0;2;0;1;1;0;0;0;0;0;514772,932600000000000;5415372,383800000000000;9,201535755000066;48,891125258000045
150712;08;2;21;000;2018;03;13;5;3;1;7;0;1;1;0;0;0;0;1;477663,525000000020000;5472668,206000000200000;8,692104759000074;49,406289313000059
150714;08;2;21;000;2018;03;00;5;3;6;4;2;0;0;1;0;0;1;1;474358,278200000000000;5469382,189600000200000;8,646756724000056;49,376601853000068
150719;08;2;12;000;2018;03;06;2;3;5;3;1;1;1;0;0;0;0;0;451368,083500000010000;5428434,962100000100000;8,335013673000049;49,006892106000066
150720;08;1;15;045;2018;03;15;6;3;5;3;0;1;1;0;0;0;0;0;500491,357900000000000;5394537,226400000000000;9,006678313000066;48,703869468000050
150722;08;1;15;045;2018;03;14;6;3;6;6;0;1;0;1;0;0;0;0;499667,725500000000000;5394721,887000000100000;8,995483728000068;48,705530794000026
150729;08;1;15;024;2018;03;11;6;3;6;7;0;0;1;1;0;0;0;0;500864,136100000000000;5387398,799300000100000;9,011730028000045;48,639650836000044
150730;08;1;16;019;2018;03;18;5;3;5;3;1;1;1;0;0;0;0;1;523258,701500000020000;5397901,011400000200000;9,316308826000068;48,733696339000062
150731;08;1;28;131;2018;03;12;2;3;0;1;0;1;0;0;0;0;0;1;536414,090300000040000;5513857,219100000300000;9,505756616000042;49,776077934000057
150734;08;1;11;000;2018;03;23;6;3;1;7;2;0;1;1;0;1;0;0;513233,573500000000000;5402095,973799999800000;9,180106991000059;48,771727636000037
150735;08;4;36;081;2018;03;20;4;3;6;2;2;0;1;1;0;0;0;1;562009,687500000000000;5283189,651100000400000;9,826487497000073;47,699113770000054
150736;08;1;11;000;2018;03;07;6;2;0;1;0;1;0;0;0;0;0;0;513154,089199999990000;5406599,577600000400000;9,179169425000055;48,812243285000079
150737;08;4;26;074;2018;03;10;4;3;5;3;0;1;0;0;0;0;1;0;556553,917999999950000;5326906,500799999600000;9,759508294000057;48,092915933000029
150739;08;1;18;048;2018;03;08;3;3;6;7;0;0;1;1;0;0;0;0;513164,337799999980000;5415217,715400000100000;9,179586070000028;48,889770164000026
150740;08;1;11;000;2018;03;00;6;3;1;7;2;1;0;0;0;0;1;0;512402,399299999990000;5406957,379599999600000;9,168941658000051;48,815477484000041
150742;08;4;16;041;2018;03;12;1;3;6;2;0;0;1;1;0;0;0;1;504402,662200000020000;5374545,974999999600000;9,059626809000065;48,524008481000067
150746;08;4;21;000;2018;03;15;5;3;6;4;0;1;0;1;0;0;0;0;570154,716000000010000;5358623,855999999700000;9,947394287000066;48,376880103000076
150752;08;4;16;041;2018;03;00;5;3;0;7;2;1;0;0;0;0;0;0;504289,854600000020000;5374046,388399999600000;9,058093877000033;48,519514801000071
150758;08;3;35;075;2018;03;12;5;3;1;5;0;1;1;0;0;0;0;0;487861,826000000000000;5289284,569799999700000;8,838039750000064;47,756815653000046
150759;08;3;35;043;2018;03;20;5;2;6;2;2;0;1;1;0;0;0;0;514585,951000000000000;5280515,797399999600000;9,194327292000025;47,677867181000067
150760;08;2;22;000;2018;03;08;4;3;5;3;0;1;1;0;0;0;0;0;462200,305799999970000;5481704,178700000000000;8,478098693000050;49,486799766000047
150761;08;2;22;000;2018;03;22;4;3;0;7;2;1;0;0;0;0;0;1;462720,164400000010000;5479023,143699999900000;8,485528735000059;49,462717328000053
150762;08;3;27;046;2018;03;10;5;3;5;3;0;1;1;0;0;0;0;0;480372,722499999970000;5324783,582299999900000;8,736496435000049;48,076023724000038
150763;08;2;22;000;2018;03;11;4;3;6;4;0;0;1;1;0;0;0;0;461622,161100000030000;5483700,435300000000000;8,469922707000023;49,504718719000039
150764;08;2;26;018;2018;03;13;4;3;6;4;0;0;1;1;0;0;0;0;472829,359100000000000;5472256,795599999800000;8,625498121000021;49,402392128000031
150765;08;3;11;000;2018;03;20;2;3;5;3;2;1;1;0;0;0;0;0;414009,022999999990000;5315228,188299999600000;7,847571998000035;47,984573484000066
150766;08;3;15;115;2018;03;12;5;3;0;7;0;1;1;0;0;0;0;1;407802,180100000000000;5321307,261699999700000;7,763101793000033;48,038390627000069
150768;08;2;15;017;2018;03;08;4;3;6;7;0;1;0;1;0;0;0;0;456596,755799999980000;5421282,216900000300000;8,407268905000024;48,942941808000057
150770;08;3;11;000;2018;03;16;5;3;6;7;0;0;1;1;0;0;0;0;413745,957200000000000;5316483,433000000200000;7,843794985000045;47,995829452000066
150771;08;1;36;065;2018;03;16;4;2;1;5;0;1;1;0;0;0;0;0;558525,134700000050000;5405345,645600000400000;9,796943055000043;48,798347244000070
150772;08;2;37;040;2018;03;16;5;3;6;7;0;0;1;1;0;0;0;1;469819,286100000030000;5363930,996100000100000;8,592023607000044;48,427803715000039
150774;08;1;36;044;2018;03;16;4;3;4;2;0;1;1;0;0;0;0;0;558753,846900000000000;5407864,385099999600000;9,800417688000039;48,820981824000057
150778;08;1;36;038;2018;03;04;4;2;0;1;2;1;0;0;0;0;0;2;591505,451400000020000;5414525,959200000400000;10,247998159000076;48,876933309000037
150780;08;2;15;109;2018;03;10;5;3;0;1;0;1;0;0;0;0;0;0;461334,709800000010000;5434612,994699999700000;8,470699835000062;49,063169524000045