OBJECTID_1;ULAND;UREGBEZ;UKREIS;UGEMEINDE;UJAHR;UMONAT;USTUNDE;UWOCHENTAG;UKATEGORIE;UART;UTYP1;ULICHTVERH;IstRad;IstPKW;IstFuss;IstKrad;IstGkfz;IstSonstig;STRZUSTAND;LINREFX;LINREFY;XGCSWGS84;YGCSWGS84
150781;08;1;36;065;2018;03;07;4;3;6;4;0;0;0;1;0;0;1;0;558155,211299999970000;5405631,874200000400000;9,791946806000055;48,800956606000057
150785;08;1;27;076;2018;03;07;4;3;5;3;0;1;1;0;0;0;0;1;554373,595500000050000;5440332,075500000300000;9,745088713000030;49,113424659000032
150789;08;1;19;020;2018;03;13;5;3;6;4;0;0;1;1;0;0;0;0;520824,907000000010000;5407016,702999999700000;9,283672298000056;48,815785920000053
150790;08;1;17;024;2018;03;07;4;3;0;7;0;0;1;1;0;0;0;1;560501,800200000060000;5386565,809399999700000;9,821102959000029;48,629230806000066
150791;08;1;19;020;2018;03;09;2;3;5;2;0;1;1;0;0;0;0;0;519927,071899999980000;5407592,365100000100000;9,271470295000029;48,820993907000059
150796;08;1;15;045;2018;03;11;5;3;5;3;0;1;1;0;0;0;0;0;500507,985999999980000;5394520,406999999700000;9,006904293000048;48,703718146000028
150799;08;1;18;048;2018;03;11;3;2;5;3;0;1;1;0;0;0;0;0;512928,763800000020000;5416617,314100000100000;9,176416717000052;48,902365545000066
150800;08;1;11;000;2018;03;11;5;3;6;4;0;0;1;1;0;0;0;0;512725,249200000020000;5402000,680300000100000;9,173185857000021;48,770880985000076
150803;08;1;11;000;2018;03;15;5;3;5;3;0;1;1;0;0;0;0;0;516155,320000000010000;5405466,635999999900000;9,220003762000033;48,801980725000078
150804;08;1;11;000;2018;03;08;4;3;5;3;0;1;1;0;0;0;0;0;512581,044600000020000;5401238,252700000100000;9,171199980000040;48,764025164000032
150806;08;4;36;064;2018;03;22;3;3;6;7;2;0;1;1;0;0;0;1;545160,020499999980000;5290641,748700000300000;9,602697419000037;47,767558835000045
150807;08;4;35;057;2018;03;09;4;3;6;2;0;0;1;1;0;0;0;0;544346,492199999980000;5280168,359899999600000;9,590774520000025;47,673384705000046
150809;08;4;35;059;2018;03;07;3;3;0;4;0;1;0;1;0;0;0;0;511943,291099999970000;5290571,801599999900000;9,159395304000043;47,768401195000081
150810;08;4;35;016;2018;03;11;4;3;3;2;0;1;0;0;0;0;0;0;536827,915700000010000;5278734,009200000200000;9,490496896000025;47,660951287000046
150811;08;4;25;081;2018;03;10;3;2;8;1;0;1;0;0;0;0;0;0;548002,733699999980000;5342679,046500000200000;9,646456376000060;48,235512987000050
150812;08;4;15;061;2018;03;07;3;3;5;3;0;1;0;0;0;0;1;0;515382,666000000030000;5370441,458999999800000;9,208180935000030;48,486909826000044
150813;08;1;16;079;2018;03;16;3;3;0;7;0;1;0;0;0;0;1;0;534920,702700000020000;5377729,366200000000000;9,473201982000035;48,551690386000075
150814;08;4;15;061;2018;03;10;4;3;1;5;0;1;1;0;0;0;0;0;516090,742800000010000;5370707,707299999900000;9,217773860000023;48,489287360000048
150815;08;4;15;053;2018;03;18;3;3;6;6;1;1;0;1;0;0;0;0;536763,829299999980000;5361935,384200000200000;9,496787402000052;48,409500915000081
150816;08;4;16;048;2018;03;12;4;2;5;3;0;1;0;0;0;0;1;0;497363,369599999980000;5374728,747399999800000;8,964290021000068;48,525662671000077
150817;08;3;35;043;2018;03;09;4;3;5;3;0;1;1;0;0;0;0;0;513293,033300000010000;5278471,816800000100000;9,177039752000042;47,659504006000077
150818;08;3;35;043;2018;03;17;3;3;5;2;1;1;1;0;0;0;0;1;513019,240600000020000;5279992,207700000100000;9,173438645000033;47,673189553000043
150819;08;3;17;034;2018;03;07;3;3;9;7;0;1;0;0;0;0;0;0;427939,426299999990000;5362328,050599999700000;8,026236498000060;48,409985524000035
150820;08;3;35;043;2018;03;07;4;3;5;3;0;1;1;0;0;0;0;0;512213,206999999990000;5280596,089999999900000;9,162717831000066;47,678638809000063
150821;08;3;17;065;2018;03;14;3;3;6;4;0;0;1;1;0;0;0;0;413603,907100000010000;5355259,854199999900000;7,834010040000067;48,344606769000052
150822;08;3;17;001;2018;03;11;3;2;6;4;0;0;1;1;0;0;0;0;431538,683000000020000;5386906,635999999900000;8,070831755000029;48,631475843000032
150823;08;3;35;043;2018;03;08;4;3;5;3;0;1;1;0;0;0;0;0;511618,628900000010000;5286216,413200000300000;9,154946020000068;47,729219306000061
150824;08;3;11;000;2018;03;09;3;3;6;2;0;0;1;1;0;0;0;0;413571,429699999980000;5317403,456399999600000;7,841270667000060;48,004081811000049
150825;08;3;11;000;2018;03;08;3;2;5;2;0;1;1;0;0;0;0;0;412372,146400000030000;5314494,647400000100000;7,825789408000048;47,977752886000076
150826;08;3;17;001;2018;03;12;2;3;5;3;0;1;1;0;0;0;0;0;431836,331200000020000;5386463,992700000300000;8,074943722000057;48,627526773000056
150827;08;3;35;043;2018;03;22;4;3;0;7;2;1;0;0;0;0;0;0;512957,241199999990000;5279145,079199999600000;9,172587580000027;47,665568618000066
150832;08;2;36;076;2018;03;09;3;3;4;6;0;1;1;0;0;0;0;0;471685,238900000000000;5423675,527599999700000;8,613150277000045;48,965345567000043
150833;08;3;17;065;2018;03;07;4;3;5;2;1;1;1;0;0;0;0;0;414343,219099999990000;5354619,917899999800000;7,844115737000038;48,338951353000027
150837;08;2;21;000;2018;03;14;3;3;0;7;0;1;1;0;0;0;0;0;477037,542100000020000;5475681,332000000400000;8,683301726000025;49,433368546000054
150839;08;2;12;000;2018;03;13;2;3;0;7;0;1;0;0;1;0;0;0;460432,008500000000000;5427758,847000000100000;8,459012007000069;49,001458012000057
150840;08;3;15;074;2018;03;10;4;2;0;7;0;1;0;0;0;0;0;0;396711,861099999980000;5298406,601099999600000;7,619853262000049;47,830708909000066
150841;08;2;12;000;2018;03;18;3;3;6;2;2;0;1;1;0;0;0;2;461639,286700000000000;5427537,791100000000000;8,475538498000049;48,999545771000044
150844;08;3;11;000;2018;03;12;4;3;5;3;0;1;1;0;0;0;0;0;409767,870700000030000;5315569,631500000100000;7,790674261000049;47,987060589000066
150846;08;1;19;008;2018;03;12;2;3;6;4;0;0;1;1;0;0;0;0;531484,575799999990000;5421765,596199999600000;9,430008322000049;48,948011560000054
150848;08;2;22;000;2018;03;15;5;3;6;7;0;0;0;1;0;0;1;0;461616,313100000030000;5480969,038800000200000;8,470107214000052;49,480150911000067
150849;08;2;22;000;2018;03;22;5;3;5;3;2;1;1;0;0;0;0;0;466556,952099999990000;5485164,111499999600000;8,537955879000037;49,518175996000082
150850;08;2;22;000;2018;03;12;5;3;6;4;0;0;1;1;0;0;0;0;461184,946999999990000;5482004,836199999800000;8,464050725000050;49,489439922000031
150851;08;2;21;000;2018;03;18;5;3;0;7;0;0;1;1;0;0;0;0;482674,478300000020000;5473965,292700000100000;8,761120487000028;49,418119762000060
150856;08;2;12;000;2018;03;07;5;2;5;3;0;1;1;0;0;0;0;0;455412,276000000010000;5427335,032900000000000;8,390430759000026;48,997303570000042
150859;08;1;25;026;2018;03;15;5;3;6;7;0;0;1;1;0;0;0;0;494179,856800000010000;5442839,793399999800000;8,920206108000059;49,138359436000030
150861;08;1;17;051;2018;03;16;5;3;6;7;0;0;1;1;0;0;0;0;542223,889599999990000;5394555,548999999600000;9,573874710000041;48,702605293000033
150866;08;1;16;049;2018;03;08;5;3;6;4;0;0;1;1;0;0;0;0;525246,454999999960000;5384589,163999999900000;9,342528233000053;48,613866028000075
150867;08;1;11;000;2018;03;19;5;2;0;7;1;1;0;0;0;0;0;0;509886,015200000020000;5399152,269799999900000;9,134476662000054;48,745308353000041
150868;08;1;11;000;2018;03;08;5;3;3;6;0;1;1;0;0;0;0;0;512555,630000000000000;5403551,775000000400000;9,170924782000043;48,784837962000040
150869;08;4;35;016;2018;03;16;4;3;1;5;0;1;1;0;0;0;0;1;536015,305399999950000;5278014,454699999700000;9,479615153000054;47,654522916000076
150871;08;4;15;061;2018;03;16;4;3;6;4;0;0;1;1;0;0;0;1;516210,326999999990000;5370592,429999999700000;9,219387840000024;48,488247211000044
150875;08;3;15;047;2018;04;21;3;3;2;7;2;1;1;0;0;0;0;0;415661,235999999980000;5321712,177000000100000;7,868434451000042;48,043119619000038
150878;08;2;15;101;2018;04;16;3;3;6;7;0;0;0;1;0;0;1;0;466678,141999999990000;5425981,154299999600000;8,544554125000047;48,985835856000051
150880;08;3;26;003;2018;03;08;4;3;6;4;0;0;1;1;0;0;0;0;465046,017300000010000;5318753,268299999600000;8,531227856000044;48,021114067000042
150881;08;2;15;099;2018;04;18;3;3;5;3;0;1;0;1;1;0;0;0;462354,826999999990000;5445508,177600000100000;8,483647777000044;49,161235713000053
150883;08;3;26;074;2018;03;05;4;3;5;3;1;1;1;0;0;0;0;1;467178,673699999980000;5323605,173800000000000;8,559456214000022;48,064879092000069
150886;08;3;17;110;2018;03;19;4;3;5;3;1;1;1;0;0;0;0;1;427341,614500000030000;5382232,106800000200000;8,014695461000031;48,588955353000074
150888;08;2;26;040;2018;04;18;3;2;6;4;0;0;1;1;0;0;0;0;473993,805799999970000;5495459,932500000100000;8,640019664000022;49,611147008000046
150890;08;3;11;000;2018;03;01;4;2;5;3;2;1;1;0;0;0;0;1;414093,120300000010000;5318044,682799999600000;7,848134951000077;48,009920201000057
150891;08;2;12;000;2018;03;16;4;3;5;2;0;1;1;0;0;0;0;1;455613,248100000030000;5428574,614299999500000;8,393042644000047;49,008468219000065
150894;08;2;22;000;2018;04;15;3;3;0;4;0;0;0;1;0;0;1;0;461433,711699999990000;5480687,640599999600000;8,467613926000070;49,477608306000036
150895;08;2;22;000;2018;04;15;3;3;0;3;0;1;1;0;0;0;0;0;463219,443099999970000;5480789,290199999700000;8,492254455000023;49,478633420000051
150897;08;2;21;000;2018;04;17;3;3;6;4;0;0;1;1;0;0;0;0;476537,882300000000000;5469383,440100000200000;8,676782598000045;49,376700946000028
150898;08;2;22;000;2018;03;17;4;3;1;6;1;1;1;0;0;0;0;1;461454,109400000020000;5480587,595800000200000;8,467905241000040;49,476709751000044
150899;08;2;21;000;2018;04;16;3;3;6;4;0;0;1;1;0;0;0;0;477458,118699999990000;5474379,619900000300000;8,689176208000049;49,421675626000081
150900;08;2;21;000;2018;04;07;3;3;5;2;0;1;1;0;0;0;0;0;476737,440699999980000;5474582,500400000300000;8,679227243000071;49,423473362000038
150902;08;2;26;048;2018;04;07;3;3;1;5;0;1;1;0;0;0;0;0;485479,771300000020000;5465207,047600000200000;8,800118576000045;49,339413054000033
150904;08;2;26;038;2018;03;16;4;3;6;7;0;0;1;1;0;0;0;1;471796,099099999990000;5479993,760999999900000;8,610706252000057;49,471936998000047
150906;08;2;12;000;2018;04;13;3;3;0;1;0;1;0;0;0;0;0;0;455813,769399999990000;5428740,138299999800000;8,395766454000068;49,009971515000075
150911;08;1;28;139;2018;03;18;4;2;6;4;0;0;1;1;0;0;0;1;551010,021500000030000;5491015,459200000400000;9,705488143000025;49,569579809000061
150914;08;1;19;091;2018;04;14;3;3;0;2;0;1;0;0;0;0;1;0;527128,148999999980000;5406971,381000000100000;9,369529027000056;48,815134959000034
150916;08;1;18;007;2018;04;15;3;3;6;4;0;0;1;1;0;0;0;0;510256,888099999980000;5427240,481999999800000;9,140225873000077;48,997978041000067
150917;08;1;15;054;2018;04;14;3;3;0;7;0;1;0;1;0;0;0;0;493156,227499999980000;5396180,976300000200000;8,906955367000023;48,718619383000032
150918;08;1;16;077;2018;03;11;4;3;6;7;0;0;1;1;0;0;0;0;515942,968999999980000;5391550,478099999900000;9,216573499000049;48,676796998000043
150919;08;1;16;019;2018;03;10;4;3;5;3;0;1;1;0;0;0;0;0;522922,489200000010000;5398700,795400000200000;9,311781038000049;48,740903572000036
150923;08;4;36;053;2018;04;15;2;2;0;1;0;1;0;0;0;0;0;0;532165,268599999950000;5308661,429300000000000;9,430617872000028;47,930464605000054
150925;08;4;36;081;2018;03;13;3;2;5;3;0;1;1;0;0;0;0;0;563092,188899999950000;5281611,741999999600000;9,840685678000057;47,684812973000078
150926;08;4;25;079;2018;04;17;2;2;0;1;0;1;0;0;0;0;0;0;556591,740299999950000;5373560,978199999800000;9,766272781000055;48,512612149000063
150928;08;4;21;000;2018;03;14;3;3;6;4;0;0;1;1;0;0;0;0;573246,436600000020000;5361435,373100000400000;9,989629936000029;48,401818988000059
150930;08;4;16;036;2018;03;07;3;2;0;7;0;1;0;0;0;0;0;1;495045,460000000020000;5368784,276999999800000;8,932967293000047;48,472169840000049
150932;08;3;35;043;2018;03;22;3;2;5;3;2;1;0;0;0;0;0;1;513578,552000000030000;5279633,748999999800000;9,180878451000069;47,669952759000068
150933;08;3;35;043;2018;03;09;3;3;5;2;0;1;1;0;0;0;0;1;511971,050999999980000;5280135,572999999900000;9,159478948000071;47,674499763000028
150936;08;3;17;100;2018;04;16;2;3;1;7;0;0;1;1;0;0;0;0;423795,281000000020000;5367891,128999999700000;7,969233500000030;48,459538174000045
150937;08;3;15;050;2018;04;00;2;3;6;4;2;0;1;1;0;0;0;0;398724,103000000000000;5303547,479600000200000;7,645529308000050;47,877270663000047
150938;08;3;11;000;2018;03;08;3;3;0;7;0;0;0;1;0;1;0;0;414374,703600000010000;5316615,302000000100000;7,852195038000048;47,997100178000039
150939;08;3;11;000;2018;04;17;2;3;2;6;0;1;0;0;0;0;0;0;418606,870999999980000;5313248,328999999900000;7,909554347000039;47,967365107000035
150940;08;3;11;000;2018;03;17;3;3;5;3;0;1;1;0;0;0;0;0;411675,435200000010000;5314568,436499999800000;7,816440381000064;47,978320833000055
150943;08;2;12;000;2018;03;17;3;3;5;3;0;1;0;0;0;0;0;0;455240,294600000020000;5428116,102800000500000;8,387993620000032;49,004316928000037
150945;08;2;12;000;2018;03;06;3;2;5;3;1;1;1;0;0;0;0;1;452349,115899999980000;5430857,421500000200000;8,348142773000063;49,028758670000059
150947;08;1;18;046;2018;04;15;2;3;5;3;0;1;0;0;0;0;0;0;513854,754499999980000;5412182,482499999900000;9,188901752000049;48,862450879000050
150949;08;2;31;000;2018;03;14;3;2;6;7;0;0;1;1;0;0;0;0;477372,657000000010000;5415137,912999999700000;8,691326894000042;48,888779001000046
150953;08;3;36;081;2018;04;17;1;3;5;3;0;1;1;0;0;0;0;0;411112,206000000010000;5277582,440999999600000;7,816479616000038;47,645533486000033
150958;08;2;22;000;2018;03;10;3;3;6;7;0;0;1;1;0;0;0;0;464422,343200000000000;5477092,172000000300000;8,509191767000061;49,445451154000068
150964;08;2;16;043;2018;03;14;3;3;3;5;0;1;1;0;0;0;0;0;442269,125200000010000;5413120,354199999900000;8,212776411000050;48,868355238000049
150968;08;1;25;026;2018;03;17;3;3;0;7;0;1;0;0;0;0;0;0;494583,521499999970000;5442972,583200000200000;8,925738543000023;49,139557624000076
150970;08;2;12;000;2018;04;15;1;3;0;7;0;1;0;0;0;0;0;1;460530,565000000000000;5427688,838999999700000;8,460366248000071;49,000834585000064
150971;08;1;19;079;2018;03;19;3;2;5;3;1;1;1;0;0;0;0;0;523063,392899999980000;5408698,795699999700000;9,314258597000048;48,830838553000035
150977;08;1;18;048;2018;03;17;3;3;0;6;0;1;0;0;0;0;1;0;513430,011000000000000;5414998,455099999900000;9,183203122000066;48,887792053000055
150978;08;1;15;028;2018;03;17;3;3;5;7;0;1;1;0;0;0;0;0;501303,916600000000000;5404178,857300000300000;9,017752766000058;48,790604531000042
150982;08;4;36;082;2018;03;09;7;3;0;1;0;1;0;0;0;0;0;1;547898,262200000000000;5295841,757700000000000;9,639813207000032;47,814145381000060
150986;08;4;16;036;2018;03;17;7;3;6;7;0;0;0;1;0;0;1;0;495885,936700000020000;5369880,044900000100000;8,944327775000033;48,482033903000058
150989;08;4;15;061;2018;03;15;7;3;0;1;0;1;0;0;0;0;0;0;516235,962500000020000;5372150,178899999700000;9,219795351000073;48,502260592000027
150990;08;3;35;075;2018;03;14;2;2;5;3;0;1;1;0;0;0;0;0;489029,533400000010000;5289249,744900000300000;8,853621351000072;47,756523243000061
150991;08;4;15;061;2018;03;16;7;3;4;5;0;1;1;0;0;0;0;0;515809,310500000020000;5371826,423000000400000;9,214007305000052;48,499358858000051
150992;08;3;35;063;2018;03;23;7;3;2;6;2;1;0;0;0;0;1;0;497353,260899999990000;5287420,229100000100000;8,964695707000033;47,740149934000044
150993;08;3;35;043;2018;03;16;7;3;0;7;0;1;0;0;0;0;0;0;512707,393099999990000;5280417,423399999700000;9,169296694000025;47,677021703000037
150994;08;3;17;011;2018;03;11;2;2;7;7;0;1;0;1;0;0;0;0;427938,027699999980000;5354612,893899999600000;8,027540250000072;48,340585232000080
150997;08;3;11;000;2018;03;08;2;3;0;7;0;1;0;0;0;0;0;0;414018,657799999990000;5315230,052600000100000;7,847700720000034;47,984591550000061
150999;08;3;11;000;2018;03;07;2;3;5;6;0;1;0;0;0;0;1;0;415280,990899999980000;5315898,371899999700000;7,864482831000032;47,990771822000056
151001;08;3;16;017;2018;03;18;7;3;0;4;0;0;1;1;0;0;0;0;408778,749799999990000;5342149,329300000300000;7,771736690000068;48,226003576000039
151004;08;2;22;000;2018;03;10;2;3;5;3;0;1;1;0;0;0;0;0;462395,524700000010000;5478370,618800000300000;8,481110791000049;49,456828161000033
151007;08;2;16;043;2018;03;06;2;3;0;7;2;1;0;0;0;0;0;0;441765,289400000010000;5411965,168899999900000;8,206071130000055;48,857917277000070
151008;08;1;21;000;2018;03;22;2;2;0;7;2;1;0;0;0;0;0;0;516240,983499999970000;5442975,783099999700000;9,222667838000064;49,139395587000081
151009;08;3;11;000;2018;03;12;7;3;6;4;0;0;1;1;0;0;0;0;414097,218500000020000;5318054,340200000400000;7,848187955000071;48,010007623000035
151011;08;1;19;055;2018;03;07;2;3;1;5;0;1;1;0;0;0;0;0;543830,861599999950000;5404347,786100000100000;9,596756327000037;48,790580768000041
151012;08;2;12;000;2018;03;13;7;3;5;3;0;1;0;0;1;0;0;0;458304,855500000010000;5428334,109299999700000;8,429871197000068;49,006492569000045
151013;08;2;12;000;2018;03;14;7;3;5;3;0;1;1;0;0;0;0;0;455451,400700000000000;5427857,434999999600000;8,390908312000022;49,002005458000042
151017;08;1;19;044;2018;03;14;2;3;6;7;0;0;1;1;0;0;0;0;542490,918399999970000;5425531,334800000300000;9,580716312000050;48,981226878000030
151021;08;2;22;000;2018;03;12;7;3;1;3;0;1;1;0;0;0;0;0;461570,311400000010000;5482472,081700000000000;8,469326075000026;49,493667072000051
151022;08;2;16;039;2018;03;17;7;3;0;5;0;1;1;0;0;0;0;0;443890,705900000000000;5415189,536600000200000;8,234602414000051;48,887116380000066
151023;08;1;16;033;2018;03;22;2;3;6;4;2;0;1;1;0;0;0;0;533374,493600000050000;5387711,186200000300000;9,453052601000024;48,641570725000065
151026;08;1;16;019;2018;03;08;2;3;6;4;0;0;1;1;0;0;0;0;526492,011700000030000;5396970,207399999700000;9,360219855000025;48,725193867000030
151028;08;1;19;084;2018;03;13;7;1;8;1;0;1;0;0;0;0;0;0;546738,383799999950000;5416630,389200000100000;9,637741162000054;48,900854752000043
151030;08;1;11;000;2018;03;16;2;3;6;3;0;0;1;1;0;0;0;0;512793,023400000010000;5408756,992300000000000;9,174318730000039;48,831658612000069
151034;08;4;25;020;2018;03;04;1;3;6;4;2;0;1;1;0;0;0;0;558052,381900000040000;5362412,232099999700000;9,784501400000067;48,412188988000025
151038;08;3;35;063;2018;03;19;1;2;1;5;0;1;1;0;0;0;0;0;497688,479300000010000;5287272,127000000300000;8,969167900000059;47,738818660000049
151040;08;3;17;057;2018;03;14;1;3;1;5;0;1;1;0;0;0;0;0;412275,879599999990000;5380417,422500000300000;7,810817227000030;48,570704380000052
151041;08;3;15;074;2018;03;15;1;3;5;3;0;1;1;0;0;0;0;0;397096,621500000010000;5295540,143600000100000;7,625673657000050;47,804987149000056
151047;08;2;36;050;2018;03;12;1;3;4;2;0;1;0;0;0;0;1;0;486610,670600000010000;5423250,284199999600000;8,817080915000076;48,962023817000045
151048;08;2;26;084;2018;03;11;1;3;6;4;0;0;1;1;0;0;0;0;466973,707600000020000;5473524,446200000100000;8,544684757000027;49,413504684000031
151049;08;3;15;006;2018;03;13;6;3;0;7;0;1;1;0;0;0;0;0;402091,261799999980000;5308263,113500000000000;7,689479331000030;47,920210081000050
151052;08;2;12;000;2018;03;14;1;3;5;2;0;1;1;0;0;0;0;0;457325,580299999970000;5428565,680400000000000;8,416457214000047;49,008508646000053
151055;08;2;12;000;2018;03;13;6;3;3;6;0;1;1;0;0;0;0;0;454945,621300000000000;5429284,279900000400000;8,383835096000041;49,014803335000067
151056;08;1;28;007;2018;03;15;6;3;6;2;0;0;1;1;0;0;0;0;556057,841099999960000;5482805,820899999700000;9,774127957000076;49,495296053000061
151057;08;1;27;043;2018;03;08;1;3;6;7;0;0;1;1;0;0;0;0;567088,702000000050000;5446712,178899999700000;9,920366333000061;49,169552918000079
151059;08;1;19;067;2018;03;20;1;3;1;7;2;1;1;0;0;0;0;0;539540,884899999950000;5409973,739900000400000;9,538893410000071;48,841476664000027
151062;08;1;19;079;2018;03;16;1;2;6;4;0;0;1;1;0;0;0;0;521990,353699999980000;5408786,626299999700000;9,299642439000024;48,831667584000058
151065;08;1;11;000;2018;03;14;6;3;6;7;0;1;0;1;0;0;0;0;515885,364699999980000;5405653,559799999900000;9,216334760000052;48,803669223000043
151067;08;1;11;000;2018;03;15;1;3;5;3;0;1;1;0;0;0;0;0;510878,239699999980000;5410764,954099999700000;9,148281149000070;48,849758405000046
151068;08;4;25;071;2018;03;10;7;2;5;3;0;1;0;0;0;0;0;0;552773,608699999980000;5367585,592400000400000;9,713823453000032;48,459191745000055
151070;08;4;25;071;2018;03;17;5;3;6;1;0;0;0;1;0;0;1;0;550610,025999999950000;5370970,009999999800000;9,684970458000066;48,489815064000027
151072;08;4;16;041;2018;03;17;5;3;6;4;0;0;1;1;0;0;0;0;503826,205100000020000;5373238,304700000200000;9,051807654000072;48,512247976000026
151073;08;3;35;043;2018;03;04;7;3;9;1;2;1;0;0;0;0;0;0;512889,932800000010000;5280251,850700000300000;9,171723715000042;47,675528323000037
151075;08;3;17;039;2018;03;12;7;3;6;6;0;0;1;1;0;0;0;0;440354,994899999990000;5346894,309500000400000;8,196176562000062;48,272444740000026
151077;08;3;35;099;2018;03;05;5;3;0;1;2;1;0;0;0;0;0;0;498951,994400000030000;5298483,507899999600000;8,985994155000071;47,839696562000029
151078;08;3;17;096;2018;03;12;7;3;6;2;0;0;1;1;0;0;0;0;420462,995000000000000;5368178,804999999700000;7,924113472000045;48,461713305000046
151080;08;3;35;043;2018;03;17;5;3;5;3;0;1;1;0;0;0;0;1;513183,926500000000000;5279206,853600000000000;9,175608827000076;47,666119862000073
151081;08;3;17;031;2018;03;15;7;3;8;5;0;1;1;0;0;0;0;0;417629,535900000020000;5358679,845599999700000;7,887658861000034;48,375907149000057
151082;08;3;17;057;2018;03;18;7;2;0;1;0;1;0;0;0;0;0;0;414685,735500000010000;5379683,037399999800000;7,843628680000052;48,564431700000057
151087;08;3;11;000;2018;03;12;5;3;3;2;0;1;1;0;0;0;0;0;412369,586000000010000;5314899,091400000300000;7,825672592000046;47,981390641000075
151088;08;3;11;000;2018;03;21;7;3;0;1;2;1;0;0;0;0;0;0;414529,998700000000000;5316019,629599999600000;7,854394962000072;47,991762649000066
151089;08;3;11;000;2018;03;07;5;3;5;2;0;1;0;0;0;0;1;0;414606,365600000020000;5318520,335099999800000;7,854920537000055;48,014267658000051
151090;08;3;36;105;2018;03;07;5;2;1;5;0;1;1;0;0;0;0;0;401511,915900000020000;5266415,585199999600000;7,691194367000037;47,543692694000072
151094;08;2;22;000;2018;03;19;7;3;0;1;2;1;0;0;0;0;0;0;461901,222200000020000;5481086,058500000300000;8,474028980000071;49,481221393000055
151102;08;2;31;000;2018;03;16;5;3;6;4;0;0;1;1;0;0;0;0;476856,022400000020000;5415118,569100000000000;8,684280379000029;48,888585910000074
151103;08;1;28;007;2018;03;11;7;3;6;7;0;0;1;1;0;0;0;0;555982,252899999960000;5482135,899299999700000;9,772989333000055;49,489277741000080
151104;08;1;18;048;2018;03;15;7;3;5;3;0;1;1;0;0;0;0;0;513982,271599999980000;5416607,486800000100000;9,190791718000071;48,902254255000059
151108;08;1;16;080;2018;03;18;7;3;5;3;0;1;1;0;0;0;0;0;519695,977599999980000;5396984,970599999700000;9,267814075000047;48,725578499000051
151109;08;2;25;058;2018;03;12;5;3;5;2;0;1;1;0;0;0;0;0;509412,971900000000000;5465478,333499999700000;9,129582997000057;49,341953481000075
151110;08;1;16;033;2018;03;13;7;3;6;7;0;0;1;1;0;0;0;0;532901,181800000020000;5388757,936800000300000;9,446710845000041;48,651012279000042
151115;08;3;37;030;2018;04;16;7;3;6;6;0;0;1;1;0;0;0;0;462655,222400000030000;5275061,651999999800000;8,502933044000031;47,627879956000072
151116;08;3;36;050;2018;04;16;7;3;6;6;0;1;0;1;0;0;0;0;398557,690000000000000;5272477,103000000100000;7,650546598000062;47,597763606000058
151117;08;3;35;043;2018;04;00;7;3;0;1;2;1;0;0;0;0;0;0;513104,168200000010000;5278396,257500000300000;9,174522148000051;47,658828001000074
151118;08;3;35;066;2018;04;16;7;3;6;7;0;0;1;1;0;0;0;0;504547,001500000010000;5282703,558899999600000;9,060602246000030;47,697700509000072
151122;08;3;17;096;2018;04;22;7;2;0;7;1;1;0;0;0;0;0;0;420472,721000000020000;5368160,802000000100000;7,924248433000059;48,461552600000061
151123;08;3;16;051;2018;04;18;7;3;4;7;0;1;1;0;0;0;0;0;400057,044799999970000;5335409,013600000200000;7,655920830000071;48,164064152000037
151125;08;2;12;000;2018;04;11;7;3;2;6;0;1;1;0;0;0;0;0;454778,216299999970000;5433175,194199999800000;8,381111806000035;49,049790020000046
151126;08;2;36;071;2018;04;19;7;3;0;7;0;1;1;0;0;0;0;0;468727,599099999990000;5421396,841400000300000;8,572917733000054;48,944705211000041
151127;08;2;26;041;2018;04;15;7;3;5;3;0;1;1;0;0;0;0;0;476991,724500000010000;5466970,892900000300000;8,683174158000043;49,355017621000059
151128;08;2;26;095;2018;04;16;7;3;3;3;0;1;1;0;0;0;0;0;475198,889700000000000;5460042,937099999700000;8,658917821000046;49,292630708000047
151130;08;2;26;096;2018;04;12;7;3;5;3;0;1;1;0;0;0;0;0;474308,418999999990000;5487957,626799999700000;8,644864500000040;49,543680681000069
151131;08;2;26;032;2018;04;10;7;3;0;7;0;1;0;0;0;0;0;0;467859,234400000020000;5462211,413599999600000;8,557806058000040;49,311793870000031
151133;08;1;11;000;2018;04;07;4;3;5;2;0;1;1;0;0;0;1;0;518671,867700000000000;5403322,102199999600000;9,254176407000045;48,782618311000078
151135;08;4;36;011;2018;04;07;3;3;0;6;0;1;0;0;0;0;0;0;548899,749199999960000;5296869,481399999900000;9,653305926000030;47,823316359000046
151138;08;4;26;070;2018;04;06;3;3;6;7;0;0;1;1;0;0;0;0;565670,337999999990000;5342193,486999999700000;9,884286575000033;48,229561238000031
151139;08;2;21;000;2018;04;12;7;3;0;7;0;1;0;0;0;0;0;0;478425,311800000020000;5469824,182000000000000;8,702759798000045;49,380735144000028
151143;08;4;25;072;2018;04;17;3;3;0;5;0;1;1;0;0;0;0;0;582852,203800000020000;5372399,576700000100000;10,121558746000062;48,499250002000053
151149;08;1;19;089;2018;04;08;7;3;8;1;0;1;0;0;0;0;0;0;534311,606900000010000;5413744,209099999600000;9,467943539000032;48,875705150000044
151150;08;4;15;050;2018;04;16;3;3;4;6;0;1;0;0;0;0;0;0;520619,320000000010000;5377178,808000000200000;9,279383377000045;48,547370825000030