OBJECTID_1;ULAND;UREGBEZ;UKREIS;UGEMEINDE;UJAHR;UMONAT;USTUNDE;UWOCHENTAG;UKATEGORIE;UART;UTYP1;ULICHTVERH;IstRad;IstPKW;IstFuss;IstKrad;IstGkfz;IstSonstig;STRZUSTAND;LINREFX;LINREFY;XGCSWGS84;YGCSWGS84
151804;08;3;11;000;2018;04;08;4;3;3;2;0;1;0;0;0;0;0;0;413208,527999999990000;5315214,838999999700000;7,836848955000050;47,984345281000060
151806;08;3;17;096;2018;04;21;6;3;6;2;2;0;1;1;0;0;0;0;422150,496800000020000;5370429,729899999700000;7,946516940000038;48,482171308000034
151807;08;3;11;000;2018;04;07;4;3;5;3;0;1;0;0;0;1;0;0;414413,680999999980000;5319299,691999999800000;7,852181666000035;48,021252467000068
151809;08;3;16;017;2018;04;13;6;3;5;2;0;1;0;0;0;0;1;0;408672,080000000020000;5341788,208100000400000;7,770378575000052;48,222740027000043
151812;08;2;15;108;2018;04;13;4;2;4;7;0;1;0;0;0;1;0;0;448966,442600000010000;5424037,616600000300000;8,302728577000039;48,967144191000045
151813;08;3;15;015;2018;04;18;6;3;6;4;0;0;1;1;0;0;0;0;394535,071300000010000;5321442,955099999900000;7,585133523000025;48,037557357000026
151815;08;2;35;080;2018;04;11;4;3;6;6;0;0;0;1;0;0;1;0;481463,364200000010000;5385742,360899999700000;8,748453809000068;48,624475101000030
151816;08;3;11;000;2018;04;17;6;3;1;1;0;1;1;0;0;0;0;0;414999,356700000000000;5317429,378700000200000;7,860405486000047;48,004506481000078
151817;08;3;36;050;2018;04;11;6;3;5;3;0;1;1;0;0;0;0;0;398950,471200000030000;5274618,435700000300000;7,655276447000063;47,617086930000028
151818;08;2;22;000;2018;04;18;4;3;5;3;0;1;1;0;0;0;0;0;462038,385200000020000;5481948,526100000400000;8,475839685000040;49,488987435000070
151819;08;3;11;000;2018;04;07;6;3;0;2;0;1;1;0;0;0;0;0;412638,640000000010000;5317830,224999999600000;7,828680721000069;48,007793910000032
151820;08;3;11;000;2018;04;15;6;3;1;3;0;1;1;0;0;0;0;0;413454,371999999970000;5314787,116999999600000;7,840229173000068;47,980531076000034
151821;08;2;21;000;2018;04;10;4;3;1;5;0;1;1;0;0;0;0;0;477268,647000000000000;5472462,621500000400000;8,686673449000068;49,404425490000051
151822;08;2;26;018;2018;04;19;4;3;0;6;0;1;0;0;0;0;1;0;473382,933599999990000;5472098,370000000100000;8,633138670000051;49,400991582000074
151823;08;3;11;000;2018;04;13;6;3;0;7;0;1;0;0;0;0;0;0;414191,944000000020000;5317885,850700000300000;7,849491514000022;48,008504727000059
151827;08;2;15;109;2018;04;22;4;3;0;3;2;1;1;0;0;0;0;0;460708,157100000010000;5433001,825699999900000;8,462279519000049;49,048637195000026
151828;08;1;18;040;2018;04;08;4;3;0;1;0;1;1;0;0;0;0;0;510922,793599999980000;5431990,848500000300000;9,149457584000061;49,040698804000044
151830;08;1;36;044;2018;04;12;4;3;0;1;0;1;0;0;0;0;0;0;558370,381700000030000;5408086,651899999900000;9,795225809000044;48,823017272000072
151831;08;1;36;021;2018;04;18;4;2;5;7;0;1;1;0;0;0;0;0;577389,776100000020000;5407771,243300000200000;10,054242321000061;48,818101943000045
151833;08;2;26;095;2018;04;15;6;3;4;2;0;1;1;0;0;0;0;0;473825,370200000000000;5462288,694000000100000;8,639881429000070;49,312773915000037
151834;08;1;36;002;2018;04;16;4;2;6;7;0;0;1;1;0;0;0;0;572701,573300000050000;5415664,959200000400000;9,991789190000077;48,889668283000049
151835;08;2;26;013;2018;04;15;6;3;0;6;0;1;0;0;0;1;0;0;498682,050500000010000;5479843,453300000200000;8,981808843000067;49,471238651000078
151838;08;1;28;007;2018;04;14;4;2;6;4;0;0;1;1;0;0;0;0;555738,480300000050000;5482928,372299999900000;9,769735467000032;49,496427710000034
151839;08;2;22;000;2018;04;19;6;3;5;3;0;1;1;0;0;0;0;0;463675,662399999970000;5478009,642900000300000;8,498807288000023;49,453659237000068
151840;08;1;28;007;2018;04;14;4;3;8;1;0;1;0;0;0;0;0;0;556172,520000000020000;5482301,582000000400000;9,775639788000035;49,490750311000056
151841;08;1;25;102;2018;04;16;4;3;8;1;0;1;0;0;0;0;0;0;519650,669500000020000;5444783,883899999800000;9,269503165000060;49,155560358000059
151842;08;2;22;000;2018;04;13;6;3;3;6;0;1;1;0;0;0;0;0;461669,375200000010000;5481711,664900000200000;8,470767722000062;49,486833796000042
151843;08;2;22;000;2018;04;16;6;2;5;3;0;1;0;0;0;0;0;0;461383,674000000000000;5480061,822999999900000;8,466984304000050;49,471976219000055
151845;08;1;25;026;2018;04;12;4;3;5;3;0;1;1;0;0;0;0;0;493596,385000000010000;5442450,167999999600000;8,912212936000060;49,134848797000075
151848;08;1;19;090;2018;04;20;4;2;3;6;1;1;0;0;0;0;0;0;530453,704999999960000;5406693,399899999600000;9,414806645000056;48,812480225000058
151851;08;1;18;048;2018;04;09;4;3;0;7;0;1;0;0;0;0;0;0;511054,713600000020000;5415410,067900000100000;9,150812188000032;48,891541746000030
151854;08;1;17;026;2018;04;23;4;3;5;3;2;1;1;0;0;0;0;0;550438,872800000010000;5393183,442599999700000;9,685351230000038;48,689652385000045
151856;08;2;12;000;2018;04;07;6;3;5;7;0;1;1;0;0;0;0;0;459633,117199999980000;5431968,186700000400000;8,447670969000058;49,039269995000041
151857;08;2;12;000;2018;04;07;6;3;6;4;0;0;0;1;1;0;0;0;458407,313399999980000;5431481,470300000200000;8,430949429000066;49,034810436000043
151862;08;1;16;033;2018;04;08;4;3;3;2;0;1;1;0;0;0;0;0;533200,148399999950000;5387753,742900000000000;9,450689385000032;48,641962846000069
151863;08;2;15;009;2018;04;19;6;3;1;5;0;1;1;0;0;0;0;0;467594,051400000000000;5437382,973799999800000;8,556160851000072;49,088447251000048
151865;08;1;16;077;2018;04;07;4;3;6;4;0;0;1;1;0;0;0;0;516093,922599999990000;5391955,447599999600000;9,218639843000062;48,680436252000050
151866;08;1;36;019;2018;04;17;6;3;5;3;0;1;1;0;0;0;0;0;588886,284499999950000;5421738,699799999600000;10,213855694000074;48,942183859000068
151870;08;1;15;050;2018;04;13;4;3;3;6;0;1;0;0;0;0;0;0;489435,923300000020000;5401707,883299999900000;8,856234301000029;48,768287442000030
151871;08;1;35;019;2018;04;19;6;2;0;7;0;1;0;0;0;0;0;0;582978,969900000030000;5392633,472699999800000;10,127315980000049;48,681227496000076
151872;08;1;15;041;2018;04;18;4;3;6;4;0;0;1;1;0;0;0;0;495191,720800000010000;5402227,217799999800000;8,934558346000074;48,773030451000068
151874;08;1;15;003;2018;04;09;4;3;0;7;0;1;0;0;0;0;0;0;499780,530399999990000;5392215,705000000100000;8,997018303000061;48,682984990000080
151878;08;1;11;000;2018;04;12;4;3;5;3;0;1;1;0;0;0;0;0;515943,475900000020000;5406067,804800000000000;9,217142229000046;48,807394224000063
151881;08;1;11;000;2018;04;07;4;3;0;3;0;1;1;0;0;0;0;0;511035,935600000030000;5406493,633399999700000;9,150315710000029;48,811331455000072
151883;08;1;11;000;2018;04;18;4;2;5;3;0;1;1;0;0;0;0;0;514673,895299999970000;5410022,962600000200000;9,199992814000041;48,843005448000042
151885;08;1;11;000;2018;04;19;4;3;5;3;0;1;1;0;0;0;0;0;507900,855600000010000;5406718,605600000400000;9,107618565000053;48,813403054000048
151886;08;1;11;000;2018;04;21;4;3;0;7;2;1;0;0;0;0;0;0;513349,925999999980000;5402687,683000000200000;9,181709732000059;48,777048122000053
151887;08;1;21;000;2018;04;22;6;3;0;7;2;1;0;0;0;0;0;0;515577,429200000010000;5443042,315700000200000;9,213572986000031;49,140011256000037
151888;08;4;21;000;2018;04;12;3;3;5;3;0;1;0;0;0;1;0;0;571538,543599999980000;5361262,114199999700000;9,966528583000070;48,400456619000067
151890;08;1;19;076;2018;04;16;6;2;5;3;0;1;1;0;0;0;0;0;542383,836800000050000;5407258,109899999600000;9,577356612000074;48,816860803000054
151891;08;1;19;020;2018;04;20;6;3;0;1;0;1;0;0;0;0;0;0;520350,241600000010000;5406079,583300000100000;9,277160121000065;48,807371502000080
151893;08;1;19;020;2018;04;13;6;2;6;4;0;0;1;1;0;0;0;0;520775,916299999980000;5407202,484100000000000;9,283014374000061;48,817458809000073
151894;08;1;18;070;2018;04;17;6;3;6;4;0;0;1;1;0;0;0;0;520209,489999999990000;5424147,778699999700000;9,276136730000076;48,969911923000041
151895;08;4;15;061;2018;04;18;3;3;5;2;0;1;1;0;0;0;0;0;515317,153799999970000;5371399,575400000400000;9,207329470000047;48,495530982000048
151897;08;1;18;048;2018;04;07;6;3;5;2;1;1;1;0;0;0;0;0;515958,412100000020000;5416048,627999999600000;9,217734639000071;48,897179162000043
151898;08;4;15;061;2018;04;06;3;3;0;4;1;1;0;1;0;0;0;0;516922,907799999990000;5372451,445799999900000;9,229107055000043;48,504952754000044
151900;08;1;16;049;2018;04;16;6;3;6;4;0;0;1;1;0;0;0;0;525318,798799999990000;5385786,042000000400000;9,343582795000032;48,624630281000066
151905;08;3;26;074;2018;04;16;3;3;3;6;0;1;1;0;0;0;0;0;463542,760200000020000;5326402,300200000400000;8,510416275000068;48,089846631000057
151908;08;3;16;011;2018;04;15;3;3;0;2;0;1;1;0;0;0;0;0;414770,590099999970000;5329079,153900000300000;7,855017662000023;48,109269271000073
151909;08;3;15;113;2018;04;08;3;2;5;3;0;1;1;0;0;0;0;0;439944,698900000020000;5308092,147099999700000;8,196108266000067;47,923336252000070
151910;08;1;15;044;2018;04;16;6;2;6;4;0;0;1;1;0;0;0;0;504180,124599999980000;5390197,065899999800000;9,056770434000043;48,664811105000069
151911;08;3;36;069;2018;04;12;3;2;6;7;0;0;1;1;0;0;0;0;408583,217999999990000;5267877,665000000000000;7,784838069000045;47,557879138000033
151913;08;1;11;000;2018;04;17;6;3;0;1;0;1;0;0;0;0;0;0;510275,657899999990000;5402421,774700000000000;9,139858478000065;48,774714401000040
151914;08;3;36;050;2018;04;19;3;3;5;3;0;1;1;0;0;0;0;0;399236,501400000010000;5273283,900600000300000;7,659388616000058;47,605126893000033
151915;08;3;11;000;2018;04;12;3;3;0;4;0;0;0;1;0;0;1;0;414192,465900000010000;5316361,749499999900000;7,849803354000073;47,994794944000034
151916;08;4;36;081;2018;04;10;5;3;3;2;0;1;0;0;1;0;0;0;562390,683700000050000;5280903,742700000300000;9,831238143000064;47,678511387000071
151918;08;3;11;000;2018;04;08;3;2;5;2;0;1;0;0;0;0;1;0;410231,207100000000000;5316621,916600000100000;7,796662581000021;47,996591320000050
151919;08;4;35;016;2018;04;22;5;3;5;3;2;1;0;0;1;0;0;0;534012,484999999990000;5278344,298000000400000;9,452970183000048;47,657599055000048
151920;08;3;11;000;2018;04;08;3;3;5;2;0;1;0;0;0;0;1;0;414037,324399999980000;5314934,192699999500000;7,848010057000067;47,981932683000025
151921;08;2;22;000;2018;04;16;3;2;3;2;0;1;1;0;0;0;0;0;461449,566500000020000;5481842,995900000400000;8,467720146000033;49,488001125000039
151923;08;2;26;103;2018;04;06;3;3;0;7;0;0;0;1;0;0;1;0;473339,542100000020000;5456391,642799999600000;8,633590675000050;49,259709013000077
151924;08;3;35;063;2018;04;16;5;3;2;7;0;1;1;0;0;0;0;0;497116,710000000020000;5288001,937599999800000;8,961536550000062;47,745382895000034
151925;08;3;35;022;2018;04;11;5;2;0;1;0;1;0;0;0;0;0;0;481742,641000000000000;5296661,632000000200000;8,756081421000033;47,823046046000059
151928;08;3;26;060;2018;04;07;5;3;6;7;0;0;1;1;0;0;0;0;442832,134900000000000;5330908,026800000100000;8,231710850000070;48,128859687000045
151929;08;2;15;009;2018;04;17;3;3;0;1;0;1;0;0;0;0;0;0;470161,361099999980000;5441390,335500000000000;8,591026175000025;49,124624193000045
151930;08;2;12;000;2018;04;16;3;3;5;3;0;1;1;0;0;0;0;0;454638,523899999970000;5432302,115899999600000;8,379297904000055;49,041926400000079
151932;08;3;17;065;2018;04;11;5;3;5;3;0;1;1;0;0;0;0;0;416344,685400000020000;5354633,716000000000000;7,871116008000058;48,339343669000073
151933;08;2;15;096;2018;04;08;3;3;6;4;0;0;1;1;0;0;0;0;461169,390799999990000;5416187,664200000500000;8,470196506000036;48,897418465000044
151936;08;3;17;001;2018;04;12;5;3;5;3;0;1;1;0;0;0;0;0;432017,115800000030000;5386845,107099999700000;8,077334334000057;48,630974586000036
151937;08;3;17;096;2018;04;07;5;2;5;3;0;1;0;0;0;0;1;0;422027,941799999970000;5369129,870799999700000;7,945101233000059;48,470464001000039
151938;08;3;16;056;2018;04;14;5;3;5;3;0;1;1;0;0;0;0;0;423486,537200000020000;5328234,031600000300000;7,972239704000060;48,102773779000074
151942;08;2;12;000;2018;04;07;3;3;0;7;0;1;0;0;0;0;0;0;455751,163500000020000;5428744,945299999800000;8,394909863000066;49,010010268000030
151943;08;2;16;049;2018;04;14;3;3;5;7;0;1;1;0;0;0;0;0;438725,233100000010000;5401192,411100000100000;8,166237965000050;48,760723931000030
151944;08;3;16;011;2018;04;05;5;2;5;3;1;1;1;0;0;0;0;1;414700,076000000000000;5329065,815999999600000;7,854073231000029;48,109139853000045
151945;08;1;36;065;2018;04;11;3;2;0;1;0;1;0;0;0;0;0;0;558157,041600000000000;5405026,102300000400000;9,791885948000072;48,795507472000054
151946;08;3;15;052;2018;04;07;5;2;5;3;0;1;1;0;0;0;0;0;432943,963999999980000;5306405,174999999800000;8,102671154000063;47,907465722000040
151948;08;2;25;075;2018;04;13;3;2;6;4;0;0;1;1;0;0;0;0;531962,016700000040000;5475461,584099999600000;9,440799177000031;49,430985479000071
151951;08;3;36;050;2018;04;17;5;3;3;6;0;1;1;0;0;0;0;0;399278,016500000030000;5274838,711400000400000;7,659583395000027;47,619119387000069
151953;08;1;25;065;2018;04;07;3;3;5;3;0;1;1;0;0;0;0;0;516149,701500000020000;5448573,996500000400000;9,221640986000068;49,189755555000033
151954;08;3;11;000;2018;04;14;5;3;3;2;0;1;1;0;0;0;0;0;412584,960499999990000;5315602,223600000100000;7,828415042000074;47,987745014000041
151955;08;1;25;065;2018;04;08;3;3;5;3;0;1;1;0;0;0;0;0;516422,730900000020000;5448456,489000000100000;9,225383252000029;49,188691294000080
151956;08;2;15;099;2018;04;15;5;2;5;3;0;1;1;0;0;0;0;0;463003,429400000020000;5445700,828499999800000;8,492526122000072;49,163008046000073
151959;08;2;35;065;2018;04;19;5;3;5;3;0;1;1;0;0;0;0;0;474033,183499999980000;5404044,691100000400000;8,646474953000052;48,788856796000061
151960;08;1;19;020;2018;04;18;3;3;0;7;0;1;1;0;0;0;0;0;520015,300899999970000;5406269,593100000200000;9,272607716000039;48,809091672000079
151968;08;1;17;026;2018;04;10;3;3;0;1;0;1;0;0;0;0;1;0;545045,538999999990000;5395844,685200000200000;9,612362886000028;48,714004405000026
151970;08;2;26;098;2018;04;07;5;3;5;3;0;1;0;0;0;0;0;0;477472,135000000010000;5460111,838399999800000;8,690176688000065;49,293338524000035
151972;08;1;16;080;2018;04;17;3;3;0;1;0;1;0;0;0;0;0;0;519509,659999999970000;5396472,792999999600000;9,265256438000051;48,720976833000066
151973;08;2;26;098;2018;04;18;5;3;5;3;0;1;1;0;0;0;0;0;481095,518600000010000;5461783,979700000000000;8,739928965000047;49,308502381000039
151974;08;1;16;080;2018;04;07;3;3;5;3;0;1;1;0;0;0;0;0;516648,052900000010000;5396685,990899999600000;9,226358523000044;48,722977754000055
151976;08;2;16;043;2018;04;11;5;3;5;2;0;1;1;0;0;0;0;0;442262,085100000030000;5412773,997999999700000;8,212729297000067;48,865239117000044
151979;08;1;15;045;2018;04;14;3;3;5;3;0;1;1;0;0;0;0;0;500229,300200000000000;5393940,471699999600000;9,003116212000066;48,698501163000060
151980;08;2;12;000;2018;04;12;5;2;6;7;0;0;0;1;0;0;1;0;459838,334099999980000;5430546,487400000000000;8,450619598000060;49,026495000000068
151981;08;2;15;017;2018;04;16;5;3;6;4;0;1;0;1;0;0;0;0;457002,190799999980000;5421107,389499999600000;8,412823822000064;48,941397512000037
151982;08;1;15;003;2018;04;12;3;3;0;7;0;1;1;0;0;0;0;0;499865,059100000010000;5391800,267199999700000;8,998166839000021;48,679247687000043
151983;08;2;25;075;2018;04;10;5;2;6;4;0;0;1;1;0;0;0;0;530636,481499999990000;5475249,466900000300000;9,422502413000075;49,429145783000081
151984;08;1;25;005;2018;04;07;5;3;5;3;0;1;1;0;0;0;0;0;516028,066100000000000;5452092,789500000000000;9,220112109000070;49,221411092000039
151985;08;1;11;000;2018;04;14;3;2;0;1;0;1;0;0;0;0;0;1;513522,890399999970000;5407035,866399999700000;9,184207150000077;48,816160162000074
151986;08;1;11;000;2018;04;08;3;3;5;2;0;1;1;0;0;0;0;0;514105,699900000010000;5402715,761400000200000;9,191997696000044;48,777284036000026
151988;08;1;11;000;2018;04;18;3;3;1;5;0;1;1;0;0;0;0;0;511504,157000000010000;5396745,144000000300000;9,156420515000036;48,723626063000040
151990;08;1;19;091;2018;04;19;5;2;0;7;0;1;0;0;0;0;0;0;528066,125200000010000;5407068,388399999600000;9,382312115000048;48,815965945000073
151994;08;1;17;019;2018;04;12;5;3;6;4;0;0;1;1;0;0;0;0;552144,423199999960000;5394394,009200000200000;9,708676848000039;48,700401738000039
151995;08;1;16;078;2018;04;07;5;3;2;6;0;1;1;0;0;0;0;1;509414,183699999990000;5394597,265300000100000;9,127954496000029;48,704338727000049
151998;08;1;15;003;2018;04;07;5;3;6;4;0;1;0;1;0;0;0;0;502104,318700000000000;5392259,678500000400000;9,028589336000039;48,683377072000042
152000;08;4;37;104;2018;04;07;2;2;1;5;0;1;1;0;0;0;0;0;516819,397300000010000;5325315,907800000200000;9,225828007000075;48,080893314000036
152003;08;4;16;041;2018;04;08;2;3;6;7;0;0;1;1;0;0;0;0;504244,184899999990000;5374268,803299999800000;9,057477675000030;48,521516037000026
152004;08;1;11;000;2018;04;22;5;3;1;5;2;1;1;0;0;0;0;0;512282,989400000020000;5405288,186200000300000;9,167265151000038;48,800463994000040
152006;08;4;16;041;2018;04;17;2;3;5;3;0;1;1;0;0;0;0;1;505498,121600000010000;5373722,104799999900000;9,074452129000065;48,516588007000053
152008;08;4;15;061;2018;04;08;2;3;0;7;0;1;0;0;0;0;0;0;516070,598999999990000;5374250,262400000400000;9,217637644000035;48,521157863000042
152009;08;3;35;043;2018;04;08;2;3;5;2;0;1;0;0;0;0;0;0;513800,380599999970000;5280099,962600000200000;9,183848123000075;47,674142893000067
152011;08;3;17;096;2018;04;09;2;3;3;2;0;1;1;0;0;0;0;1;421728,127900000020000;5368785,900899999800000;7,941110092000031;48,467332776000035
152012;08;4;25;071;2018;04;08;4;3;5;3;0;1;1;0;0;0;0;0;552054,590600000000000;5371039,606700000400000;9,704528761000063;48,490323137000075
152014;08;3;16;012;2018;04;15;2;3;0;1;0;1;0;0;0;0;0;1;403580,603799999980000;5332926,815399999700000;7,703856960000053;48,142281938000053
152015;08;4;16;025;2018;04;11;4;3;2;6;0;1;0;0;0;0;0;0;503193,363200000020000;5361618,537399999800000;9,043150150000031;48,407714725000062
152016;08;3;16;011;2018;04;07;2;3;6;7;0;1;0;1;0;0;0;0;415190,953199999990000;5329146,578400000000000;7,860650303000057;48,109931890000041
152017;08;4;15;060;2018;04;19;4;2;5;3;0;1;1;0;0;0;0;0;515204,035299999990000;5378435,773699999800000;9,206054971000071;48,558833482000068
152019;08;3;11;000;2018;04;17;2;3;5;2;0;1;1;0;0;0;0;1;409806,543799999980000;5315823,303899999700000;7,791139161000046;47,989347878000046
152022;08;3;11;000;2018;04;11;2;3;5;3;0;1;1;0;0;0;0;0;412065,463999999980000;5317588,148600000000000;7,821047033000070;48,005537760000038
152023;08;3;35;063;2018;04;15;4;2;0;1;0;1;0;0;0;0;0;0;500055,330000000020000;5287570,613099999700000;9,000738054000067;47,741508457000066
152025;08;3;35;043;2018;04;14;4;3;5;3;0;1;0;0;1;0;0;0;511624,012899999970000;5280923,752100000200000;9,154876692000073;47,681597864000025
152026;08;3;11;000;2018;04;07;2;3;5;2;0;1;1;0;0;0;0;0;414763,951000000000000;5316012,583999999800000;7,857531516000051;47,991730499000028
152027;08;3;35;043;2018;04;13;4;3;6;4;0;0;1;1;0;0;0;0;512697,065599999970000;5279828,627600000200000;9,169141984000021;47,671724121000068
152029;08;3;36;091;2018;04;11;2;3;0;7;0;1;0;0;0;0;0;0;396398,782300000020000;5271994,286799999900000;7,621949895000057;47,593079164000073
152030;08;2;12;000;2018;04;06;2;3;5;2;0;1;1;0;0;0;0;0;456536,700000000010000;5426821,053500000400000;8,405857134000030;48,992760440000040
152032;08;3;27;018;2018;04;14;4;3;0;3;0;1;1;0;0;0;0;0;473221,555400000010000;5307972,558000000200000;8,641540349000024;47,924514504000058
152034;08;3;25;053;2018;04;12;4;3;5;3;0;1;1;0;0;0;0;0;454000,991900000020000;5342320,035699999900000;8,380565257000058;48,232431763000079
152035;08;2;36;070;2018;04;10;2;3;5;3;0;1;0;0;0;0;1;1;471878,678399999980000;5415440,199699999800000;8,616361031000054;48,891273287000047
152036;08;2;22;000;2018;04;17;2;3;6;4;0;0;1;1;0;0;0;0;464316,963099999990000;5479610,565899999800000;8,507511132000047;49,468096843000069
152039;08;2;22;000;2018;04;16;2;2;6;7;0;1;0;1;0;0;0;0;461813,680999999980000;5481267,187900000300000;8,472802996000041;49,482845056000031
152041;08;3;17;096;2018;04;07;4;3;0;3;0;1;1;0;0;0;0;0;421689,413100000010000;5369490,263700000000000;7,940454530000068;48,473663635000037
152042;08;2;22;000;2018;04;17;2;3;6;4;0;0;1;1;0;0;0;0;461628,777300000020000;5482955,911700000100000;8,470086408000043;49,498022560000038
152043;08;2;22;000;2018;04;16;2;3;6;4;0;0;1;1;0;0;0;0;461867,985400000010000;5484096,113199999600000;8,473279690000027;49,508293128000048
152044;08;3;17;001;2018;04;15;4;3;1;1;0;1;1;0;0;0;0;0;429683,428900000000000;5389569,113500000000000;8,045203563000030;48,655218761000071
152048;08;2;21;000;2018;04;11;2;3;0;5;0;1;1;0;0;0;0;0;474177,745400000010000;5471921,055599999600000;8,644104811000034;49,399430909000046
152050;08;3;11;000;2018;04;07;4;3;0;1;0;1;0;0;0;0;0;0;410864,272200000010000;5317916,846099999700000;7,804877744000066;48,008328075000065
152052;08;2;12;000;2018;04;08;2;3;1;5;0;1;1;0;0;0;0;0;456344,569800000000000;5424636,922100000100000;8,403465406000066;48,973100286000033
152055;08;1;36;088;2018;04;14;2;3;6;7;0;1;0;1;0;0;0;0;579116,907200000020000;5408886,907800000200000;10,077981072000057;48,827919015000077
152057;08;2;12;000;2018;04;13;4;3;5;3;0;1;1;0;0;0;0;0;453649,169100000000000;5430303,973799999800000;8,365989408000075;49,023879481000051
152058;08;2;25;058;2018;04;19;2;2;0;1;0;1;1;0;0;0;0;0;507980,128000000030000;5466597,574500000100000;9,109880314000066;49,352041547000056
152059;08;1;25;102;2018;04;16;2;3;6;4;0;0;1;1;0;0;0;0;521001,858499999970000;5444148,238699999600000;9,288000940000075;49,149797826000054
152060;08;2;26;060;2018;04;20;4;3;3;3;1;1;1;0;0;0;0;0;477715,674000000000000;5464276,153900000300000;8,693293537000045;49,330805469000040
152062;08;1;21;000;2018;04;12;2;2;6;4;0;0;1;1;0;0;0;0;516203,655199999980000;5443229,756600000000000;9,222166273000028;49,141681148000032
152063;08;2;26;031;2018;04;07;4;3;5;3;0;1;1;0;0;0;0;0;474597,956100000010000;5493652,902700000400000;8,648499069000025;49,594919375000075
152064;08;2;26;063;2018;04;14;4;3;5;3;0;1;1;0;0;0;0;0;470112,306999999970000;5471078,902900000100000;8,588137675000041;49,391669905000072
152065;08;1;19;079;2018;04;13;2;3;6;4;0;0;1;1;0;0;0;1;523021,059200000020000;5408218,840200000400000;9,313654824000025;48,826522564000072
152067;08;2;25;058;2018;04;10;4;3;6;4;0;0;1;1;0;0;0;0;510541,512300000000000;5466552,923000000400000;9,145147348000023;49,351601001000063
152069;08;1;18;073;2018;04;13;2;3;5;3;0;1;1;0;0;0;0;0;497075,525399999980000;5419922,490299999700000;8,960070915000074;48,932226093000054
152070;08;2;22;000;2018;04;06;4;3;5;3;1;1;1;0;0;0;1;0;463172,571699999970000;5484907,699900000400000;8,491223566000031;49,515673547000063
152071;08;1;18;051;2018;04;16;2;3;5;3;0;1;1;0;0;0;0;0;510556,602399999970000;5415256,703700000400000;9,144012845000077;48,890170805000025
152078;08;1;16;078;2018;04;17;2;3;6;7;0;0;1;1;0;0;0;1;514311,606199999980000;5393106,181400000100000;9,194466650000038;48,690831728000035
152079;08;1;18;051;2018;04;08;4;2;6;4;0;0;1;1;0;0;0;0;509827,613200000020000;5415549,978699999900000;9,134075080000059;48,892821028000071
152080;08;1;16;077;2018;04;13;2;3;0;7;0;1;0;0;0;0;0;1;516458,646200000020000;5391692,322300000100000;9,223584187000029;48,678059654000037
152083;08;1;16;035;2018;04;18;2;3;6;4;0;0;1;1;0;0;0;0;526715,705399999980000;5392494,712700000000000;9,362971776000052;48,684923223000055
152086;08;1;35;015;2018;04;09;4;3;5;3;0;1;1;0;0;0;0;0;575252,716000000010000;5386146,735999999600000;10,021189711000034;48,623860307000029
152089;08;1;16;019;2018;04;11;2;2;6;7;0;0;1;1;0;0;0;0;522052,763299999990000;5398776,587899999700000;9,299955660000023;48,741616792000059
152090;08;1;25;096;2018;04;18;4;3;4;2;0;1;0;0;0;0;1;0;513720,230900000020000;5450738,448200000500000;9,188372694000066;49,209284523000065
152094;08;1;18;048;2018;04;18;4;3;5;3;0;1;1;0;0;0;0;0;513156,025599999990000;5416052,946399999800000;9,179499574000033;48,897283860000073
152096;08;1;15;037;2018;04;19;4;2;5;3;0;1;1;0;0;0;0;0;491690,420999999970000;5385771,757000000200000;8,887236159000054;48,624959045000026
152099;08;1;16;077;2018;04;17;4;3;5;3;0;1;1;0;0;0;0;0;517762,787000000010000;5391374,167999999600000;9,241286596000066;48,675161779000064
152100;08;1;16;047;2018;04;06;4;3;4;2;0;1;1;0;0;0;0;0;520871,928499999980000;5392098,914400000100000;9,283556722000071;48,681585407000057
152101;08;1;11;000;2018;04;16;2;3;9;1;0;0;1;1;0;0;0;0;512756,821999999990000;5408292,985399999700000;9,173811011000055;48,827485224000043
152104;08;1;11;000;2018;04;17;2;3;0;3;0;1;1;0;0;0;0;0;510681,315000000000000;5406920,100499999700000;9,145496693000041;48,815174099000046
152106;08;1;16;033;2018;04;19;4;3;5;3;0;1;1;0;0;0;0;0;530527,424800000040000;5389781,117100000400000;9,414557892000062;48,660337205000076
152107;08;4;36;081;2018;04;17;1;3;0;1;0;1;0;0;0;0;0;0;559068,844399999940000;5276893,532999999800000;9,786443269000074;47,642744111000070
152108;08;4;37;005;2018;04;13;1;1;5;3;0;1;0;0;0;0;1;0;500373,939599999980000;5324097,572300000100000;9,005019707000031;48,070153659000027
152109;08;1;16;033;2018;04;12;4;3;5;3;0;1;1;0;0;0;0;0;531222,820399999970000;5389349,776800000100000;9,423968453000043;48,656422537000026
152113;08;1;11;000;2018;04;17;4;3;5;2;0;1;1;0;0;0;0;0;507456,839199999990000;5397080,806800000400000;9,101395850000074;48,726707260000069
152119;08;3;35;055;2018;04;17;1;2;2;6;0;1;0;0;0;0;0;0;497027,235300000000000;5284674,533900000200000;8,960365668000065;47,715443809000078
152121;08;3;17;065;2018;04;21;1;3;9;1;2;1;0;0;0;0;0;0;415423,636300000010000;5353330,492900000000000;7,858951102000049;48,327498701000081