OBJECTID_1;ULAND;UREGBEZ;UKREIS;UGEMEINDE;UJAHR;UMONAT;USTUNDE;UWOCHENTAG;UKATEGORIE;UART;UTYP1;ULICHTVERH;IstRad;IstPKW;IstFuss;IstKrad;IstGkfz;IstSonstig;STRZUSTAND;LINREFX;LINREFY;XGCSWGS84;YGCSWGS84
152123;08;4;35;052;2018;04;13;3;3;0;1;0;1;0;0;0;0;0;0;521810,352900000000000;5291508,533800000300000;9,291126906000045;47,776570963000040
152124;08;4;35;057;2018;04;17;3;3;8;1;0;1;0;0;0;0;0;0;548897,210100000030000;5280387,808400000400000;9,651418932000070;47,675030968000044
152126;08;4;37;104;2018;04;06;3;3;2;2;0;1;1;0;0;0;0;0;514442,362800000000000;5324754,147599999800000;9,193893632000027;48,075897440000062
152128;08;3;16;043;2018;04;16;1;3;0;7;0;1;0;0;0;0;0;0;411355,580900000000000;5330927,125699999700000;7,808765840000035;48,125425689000053
152130;08;4;26;087;2018;04;16;3;2;5;7;0;1;1;0;0;0;0;0;570038,214900000020000;5325016,218700000100000;9,940266977000022;48,074571783000067
152132;08;4;21;000;2018;04;07;3;3;6;2;0;0;1;1;0;0;0;0;570773,192799999960000;5361991,847299999600000;9,956312798000056;48,407107176000068
152134;08;3;35;063;2018;04;19;3;3;5;3;0;1;1;0;0;0;0;0;496748,715199999980000;5287722,966400000300000;8,956629540000051;47,742871077000075
152135;08;3;11;000;2018;04;20;1;3;5;3;0;1;0;0;0;0;1;0;413096,388700000010000;5316618,579699999700000;7,835062236000056;47,996957180000038
152136;08;3;35;043;2018;04;10;3;3;5;3;0;1;1;0;0;0;0;0;513629,515900000000000;5279963,102000000000000;9,181567610000059;47,672915093000029
152138;08;3;11;000;2018;04;19;1;2;0;7;1;1;0;0;0;0;0;0;409617,466299999970000;5316069,767900000300000;7,788553653000065;47,991538174000027
152139;08;4;36;082;2018;04;07;3;2;5;3;0;1;1;0;0;0;0;0;547895,748400000040000;5295294,237999999900000;9,639719128000024;47,809219576000032
152140;08;2;37;054;2018;04;23;1;3;8;1;2;1;0;0;0;0;0;0;468531,955100000020000;5375278,077899999900000;8,573767910000072;48,529821160000040
152142;08;3;27;046;2018;04;10;3;2;7;7;0;1;0;0;0;0;1;0;480129,775499999990000;5324685,859100000000000;8,733239361000074;48,075136986000075
152146;08;3;26;074;2018;04;16;3;3;4;6;0;1;1;0;0;0;0;0;464934,450599999980000;5323579,442099999600000;8,529336292000039;48,064528151000047
152148;08;2;26;037;2018;04;10;1;3;1;3;0;1;1;0;0;0;0;0;464953,474400000010000;5467344,696899999900000;8,517378688000065;49,357806717000074
152149;08;2;26;032;2018;04;00;1;3;0;7;2;1;0;0;0;0;0;0;468252,764800000000000;5463408,158300000200000;8,563124897000023;49,322579008000048
152151;08;3;25;049;2018;04;07;3;3;1;6;0;1;1;0;0;0;0;0;471314,480199999990000;5334202,581799999800000;8,614254690000053;48,160421341000074
152154;08;2;22;000;2018;04;23;1;3;0;7;2;1;0;0;0;0;0;0;461395,920700000020000;5483096,921699999800000;8,466856983000071;49,499276092000059
152155;08;3;17;089;2018;04;08;3;3;0;1;0;1;0;0;0;0;0;0;430346,612199999970000;5378747,692900000100000;8,056023374000063;48,557954273000064
152156;08;2;26;095;2018;04;14;1;3;6;7;0;0;1;1;0;0;0;0;474145,159600000010000;5461671,485100000200000;8,644321070000046;49,307235773000059
152158;08;3;15;022;2018;04;11;3;3;5;3;0;1;1;0;0;0;0;0;396164,861299999990000;5300218,554700000200000;7,612111717000062;47,846918976000040
152159;08;2;16;033;2018;04;17;1;3;0;1;0;1;0;0;0;0;0;0;447578,967400000020000;5413556,632600000100000;8,285119814000041;48,872751191000077
152161;08;3;11;000;2018;04;17;3;3;6;4;0;0;0;1;0;0;1;0;417518,261200000010000;5315186,124499999900000;7,894600690000061;47,984657268000035
152162;08;2;15;009;2018;04;16;1;3;5;3;0;1;1;0;0;0;0;0;465556,110500000010000;5439603,693400000200000;8,528060362000076;49,108312280000064
152163;08;2;12;000;2018;04;15;1;3;1;5;0;1;1;0;0;0;0;0;455754,182299999990000;5427679,938000000100000;8,395067195000024;49,000430631000029
152166;08;1;35;019;2018;04;17;1;2;6;4;0;0;1;1;0;0;0;1;585242,647499999960000;5391568,468100000200000;10,157843284000023;48,671343532000037
152167;08;3;11;000;2018;04;13;3;2;6;4;0;0;0;1;0;1;0;0;410239,745799999980000;5315748,879200000300000;7,796959590000029;47,988739362000047
152168;08;3;11;000;2018;04;09;3;3;2;7;0;1;1;0;0;0;0;0;414784,732399999980000;5318858,498200000300000;7,857244617000049;48,017333374000032
152169;08;1;28;138;2018;04;10;1;3;0;1;0;1;0;0;0;0;0;0;540363,527299999960000;5487849,377999999600000;9,557926882000061;49,541906940000047
152170;08;3;36;081;2018;04;16;3;3;5;3;0;1;1;0;0;0;0;0;411245,434400000030000;5277974,435700000300000;7,818173577000039;47,649078086000031
152171;08;2;12;000;2018;04;07;3;3;6;4;0;0;1;1;0;0;0;0;454940,433399999980000;5429284,720400000000000;8,383764102000043;49,014806918000033
152172;08;1;27;076;2018;04;16;1;3;6;4;0;0;1;1;0;0;0;0;553588,707900000040000;5440604,056699999600000;9,734370340000055;49,115939958000070
152173;08;2;12;000;2018;04;08;3;3;5;2;0;1;1;0;0;0;0;0;454784,027300000020000;5428141,898799999600000;8,381752513000038;49,004515707000053
152176;08;1;25;024;2018;04;16;1;2;7;7;0;1;0;0;0;0;0;0;522593,395800000000000;5444028,869199999600000;9,309818859000075;49,148667571000033
152177;08;2;15;106;2018;04;08;3;3;5;3;0;1;1;0;0;0;0;0;466291,874000000010000;5454828,001000000200000;8,536865274000036;49,245296400000029
152178;08;1;25;102;2018;04;09;1;3;7;1;0;1;0;0;0;0;0;0;522527,814499999980000;5444008,764200000100000;9,308918445000074;49,148489131000076
152180;08;2;31;000;2018;04;15;3;3;6;4;0;0;1;1;0;0;0;0;478661,776200000020000;5415432,978400000400000;8,708896886000048;48,891479042000071
152181;08;2;31;000;2018;04;13;3;3;6;3;0;0;1;1;0;0;0;0;476016,718799999970000;5415445,772300000300000;8,672811968000076;48,891497398000070
152183;08;2;26;098;2018;04;23;3;2;9;4;2;0;1;1;0;0;0;0;476129,902999999990000;5459884,498999999800000;8,671731004000037;49,291242638000028
152184;08;1;17;019;2018;04;12;1;3;0;1;0;1;0;0;0;0;0;0;551739,577900000030000;5393607,342299999700000;9,703076616000033;48,693359054000041
152187;08;2;22;000;2018;04;16;3;3;5;3;0;1;1;0;0;0;0;0;462665,183499999980000;5484311,851099999600000;8,484270572000071;49,510283180000044
152190;08;2;22;000;2018;04;07;3;3;5;3;0;1;1;0;0;0;0;0;462080,735400000010000;5479025,469700000200000;8,476704612000049;49,462698664000072
152193;08;1;19;087;2018;04;14;2;2;0;1;0;1;0;0;0;0;0;0;527833,450700000040000;5428835,820100000100000;9,380627398000058;49,011786511000025
152195;08;1;18;048;2018;04;16;2;2;6;6;0;1;0;1;0;0;0;0;514169,973400000020000;5416599,013600000200000;9,193352649000076;48,902173767000079
152196;08;2;21;000;2018;05;17;4;3;3;5;0;1;1;0;0;0;0;0;477110,822800000020000;5473513,030600000200000;8,684437497000033;49,413867836000065
152199;08;2;21;000;2018;05;18;3;3;0;1;0;1;0;0;0;0;0;0;474853,772100000000000;5473844,078400000000000;8,653300182000066;49,416756443000054
152200;08;1;17;026;2018;04;10;2;3;5;3;0;1;1;0;0;0;0;0;544696,245899999980000;5391291,395700000200000;9,607122075000063;48,673070012000039
152202;08;1;16;077;2018;04;18;2;3;5;3;0;1;1;0;0;0;0;0;516032,276499999980000;5388551,018400000400000;9,217670441000053;48,649811332000070
152204;08;4;21;000;2018;04;17;5;2;6;4;0;0;1;1;0;0;0;0;571875,635899999990000;5356143,911899999700000;9,970206952000069;48,354378503000078
152205;08;1;11;000;2018;04;07;6;3;6;4;0;0;1;1;0;0;0;0;514304,856199999980000;5403518,963299999900000;9,194736416000069;48,784505019000051
152206;08;3;36;050;2018;04;08;5;3;5;3;0;1;1;0;0;0;0;0;400466,283400000010000;5275217,986499999600000;7,675306369000055;47,622714770000073
152207;08;3;17;073;2018;04;16;2;3;5;3;0;1;1;0;0;0;0;0;411378,062400000000000;5348622,610299999800000;7,805371722000075;48,284598158000051
152208;08;1;35;019;2018;05;12;4;2;0;7;0;1;1;0;0;0;0;0;583561,222900000050000;5392417,289599999800000;10,135180901000069;48,679205400000058
152211;08;4;15;061;2018;04;07;5;2;0;7;0;1;0;0;0;0;0;1;513007,269900000010000;5371876,678200000000000;9,176078444000041;48,499875241000041
152215;08;1;15;013;2018;04;14;2;3;5;3;0;1;1;0;0;0;0;0;495101,291000000030000;5389056,992999999800000;8,933483946000024;48,654549622000047
152216;08;1;11;000;2018;05;00;4;2;6;2;2;0;1;1;0;0;0;0;516210,583199999990000;5405142,019799999900000;9,220743518000063;48,799059083000031
152218;08;1;15;003;2018;04;17;2;3;6;2;0;0;1;1;0;0;0;0;501009,072200000000000;5391075,866200000000000;9,013706396000032;48,672730085000069
152219;08;4;25;020;2018;04;12;2;3;8;1;0;1;0;0;0;0;0;0;558613,145800000060000;5361303,923600000300000;9,791923820000022;48,402167080000027
152220;08;1;11;000;2018;04;23;2;2;6;4;2;0;1;1;0;0;0;0;513385,353000000000000;5403325,717500000300000;9,182212711000034;48,782787066000026
152221;08;1;16;078;2018;05;17;3;3;0;1;0;1;0;0;0;0;0;0;509055,654800000020000;5393557,537600000400000;9,123058699000069;48,694990576000066
152222;08;1;11;000;2018;04;19;2;3;5;3;1;1;1;0;0;0;0;0;511594,961399999970000;5410248,405199999900000;9,158036112000048;48,845098645000064
152223;08;1;11;000;2018;04;16;2;3;5;3;0;1;1;0;0;0;0;0;515074,960900000010000;5397187,280399999600000;9,204988146000062;48,727527381000073
152225;08;3;36;105;2018;05;19;3;3;0;1;1;1;0;0;0;0;0;0;401593,145000000020000;5266690,354000000300000;7,692212043000041;47,546176705000050
152226;08;1;11;000;2018;04;13;2;2;3;6;0;1;0;0;0;0;0;0;508783,276799999990000;5406606,308699999900000;9,119635708000033;48,812380995000069
152227;08;1;11;000;2018;04;18;2;2;3;6;0;1;1;0;0;0;0;0;514198,022100000000000;5403894,828300000200000;9,193295045000070;48,787888711000051
152231;08;1;11;000;2018;04;07;2;2;8;1;0;1;0;0;0;0;0;0;517021,971900000000000;5409936,296000000100000;9,231991261000076;48,842165860000080
152233;08;3;17;057;2018;05;14;4;3;0;7;0;1;0;0;0;0;0;0;413426,688499999990000;5380953,110700000100000;7,826302559000055;48,575682614000073
152234;08;1;11;000;2018;04;17;2;3;5;3;0;1;0;0;0;0;0;0;508604,438199999980000;5407063,912899999900000;9,117209375000073;48,816500054000073
152235;08;4;21;000;2018;04;17;1;3;0;7;0;1;1;0;0;0;0;0;573552,855499999950000;5361473,505300000300000;9,993775986000060;48,402126315000032
152237;08;4;25;072;2018;04;13;1;3;0;1;0;1;0;0;0;0;0;0;583082,659100000050000;5372817,095200000300000;10,124760855000034;48,502975005000053
152239;08;3;35;043;2018;04;00;1;3;0;1;2;1;0;0;0;0;0;0;511880,762800000030000;5280407,309899999800000;9,158283522000033;47,676946426000029
152240;08;3;35;075;2018;04;21;1;2;6;4;2;0;0;1;1;0;0;0;488904,990300000000000;5288800,301500000100000;8,851971051000021;47,752477225000064
152241;08;3;17;129;2018;04;09;1;3;0;7;0;1;0;0;0;0;0;0;429577,377299999990000;5349848,930900000000000;8,050455390000025;48,297916140000041
152242;08;3;17;065;2018;04;20;2;3;5;3;0;1;1;0;0;0;0;0;414043,763600000010000;5354641,443699999700000;7,840071241000032;48,339104301000077
152243;08;2;16;043;2018;05;17;4;3;0;5;0;1;1;0;0;0;0;0;441653,915600000010000;5411946,458399999900000;8,204555562000053;48,857738512000026
152244;08;3;17;056;2018;04;13;1;2;0;7;0;1;0;0;0;0;0;0;434527,167499999980000;5382594,029299999600000;8,112067269000022;48,593003383000053
152245;08;3;36;050;2018;04;11;2;3;0;7;0;1;0;0;0;0;0;0;398968,605600000010000;5275681,664500000000000;7,655272419000028;47,626653823000026
152247;08;2;21;000;2018;05;19;3;3;0;1;0;1;0;0;0;0;0;0;478933,418500000030000;5472539,222900000400000;8,709616097000037;49,405174413000054
152248;08;3;11;000;2018;04;02;1;3;3;6;2;1;0;0;0;0;0;1;415558,805999999980000;5315902,941999999800000;7,868204827000056;47,990849678000075
152249;08;3;17;096;2018;04;15;2;3;1;5;0;1;1;0;0;0;0;0;421147,605600000010000;5369730,320399999600000;7,933079894000059;48,475755204000052
152251;08;3;11;000;2018;05;19;3;3;5;3;0;1;1;0;0;0;0;0;412782,838400000010000;5316512,742999999800000;7,830881528000020;47,995962448000057
152252;08;2;12;000;2018;04;20;1;3;8;1;1;1;0;1;0;0;0;0;461286,254000000020000;5427503,068000000000000;8,470715416000076;48,999211389000038
152253;08;2;15;025;2018;04;18;1;3;0;1;0;1;0;0;0;0;0;0;475678,437700000010000;5434149,283699999600000;8,667078574000072;49,059731710000051
152260;08;2;22;000;2018;04;23;1;3;0;7;2;1;0;0;0;0;0;0;462063,316100000000000;5481038,785100000000000;8,476271196000027;49,480806346000065
152264;08;1;15;041;2018;05;17;4;3;5;3;0;1;0;0;0;0;0;0;495172,159999999970000;5401926,212000000300000;8,934295653000049;48,770322460000045
152266;08;1;19;085;2018;04;02;1;2;0;1;2;1;0;0;0;0;0;1;529183,282400000030000;5412638,594399999800000;9,397926215000041;48,866022090000058
152271;08;2;12;000;2018;04;15;2;3;6;4;0;0;1;1;0;0;0;0;453207,905099999970000;5428893,321800000000000;8,360116640000058;49,011157309000055
152274;08;3;35;066;2018;05;19;3;3;6;5;0;1;0;1;0;0;0;0;506198,822800000020000;5281534,324900000400000;9,082601016000069;47,687166398000045
152276;08;4;36;055;2018;04;21;7;3;0;1;2;1;0;0;0;0;0;0;572311,969200000050000;5299834,103900000500000;9,966552394000075;47,847780638000074
152277;08;4;35;059;2018;04;10;7;3;0;3;0;1;1;0;0;0;0;0;511949,723999999990000;5290593,502000000300000;9,159481754000069;47,768596325000033
152278;08;4;35;016;2018;05;03;3;2;1;5;2;1;1;0;0;0;0;0;533743,709500000000000;5278725,957999999600000;9,449420278000048;47,661047096000061
152281;08;4;16;036;2018;04;10;2;2;0;1;0;1;0;0;0;0;0;0;496130,039899999970000;5368826,548899999800000;8,947640774000035;48,472557747000053
152283;08;3;16;056;2018;05;17;4;3;4;6;0;1;0;0;0;0;0;0;422670,990999999980000;5327571,694000000100000;7,961406837000027;48,096717202000036
152285;08;2;12;000;2018;04;14;2;3;6;4;0;0;1;1;0;0;0;0;453172,348400000020000;5428817,929399999800000;8,359639130000062;49,010476454000070
152286;08;4;25;123;2018;04;16;7;2;5;3;0;1;0;0;0;0;0;0;545502,396199999960000;5343253,711699999900000;9,612847946000045;48,240867225000045
152287;08;3;15;131;2018;05;16;3;3;4;2;0;1;1;0;0;0;0;0;405956,818000000030000;5308377,575000000200000;7,741182113000036;47,921818417000054
152289;08;3;11;000;2018;04;13;2;3;3;1;0;1;0;0;0;0;0;0;414438,984999999990000;5317576,623599999600000;7,852864825000040;48,005756237000071
152291;08;3;11;000;2018;04;15;7;3;6;7;0;1;0;1;0;0;0;0;414507,607299999970000;5318325,692200000400000;7,853635332000067;48,012503569000046
152292;08;2;15;099;2018;04;13;2;3;5;3;0;1;1;0;0;0;0;0;463035,161499999990000;5446021,679700000200000;8,492931898000052;49,165896017000080
152293;08;3;11;000;2018;04;20;7;2;0;1;1;1;0;0;0;0;0;0;414791,969999999970000;5316481,014000000400000;7,857813994000026;47,995947951000062
152294;08;3;11;000;2018;04;17;7;3;0;7;0;1;0;0;0;0;0;0;414720,380300000020000;5317113,563900000400000;7,856728834000023;48,001628443000072
152295;08;2;21;000;2018;05;06;4;3;4;7;0;1;1;0;0;0;0;0;479000,006999999980000;5473280,530399999600000;8,710494741000048;49,411844673000076
152296;08;3;11;000;2018;04;10;7;3;5;3;0;1;1;0;0;0;0;0;413587,043000000010000;5319040,527400000000000;7,841150021000033;48,018809912000052
152297;08;2;36;071;2018;04;18;2;3;6;4;0;0;1;1;0;0;0;0;469443,232299999970000;5422271,030799999800000;8,582625165000025;48,952604715000064
152298;08;2;12;000;2018;04;11;7;3;5;3;0;1;1;0;0;0;0;0;453392,978599999970000;5430715,478199999800000;8,362438041000075;49,027561665000064
152300;08;2;12;000;2018;04;16;7;3;0;6;0;1;1;0;0;0;0;0;455054,968300000010000;5430948,210699999700000;8,385146081000073;49,029778473000079
152301;08;2;26;096;2018;04;22;7;2;0;1;2;1;0;0;0;0;0;1;474167,534400000000000;5491585,912800000000000;8,642679036000061;49,576309543000036
152303;08;2;26;085;2018;04;14;7;2;6;7;0;0;1;1;0;0;0;0;491046,725800000010000;5456223,215200000400000;8,876952826000036;49,258709453000051
152304;08;1;19;079;2018;05;07;4;3;6;7;0;0;0;1;0;0;1;0;522199,059100000010000;5408193,466599999900000;9,302454119000061;48,826324236000062
152305;08;2;26;068;2018;04;19;7;3;0;7;0;1;0;0;0;0;1;0;467785,918000000010000;5459679,736899999900000;8,557001568000032;49,289017887000057
152306;08;2;25;058;2018;04;15;2;3;6;7;0;0;1;1;0;0;0;0;510540,978999999990000;5466552,596199999600000;9,145139997000058;49,351598071000069
152307;08;2;22;000;2018;04;20;7;3;5;3;0;1;1;0;0;0;0;0;462985,221499999990000;5485944,870600000000000;8,488538114000050;49,524990910000042
152308;08;1;21;000;2018;05;19;3;3;0;7;0;1;0;1;0;0;0;0;514196,305300000010000;5439836,041400000500000;9,194524475000037;49,111203112000055
152309;08;2;12;000;2018;05;08;4;3;6;4;0;1;0;1;0;0;0;0;454945,765900000000000;5428504,645700000200000;8,383923612000046;49,007790475000036
152311;08;2;15;064;2018;04;19;7;3;0;1;0;1;0;0;0;0;0;0;478986,037200000020000;5451505,138700000000000;8,711448562000044;49,215974317000075
152312;08;2;16;023;2018;05;18;3;3;0;1;0;1;0;0;0;0;0;0;436639,374499999980000;5407759,857900000200000;8,136846385000069;48,819588806000070
152316;08;1;35;019;2018;04;08;7;2;6;7;0;0;1;1;0;0;0;0;585972,895200000030000;5395545,085199999600000;10,168587462000062;48,707010038000078
152317;08;1;11;000;2018;05;11;4;3;5;3;0;1;1;0;0;0;0;0;509227,272200000010000;5397538,473100000100000;9,125479853000059;48,730800737000038
152320;08;4;21;000;2018;04;13;2;3;0;1;0;1;0;0;0;0;0;0;571480,386900000040000;5361238,246600000200000;9,965738903000045;48,400248520000048
152324;08;1;19;079;2018;04;19;7;3;1;5;0;1;1;0;0;0;0;0;522510,229300000010000;5408553,986800000100000;9,306713430000059;48,829556187000037
152327;08;3;36;081;2018;05;15;3;3;0;7;0;1;0;0;0;0;0;0;412201,201999999990000;5279089,286999999500000;7,830673611000066;47,659237507000057
152329;08;1;16;070;2018;04;11;7;3;0;1;0;1;0;0;0;0;0;0;538078,362100000030000;5385665,321300000000000;9,516716244000065;48,622897628000032
152330;08;3;35;063;2018;04;12;2;3;5;7;0;1;1;0;0;0;0;0;497565,943600000000000;5288204,014299999900000;8,967528251000033;47,747202950000030
152332;08;3;11;000;2018;05;12;4;3;4;6;0;1;0;0;0;0;1;0;417930,582300000010000;5314549,562099999700000;7,900247101000048;47,978984075000028
152333;08;4;35;059;2018;04;14;6;3;5;3;0;1;0;0;0;0;1;0;514223,492900000010000;5289181,958100000400000;9,189781258000039;47,755849766000040
152335;08;4;25;028;2018;04;07;6;3;6;4;0;1;0;1;0;0;0;0;579670,488400000030000;5340191,018299999600000;10,072398556000053;48,209944217000043
152338;08;2;22;000;2018;04;15;2;3;6;4;0;1;0;1;0;0;0;0;462298,224899999970000;5488220,185999999800000;8,478828187000033;49,545413672000052
152340;08;4;35;045;2018;05;19;3;2;6;1;0;1;0;1;0;0;0;0;535360,740699999970000;5286111,804899999900000;9,471554939000043;47,727413872000056
152341;08;3;36;006;2018;04;18;6;3;5;3;0;1;1;0;0;0;0;0;391702,021799999990000;5287304,037899999900000;7,555701951000060;47,730020891000038
152343;08;3;36;069;2018;04;06;6;3;5;3;0;1;1;0;0;0;0;0;408718,161100000030000;5268489,463499999600000;7,786504291000028;47,563401779000060
152344;08;2;22;000;2018;04;18;2;2;0;7;0;1;0;0;0;0;0;0;461281,015900000000000;5481592,727400000200000;8,465417525000021;49,485739363000050
152346;08;2;16;015;2018;05;17;4;3;5;3;0;1;1;0;0;0;0;0;450126,249900000000000;5405636,114099999900000;8,320819104000066;48,801714368000034
152349;08;3;17;096;2018;04;08;2;3;3;6;0;1;0;0;0;0;1;0;422301,511300000010000;5368610,828400000000000;7,948898187000054;48,465829109000026
152350;08;3;35;063;2018;04;08;6;3;6;6;0;1;0;1;0;0;0;0;497670,624100000020000;5287243,282700000300000;8,968929894000041;47,738559066000050
152351;08;2;21;000;2018;05;10;3;3;5;5;0;1;1;0;0;0;0;0;475946,543999999990000;5472037,664599999800000;8,668475769000054;49,400552255000036
152353;08;3;17;096;2018;04;07;6;3;5;3;0;1;1;0;0;0;0;0;422796,728999999990000;5368655,463800000000000;7,955588069000044;48,466291586000068
152355;08;3;17;065;2018;04;11;6;3;5;2;0;1;1;0;0;0;0;0;415855,338999999980000;5354419,518000000200000;7,864556673000038;48,337351993000027
152356;08;3;17;065;2018;04;09;6;2;1;1;0;1;1;0;0;0;0;0;415816,113399999970000;5354683,602000000000000;7,863974691000067;48,339722173000041
152357;08;2;15;007;2018;04;10;2;3;7;1;0;1;0;0;0;0;0;0;476474,115999999980000;5432473,566999999800000;8,678067239000029;49,044688883000049
152358;08;3;17;001;2018;04;11;6;3;1;7;0;1;1;0;0;0;0;0;431661,221299999980000;5386525,427400000400000;8,072557484000072;48,628060269000059
152360;08;3;17;096;2018;04;17;6;3;6;7;0;0;1;1;0;0;0;0;420618,182700000000000;5373524,841400000300000;7,925196586000027;48,509819650000054
152362;08;3;16;056;2018;04;07;6;3;4;2;0;1;1;0;0;0;0;0;423152,212999999990000;5327838,162700000200000;7,967820975000052;48,099172467000074
152363;08;1;35;031;2018;05;15;3;3;9;1;0;1;0;0;0;0;0;0;593578,773599999960000;5382055,395499999600000;10,268897146000029;48,584589517000040
152364;08;3;26;074;2018;04;16;2;3;7;7;0;1;0;0;0;0;0;1;458988,739500000030000;5324754,213600000400000;8,449421416000064;48,074742572000048
152368;08;3;11;000;2018;04;00;6;2;5;3;2;1;1;0;0;0;0;0;414075,582999999980000;5316683,978000000100000;7,848172420000026;47,997677813000053
152369;08;4;37;100;2018;05;17;3;2;3;6;0;1;1;0;0;0;0;0;535400,617399999990000;5313785,441200000200000;9,474351914000067;47,976394525000046
152370;08;3;11;000;2018;04;11;6;3;3;2;0;1;1;0;0;0;0;0;414530,293999999990000;5316014,951999999600000;7,854399851000039;47,991720612000051
152371;08;1;36;046;2018;04;20;2;2;0;7;1;1;0;0;0;0;0;0;578778,343100000060000;5420146,390399999900000;10,075538195000036;48,929232354000078
152373;08;1;15;045;2018;05;19;4;3;0;3;0;1;1;0;0;0;0;0;497339,425300000000000;5396222,055999999900000;8,963827822000042;48,719020827000065
152374;08;3;36;091;2018;04;18;6;3;1;6;0;1;1;0;0;0;0;0;396133,731900000010000;5274675,819799999700000;7,617789985000059;47,617157657000064
152375;08;1;35;019;2018;04;10;2;3;8;6;0;1;1;0;0;0;0;0;583055,375200000010000;5392452,873599999600000;10,128317493000054;48,679592959000047
152376;08;3;11;000;2018;04;16;6;3;5;3;0;1;1;0;0;0;0;0;414740,083900000030000;5315429,644000000300000;7,857327451000060;47,986483531000033
152378;08;2;31;000;2018;04;20;6;3;6;7;1;0;1;1;0;0;0;0;479718,488000000010000;5415980,239799999600000;8,723285549000025;48,896437518000027
152380;08;1;28;115;2018;04;15;2;3;6;1;0;1;0;1;0;0;0;0;548558,515999999950000;5496931,355999999700000;9,672316478000028;49,622989466000035
152381;08;2;26;098;2018;04;18;6;3;3;2;0;1;1;0;0;0;0;0;476631,243800000000000;5459570,283800000300000;8,678643855000075;49,288435646000039
152383;08;2;26;103;2018;04;09;6;3;5;3;0;1;1;0;0;0;0;0;473178,379499999980000;5456814,685899999900000;8,631347432000041;49,263507249000043
152384;08;2;26;062;2018;04;15;6;3;5;3;0;1;1;0;0;0;0;0;470124,157400000030000;5468962,938400000300000;8,588459950000072;49,372637839000049
152389;08;3;17;056;2018;05;18;4;3;5;7;0;1;1;0;0;0;0;0;434993,918799999980000;5382103,127200000000000;8,118473316000063;48,588636255000040
152390;08;2;26;028;2018;04;16;6;3;5;3;0;1;1;0;0;0;0;0;471406,628000000030000;5483642,627299999800000;8,605066648000047;49,504739014000052
152391;08;1;28;061;2018;04;17;2;3;0;1;0;1;0;0;0;0;0;0;543497,151599999980000;5496589,542200000000000;9,602205832000038;49,620300880000059
152392;08;2;22;000;2018;04;11;6;3;6;7;0;1;0;1;0;0;0;0;462300,375100000000000;5482714,562900000300000;8,479383917000064;49,495893867000063
152397;08;2;12;000;2018;04;16;6;3;0;7;0;1;0;0;0;0;0;0;455845,948600000000000;5428099,738099999700000;8,396276116000024;49,004213351000033
152399;08;2;12;000;2018;04;12;6;3;1;5;0;1;1;0;0;0;0;0;464096,295600000010000;5422251,168999999800000;8,509595709000053;48,952138689000037
152400;08;2;15;009;2018;05;06;4;3;3;6;1;1;1;0;0;0;0;0;474529,228000000000000;5438731,717699999900000;8,651059462000035;49,100905741000076
152401;08;1;28;007;2018;04;12;6;2;6;2;0;0;1;1;0;0;0;0;555859,848000000000000;5482099,279500000200000;9,771294183000066;49,488959661000081
152403;08;1;11;000;2018;04;18;6;3;0;7;0;1;0;0;0;0;1;0;511309,750999999990000;5406090,417299999900000;9,154034106000040;48,807699247000073
152405;08;1;21;000;2018;04;22;6;2;5;3;2;1;1;0;0;0;0;0;514879,056900000030000;5442912,440499999600000;9,203993284000035;49,138860298000054
152408;08;1;25;056;2018;04;16;6;3;2;6;0;1;1;0;0;0;0;0;511647,117000000030000;5435458,210799999500000;9,159468272000026;49,071876178000082
152410;08;1;19;044;2018;04;14;6;3;5;3;0;1;1;0;0;0;0;0;542775,297799999940000;5425278,234000000200000;9,584576040000059;48,978930564000052
152411;08;1;27;076;2018;05;12;4;3;0;1;0;1;0;0;0;0;0;0;553446,071200000010000;5440835,583399999900000;9,732446503000062;49,118034887000078
152413;08;1;17;026;2018;04;09;6;3;6;7;0;0;1;1;0;0;0;0;548287,358800000050000;5394867,202300000000000;9,656315894000045;48,704968839000060
152418;08;1;17;049;2018;04;07;6;3;5;3;0;1;1;0;0;0;0;0;556137,433199999970000;5391621,969499999700000;9,762563020000073;48,675119826000071
152419;08;1;17;024;2018;04;18;6;3;6;4;0;0;1;1;0;0;0;0;560268,584099999980000;5385460,019000000300000;9,817777467000042;48,619306422000079
152420;08;1;11;000;2018;05;14;4;3;6;2;0;0;1;1;0;0;0;0;511115,129299999970000;5398716,176099999800000;9,151184128000068;48,741364537000038
152423;08;4;36;064;2018;04;14;2;3;5;3;0;1;1;0;0;0;0;0;546535,838299999940000;5293587,554899999900000;9,621373483000070;47,793964381000080
152424;08;1;15;045;2018;04;11;6;3;5;2;0;1;1;0;0;0;0;0;500226,511000000000000;5395699,770100000300000;9,003079272000036;48,714327948000061
152427;08;3;25;049;2018;04;10;2;2;6;2;0;0;1;1;0;0;0;0;472712,290600000010000;5334342,684500000400000;8,633042189000037;48,161743352000030
152428;08;1;11;000;2018;04;13;6;3;6;4;0;0;1;1;0;0;0;0;512578,092300000020000;5402770,581199999900000;9,171206665000057;48,777809952000041
152429;08;3;35;043;2018;05;01;3;3;1;5;2;1;0;0;0;0;1;1;512995,050600000020000;5279248,053700000000000;9,173094253000045;47,666494390000025