OBJECTID_1;ULAND;UREGBEZ;UKREIS;UGEMEINDE;UJAHR;UMONAT;USTUNDE;UWOCHENTAG;UKATEGORIE;UART;UTYP1;ULICHTVERH;IstRad;IstPKW;IstFuss;IstKrad;IstGkfz;IstSonstig;STRZUSTAND;LINREFX;LINREFY;XGCSWGS84;YGCSWGS84
152436;08;3;11;000;2018;05;12;4;3;0;1;0;1;0;0;0;0;0;0;414588,392899999980000;5315986,117499999700000;7,855184161000068;47,991468997000027
152437;08;4;36;055;2018;04;15;5;2;0;1;0;1;0;0;0;0;0;0;575247,554000000000000;5296091,593999999600000;10,005134155000064;47,813775753000073
152438;08;4;35;016;2018;04;20;5;3;4;6;0;1;0;0;0;0;0;0;536631,270999999950000;5278598,466000000000000;9,487866597000050;47,659742917000074
152442;08;4;36;082;2018;04;15;5;3;3;5;0;1;1;0;0;0;0;0;547978,419100000060000;5295184,851700000500000;9,640811141000029;47,808229277000066
152443;08;2;16;063;2018;05;18;7;3;6;3;0;0;1;1;0;0;0;0;430423,498599999990000;5401515,933899999600000;8,053237217000060;48,762761419000071
152445;08;1;35;031;2018;05;08;6;2;6;4;0;0;1;1;0;0;0;0;595560,743000000020000;5379740,115299999700000;10,295232814000030;48,563466686000027
152446;08;1;15;003;2018;05;01;1;3;0;7;2;1;0;0;0;0;0;0;500268,275900000010000;5390430,261900000300000;9,003643618000069;48,666922900000031
152452;08;1;21;000;2018;05;08;6;2;5;3;0;1;1;0;0;0;0;0;515449,951999999990000;5442028,815100000200000;9,211786390000043;49,130897690000040
152453;08;4;16;036;2018;05;15;4;3;5;3;0;1;0;0;0;0;1;0;495509,416900000010000;5369219,210599999900000;8,939239746000055;48,476086177000070
152455;08;1;19;086;2018;05;14;6;3;1;5;0;1;1;0;0;0;0;0;535620,948500000060000;5405386,611200000200000;9,485073275000048;48,800450138000031
152457;08;2;21;000;2018;05;16;6;2;6;4;0;0;1;1;0;0;0;0;475962,770699999990000;5469449,778199999600000;8,668855910000048;49,377275227000041
152459;08;3;11;000;2018;05;18;7;3;6;7;0;0;1;1;0;0;0;0;414522,503199999980000;5318845,800900000100000;7,853731326000059;48,017184127000064
152460;08;1;19;020;2018;05;13;6;3;0;7;0;1;0;0;0;0;0;0;520177,746999999970000;5406858,648000000000000;9,274849162000066;48,814385444000038
152462;08;3;36;091;2018;05;16;7;3;0;3;0;1;0;0;0;0;0;0;395170,145399999980000;5274149,333399999900000;7,605096845000048;47,612266648000059
152464;08;4;16;036;2018;05;16;6;2;6;4;0;0;1;1;0;0;0;0;496614,708800000020000;5369132,491700000100000;8,954195698000035;48,475312939000048
152466;08;2;25;058;2018;05;14;7;3;6;4;0;0;1;1;0;0;0;0;507668,949000000020000;5465727,392000000000000;9,105578872000024;49,344218200000057
152467;08;1;17;024;2018;05;15;6;3;5;3;0;1;1;0;0;0;0;0;559964,497399999990000;5384886,061800000300000;9,813568815000053;48,614172722000035
152468;08;3;17;089;2018;05;10;6;3;6;7;0;0;1;1;0;0;0;0;431891,465099999970000;5375536,459699999500000;8,077482245000056;48,529238438000050
152469;08;1;15;045;2018;05;19;6;2;6;4;0;0;1;1;0;0;0;0;500233,396400000030000;5396471,709099999600000;9,003173312000058;48,721272354000064
152471;08;1;28;131;2018;05;15;1;2;0;1;0;1;0;0;0;0;0;0;536686,888400000050000;5511704,835099999800000;9,509342483000069;49,756702660000030
152472;08;1;11;000;2018;05;18;6;3;5;3;0;1;1;0;0;0;0;0;513841,658100000000000;5407261,722900000400000;9,188556960000028;48,818184914000028
152473;08;4;16;041;2018;05;20;4;2;0;1;1;1;0;0;0;0;0;0;504363,950200000020000;5374800,537200000100000;9,059105184000032;48,526298884000028
152474;08;2;15;017;2018;05;12;7;3;0;1;0;1;0;0;0;0;0;0;456386,374200000020000;5421157,209599999700000;8,404409398000041;48,941802541000072
152475;08;3;11;000;2018;05;18;6;3;4;3;0;1;1;0;0;0;0;0;413369,425200000000000;5317173,381600000000000;7,838609474000066;48,001984866000043
152480;08;1;18;048;2018;05;11;7;2;0;7;0;1;0;1;0;0;0;0;512882,568099999970000;5417296,269799999900000;9,175807790000022;48,908474204000072
152481;08;1;18;048;2018;05;18;1;3;5;3;0;1;1;0;0;0;0;0;514866,164999999980000;5415622,565999999600000;9,202816748000032;48,893373599000029
152483;08;1;26;066;2018;05;16;7;3;3;6;0;1;1;0;0;0;0;0;535900,657000000010000;5450471,962000000300000;9,492868120000026;49,205989447000036
152484;08;2;12;000;2018;05;08;6;3;1;5;0;1;1;0;0;0;0;0;457096,302199999980000;5428424,371799999800000;8,413337102000071;49,007221658000049
152488;08;4;26;100;2018;05;17;6;3;3;6;0;1;0;0;0;0;0;0;577349,008000000030000;5318653,573400000100000;10,037248960000056;48,016490753000028
152494;08;4;21;000;2018;05;10;2;3;6;4;0;0;1;1;0;0;0;0;572559,788500000020000;5361443,903900000300000;9,980355552000049;48,401975138000068
152495;08;4;21;000;2018;05;15;5;3;0;1;0;1;0;0;0;0;0;0;571949,197200000050000;5362029,283800000300000;9,972207450000042;48,407310769000048
152497;08;4;25;031;2018;05;13;2;3;0;7;0;0;0;1;1;0;0;0;569475,071299999950000;5369049,115399999500000;9,939945093000063;48,470733760000030
152500;08;4;21;000;2018;05;08;2;3;0;5;0;1;1;0;0;0;0;0;572641,738600000040000;5360832,599399999700000;9,981356831000028;48,396466870000040
152502;08;4;21;000;2018;05;15;2;2;0;1;0;1;0;0;0;0;0;0;572939,792999999950000;5360875,269999999600000;9,985390205000044;48,396816290000061
152503;08;2;26;103;2018;05;14;7;2;5;3;0;1;1;0;0;0;0;0;473254,644199999980000;5456446,333499999700000;8,632420248000074;49,260197251000079
152504;08;4;16;023;2018;05;15;2;3;0;1;0;1;0;0;0;0;0;0;511213,654099999990000;5371355,703400000000000;9,151784504000034;48,495222936000062
152506;08;4;15;061;2018;05;07;5;3;5;3;0;1;1;0;0;0;0;0;515174,184699999980000;5371210,280799999800000;9,205387408000036;48,493831491000037
152507;08;4;15;061;2018;05;07;2;3;4;2;0;1;1;0;0;0;0;0;516355,824000000020000;5374127,057000000000000;9,221495469000047;48,520042103000037
152508;08;2;37;019;2018;05;10;7;2;6;7;0;0;1;1;0;0;0;0;463173,539999999980000;5368663,712000000300000;8,501774737000062;48,470026342000040
152514;08;3;17;096;2018;05;07;2;3;0;7;0;1;0;0;1;0;0;0;422330,535199999980000;5367946,490199999900000;7,949414094000076;48,459857009000075
152517;08;4;15;053;2018;05;15;5;3;3;6;0;1;1;0;0;0;0;0;536591,430500000020000;5362240,498300000100000;9,494484491000037;48,412255819000052
152518;08;3;17;001;2018;05;15;2;3;0;7;0;1;0;0;0;0;0;0;430750,760699999980000;5386538,364000000100000;8,060200959000042;48,628076481000051
152520;08;2;12;000;2018;05;12;7;3;0;7;0;1;0;0;0;0;0;0;455281,453500000000000;5429773,513500000400000;8,388373755000032;49,019228461000068
152521;08;3;17;116;2018;05;13;2;2;0;1;0;1;0;0;0;0;0;0;435209,098200000010000;5387494,892000000000000;8,120548971000062;48,637158361000047
152523;08;3;16;056;2018;05;06;2;3;8;1;0;1;0;0;0;0;0;0;423608,878800000010000;5327066,395200000100000;7,974091780000038;48,092284886000073
152526;08;3;11;000;2018;05;14;2;3;5;3;0;1;1;0;0;0;0;0;413593,172700000000000;5316869,980999999700000;7,841669557000046;47,999285957000041
152527;08;4;15;014;2018;05;11;5;3;5;3;0;1;1;0;0;0;0;0;526390,303500000040000;5373776,011699999700000;9,357360954000058;48,516542377000064
152528;08;3;11;000;2018;05;15;2;3;6;7;0;0;0;1;0;0;1;0;415631,077999999980000;5315649,445000000300000;7,869223140000031;47,988578898000071
152529;08;1;15;003;2018;05;23;1;3;0;1;2;1;0;0;0;0;0;0;500586,737399999980000;5390296,749099999700000;9,007968647000041;48,665721582000060
152530;08;3;11;000;2018;05;14;2;3;5;3;0;0;1;1;0;0;0;0;414929,027799999980000;5318556,790199999700000;7,859239127000024;48,014638627000068
152531;08;3;35;079;2018;05;18;5;3;5;3;0;1;1;0;0;0;0;0;500584,740700000020000;5299920,829699999700000;9,007816584000068;47,852629351000076
152532;08;1;26;066;2018;05;18;7;2;6;2;0;0;1;1;0;0;0;0;536353,095899999960000;5450008,016800000300000;9,499037259000033;49,201789610000048
152533;08;3;11;000;2018;05;19;2;3;6;2;0;0;1;1;0;0;0;0;413151,153999999980000;5315620,001000000200000;7,835998259000064;47,987982067000075
152534;08;2;36;071;2018;05;13;6;3;1;2;0;1;1;0;0;0;0;0;468900,892899999980000;5422988,912499999600000;8,575162729000056;48,959035336000056
152535;08;3;11;000;2018;05;08;2;2;6;3;0;0;1;1;0;0;0;0;413607,990700000020000;5316173,692800000300000;7,842008334000070;47,993024601000059
152538;08;2;15;017;2018;05;22;2;3;8;1;2;1;0;0;0;0;0;0;456490,370899999980000;5421169,588499999600000;8,405828182000050;48,941921216000026
152539;08;4;15;059;2018;05;15;7;3;6;4;0;0;1;1;0;0;0;0;517025,976399999990000;5369394,278400000200000;9,230377792000070;48,477446645000043
152540;08;2;12;000;2018;05;16;2;3;0;1;0;1;0;0;0;0;0;0;456389,409199999990000;5428694,485700000100000;8,403642612000056;49,009601815000053
152541;08;3;17;001;2018;05;20;5;3;0;7;0;1;0;0;0;0;0;0;431011,410700000010000;5386606,906999999700000;8,063726406000058;48,628721833000043
152542;08;3;11;000;2018;05;16;5;2;0;1;0;1;0;0;0;0;0;0;408831,546600000000000;5318033,413099999500000;7,777604750000023;48,009089865000078
152544;08;4;21;000;2018;05;09;7;3;4;3;0;1;0;0;0;0;0;0;571649,350600000010000;5361091,678700000000000;9,967996340000070;48,398910920000048
152546;08;3;11;000;2018;05;12;5;3;1;5;0;1;1;0;0;0;0;0;414715,973100000000000;5317613,225399999900000;7,856570420000026;48,006122504000075
152548;08;2;31;000;2018;05;07;2;3;6;4;0;0;1;1;0;0;0;0;477063,434899999990000;5415697,569199999800000;8,687077259000034;48,893802105000077
152552;08;3;11;000;2018;05;08;5;3;0;1;0;1;0;0;0;0;0;1;415116,219999999970000;5315981,977000000000000;7,862258270000041;47,991502035000053
152553;08;2;26;085;2018;05;16;2;3;5;3;0;1;0;0;1;0;0;0;491128,245400000010000;5455390,247800000000000;8,878091622000056;49,251217935000057
152554;08;3;11;000;2018;05;00;7;3;5;2;2;1;1;0;0;0;0;0;414805,121400000000000;5316554,442400000100000;7,857975671000077;47,996610222000072
152555;08;2;26;096;2018;05;12;2;3;5;3;0;1;1;0;0;0;0;0;475799,900700000000000;5488575,272099999700000;8,665442980000023;49,549297593000063
152556;08;3;11;000;2018;05;09;5;3;0;7;0;1;0;0;0;0;0;0;412925,670500000010000;5316272,437500000000000;7,832844492000049;47,993820290000031
152559;08;2;12;000;2018;05;17;5;3;5;3;0;1;0;0;0;0;0;0;455858,310699999970000;5428879,418200000200000;8,396360361000063;49,011227539000060
152563;08;2;26;036;2018;05;17;2;3;8;7;0;1;0;0;0;0;0;0;468347,275399999980000;5480088,918800000100000;8,563096478000034;49,472622904000048
152565;08;2;22;000;2018;05;08;2;3;5;3;0;1;1;0;0;0;0;0;468350,264399999990000;5479491,186300000200000;8,563185542000042;49,467246684000031
152566;08;2;26;068;2018;05;20;7;3;1;5;1;1;1;0;0;0;0;0;468089,612399999980000;5460268,509200000200000;8,561130742000046;49,294329767000079
152567;08;2;26;096;2018;05;18;2;2;6;7;0;0;1;1;0;0;0;0;474502,605099999990000;5488332,404900000400000;8,647524436000026;49,547059864000062
152569;08;3;17;096;2018;05;14;6;3;0;7;0;1;0;0;0;0;0;0;422215,436800000020000;5369489,837500000400000;7,947570477000056;48,473725095000077
152573;08;1;19;076;2018;05;16;1;3;5;3;0;1;1;0;0;0;0;0;542526,598000000000000;5407313,515800000200000;9,579306958000075;48,817349447000026
152575;08;2;22;000;2018;05;15;5;3;6;4;0;0;1;1;0;0;0;0;462234,483499999970000;5482924,751600000100000;8,478453931000047;49,497780304000059
152577;08;1;36;061;2018;05;12;2;3;0;7;0;1;0;0;0;0;0;0;559764,667000000020000;5414909,723799999800000;9,815215193000029;48,884257773000058
152578;08;2;21;000;2018;05;08;5;3;5;2;0;1;1;0;0;0;0;0;475806,655900000010000;5470243,458999999800000;8,666656978000049;49,384408101000076
152579;08;1;35;019;2018;05;07;2;3;0;3;0;1;1;0;0;0;0;0;585409,904600000010000;5395423,115700000000000;10,160911415000044;48,705990369000062
152581;08;1;27;025;2018;05;13;2;3;5;3;0;1;1;0;0;0;0;0;556136,015499999980000;5427511,086100000000000;9,767459668000072;48,997945071000061
152582;08;3;11;000;2018;05;15;6;3;5;3;0;1;1;0;0;0;0;0;412187,086699999990000;5314581,552299999600000;7,823292389000073;47,978509249000069
152583;08;1;26;066;2018;05;11;2;3;6;4;0;0;1;1;0;0;0;0;536445,982399999980000;5449957,317900000100000;9,500307708000037;49,201328059000048
152584;08;1;21;000;2018;05;08;2;2;5;2;0;1;1;0;0;0;0;0;516820,288100000010000;5442087,899000000200000;9,230573131000028;49,131393186000025
152585;08;2;12;000;2018;05;16;5;3;6;6;0;0;1;1;0;0;0;0;461464,991600000010000;5427370,247299999900000;8,473171564000040;48,998027819000072
152588;08;1;25;026;2018;05;19;2;3;5;3;0;1;1;0;0;0;0;0;494320,445300000020000;5442985,658300000200000;8,922131513000068;49,139672863000044
152589;08;2;11;000;2018;05;14;5;3;6;3;0;0;1;1;0;0;0;0;444255,062099999980000;5401072,147699999600000;8,241491074000066;48,760161911000068
152592;08;2;26;085;2018;05;17;6;3;5;3;0;1;1;0;0;0;0;0;490881,249799999990000;5450925,104799999900000;8,874799160000066;49,211049302000049
152593;08;1;19;067;2018;05;16;2;3;6;4;0;0;1;1;0;0;0;0;538153,239599999970000;5405943,781299999900000;9,519607447000055;48,805311924000080
152597;08;1;19;008;2018;05;13;2;3;5;3;0;1;1;0;0;0;0;0;531531,414600000020000;5422568,051000000000000;9,430710148000060;48,955227606000051
152599;08;1;15;044;2018;05;20;5;2;0;7;2;1;0;0;0;0;0;0;504864,524900000020000;5389379,925499999900000;9,066055688000063;48,657455038000080
152600;08;1;16;016;2018;05;14;2;2;1;5;0;1;1;0;0;0;0;0;533383,351200000030000;5384587,828400000000000;9,452921325000034;48,613472778000073
152601;08;4;16;041;2018;05;17;7;3;5;3;0;1;1;0;0;0;0;0;502542,072099999990000;5374548,424599999600000;9,034428202000072;48,524040813000056
152602;08;1;16;033;2018;05;13;2;3;2;6;0;1;0;0;0;0;0;0;535498,912299999970000;5387496,207499999600000;9,481871740000031;48,639519768000071
152603;08;1;36;065;2018;05;19;5;3;5;3;0;1;1;0;0;0;0;0;560187,898599999960000;5405624,698499999900000;9,819623600000057;48,800698569000076
152604;08;4;26;021;2018;05;12;6;3;4;1;0;1;1;0;0;0;0;0;558652,402299999960000;5327893,157599999600000;9,787823425000056;48,101602368000044
152606;08;2;16;015;2018;05;17;6;3;0;7;0;1;0;0;0;0;0;0;449483,740400000010000;5406286,023099999900000;8,311990095000056;48,807508593000080
152607;08;1;16;019;2018;05;09;2;3;6;4;0;0;1;1;0;0;0;0;520245,017999999980000;5399330,016200000400000;9,275394713000026;48,746656764000079
152608;08;1;15;003;2018;05;07;2;3;3;2;0;1;1;0;0;0;0;0;500793,903600000020000;5391689,381799999600000;9,010784903000058;48,678249659000073
152609;08;1;36;088;2018;05;16;5;3;6;3;0;1;0;1;0;0;0;0;580500,077000000050000;5409863,020999999700000;10,097015090000070;48,836520654000026
152610;08;1;15;024;2018;05;07;2;3;5;3;0;1;1;0;0;0;0;0;501511,635000000010000;5386115,320600000200000;9,020514679000030;48,628103187000079
152611;08;2;12;000;2018;05;17;7;3;5;3;0;1;1;0;0;0;0;0;462108,488699999990000;5423761,467000000200000;8,482305046000022;48,965605673000027
152612;08;1;15;003;2018;05;08;2;3;0;7;0;1;0;0;0;0;1;0;501420,226499999990000;5391370,133200000000000;9,019292184000051;48,675376548000031
152615;08;4;35;016;2018;05;13;7;2;0;1;0;1;0;0;0;0;0;0;539919,665799999960000;5279303,356599999600000;9,531724991000033;47,665890473000047
152616;08;1;11;000;2018;05;19;2;3;0;3;0;1;1;0;0;0;0;0;508795,934799999990000;5406821,638600000200000;9,119812736000029;48,814317900000049
152618;08;4;16;041;2018;05;18;6;3;0;1;0;1;0;0;0;0;0;0;504743,145499999980000;5373181,598000000200000;9,064222575000031;48,511731564000058
152619;08;1;11;000;2018;05;07;2;3;5;3;0;1;1;0;0;0;0;0;511124,437500000000000;5409849,888000000300000;9,151612204000060;48,841522264000048
152620;08;1;11;000;2018;05;19;2;3;5;3;0;1;1;0;0;0;0;0;517585,259800000000000;5402612,263500000400000;9,239354407000064;48,776264354000034
152621;08;4;37;104;2018;05;17;1;3;0;7;0;1;0;0;0;0;0;0;516636,449700000000000;5325434,540000000000000;9,223376276000067;48,081965448000062
152624;08;2;22;000;2018;05;20;7;3;0;1;1;1;0;0;0;0;0;0;460313,874300000020000;5486813,373900000000000;8,451540371000021;49,532633509000050
152629;08;1;19;020;2018;05;08;5;3;0;6;0;1;0;0;0;0;0;0;520133,005999999990000;5406283,995000000100000;9,274211542000046;48,809217427000078
152630;08;3;35;043;2018;05;09;6;3;9;2;0;1;1;0;0;0;0;0;513332,628499999990000;5278944,764899999800000;9,177581518000068;47,663758625000071
152631;08;4;21;000;2018;05;15;1;3;5;3;0;1;0;0;0;0;0;0;573672,976499999990000;5360957,933199999900000;9,995308207000051;48,397474613000043
152633;08;4;15;061;2018;05;16;1;3;5;3;0;1;1;0;0;0;0;0;515924,782000000010000;5370429,764999999700000;9,215517150000039;48,486791120000078
152634;08;1;28;139;2018;05;13;1;2;0;1;0;1;0;0;0;0;0;0;550686,156500000040000;5490858,364500000100000;9,700989088000029;49,568194107000068
152635;08;4;15;062;2018;05;16;1;2;0;1;0;1;0;0;0;0;0;0;520220,043999999990000;5378589,882700000000000;9,274041961000023;48,560078155000042
152636;08;1;18;081;2018;05;17;5;3;4;7;0;1;1;0;0;0;0;0;519089,408999999990000;5412601,530000000300000;9,260292194000044;48,866081505000068
152637;08;3;36;069;2018;05;14;1;3;0;2;0;1;1;0;0;0;0;0;407611,997700000010000;5268824,121100000100000;7,771732094000072;47,566255785000067
152640;08;3;35;028;2018;05;21;1;3;0;7;2;1;0;0;0;0;0;0;482728,006899999980000;5286628,540300000500000;8,769644898000024;47,732800880000070
152642;08;3;35;043;2018;05;12;1;3;0;1;0;1;0;0;0;0;0;0;513357,446899999980000;5278206,371000000300000;9,177889510000057;47,657114282000066
152643;08;3;35;043;2018;05;12;1;3;0;7;0;1;0;0;0;0;0;0;513375,529400000000000;5278307,856900000000000;9,178133431000049;47,658027047000076
152644;08;1;18;080;2018;05;11;5;2;1;5;0;1;1;0;0;0;0;0;508940,097400000030000;5408604,011400000200000;9,121815276000064;48,830349845000057
152645;08;3;27;005;2018;05;14;1;2;0;1;0;1;0;0;0;0;0;0;482720,811999999980000;5323707,809899999800000;8,768063628000050;48,066412963000062
152647;08;3;26;068;2018;05;15;1;3;4;7;0;1;0;0;1;0;0;0;444015,456000000010000;5317190,362999999900000;8,249408882000068;48,005556580000075
152651;08;3;17;145;2018;05;14;1;3;0;7;0;1;0;0;0;0;0;0;444075,475299999990000;5349652,411600000200000;8,245946900000035;48,297596042000066
152652;08;1;16;071;2018;05;07;5;3;5;7;0;1;1;0;0;0;0;0;527901,409199999990000;5390517,698300000300000;9,378947515000050;48,667086264000034
152655;08;2;37;040;2018;05;15;6;3;5;3;0;1;1;0;0;0;0;0;479666,488000000010000;5366291,872299999900000;8,725019377000024;48,449438021000049
152657;08;3;15;015;2018;05;14;1;2;6;1;0;0;1;1;0;0;0;0;394844,312800000010000;5320301,667899999800000;7,589561061000040;48,027343166000037
152659;08;3;11;000;2018;05;14;1;3;6;7;0;1;0;1;0;0;0;0;414536,891699999980000;5316100,473100000100000;7,854471237000041;47,992490790000033
152661;08;3;11;000;2018;05;18;1;3;0;1;0;1;0;0;0;0;0;0;412752,327500000010000;5314846,824400000300000;7,830811186000062;47,980972799000028
152662;08;1;15;041;2018;05;10;5;3;5;7;0;1;1;0;0;0;0;0;495545,636999999990000;5402530,278099999800000;8,939371931000039;48,775759405000031
152663;08;4;25;028;2018;05;11;6;3;0;1;0;1;0;0;0;0;0;0;579516,620099999940000;5340210,875199999700000;10,070331521000071;48,210142134000080
152664;08;3;11;000;2018;05;17;1;3;3;2;0;1;1;0;0;0;0;0;412848,694299999970000;5314768,506799999600000;7,832118193000042;47,980281441000045
152667;08;3;11;000;2018;05;19;1;2;0;1;0;1;0;0;0;0;0;0;416525,320000000010000;5319035,383000000400000;7,880547165000053;48,019154325000045
152668;08;2;26;032;2018;05;13;6;3;0;3;0;1;1;0;0;0;0;0;467254,973699999970000;5462605,137099999900000;8,549460584000030;49,315303246000042
152669;08;3;11;000;2018;05;03;1;3;0;7;2;1;0;0;0;0;0;0;411703,319100000020000;5316407,132000000200000;7,816435821000027;47,994864276000044
152672;08;2;15;099;2018;05;10;1;3;5;2;0;1;1;0;0;0;0;0;461700,767999999980000;5445108,998999999800000;8,474714879000032;49,157604644000060
152674;08;2;35;085;2018;05;20;1;2;6;4;1;0;1;1;0;0;0;0;480591,817500000000000;5396241,965699999600000;8,736134112000059;48,718903488000080
152681;08;4;35;016;2018;05;19;4;3;0;1;0;1;0;0;0;0;0;0;536088,462500000020000;5278179,200799999800000;9,480602951000037;47,656001128000071
152683;08;2;25;117;2018;05;16;1;2;0;1;0;1;0;0;0;0;0;0;513446,632099999990000;5469726,580799999600000;9,185255319000021;49,380090895000080
152684;08;4;26;021;2018;05;12;4;3;3;2;0;1;1;0;0;0;0;0;559035,480899999970000;5326587,476400000000000;9,792787853000050;48,089820844000030
152685;08;2;26;018;2018;05;15;1;3;0;1;0;1;0;0;0;0;0;0;473516,494200000020000;5471138,864000000100000;8,635043444000075;49,392366831000061
152686;08;2;31;000;2018;05;16;7;3;5;3;0;1;1;0;0;0;0;0;478133,262600000020000;5411292,579099999700000;8,701908188000061;48,854214852000041
152688;08;3;26;074;2018;05;12;6;3;0;2;0;1;1;0;0;0;0;0;460206,194100000020000;5323955,777900000100000;8,465839414000072;48,067636448000030
152689;08;2;26;018;2018;05;11;1;3;0;7;0;0;1;1;0;0;0;0;472966,950499999980000;5471496,318099999800000;8,627446294000038;49,395557910000036
152691;08;2;15;097;2018;05;14;1;3;5;3;0;1;1;0;0;0;0;0;481150,398300000000000;5438876,938799999700000;8,741759233000039;49,102450598000075
152692;08;1;25;013;2018;05;17;1;3;0;7;0;1;1;0;0;0;0;0;504901,685600000030000;5436045,545199999600000;9,067119403000049;49,077250189000040
152695;08;1;36;088;2018;05;19;1;3;6;2;0;0;0;1;0;0;1;0;580695,488000000010000;5409475,451399999700000;10,099601240000027;48,833009401000027
152696;08;3;35;043;2018;05;15;4;3;5;3;0;1;0;0;0;0;0;0;513632,653600000020000;5279953,951000000400000;9,181609124000033;47,672832689000074
152697;08;1;18;046;2018;05;16;7;2;5;3;0;1;0;0;0;0;1;0;512691,594999999970000;5412586,318000000000000;9,173055334000026;48,866108589000078
152701;08;2;15;039;2018;05;14;5;3;5;3;0;1;1;0;0;0;0;1;472606,334299999990000;5452098,532599999600000;8,623807457000055;49,221059894000064
152702;08;2;12;000;2018;05;15;5;3;5;3;0;1;1;0;0;0;0;1;456041,938000000020000;5427430,444799999700000;8,399028192000060;48,998206968000034
152703;08;2;12;000;2018;05;16;5;3;0;1;0;1;0;0;0;0;0;1;456000,950200000020000;5428580,728199999800000;8,398343225000076;49,008550979000063
152704;08;2;11;000;2018;05;01;5;3;8;1;2;0;1;1;0;0;0;0;443897,968700000030000;5401651,232900000200000;8,236553683000068;48,765338811000049
152705;08;1;28;007;2018;05;14;5;2;6;1;0;0;1;1;0;0;0;0;556025,861999999960000;5482523,241700000100000;9,773646324000026;49,492757484000037
152706;08;2;25;109;2018;05;21;5;2;8;1;2;1;0;0;0;0;0;0;525882,722199999960000;5491472,919599999700000;9,358008677000044;49,575291073000074
152708;08;1;18;019;2018;05;21;5;3;5;3;1;1;1;0;0;0;0;0;505414,279400000000000;5405138,984299999700000;9,073727795000025;48,799219562000076
152709;08;1;15;021;2018;05;19;5;3;0;7;0;1;1;0;0;0;0;0;491491,039300000000000;5382590,569500000200000;8,884595720000050;48,596337737000056
152710;08;1;11;000;2018;05;10;5;2;0;1;0;1;0;0;0;0;0;0;510617,144499999990000;5400445,403500000000000;9,144455319000031;48,756929321000030
152713;08;4;35;057;2018;05;15;4;3;2;2;0;1;0;0;0;0;0;0;544589,870600000020000;5277913,316200000200000;9,593786444000045;47,653078811000057
152714;08;4;26;021;2018;05;06;4;3;5;3;0;1;1;0;0;0;0;0;558599,852599999980000;5326054,092100000000000;9,786865171000045;48,085062621000077
152715;08;4;21;000;2018;05;11;4;3;0;3;0;1;1;0;0;0;0;0;570801,335500000040000;5361283,805100000500000;9,956573570000046;48,400734965000026
152717;08;4;15;061;2018;05;20;4;3;9;5;1;1;1;0;0;0;0;0;513051,516200000010000;5371270,611999999700000;9,176658455000052;48,494421932000080
152719;08;3;35;100;2018;05;13;4;3;0;1;0;1;0;0;0;0;0;0;488665,148999999980000;5286900,622999999700000;8,848820612000054;47,735380583000051
152720;08;3;35;043;2018;05;19;4;3;0;1;1;1;0;0;0;0;0;0;511094,409199999990000;5281416,344200000200000;9,147832874000073;47,686039346000030
152721;08;3;35;043;2018;05;19;4;2;5;3;0;1;1;0;0;0;0;0;511278,213500000010000;5281207,204599999800000;9,150276651000070;47,684154399000079
152722;08;4;36;082;2018;05;07;4;2;2;1;0;1;1;0;0;0;0;0;548404,327000000050000;5294998,242999999800000;9,646478460000026;47,806518480000079
152724;08;3;17;096;2018;05;07;4;2;5;3;0;1;1;0;0;0;0;0;423339,855199999990000;5369026,344899999900000;7,962866283000039;48,469694087000050
152725;08;3;17;005;2018;05;09;4;2;5;3;0;1;1;0;0;0;0;0;425489,946699999970000;5378327,105200000100000;7,990289076000067;48,553612724000061
152726;08;3;16;011;2018;05;13;4;2;5;3;0;1;1;0;0;0;0;0;414637,032899999990000;5329623,652599999700000;7,853114816000073;48,114149261000080
152728;08;3;11;000;2018;05;07;4;3;6;6;0;1;0;1;0;0;0;0;413591,585199999970000;5319041,712200000000000;7,841210683000043;48,018821184000046
152730;08;1;11;000;2018;05;11;3;2;6;2;0;0;1;1;0;0;0;0;510809,751899999970000;5397104,226900000100000;9,146988227000065;48,726868810000042
152731;08;2;12;000;2018;05;19;4;2;5;2;0;1;0;0;0;0;1;0;454649,093799999970000;5428818,676500000100000;8,379832052000040;49,010593475000064
152733;08;2;31;000;2018;05;12;4;3;0;7;0;0;0;1;1;0;0;0;475898,686200000000000;5415313,023699999800000;8,671209585000042;48,890298660000042
152735;08;1;11;000;2018;05;15;3;3;5;2;0;1;1;0;0;0;0;0;511961,655800000010000;5401817,671699999800000;9,162788362000072;48,769249798000033
152737;08;2;26;041;2018;05;13;4;3;5;3;0;1;1;0;0;0;0;0;476288,126200000000000;5465801,704099999700000;8,673555309000051;49,344473898000047
152739;08;2;26;082;2018;05;08;4;3;0;1;0;1;0;0;0;0;0;0;477691,110800000020000;5480355,946399999800000;8,692052293000074;49,475439985000037
152740;08;2;26;084;2018;05;20;4;3;1;3;1;1;1;0;0;0;0;0;470114,490700000020000;5469316,615899999600000;8,588300226000058;49,375818622000054
152741;08;2;26;062;2018;05;16;4;3;4;6;0;1;0;0;0;0;0;0;469753,111399999990000;5467793,668999999800000;8,583437797000045;49,362102183000047