OBJECTID_1;ULAND;UREGBEZ;UKREIS;UGEMEINDE;UJAHR;UMONAT;USTUNDE;UWOCHENTAG;UKATEGORIE;UART;UTYP1;ULICHTVERH;IstRad;IstPKW;IstFuss;IstKrad;IstGkfz;IstSonstig;STRZUSTAND;LINREFX;LINREFY;XGCSWGS84;YGCSWGS84
152742;08;2;25;002;2018;05;18;4;3;0;7;0;1;1;0;0;0;0;0;498929,946899999980000;5466155,008700000100000;8,985267355000076;49,348111923000033
152744;08;1;16;014;2018;05;16;2;3;5;3;0;1;1;0;0;0;0;1;528818,508000000030000;5395216,595499999800000;9,391730679000034;48,709315405000041
152745;08;2;26;032;2018;05;11;4;2;5;3;0;1;1;0;0;0;0;0;467163,635100000010000;5462875,153800000400000;8,548181679000038;49,317727097000045
152746;08;2;21;000;2018;05;04;4;2;0;7;2;1;0;0;0;0;0;0;475467,131500000020000;5472988,207800000000000;8,661809519000030;49,409083091000070
152748;08;2;16;017;2018;05;16;4;3;0;7;0;1;0;0;0;0;0;0;451892,381999999980000;5401920,692499999900000;8,345303523000041;48,768431992000046
152750;08;1;11;000;2018;05;16;2;3;5;3;0;1;0;0;0;0;1;1;510880,867099999970000;5406498,522599999800000;9,148203726000077;48,811378173000037
152751;08;2;12;000;2018;05;11;4;3;5;2;0;1;1;0;0;0;0;0;452357,494400000030000;5430877,519899999700000;8,348255020000067;49,028940102000035
152755;08;4;36;009;2018;05;15;1;3;6;7;0;0;1;1;0;0;0;0;555577,293900000050000;5307473,671299999600000;9,743875430000060;47,918176036000034
152757;08;4;35;016;2018;05;14;1;3;0;1;0;1;0;0;0;0;0;0;536006,136999999990000;5278047,643899999600000;9,479495796000037;47,654822043000081
152760;08;3;35;035;2018;05;05;1;3;0;1;2;1;0;0;0;0;0;0;484019,217599999970000;5290447,002700000100000;8,786725217000026;47,767190840000069
152761;08;1;19;020;2018;05;09;4;3;3;6;0;1;0;0;0;0;1;0;519708,830399999980000;5408014,769600000200000;9,268517483000039;48,824800735000053
152762;08;3;35;063;2018;05;15;1;3;6;6;0;1;0;1;0;0;0;0;498593,901699999990000;5287560,080500000200000;8,981243899000049;47,741412158000060
152763;08;1;18;063;2018;05;16;4;3;5;3;0;1;1;0;0;0;0;0;515423,349200000000000;5423301,968200000000000;9,210708737000061;48,962441338000076
152766;08;1;15;003;2018;05;13;4;2;5;3;0;1;1;0;0;0;0;0;500848,438900000010000;5391347,503399999800000;9,011525044000052;48,675174007000066
152769;08;3;11;000;2018;05;16;1;3;1;5;0;1;1;0;0;0;0;0;410033,535299999990000;5317082,094200000200000;7,793916940000031;48,000702922000073
152770;08;2;15;090;2018;05;00;1;2;0;1;2;1;0;0;0;0;0;1;464995,349899999970000;5434078,789599999800000;8,520855643000061;49,058583163000037
152771;08;1;16;077;2018;05;15;4;3;5;2;0;1;1;0;0;0;0;0;516196,944299999970000;5389082,476200000400000;9,219926913000052;48,654588131000025
152773;08;1;16;019;2018;05;08;4;3;6;6;0;0;1;1;0;0;0;0;524608,358200000020000;5396562,318199999600000;9,334583384000041;48,721601759000066
152775;08;1;16;019;2018;05;19;4;2;6;4;0;0;1;1;0;0;0;0;522449,961899999990000;5397110,261199999600000;9,305267400000048;48,726612485000032
152778;08;4;36;011;2018;05;20;2;3;0;1;0;1;0;0;0;0;0;0;548901,020999999950000;5296870,558000000200000;9,653323038000053;47,823325948000047
152779;08;1;19;020;2018;05;04;1;3;1;1;2;1;0;0;0;1;0;0;520241,755300000020000;5407709,042500000400000;9,275762994000047;48,822033338000040
152780;08;1;15;041;2018;05;16;4;3;3;2;0;1;1;0;0;0;0;0;495727,395399999980000;5401681,561499999800000;8,941854649000049;48,768125651000048
152782;08;1;15;015;2018;05;17;4;3;0;7;0;1;0;0;0;0;0;0;492425,052299999980000;5387940,300900000100000;8,897165700000073;48,644476975000032
152783;08;1;11;000;2018;05;20;4;3;5;3;1;1;1;0;0;0;0;0;512201,550400000010000;5407474,231399999900000;9,166221140000062;48,820130990000052
152784;08;1;11;000;2018;05;12;1;3;5;3;0;1;1;0;0;0;0;0;512353,674600000030000;5399445,519000000300000;9,168052194000040;48,747902357000044
152786;08;1;11;000;2018;05;16;1;3;1;5;0;1;1;0;0;0;0;0;513160,774099999980000;5401497,783800000300000;9,179097069000022;48,766347902000064
152787;08;1;11;000;2018;05;21;4;3;6;4;1;0;0;1;1;0;0;0;512498,522100000000000;5403025,593999999600000;9,170131353000045;48,780105632000073
152791;08;4;35;016;2018;05;12;7;2;0;1;0;1;0;0;0;0;0;0;536248,111099999980000;5277712,247399999800000;9,482690251000065;47,651790830000039
152792;08;4;36;082;2018;05;07;3;3;3;6;0;1;0;0;0;0;0;0;547192,566499999960000;5295855,890700000300000;9,630388831000062;47,814324684000042
152793;08;4;21;000;2018;05;16;7;3;0;1;0;1;0;0;0;0;0;0;572580,413900000040000;5355690,503200000200000;9,979640706000055;48,350219327000048
152794;08;4;36;049;2018;05;15;3;2;0;1;0;1;0;0;0;0;0;0;580913,439000000010000;5281642,038999999900000;10,078115831000048;47,683100214000035
152795;08;4;36;055;2018;05;17;3;3;3;2;0;1;0;0;0;0;0;0;576367,919299999950000;5297704,514499999600000;10,020381543000042;47,828153650000047
152796;08;4;21;000;2018;05;09;7;3;5;3;0;1;1;0;0;0;0;0;568300,634300000030000;5362860,483699999700000;9,923048711000035;48,415193694000038
152797;08;4;35;016;2018;05;06;3;3;0;1;1;1;0;0;0;0;0;0;535955,515800000050000;5279167,812300000300000;9,478913858000055;47,664903471000059
152799;08;4;26;021;2018;05;08;3;3;6;7;0;0;1;1;0;0;0;0;558484,905799999950000;5326880,463899999900000;9,785435038000060;48,092507386000079
152801;08;4;15;061;2018;05;13;7;3;0;1;0;1;0;0;0;0;0;0;516729,020000000020000;5374722,333900000000000;9,226573245000054;48,525387555000066
152803;08;4;15;014;2018;05;18;7;3;0;1;0;1;0;0;0;0;0;1;525947,851499999990000;5375142,943099999800000;9,351454732000036;48,528858003000039
152804;08;4;25;033;2018;05;12;3;2;0;2;0;1;1;0;0;0;0;0;555704,471000000020000;5347495,943699999700000;9,750801872000068;48,278215955000064
152805;08;3;11;000;2018;05;22;7;3;0;1;2;1;0;0;0;0;0;0;411424,160500000000000;5317090,606900000000000;7,812553611000055;48,000973696000074
152810;08;4;17;044;2018;05;17;3;2;0;1;0;1;0;0;0;0;0;0;497515,916499999990000;5336424,716300000400000;8,966582189000064;48,181056099000045
152811;08;3;26;054;2018;05;16;7;2;2;6;0;1;0;0;1;0;0;0;441219,853100000010000;5329704,059399999700000;8,210211276000052;48,117881753000063
152812;08;4;16;041;2018;05;10;3;3;0;7;0;1;0;0;0;0;0;0;503551,006100000000000;5372138,613599999800000;9,048072043000047;48,502356346000056
152816;08;3;17;096;2018;05;16;7;2;6;4;0;1;0;1;0;0;0;0;422251,118800000000000;5369387,765599999600000;7,948072153000055;48,472811379000063
152817;08;4;15;061;2018;05;13;3;3;0;1;0;1;0;0;0;0;0;0;516802,811300000000000;5370399,532499999700000;9,227398600000072;48,486496275000036
152821;08;3;37;096;2018;05;07;3;2;0;1;0;1;1;0;0;0;0;0;423608,314799999990000;5268747,129599999600000;7,984373181000024;47,567643228000065
152823;08;2;26;049;2018;05;13;7;3;5;3;0;1;1;0;0;0;0;0;486545,230400000000000;5462781,267300000400000;8,814867141000036;49,317617459000076
152825;08;2;22;000;2018;05;15;7;3;5;3;0;1;1;0;0;0;0;0;462563,942199999990000;5480729,107099999700000;8,483211524000069;49,478052031000061
152828;08;2;21;000;2018;05;16;7;3;3;2;0;1;0;0;0;0;0;0;477463,010100000010000;5472818,040500000100000;8,689332318000027;49,407629658000076
152829;08;3;35;035;2018;05;19;3;3;1;5;0;1;1;0;0;0;0;0;485234,604700000030000;5289757,103600000000000;8,802968751000037;47,761012462000053
152831;08;3;35;043;2018;05;15;3;3;0;1;0;1;0;0;0;0;0;0;513356,368200000030000;5278200,365199999900000;9,177874961000043;47,657060266000030
152832;08;1;35;019;2018;05;13;7;3;5;3;0;1;1;0;0;0;0;0;585049,342300000020000;5396197,929300000000000;10,156171277000055;48,713008499000068
152835;08;3;26;060;2018;05;12;3;3;0;1;0;1;0;0;0;0;0;0;447067,477200000020000;5330704,778400000200000;8,288650891000032;48,127397589000054
152836;08;3;26;003;2018;05;09;3;3;2;6;0;1;1;0;0;0;0;0;465009,521400000030000;5318836,732800000300000;8,530731606000074;48,021862986000031
152838;08;3;26;074;2018;05;15;3;2;6;4;0;0;1;1;0;0;0;0;464868,001999999980000;5323034,621299999800000;8,528489189000027;48,059622859000058
152839;08;1;19;020;2018;05;01;7;2;0;1;2;1;0;0;0;0;0;0;520271,740800000030000;5406380,613800000400000;9,276105860000030;48,810082081000076
152841;08;1;15;045;2018;05;16;7;3;1;5;0;1;1;0;0;0;0;0;501404,531299999970000;5393958,129900000100000;9,019087779000074;48,698658479000073
152842;08;3;17;065;2018;05;07;3;3;5;3;0;1;1;0;0;0;0;0;415546,930899999980000;5354665,920599999800000;7,860346481000022;48,339527202000056
152844;08;1;11;000;2018;05;15;7;3;8;6;0;1;0;0;0;0;0;0;511106,018700000020000;5395569,139399999800000;9,150975438000046;48,713053916000035
152848;08;4;26;074;2018;05;21;6;2;0;1;2;1;0;0;0;0;0;0;555579,542000000020000;5326597,413900000000000;9,746383530000060;48,090221039000028
152849;08;4;16;041;2018;05;09;6;3;3;3;0;1;1;0;0;0;0;0;504544,655499999990000;5375075,924300000100000;9,061555651000049;48,528775081000049
152851;08;4;15;050;2018;05;08;6;3;4;2;0;1;0;0;1;0;0;0;521399,697099999990000;5375847,998800000200000;9,289888657000063;48,535372428000073
152852;08;3;16;009;2018;05;18;3;3;5;3;0;1;1;0;0;0;0;0;417549,904900000020000;5324247,413999999900000;7,893280943000036;48,066171900000029
152853;08;3;37;096;2018;05;17;6;3;5;3;0;1;1;0;0;0;0;0;420709,673400000030000;5267272,658599999700000;7,946108453000022;47,554030682000075
152854;08;3;11;000;2018;05;17;3;3;0;2;0;1;1;0;0;0;0;0;414614,439200000020000;5317620,711000000100000;7,855207914000062;48,006176283000059
152855;08;3;35;043;2018;05;11;6;3;1;5;0;1;1;0;0;0;0;0;512589,162499999980000;5280077,527700000400000;9,167711751000070;47,673965750000036
152857;08;3;11;000;2018;05;13;3;3;4;2;0;1;0;0;0;0;0;0;414903,405199999980000;5316786,662499999600000;7,859246827000050;47,998712225000077
152858;08;3;35;043;2018;05;11;6;3;6;6;0;0;1;1;0;0;0;0;513116,428100000020000;5278490,023500000100000;9,174688240000023;47,659671429000070
152859;08;2;12;000;2018;05;12;3;3;5;3;0;1;1;0;0;0;0;0;453166,341799999990000;5428823,665500000100000;8,359556334000047;49,010527595000042
152861;08;2;12;000;2018;05;09;3;2;5;2;0;1;1;0;0;0;0;0;454985,492399999990000;5429049,141400000100000;8,384406422000041;49,012691157000063
152862;08;3;26;074;2018;05;09;6;2;0;7;0;1;1;0;0;0;0;0;464848,553399999980000;5324044,425699999600000;8,528145150000057;48,068706776000056
152863;08;3;25;012;2018;05;17;6;3;0;7;0;1;0;0;0;0;0;0;463672,657899999990000;5355112,638799999800000;8,509700368000040;48,348147029000074
152866;08;2;15;017;2018;05;08;3;3;6;2;0;0;1;1;0;0;0;0;455821,984100000000000;5421246,733400000300000;8,396692786000074;48,942567774000054
152867;08;2;26;076;2018;05;18;3;3;5;3;0;1;1;0;0;0;0;0;475231,869899999990000;5465711,452399999800000;8,659019555000043;49,343620109000028
152868;08;3;25;049;2018;05;14;6;2;5;3;0;1;1;0;0;0;0;0;472561,389399999990000;5334129,435200000200000;8,631026712000050;48,159818306000034
152873;08;2;25;074;2018;05;18;3;2;0;1;0;1;0;0;0;0;0;0;504425,659700000020000;5467904,599200000100000;9,060952548000046;49,363834463000046
152874;08;3;17;065;2018;05;15;6;3;5;3;0;1;1;0;0;0;0;0;415141,511999999990000;5354666,160000000100000;7,854876633000060;48,339475028000038
152875;08;2;22;000;2018;05;19;3;3;6;3;0;1;0;1;0;0;0;0;461216,088899999970000;5483903,783599999700000;8,464294297000038;49,506521888000066
152878;08;2;22;000;2018;05;13;3;2;0;7;0;1;0;0;0;0;0;0;460279,037100000020000;5482568,520300000000000;8,451486076000037;49,494451315000049
152880;08;2;22;000;2018;05;09;3;3;5;3;0;1;1;0;0;0;0;0;462478,883900000020000;5482488,319299999600000;8,481870425000068;49,493869992000043
152881;08;3;15;076;2018;05;09;6;3;6;7;0;0;1;1;0;0;0;0;392170,503299999980000;5296627,167500000400000;7,559633488000031;47,813958132000039
152882;08;2;22;000;2018;05;08;3;3;6;7;0;0;1;1;0;0;0;0;462104,227799999990000;5484103,606200000300000;8,476542061000032;49,508375333000060
152884;08;2;21;000;2018;05;14;3;3;1;5;0;1;1;0;0;0;0;0;477463,418699999980000;5472920,642500000100000;8,689332126000068;49,408552563000057
152885;08;3;11;000;2018;05;10;6;3;3;2;0;1;1;0;0;0;0;0;414542,157100000010000;5316695,168499999700000;7,854423377000046;47,997841013000027
152887;08;2;21;000;2018;05;18;3;3;5;5;0;1;1;0;0;0;0;0;477505,706000000010000;5471870,563000000100000;8,689974524000036;49,399108817000069
152891;08;3;11;000;2018;05;16;6;2;6;4;0;0;1;1;0;0;0;0;410031,873000000020000;5316518,365299999700000;7,794012859000077;47,995631837000076
152892;08;2;16;007;2018;05;08;3;3;5;3;0;1;0;0;0;0;1;0;438216,658400000010000;5394485,196200000100000;8,160323835000042;48,700341789000049
152895;08;3;11;000;2018;05;15;6;3;0;1;0;1;0;0;0;0;0;0;414000,196400000020000;5315658,934200000000000;7,847367453000061;47,988447023000049
152897;08;4;36;081;2018;05;07;2;3;2;6;0;1;0;0;1;0;0;0;562579,343800000030000;5281995,983799999600000;9,833908013000041;47,688319752000041
152898;08;2;15;017;2018;05;16;6;3;5;2;0;1;0;0;1;0;0;0;455410,658799999980000;5421153,846099999700000;8,391086109000071;48,941702719000034
152899;08;2;16;043;2018;05;06;3;3;0;1;0;1;0;0;0;0;0;0;441269,083700000020000;5412489,648699999800000;8,199231659000077;48,862588172000073
152900;08;2;37;028;2018;05;17;6;3;6;4;0;0;1;1;0;0;0;0;456836,112900000010000;5368087,782700000300000;8,416099406000058;48,464442221000070
152901;08;2;15;105;2018;05;14;3;3;4;6;0;1;1;0;0;0;0;0;456831,883299999990000;5441366,259100000400000;8,408341136000047;49,123615948000065
152902;08;2;15;105;2018;05;19;3;2;5;3;0;1;1;0;0;0;0;0;457092,008199999980000;5441199,131099999900000;8,411923967000064;49,122130855000080
152906;08;1;36;065;2018;05;08;3;3;5;3;0;1;0;0;0;0;0;0;558990,883400000050000;5405639,501500000200000;9,803326767000044;48,800946470000042
152907;08;2;26;084;2018;05;10;6;3;6;4;0;0;1;1;0;0;0;0;468989,387200000000000;5470269,369900000300000;8,572727065000038;49,384332194000081
152911;08;2;22;000;2018;05;11;6;3;1;5;0;1;1;0;0;0;0;0;462240,339700000010000;5481005,128600000400000;8,478718174000051;49,480514661000029
152915;08;1;25;065;2018;05;17;3;2;5;2;0;1;1;0;0;0;0;0;516420,392700000030000;5448903,828400000000000;9,225369441000055;49,192715286000066
152919;08;2;15;105;2018;05;14;6;3;0;7;0;1;0;0;0;0;0;0;457524,201100000010000;5441346,987499999800000;8,417831501000023;49,123490836000030
152920;08;1;19;067;2018;05;13;3;3;0;1;0;1;0;0;0;0;0;0;539549,984799999980000;5406187,370099999900000;9,538652269000068;48,807415819000028
152921;08;2;12;000;2018;05;15;6;2;5;2;0;1;1;0;0;0;0;0;456886,477000000010000;5427792,728900000500000;8,410535188000040;49,001525323000067
152922;08;1;36;065;2018;05;09;6;3;5;3;0;1;1;0;0;0;0;0;558648,155000000030000;5406457,099000000400000;9,798776826000051;48,808333229000027
152926;08;1;18;051;2018;05;16;3;3;5;3;0;1;1;0;0;0;0;0;510267,587699999970000;5415412,168899999900000;9,140074034000065;48,891574189000039
152927;08;4;21;000;2018;05;06;6;2;5;3;0;1;1;0;0;0;0;0;572916,081400000020000;5364876,378300000000000;9,985765480000055;48,432809813000063
152928;08;1;18;011;2018;05;16;3;3;0;7;0;1;0;0;0;0;0;0;505758,555799999970000;5408456,022699999600000;9,078462452000053;48,829056212000069
152929;08;1;18;074;2018;05;18;3;2;0;1;0;1;0;0;0;0;0;0;510996,582300000010000;5428315,709800000300000;9,150367599000049;49,007637607000049
152931;08;1;17;026;2018;05;08;3;3;3;2;0;1;1;0;0;0;0;0;546895,910900000020000;5395180,120799999700000;9,637440295000033;48,707889879000049
152933;08;1;16;078;2018;05;13;3;3;1;6;0;1;1;0;0;0;0;0;512517,875600000030000;5392587,270700000200000;9,170077769000045;48,686202135000030
152934;08;1;25;026;2018;05;08;6;2;6;7;0;0;0;1;0;0;1;0;490176,906499999980000;5442510,020999999700000;8,865334009000037;49,135342040000069
152937;08;1;17;029;2018;05;17;6;2;0;1;0;1;0;0;0;0;0;0;541958,545099999990000;5390757,526499999700000;9,569882911000036;48,668457465000074
152939;08;1;16;019;2018;05;17;3;3;5;3;0;1;1;0;0;0;0;0;523097,647200000010000;5398352,505199999500000;9,314143893000050;48,737763922000056
152945;08;1;15;021;2018;05;14;6;3;6;7;0;1;0;1;0;0;0;0;489761,282899999990000;5382432,956399999600000;8,861139546000061;48,594893915000057
152952;08;1;11;000;2018;05;07;3;3;5;3;0;1;1;0;0;0;0;0;508079,507800000020000;5406740,068500000100000;9,110052428000074;48,813593834000073
152955;08;4;36;064;2018;05;18;2;3;1;1;0;1;1;0;0;0;0;0;545783,591099999960000;5291423,066999999800000;9,611101342000040;47,774544384000080
152957;08;4;21;000;2018;05;17;4;3;3;7;0;1;1;0;0;0;0;0;570855,815999999990000;5360601,746000000300000;9,957194419000075;48,394593515000054
152958;08;4;21;000;2018;05;16;4;3;0;1;0;1;0;0;0;0;0;0;570634,564200000020000;5357866,785100000000000;9,953746193000029;48,370016444000044
152960;08;4;21;000;2018;05;14;4;3;6;7;0;0;1;1;0;0;0;0;573057,795900000030000;5361135,503600000400000;9,987029422000035;48,399143487000060
152963;08;3;36;091;2018;05;22;4;3;6;4;2;0;1;1;0;0;0;0;396146,908600000020000;5271949,166400000500000;7,618611286000032;47,592633004000049
152965;08;3;35;043;2018;05;15;4;3;6;7;0;0;1;1;0;0;0;1;511733,441100000000000;5280476,020700000200000;9,156322658000022;47,677567353000029
152966;08;4;35;016;2018;05;08;4;2;6;4;0;0;1;1;0;0;0;0;537690,564999999940000;5277638,826000000400000;9,501891306000061;47,651047813000048
152967;08;1;18;048;2018;05;07;2;3;5;3;0;1;1;0;0;0;0;0;513118,355700000010000;5417029,421199999700000;9,179016981000075;48,906068760000039
152969;08;3;27;050;2018;05;07;4;3;4;2;0;1;1;0;0;0;0;1;486395,556999999970000;5315449,395700000200000;8,817651272000035;47,992200199000081
152970;08;3;17;146;2018;05;19;4;3;0;7;0;1;0;0;0;0;0;0;432499,550099999990000;5356116,693500000100000;8,088847461000057;48,354616559000078
152974;08;3;16;011;2018;05;13;4;3;5;3;0;1;1;0;0;0;0;1;414972,644600000000000;5327354,050300000200000;7,858075301000042;48,093778563000058
152976;08;3;36;069;2018;05;13;4;3;5;3;0;1;1;0;0;0;0;0;408195,495999999980000;5268555,398400000300000;7,779543851000028;47,563921203000064
152978;08;3;36;008;2018;05;10;4;3;5;3;0;1;1;0;0;0;0;1;396826,915500000000000;5276683,349399999700000;7,626538788000062;47,635326524000050
152979;08;3;11;000;2018;05;15;4;3;0;1;0;1;0;0;0;0;0;1;413305,390699999990000;5316506,659300000400000;7,837885909000022;47,995978793000063
152980;08;3;11;000;2018;05;14;4;3;5;3;0;1;1;0;0;0;0;0;410420,633299999990000;5315668,741100000200000;7,799400162000040;47,988043865000066
152981;08;2;12;000;2018;05;16;4;3;3;6;0;1;1;0;0;0;0;0;456840,048100000010000;5428725,908699999600000;8,409801233000053;49,009916152000073
152985;08;2;25;058;2018;05;14;4;3;1;6;0;0;1;1;1;0;0;0;507668,693199999980000;5465754,620099999900000;9,105575875000056;49,344463122000036
152987;08;1;18;048;2018;05;08;2;3;5;3;0;1;1;0;0;0;0;1;514880,112599999990000;5415374,875599999900000;9,202998011000034;48,891145109000036
152988;08;2;22;000;2018;05;18;4;3;5;3;0;1;1;0;0;0;0;0;465690,777400000020000;5476777,024100000000000;8,526716977000035;49,442689454000060
152995;08;2;11;000;2018;05;15;4;3;5;3;0;1;1;0;0;0;0;0;442670,285299999990000;5402754,859699999900000;8,219694934000074;48,775154217000079
152997;08;1;28;115;2018;05;03;4;3;6;7;2;0;1;1;0;0;0;0;547427,623799999940000;5497480,384999999800000;9,656726194000044;49,628017325000030
152999;08;1;27;076;2018;05;15;4;3;5;3;0;1;1;0;0;0;0;1;556659,823100000040000;5440526,105200000100000;9,776441482000053;49,114963450000062
153000;08;2;12;000;2018;05;16;7;3;5;7;0;1;1;0;0;0;0;0;456916,602100000020000;5427963,008500000500000;8,410928982000030;49,003059115000042
153001;08;1;26;066;2018;05;15;4;2;5;3;0;1;1;0;0;0;0;0;535630,227799999990000;5451203,587200000000000;9,489220560000035;49,212586169000076
153002;08;1;27;046;2018;05;17;7;3;2;2;0;1;1;0;0;0;0;0;570779,561100000050000;5450129,154099999900000;9,971594064000044;49,199870697000051
153004;08;1;26;058;2018;05;19;7;3;0;7;0;1;0;0;0;0;0;0;542340,716000000010000;5450395,063199999700000;9,581269017000068;49,204886662000035
153007;08;1;19;090;2018;05;14;7;3;0;7;0;1;0;0;0;0;0;0;532200,452000000050000;5405864,487200000300000;9,438533161000066;48,804935547000071
153014;08;1;16;056;2018;05;18;4;2;0;1;0;1;0;0;0;0;0;1;530749,280000000030000;5395116,446000000500000;9,417967542000042;48,708322260000045
153015;08;4;37;104;2018;05;07;6;3;4;1;0;1;1;0;0;0;0;0;516205,699199999970000;5326076,200299999700000;9,217617018000055;48,087749556000063
153017;08;4;36;082;2018;05;22;6;3;0;1;2;1;0;0;0;0;0;0;547808,157000000010000;5294848,352000000000000;9,638500120000060;47,805214484000032
153018;08;4;17;031;2018;05;16;6;3;0;1;0;1;0;0;0;0;0;0;497807,551700000010000;5355574,692499999900000;8,970406191000052;48,353345022000042
153020;08;4;16;041;2018;05;20;6;3;1;5;0;1;1;0;0;0;0;0;504713,440599999970000;5374731,664500000000000;9,063837888000023;48,525676753000027
153023;08;4;16;011;2018;05;08;6;3;5;3;0;1;0;0;0;0;1;0;504270,736399999990000;5366610,574300000400000;9,057758965000062;48,452619236000032
153024;08;4;36;064;2018;05;06;3;3;0;3;0;0;1;1;0;0;0;0;545631,671699999950000;5291367,665799999600000;9,609067879000065;47,774056715000029
153025;08;4;16;041;2018;05;12;6;3;0;7;0;1;0;0;0;0;0;0;504423,065599999970000;5376587,537399999800000;9,059924809000052;48,542374936000044
153026;08;4;35;016;2018;05;11;3;3;6;7;0;0;1;1;0;0;0;1;536641,445799999990000;5282377,679399999800000;9,488319265000030;47,693745320000062
153027;08;3;37;123;2018;05;18;6;3;5;1;0;1;1;0;0;0;0;0;452385,104999999980000;5278812,990000000200000;8,365834906000032;47,660957789000065
153028;08;4;26;013;2018;05;17;3;2;0;1;0;1;0;0;0;0;0;1;545395,111099999980000;5323355,980000000400000;9,609280255000044;48,061866208000026
153031;08;4;25;031;2018;05;17;3;3;5;3;0;1;1;0;0;0;0;0;569963,135299999970000;5368761,608000000000000;9,946499194000069;48,468093457000066
153032;08;3;37;096;2018;05;17;6;3;5;3;0;1;1;0;0;0;0;0;419311,258500000000000;5266848,981900000000000;7,927602444000058;47,550046870000074
153033;08;4;17;079;2018;05;12;3;3;0;1;0;1;0;0;0;0;0;0;500514,118000000020000;5344398,608000000000000;9,006925982000041;48,252800623000041
153035;08;4;16;041;2018;05;00;3;2;5;3;2;1;0;0;0;0;1;1;504521,635100000010000;5376537,336699999900000;9,061259708000023;48,541922611000075
153036;08;3;17;057;2018;05;12;6;3;1;5;0;1;1;0;0;0;0;0;412441,501899999970000;5380828,218700000100000;7,812975393000045;48,574422389000063
153039;08;3;17;118;2018;05;20;6;3;6;4;0;1;0;1;0;0;0;0;435491,063199999980000;5385436,748300000100000;8,124696067000059;48,618674211000041
153040;08;4;15;053;2018;05;15;3;3;8;1;0;1;0;0;0;0;0;0;536756,444999999950000;5362188,762400000400000;9,496709822000071;48,411780788000044
153042;08;3;36;050;2018;05;10;6;3;1;3;0;1;1;0;0;0;0;0;399667,458999999970000;5274110,449000000000000;7,664931467000031;47,612628848000043
153043;08;3;37;116;2018;05;10;3;2;5;3;0;1;1;0;0;0;0;1;417877,426700000010000;5270701,758100000200000;7,907829203000063;47,584527594000065
153047;08;3;36;069;2018;05;08;3;3;5;3;0;1;1;0;0;0;0;1;406181,764199999980000;5269379,542200000000000;7,752603577000059;47,571047031000035
153048;08;3;11;000;2018;05;18;6;3;5;1;0;1;1;0;0;0;0;0;413638,066899999980000;5315923,387699999800000;7,842461749000051;47,990777079000054
153051;08;2;12;000;2018;05;17;6;3;5;3;0;1;1;0;0;0;0;0;456662,231000000030000;5428809,020999999700000;8,407360903000040;49,010651295000059
153052;08;3;35;063;2018;05;15;3;3;5;3;0;1;1;0;0;0;0;1;498677,080000000020000;5287854,405600000200000;8,982352528000035;47,744060551000075
153053;08;2;15;110;2018;05;14;6;3;5;3;0;1;1;0;0;0;0;0;462144,945200000020000;5419030,465699999600000;8,483242711000059;48,923050956000054
153054;08;2;15;046;2018;05;10;6;2;8;1;0;1;0;0;0;0;0;0;450982,735999999980000;5414513,002399999600000;8,331419891000053;48,881632350000075
153055;08;3;35;043;2018;05;12;3;3;1;5;0;1;0;0;0;0;1;1;511059,282200000020000;5281430,030500000300000;9,147365156000035;47,686163092000072
153056;08;2;12;000;2018;05;18;6;3;6;2;0;0;1;1;0;0;0;0;460698,613100000020000;5427777,944899999500000;8,462655105000067;49,001646834000042
153057;08;3;35;043;2018;05;15;3;3;6;6;0;1;0;1;0;0;0;0;513024,327500000010000;5278623,588200000100000;9,173465605000047;47,660875063000049
153058;08;2;12;000;2018;05;09;6;3;5;3;0;1;1;0;0;0;0;0;453262,745600000020000;5429411,175499999900000;8,360806901000046;49,015819577000059
153059;08;3;25;049;2018;05;19;3;3;6;6;0;1;0;1;0;0;0;0;474871,111700000010000;5334968,808500000300000;8,662035887000059;48,167465459000027
153060;08;3;17;096;2018;05;08;3;2;0;1;0;1;0;0;0;0;0;1;422025,156299999970000;5368948,461400000400000;7,945097380000050;48,468831892000026
153064;08;3;17;057;2018;05;15;3;3;0;7;0;1;0;0;0;0;0;0;412516,913500000020000;5380094,369300000400000;7,814151888000026;48,567832417000034
153067;08;3;16;043;2018;05;12;3;3;5;3;0;1;1;0;0;0;0;0;411500,623700000000000;5331165,613800000400000;7,810665006000022;48,127591085000063
153069;08;2;22;000;2018;05;16;6;3;6;7;0;0;0;1;0;0;1;0;461557,071999999990000;5480989,470999999900000;8,469287432000044;49,480330939000055
153070;08;3;11;000;2018;05;19;3;3;5;3;1;1;1;0;0;0;0;1;414308,920999999970000;5319384,706000000200000;7,850759998000058;48,022003153000071
153071;08;2;26;096;2018;05;18;6;2;6;7;0;0;1;1;0;0;0;0;476060,011400000020000;5488784,661000000300000;8,669026122000048;49,551191303000053
153072;08;3;11;000;2018;05;20;3;3;0;1;1;1;0;0;0;0;0;1;413862,619200000020000;5316234,801199999600000;7,845408371000076;47,993608646000041
153073;08;2;22;000;2018;05;08;6;3;5;3;0;1;1;0;0;0;0;0;462497,617099999970000;5480853,647300000300000;8,482284166000056;49,479168113000071
153075;08;3;11;000;2018;05;15;3;3;6;4;0;0;1;1;0;0;0;1;417466,289099999990000;5314986,622000000400000;7,893942651000032;47,982855933000053