OBJECTID_1;ULAND;UREGBEZ;UKREIS;UGEMEINDE;UJAHR;UMONAT;USTUNDE;UWOCHENTAG;UKATEGORIE;UART;UTYP1;ULICHTVERH;IstRad;IstPKW;IstFuss;IstKrad;IstGkfz;IstSonstig;STRZUSTAND;LINREFX;LINREFY;XGCSWGS84;YGCSWGS84
153076;08;2;21;000;2018;05;13;6;3;0;7;0;1;1;0;0;0;0;0;474584,242199999980000;5474595,493700000500000;8,649536023000053;49,423504065000031
153077;08;3;36;050;2018;05;11;3;2;6;6;0;0;1;1;0;0;0;1;399546,526100000020000;5274240,687900000300000;7,663292872000056;47,613781655000025
153079;08;2;21;000;2018;05;18;6;3;5;3;0;1;1;0;0;0;0;0;477302,747099999980000;5469850,279099999900000;8,687292673000059;49,380929088000073
153080;08;4;25;072;2018;05;12;6;2;1;5;0;1;1;0;0;0;0;0;582883,052999999960000;5372298,991999999600000;10,121956297000054;48,498341206000077
153081;08;2;25;109;2018;05;20;6;2;0;1;0;1;0;0;0;0;0;0;527780,425900000030000;5489819,919300000200000;9,384140349000063;49,560338951000062
153083;08;1;21;000;2018;05;08;6;2;6;4;0;0;1;1;0;0;0;0;517013,920999999970000;5442358,975599999500000;9,233238874000051;49,133826279000061
153084;08;2;12;000;2018;05;08;3;3;0;5;0;1;0;0;0;0;1;0;454372,526100000020000;5428326,000599999900000;8,376105630000041;49,006141432000049
153086;08;2;12;000;2018;05;17;3;3;5;3;0;1;1;0;0;0;0;0;453406,795600000010000;5428719,714800000200000;8,362856224000041;49,009610757000075
153087;08;2;26;041;2018;05;12;3;3;6;2;0;0;1;1;0;0;0;0;476881,148800000020000;5465805,147400000100000;8,681719201000021;49,344527638000045
153091;08;2;25;058;2018;05;14;3;3;6;4;0;0;1;1;0;0;0;0;509349,928100000020000;5466218,230299999900000;9,128732473000071;49,348609862000046
153094;08;1;19;008;2018;05;07;6;3;0;1;0;1;0;0;0;0;0;0;531573,153900000030000;5423291,113800000400000;9,431336358000067;48,961729734000073
153095;08;1;18;048;2018;05;05;6;3;5;3;1;1;1;0;0;0;0;0;511300,607499999980000;5415513,227500000000000;9,154169597000021;48,892465309000045
153097;08;1;18;080;2018;05;13;6;2;0;7;0;1;0;0;0;0;0;0;508394,669899999980000;5408014,449900000400000;9,114371378000044;48,825053840000066
153099;08;1;18;074;2018;05;14;6;3;6;4;0;1;0;1;0;0;0;0;511238,932299999990000;5428557,968999999600000;9,153688195000029;49,009812500000066
153105;08;2;26;012;2018;05;11;3;3;0;7;0;0;1;1;0;0;0;0;476344,865200000000000;5476873,338000000500000;8,673677351000038;49,444063826000047
153106;08;1;11;000;2018;05;16;6;3;5;3;0;1;0;0;0;0;1;0;515524,317800000020000;5406947,658099999700000;9,211466828000027;48,815319865000049
153107;08;2;21;000;2018;05;08;3;3;5;2;0;1;1;0;0;0;0;0;477456,298499999980000;5474347,943799999500000;8,689152909000029;49,421390638000048
153110;08;2;26;055;2018;05;16;3;2;5;3;0;1;0;0;0;0;1;0;496838,254299999970000;5460062,940499999600000;8,956516910000062;49,293305830000065
153112;08;2;21;000;2018;05;19;3;3;5;3;0;1;0;0;0;0;1;0;477301,101399999990000;5472654,797399999600000;8,687109806000024;49,406155294000030
153113;08;4;26;100;2018;05;14;5;2;6;4;0;1;0;1;0;0;0;1;576910,680100000000000;5318354,473100000100000;10,031318317000057;48,013853053000048
153116;08;4;21;000;2018;05;07;5;3;0;1;0;1;0;0;0;0;0;1;570818,432000000030000;5360591,571000000500000;9,956687754000029;48,394506187000047
153118;08;4;16;041;2018;05;09;5;3;0;4;0;1;1;1;0;0;0;1;504630,849899999970000;5373153,179100000300000;9,062701769000057;48,511476735000031
153119;08;2;16;043;2018;05;21;3;3;6;7;2;0;1;1;0;0;0;1;442658,195599999980000;5411761,244699999700000;8,218271722000054;48,856166153000061
153123;08;4;16;036;2018;05;05;5;3;0;3;1;1;0;0;0;0;1;1;490682,234000000000000;5372519,889000000400000;8,873851586000058;48,505727368000066
153124;08;1;21;000;2018;05;14;3;2;0;6;0;1;0;0;0;0;1;0;513947,139900000010000;5443107,188900000400000;9,191223430000036;49,140633993000051
153125;08;4;16;011;2018;05;15;5;3;6;7;0;0;1;1;0;0;0;0;504081,360800000020000;5366397,311900000100000;9,055195703000038;48,450701884000068
153128;08;4;16;041;2018;05;17;5;3;1;6;0;1;1;0;0;0;0;0;503078,819100000020000;5374161,254800000200000;9,041694700000051;48,520555289000072
153129;08;1;19;042;2018;05;07;3;3;5;3;0;1;0;0;0;0;1;1;528477,351000000020000;5415038,940000000400000;9,388467942000034;48,887647462000075
153130;08;4;15;061;2018;05;17;5;3;5;3;0;1;1;0;0;0;0;0;515975,810200000010000;5371797,795400000200000;9,216260064000039;48,499097102000064
153135;08;1;18;051;2018;05;07;3;3;0;6;0;1;0;0;1;0;0;1;508770,093999999980000;5415601,184000000400000;9,119648808000022;48,893297530000041
153138;08;3;16;014;2018;05;05;5;3;6;6;1;1;0;1;0;0;0;0;424883,405299999980000;5329516,067599999700000;7,990774173000034;48,114472749000072
153139;08;3;15;050;2018;05;12;5;3;1;5;0;1;1;0;0;0;0;0;399886,251700000020000;5302928,946700000200000;7,661210896000057;47,871889279000072
153140;08;1;18;048;2018;05;07;3;2;6;4;0;0;1;1;0;0;0;0;512742,320300000020000;5417075,408699999600000;9,173886950000053;48,906490301000076
153143;08;2;12;000;2018;05;19;5;3;5;3;0;1;0;0;0;0;1;0;458207,082700000030000;5429099,092799999800000;8,428455586000041;49,013367099000050
153144;08;1;16;019;2018;05;17;3;2;6;4;0;0;0;1;0;0;1;0;520365,803699999990000;5399467,533499999900000;9,277044551000074;48,747889919000045
153148;08;1;15;003;2018;05;13;3;2;3;6;0;1;0;0;0;0;1;0;500433,987599999990000;5392009,524000000200000;9,005895906000035;48,681130050000036
153153;08;2;26;032;2018;05;16;5;3;1;7;0;1;1;0;0;0;0;0;466616,379100000020000;5462676,954099999700000;8,540668436000033;49,315914642000052
153155;08;2;22;000;2018;05;13;5;3;5;3;0;1;1;0;0;0;0;0;462863,197800000020000;5478996,058400000400000;8,487505090000070;49,462482471000044
153156;08;1;16;071;2018;05;07;2;3;3;6;0;1;1;0;0;0;0;0;527358,164499999960000;5391692,173800000000000;9,371647211000038;48,677675811000029
153158;08;2;22;000;2018;05;17;5;3;2;7;0;1;1;0;0;0;0;0;462947,006600000020000;5479143,109600000100000;8,488647855000068;49,463810247000026
153159;08;4;35;016;2018;05;09;2;3;0;1;0;1;0;0;0;0;0;0;536036,804000000000000;5279173,307000000000000;9,479997000000026;47,664948385000059
153160;08;2;15;106;2018;05;13;5;3;5;2;0;1;1;0;0;0;0;0;466143,030499999990000;5454893,316499999700000;8,534814781000023;49,245875692000027
153165;08;1;36;065;2018;05;21;5;3;3;6;1;1;0;0;0;0;0;0;558723,393999999970000;5405645,821999999700000;9,799685422000039;48,801028651000081
153168;08;4;15;061;2018;05;15;2;3;6;4;0;0;1;1;0;0;0;0;516252,010499999970000;5370557,068300000400000;9,219950597000036;48,487928008000040
153169;08;1;21;000;2018;05;17;5;2;6;4;0;0;1;1;0;0;0;0;516897,128000000030000;5442055,000500000100000;9,231625068000028;49,131095145000074
153170;08;4;15;050;2018;05;12;2;3;5;2;0;1;1;0;0;0;0;0;520318,389499999990000;5376841,900399999700000;9,275289502000021;48,544349751000027
153174;08;1;21;000;2018;05;07;5;3;2;6;0;1;1;0;0;0;0;1;516436,285299999990000;5443734,411000000300000;9,225376395000069;49,146214496000027
153175;08;1;19;085;2018;05;17;5;3;6;4;0;0;1;1;0;0;0;0;529160,346999999950000;5414349,567699999500000;9,397735479000062;48,881414397000071
153180;08;3;17;150;2018;05;17;2;2;5;3;0;1;1;0;0;0;0;0;407848,094999999970000;5360056,149799999800000;7,755297924000047;48,386933485000043
153183;08;3;16;051;2018;05;09;2;2;0;1;0;1;0;0;0;0;0;0;399448,387200000000000;5335330,174599999600000;7,647756321000031;48,163259048000043
153184;08;3;11;000;2018;05;16;2;3;5;3;0;1;0;0;0;0;0;0;413208,527999999990000;5315214,838999999700000;7,836848955000050;47,984345281000060
153185;08;1;18;048;2018;05;18;5;3;5;3;0;1;1;0;0;0;0;0;514762,394499999990000;5415616,355200000100000;9,201400808000074;48,893320210000070
153187;08;1;18;080;2018;05;08;5;3;0;7;0;1;0;0;0;0;0;1;507320,142999999980000;5411257,742499999700000;9,099789682000051;48,854243622000070
153191;08;2;31;000;2018;05;16;2;3;6;4;0;0;0;1;0;0;1;0;478310,177199999980000;5415777,154199999800000;8,704082050000068;48,894562924000070
153197;08;1;15;021;2018;05;19;5;3;6;6;0;0;1;1;0;0;0;0;490516,077999999980000;5382457,435200000200000;8,871375709000063;48,595126020000066
153198;08;1;11;000;2018;05;19;5;3;6;7;0;1;1;1;0;0;0;0;511917,832999999980000;5402590,326899999800000;9,162214362000043;48,776201396000033
153202;08;2;22;000;2018;05;15;2;3;3;2;0;1;1;0;0;0;0;0;461033,440000000000000;5483102,280600000200000;8,461850633000040;49,499301115000037
153204;08;2;22;000;2018;05;08;2;3;1;4;0;0;1;1;0;0;1;0;461794,312099999980000;5482853,943500000100000;8,472382231000040;49,497115860000065
153205;08;2;21;000;2018;05;08;2;3;5;5;0;1;1;0;0;0;0;0;474968,288100000010000;5473620,722500000100000;8,654893110000046;49,414752123000028
153207;08;4;36;011;2018;05;09;4;3;5;3;0;1;1;0;0;0;0;1;548634,394399999990000;5297273,042200000000000;9,649806309000041;47,826967268000033
153211;08;4;26;021;2018;05;09;4;3;0;1;0;1;0;0;0;0;0;1;558415,934200000020000;5327316,059899999800000;9,784568476000061;48,096432419000053
153213;08;4;25;081;2018;05;18;4;3;6;4;0;0;1;1;0;0;0;0;547675,943800000010000;5341845,219700000200000;9,641961923000054;48,228036325000062
153214;08;1;16;078;2018;05;21;2;3;0;7;2;0;1;1;0;0;0;1;512413,238399999970000;5392940,133899999800000;9,168666693000034;48,689378606000048
153215;08;1;11;000;2018;05;21;5;3;0;1;2;1;0;0;0;0;0;0;512802,672700000000000;5408678,581000000200000;9,174447762000057;48,830953037000029
153218;08;4;37;086;2018;05;09;4;2;0;7;0;1;0;0;0;0;0;0;526202,493200000030000;5307193,745199999800000;9,350702681000030;47,917531219000068
153219;08;4;17;008;2018;05;17;4;3;5;3;0;1;1;0;0;0;0;0;493865,936700000020000;5350449,349499999500000;8,917276669000046;48,307208072000037
153220;08;4;17;002;2018;05;00;4;3;5;3;2;1;1;0;0;0;0;1;488794,208999999970000;5345938,741200000000000;8,848999747000050;48,266557932000069
153223;08;4;15;061;2018;05;16;4;3;5;3;0;1;1;0;0;0;0;0;515154,628499999990000;5371203,938799999700000;9,205122480000057;48,493774908000034
153225;08;3;35;075;2018;05;16;4;3;0;1;0;1;0;0;0;0;0;0;488247,394900000010000;5290840,034799999600000;8,843142327000066;47,770818133000034
153226;08;3;35;043;2018;05;07;4;2;0;5;0;1;0;0;0;0;1;0;512987,844999999970000;5279890,669200000400000;9,173017384000048;47,672276575000069
153227;08;3;15;133;2018;05;10;4;3;0;3;0;1;0;0;0;0;1;0;395511,367199999980000;5328300,705900000400000;7,596550634000039;48,099399102000064
153228;08;3;15;084;2018;05;15;4;3;6;7;0;0;0;1;0;0;1;0;417197,392600000020000;5304771,581799999800000;7,892304493000040;47,890930764000075
153230;08;2;35;046;2018;05;17;4;3;0;7;0;1;0;0;0;0;0;0;480872,638500000000000;5377514,504400000000000;8,740816407000068;48,550438107000048
153232;08;2;26;096;2018;05;08;4;3;1;7;0;1;1;0;0;0;0;0;474585,671600000000000;5487907,418899999900000;8,648700132000045;49,543240779000030
153237;08;2;15;039;2018;05;14;4;3;5;3;0;1;1;0;0;0;0;0;473285,087000000000000;5452185,524000000200000;8,633122657000058;49,221872369000039
153238;08;2;12;000;2018;05;19;4;3;0;7;0;1;1;0;0;0;0;0;458529,544700000030000;5428760,093999999600000;8,432899866000071;49,010339510000051
153239;08;2;12;000;2018;05;19;4;3;0;7;0;1;0;0;0;0;0;0;458441,946999999990000;5428810,843999999600000;8,431696851000027;49,010790121000070
153242;08;1;21;000;2018;05;17;4;3;5;3;0;1;1;0;0;0;0;0;516617,069100000020000;5443934,595900000100000;9,227863562000039;49,148010357000032
153245;08;1;18;079;2018;05;18;4;3;8;1;0;1;0;0;0;0;0;0;510562,780000000030000;5422439,816999999800000;9,144283135000023;48,954787901000032
153246;08;1;16;019;2018;05;17;4;3;5;3;0;1;1;0;0;0;0;0;522061,844300000000000;5398810,156499999600000;9,300080973000036;48,741918450000071
153250;08;3;11;000;2018;05;12;7;3;5;3;0;1;0;0;0;0;0;0;411918,913100000010000;5317735,897400000100000;7,819052290000059;48,006846620000033
153251;08;1;11;000;2018;05;19;4;3;6;4;0;0;1;1;0;0;0;0;512532,093700000030000;5403024,413200000300000;9,170588296000062;48,780094334000069
153256;08;1;11;000;2018;05;08;4;3;6;2;0;0;1;1;0;0;0;0;511984,188000000020000;5406381,322700000400000;9,163228114000049;48,810303557000054
153259;08;2;26;098;2018;05;15;7;3;5;6;0;1;1;0;0;0;0;0;476646,066600000020000;5459758,997299999900000;8,678836661000048;49,290133694000076
153260;08;2;22;000;2018;05;14;7;2;6;2;0;0;1;1;0;0;0;0;464397,065599999970000;5478089,860600000200000;8,508753401000035;49,454423465000048
153261;08;1;11;000;2018;05;09;4;3;1;7;0;1;1;0;0;0;0;0;515547,310200000010000;5403557,706500000300000;9,211651675000042;48,784823731000074
153262;08;2;22;000;2018;05;13;7;3;0;3;0;1;1;0;0;0;0;0;463192,788600000030000;5477914,385099999600000;8,492153860000030;49,452773374000060
153263;08;4;36;064;2018;05;10;3;3;0;1;0;1;0;0;0;0;0;0;545608,036500000050000;5292056,766499999900000;9,608824803000061;47,780258248000052
153264;08;4;36;064;2018;05;18;3;3;0;1;0;1;0;0;0;0;0;0;545266,828600000010000;5290773,134100000400000;9,604136468000036;47,768733422000025
153266;08;4;21;000;2018;05;21;3;3;6;6;2;1;0;1;0;0;0;1;571059,236700000010000;5363370,191800000100000;9,960410856000067;48,419473573000062
153267;08;2;16;015;2018;05;18;7;2;0;7;0;1;0;0;0;0;0;0;451749,585000000020000;5402908,932900000400000;8,343244391000042;48,777310536000073
153268;08;4;21;000;2018;05;21;3;3;5;3;1;1;1;0;0;0;0;1;572223,120600000020000;5359885,044400000000000;9,975539390000051;48,387991456000066
153269;08;2;15;106;2018;05;21;7;3;0;7;0;1;0;0;0;0;1;0;467125,465399999990000;5454064,534799999600000;8,548380701000042;49,238474399000040
153271;08;4;15;059;2018;05;07;3;3;5;2;0;1;1;0;0;0;0;0;516274,720600000000000;5369525,649600000100000;9,220217776000027;48,478648406000048
153272;08;2;15;009;2018;05;17;7;2;0;1;0;1;0;0;0;0;0;0;468671,716699999990000;5439186,983799999600000;8,570780459000048;49,104730511000071
153274;08;3;36;081;2018;05;15;3;3;5;3;0;1;1;0;0;0;0;0;411653,524399999990000;5278137,517799999600000;7,823573435000071;47,650600988000065
153275;08;2;12;000;2018;05;11;7;3;4;6;0;1;1;0;0;0;0;0;455306,541099999970000;5433633,984100000000000;8,388291194000033;49,053955391000045
153276;08;3;35;075;2018;05;10;3;3;5;3;0;1;1;0;0;0;0;0;491157,003399999990000;5288773,986700000200000;8,882017734000044;47,752275275000045
153277;08;2;15;046;2018;05;23;7;3;0;1;2;1;0;0;0;0;0;0;450196,674999999990000;5414970,194199999800000;8,320643345000065;48,885682207000059
153278;08;4;35;018;2018;05;17;3;2;5;3;0;1;1;0;0;0;0;0;523614,452600000020000;5280417,519999999600000;9,314606364000042;47,676716165000073
153280;08;1;18;054;2018;05;09;7;2;5;3;0;1;1;0;0;0;0;0;518595,227100000020000;5422658,067099999600000;9,254012070000044;48,956561780000072
153281;08;3;27;049;2018;05;16;3;3;5;3;0;1;1;0;0;0;0;0;472901,208199999990000;5324592,826899999800000;8,636202457000024;48,074033722000081
153282;08;1;35;025;2018;05;17;7;2;4;6;0;1;1;0;0;0;0;0;582123,493400000040000;5398568,512600000000000;10,116877026000054;48,734722542000043
153284;08;3;27;050;2018;05;17;3;2;1;5;0;1;0;0;0;1;0;1;489197,061899999970000;5317117,739900000400000;8,855159418000028;48,007264027000076
153290;08;1;28;139;2018;05;13;7;3;0;1;0;1;0;0;0;0;0;0;551327,603400000020000;5492253,053399999600000;9,710041539000031;49,580683906000047
153292;08;1;28;007;2018;05;19;7;3;6;7;0;0;1;1;0;0;0;0;556162,343200000000000;5481810,337200000000000;9,775429485000075;49,486332984000057
153293;08;3;15;006;2018;05;11;3;3;6;7;0;0;0;1;0;0;1;0;403313,259499999990000;5307710,471099999700000;7,705955562000042;47,915424524000059
153294;08;1;27;076;2018;05;10;7;3;5;3;0;1;1;0;0;0;0;0;552247,104399999950000;5440368,940000000400000;9,715956325000036;49,113940624000065
153295;08;1;26;058;2018;05;16;7;3;6;4;0;0;0;1;0;0;1;0;543822,391399999960000;5449033,026999999800000;9,601460266000061;49,192531253000027
153296;08;3;15;033;2018;05;17;3;3;5;3;0;1;1;0;0;0;0;0;399325,417000000020000;5305264,446999999700000;7,653168649000065;47,892809152000041
153297;08;1;19;055;2018;05;10;7;3;1;5;0;1;1;0;0;0;0;0;544263,976299999980000;5404715,880400000100000;9,602692495000042;48,793861260000028
153299;08;1;17;015;2018;05;01;7;3;1;1;2;1;1;0;0;0;0;0;560463,017899999980000;5392280,746399999600000;9,821411426000054;48,680641747000038
153300;08;3;11;000;2018;05;12;3;2;0;1;0;1;0;0;0;0;0;0;411841,690400000020000;5314622,553200000000000;7,818656623000038;47,978830561000052
153301;08;1;17;019;2018;05;16;7;3;0;1;0;1;0;0;0;0;0;0;552180,248999999950000;5394618,249599999700000;9,709192044000076;48,702415873000064
153302;08;3;11;000;2018;05;11;3;3;5;2;0;1;1;0;0;0;0;0;414388,318099999970000;5315653,352599999900000;7,852569375000030;47,988448889000040
153303;08;1;35;019;2018;05;19;7;2;0;6;0;1;0;0;1;0;0;0;583326,758799999950000;5392393,559799999900000;10,131991568000046;48,679023305000044
153304;08;2;37;004;2018;05;08;3;3;6;7;0;0;1;1;0;0;0;0;455750,833999999970000;5375108,657999999800000;8,400675099000068;48,527526004000038
153305;08;1;16;019;2018;05;12;7;3;6;4;0;0;1;1;0;0;0;0;523131,637200000000000;5398115,663499999800000;9,314592879000031;48,735632058000078
153307;08;2;26;095;2018;05;09;3;3;1;3;0;1;0;0;0;0;0;0;473632,474600000020000;5461074,013600000200000;8,637307779000025;49,301839619000077
153309;08;2;26;098;2018;05;09;3;3;6;7;0;0;0;1;0;0;1;0;476969,113300000030000;5459785,072999999900000;8,683277626000063;49,290380507000066
153312;08;1;15;004;2018;05;11;7;3;6;7;0;0;1;1;0;0;0;0;488313,753099999970000;5374540,720300000200000;8,841729448000024;48,523867855000049
153315;08;1;11;000;2018;05;15;7;3;1;7;0;1;0;0;1;0;0;0;511305,674999999990000;5402615,156000000400000;9,153882956000075;48,776436183000044
153316;08;2;21;000;2018;05;09;3;3;6;4;0;1;0;1;0;0;0;0;476818,708400000000000;5469682,968799999900000;8,680633777000026;49,379405923000036
153317;08;4;16;041;2018;05;03;6;3;5;2;2;1;1;0;0;0;0;0;506680,257600000010000;5374820,885999999900000;9,090477460000045;48,526461568000059
153318;08;2;21;000;2018;05;16;3;3;0;5;0;1;1;0;0;0;0;0;477448,652300000020000;5472624,411000000300000;8,689145398000051;49,405887459000041
153319;08;2;21;000;2018;05;15;3;3;6;4;0;0;0;1;0;0;1;0;476403,528300000010000;5472834,043399999800000;8,674726874000044;49,407733441000062
153321;08;2;21;000;2018;05;15;3;2;5;3;0;1;1;0;0;0;0;0;476842,169100000000000;5474203,891400000100000;8,680693441000074;49,420071840000048
153322;08;4;36;082;2018;05;15;6;3;5;3;0;1;1;0;0;0;0;0;546749,701099999950000;5294407,016099999700000;9,624317247000022;47,801321557000051
153323;08;2;15;009;2018;05;17;3;3;6;7;0;0;1;1;0;0;0;1;472366,137600000020000;5443104,655899999700000;8,621127026000067;49,140147957000067
153326;08;2;12;000;2018;05;18;3;3;6;1;0;0;1;1;0;0;0;1;454902,912799999990000;5432501,678899999700000;8,382893228000057;49,043740875000026
153327;08;3;27;009;2018;05;20;6;2;5;3;1;1;1;0;0;0;0;0;484399,150000000020000;5336098,701000000400000;8,790137993000030;48,177936266000074
153328;08;2;15;017;2018;05;16;3;3;6;4;0;0;1;1;0;0;0;1;456748,732299999970000;5421294,838899999900000;8,409342898000034;48,943065991000026
153331;08;2;15;017;2018;05;16;3;3;5;3;0;1;1;0;0;0;0;1;456908,071000000000000;5421598,385999999900000;8,411486665000041;48,945807589000026
153334;08;2;12;000;2018;05;11;3;3;5;2;0;1;1;0;0;0;0;0;455059,805999999980000;5429278,608000000000000;8,385397223000041;49,014760643000045
153336;08;2;12;000;2018;05;17;3;3;5;3;0;1;1;0;0;0;0;1;461878,285500000000000;5429910,561200000300000;8,478583073000038;49,020904185000063
153337;08;3;11;000;2018;05;10;6;3;5;3;0;1;0;0;0;0;0;0;414229,675500000010000;5315477,965099999700000;7,850478612000075;47,986849953000046
153340;08;2;22;000;2018;05;08;6;2;0;7;0;1;0;0;0;0;0;0;462695,869400000030000;5480665,015900000000000;8,485038689000021;49,477483684000049
153341;08;1;26;066;2018;05;17;3;3;5;3;0;1;1;0;0;0;0;0;535896,450700000040000;5450469,564500000300000;9,492810161000023;49,205968128000052
153343;08;2;22;000;2018;05;10;6;3;6;7;0;1;0;1;0;0;0;0;461651,248599999990000;5482419,501699999900000;8,470448785000031;49,493199265000044
153344;08;1;21;000;2018;05;07;3;3;4;3;0;1;1;0;0;0;0;0;515780,417000000020000;5444404,725300000000000;9,216409376000058;49,152261390000035
153346;08;1;15;003;2018;05;12;3;3;5;3;0;1;0;0;0;0;0;0;500765,472000000010000;5391094,180999999900000;9,010397568000030;48,672895193000045
153347;08;2;21;000;2018;05;14;6;3;1;5;0;1;1;0;0;0;0;0;474204,255000000000000;5471926,070500000400000;8,644469846000050;49,399477142000080
153349;08;2;26;065;2018;05;17;6;2;0;7;0;1;1;0;0;0;0;0;478965,936200000000000;5456899,277700000400000;8,710889455000029;49,264494586000069
153350;08;1;11;000;2018;05;14;3;3;0;7;0;1;0;0;0;0;0;1;517033,617700000000000;5410208,853400000400000;9,232161312000073;48,844617409000080
153351;08;2;21;000;2018;05;10;6;3;0;1;0;1;0;0;0;0;0;0;477062,166600000000000;5472547,616499999500000;8,683822482000039;49,405182259000071
153357;08;4;36;082;2018;05;11;2;3;6;3;0;1;0;1;0;0;0;0;546839,384599999990000;5295988,204400000200000;9,625685691000058;47,815540912000074
153360;08;4;35;018;2018;05;13;2;3;0;1;0;1;0;0;0;0;0;0;524678,224300000000000;5279837,911500000400000;9,328745597000022;47,671461374000046
153361;08;1;35;025;2018;05;15;6;3;7;3;0;1;0;0;0;0;0;0;583895,980199999990000;5398178,895899999900000;10,140898554000046;48,730982090000055
153362;08;4;25;071;2018;05;18;2;3;4;2;0;1;1;0;0;0;0;0;551291,314699999990000;5371274,021700000400000;9,694227845000057;48,492494641000064
153366;08;3;37;123;2018;05;12;2;3;0;1;0;1;0;0;0;0;0;0;451090,819800000000000;5277900,277800000300000;8,348700067000038;47,652649415000042
153367;08;3;35;066;2018;05;12;2;3;3;6;0;1;1;0;0;0;0;0;505734,965600000000000;5282319,480999999700000;9,076430318000064;47,694235253000045
153368;08;1;27;062;2018;05;23;6;3;0;7;2;1;0;0;0;0;0;0;549129,153700000020000;5428837,687699999700000;9,671833732000039;49,010475232000033
153369;08;3;35;043;2018;05;14;2;3;0;7;0;1;0;0;0;0;0;0;513248,560100000000000;5280994,655500000300000;9,176523980000070;47,682204571000057
153370;08;1;27;076;2018;05;17;6;3;6;4;0;0;1;1;0;0;0;0;553729,609100000000000;5440878,100900000000000;9,736337546000073;49,118392603000075
153371;08;3;35;002;2018;05;10;2;2;0;7;0;1;0;0;0;0;0;0;505093,737700000000000;5284792,111100000300000;9,067913524000062;47,716488475000062
153372;08;1;21;000;2018;05;17;6;3;4;2;0;1;1;0;0;0;0;0;514186,722799999990000;5442076,643299999600000;9,194471963000069;49,131358386000045
153374;08;3;26;031;2018;05;11;2;3;0;1;0;1;0;0;0;0;0;0;456018,902500000030000;5333740,335300000400000;8,408626312000024;48,155388512000059
153375;08;1;19;091;2018;05;18;6;3;6;4;0;1;0;1;0;0;0;0;527804,100300000050000;5407196,578099999600000;9,378751624000074;48,817130884000051
153377;08;1;19;079;2018;05;13;6;3;0;1;0;1;0;0;0;0;0;0;523438,138800000020000;5409428,113099999700000;9,319406455000035;48,837385268000048
153378;08;3;11;000;2018;05;18;2;3;1;1;0;1;1;0;0;0;0;0;413609,483200000020000;5316402,700600000100000;7,841982238000071;47,995084810000037
153379;08;1;18;049;2018;05;10;6;3;5;3;0;1;1;0;0;0;0;0;518840,542000000020000;5420433,072200000300000;9,257260143000053;48,936539168000081
153383;08;2;36;071;2018;05;15;2;3;0;1;0;1;0;0;0;0;0;0;468573,928499999980000;5419406,232800000300000;8,570972619000031;48,926790972000049
153386;08;1;16;077;2018;05;07;6;3;6;7;0;0;1;1;0;0;0;0;516110,195400000030000;5391550,987999999900000;9,218845150000050;48,676797292000060
153387;08;1;16;019;2018;05;17;6;3;1;5;0;1;1;0;0;0;0;0;520507,405199999980000;5399259,972799999600000;9,278960457000039;48,746018075000052
153389;08;1;16;019;2018;05;11;6;2;6;3;0;0;1;1;0;0;0;0;523176,335599999990000;5399924,209900000100000;9,315302528000075;48,751899867000077
153390;08;2;15;111;2018;05;14;2;2;4;6;0;1;0;0;0;0;0;0;457224,524099999980000;5445464,670500000000000;8,413287301000025;49,160508291000042
153391;08;2;15;066;2018;05;17;2;3;0;7;0;1;0;0;0;0;0;0;461363,125000000000000;5449865,848000000200000;8,469627198000069;49,200371109000059
153393;08;2;15;099;2018;05;17;2;3;0;7;0;1;0;0;0;0;0;0;461702,971800000000000;5445112,165699999800000;8,474744802000032;49,157633266000062
153395;08;2;15;017;2018;05;16;2;2;2;2;0;1;1;0;0;0;0;0;455497,062700000010000;5422085,102199999600000;8,392164240000057;48,950085771000033
153397;08;2;15;017;2018;05;13;2;2;0;1;0;1;0;0;0;0;0;0;456545,283999999990000;5420155,932300000500000;8,406686116000060;48,932807004000040
153398;08;1;11;000;2018;05;20;6;3;4;6;0;1;0;0;0;0;0;0;516379,961100000010000;5403273,408099999700000;9,222975464000058;48,782244843000058
153399;08;1;36;065;2018;05;14;2;3;0;1;0;1;0;0;0;0;0;0;555828,297600000050000;5404296,173299999900000;9,760080768000023;48,789155124000047
153400;08;4;35;016;2018;05;15;5;3;0;1;0;1;0;0;0;0;0;0;533882,840300000040000;5278312,183100000000000;9,451241171000049;47,657316907000052
153401;08;4;21;000;2018;05;13;5;3;0;4;0;0;0;1;0;0;1;0;573323,451699999980000;5360923,372899999800000;9,990580893000072;48,397204483000053
153403;08;1;36;082;2018;05;13;2;2;0;7;0;1;0;0;0;0;0;0;587439,773700000020000;5416077,776300000000000;10,192893170000048;48,891476854000075
153404;08;1;36;084;2018;05;17;2;2;3;6;0;1;0;0;0;0;0;0;595005,260699999980000;5431295,787100000300000;10,299629905000074;49,027224361000037
153405;08;4;21;000;2018;05;18;5;3;0;3;0;1;1;0;0;0;0;1;573780,648399999950000;5360972,895100000300000;9,996765235000055;48,397596607000025
153406;08;1;35;020;2018;05;15;2;3;4;6;0;1;1;0;0;0;0;0;585837,866999999970000;5386353,570100000100000;10,164845434000028;48,624357609000072