OBJECTID_1;ULAND;UREGBEZ;UKREIS;UGEMEINDE;UJAHR;UMONAT;USTUNDE;UWOCHENTAG;UKATEGORIE;UART;UTYP1;ULICHTVERH;IstRad;IstPKW;IstFuss;IstKrad;IstGkfz;IstSonstig;STRZUSTAND;LINREFX;LINREFY;XGCSWGS84;YGCSWGS84
153407;08;4;16;041;2018;05;23;5;2;0;1;2;1;0;0;0;0;0;0;504328,703800000020000;5374408,670800000400000;9,058623740000030;48,522773758000028
153408;08;1;25;024;2018;05;19;2;2;5;3;0;1;0;0;1;0;0;0;523516,961399999970000;5443713,850999999800000;9,322464939000042;49,145799231000069
153410;08;1;21;000;2018;05;14;2;3;1;5;0;1;1;0;0;0;0;0;513679,896599999980000;5441981,025799999900000;9,187521172000061;49,130509765000056
153411;08;1;21;000;2018;05;15;2;3;5;3;0;1;1;0;0;0;0;0;516517,763700000010000;5443707,468399999700000;9,226492523000047;49,145969953000076
153412;08;4;15;061;2018;05;07;5;3;5;7;0;1;1;0;0;0;0;0;514414,508299999990000;5369352,706500000300000;9,195040923000022;48,477137950000042
153414;08;1;19;020;2018;05;11;2;2;0;7;0;1;0;0;0;0;0;0;520133,005999999990000;5406283,995000000100000;9,274211542000046;48,809217427000078
153415;08;3;35;100;2018;05;20;5;3;5;3;0;1;0;0;0;0;0;0;487847,891500000030000;5286435,892599999900000;8,837933399000065;47,731184262000056
153416;08;1;11;000;2018;05;17;2;3;5;7;0;0;1;1;0;0;0;0;512685,123000000020000;5402224,190000000400000;9,172646651000036;48,772892483000078
153417;08;3;35;043;2018;05;19;5;3;1;5;0;1;0;0;0;0;0;0;511780,662900000000000;5282706,674499999700000;9,157012007000049;47,697637126000075
153422;08;3;26;012;2018;05;12;1;3;1;5;0;1;1;0;0;0;0;0;462615,375999999990000;5311281,756699999800000;8,499282093000034;47,953756270000042
153425;08;2;15;090;2018;05;01;1;2;5;3;2;1;1;0;0;0;0;0;465021,929100000010000;5434042,927199999800000;8,521222545000057;49,058262083000045
153426;08;2;26;063;2018;05;13;5;3;5;3;0;1;1;0;0;0;0;0;469986,245999999980000;5470917,588000000500000;8,586412742000050;49,390212713000039
153429;08;2;26;068;2018;05;14;1;3;6;4;0;0;1;1;0;0;0;0;468523,381999999980000;5460097,469999999700000;8,567109745000039;49,292813788000046
153433;08;2;21;000;2018;05;02;1;3;0;7;2;1;0;0;0;0;0;0;476557,335299999980000;5472992,598799999800000;8,676837679000073;49,409165565000080
153434;08;2;22;000;2018;05;18;5;3;5;3;0;1;1;0;0;0;0;0;461613,099600000020000;5483663,755900000200000;8,469801119000067;49,504388235000079
153435;08;2;15;106;2018;05;16;5;3;5;3;0;1;1;0;0;0;0;0;465200,914899999970000;5452409,542299999900000;8,522086436000052;49,223481458000037
153436;08;2;15;017;2018;05;16;1;3;3;1;0;1;0;0;1;0;0;0;456381,767999999980000;5420998,180700000400000;8,404363522000040;48,940371716000072
153438;08;1;28;115;2018;05;18;1;3;1;5;0;1;1;0;0;0;0;0;547035,525099999970000;5497375,125599999900000;9,651284587000021;49,627101286000027
153439;08;4;21;000;2018;05;10;1;2;6;4;0;0;1;1;0;0;0;0;573384,844300000000000;5362364,567099999600000;9,991662159000043;48,410161175000042
153440;08;2;15;102;2018;05;18;5;3;5;2;0;1;1;0;0;0;0;0;455948,300700000020000;5437249,886400000200000;8,396680584000023;49,086526678000041
153441;08;1;15;045;2018;05;21;1;3;1;5;2;1;1;0;0;0;0;1;500628,717999999990000;5397324,088399999800000;9,008549496000057;48,728940126000055
153444;08;2;12;000;2018;05;17;5;3;0;7;0;1;0;0;0;0;0;0;457835,248000000020000;5427802,657999999800000;8,423505427000066;49,001680177000026
153445;08;1;36;088;2018;05;16;5;2;6;6;0;1;0;1;0;0;0;1;587200,128000000030000;5404391,745000000100000;10,187137878000044;48,786407257000064
153449;08;4;35;016;2018;05;17;7;3;0;3;0;1;1;0;0;0;0;1;536812,617100000030000;5280272,608199999700000;9,490422812000077;47,674795518000053
153450;08;1;21;000;2018;05;13;5;3;1;5;0;1;1;0;0;0;0;0;514859,704099999970000;5443015,325699999900000;9,203731750000031;49,139786254000057
153454;08;4;15;061;2018;05;16;7;2;3;2;0;1;1;0;0;0;0;0;515149,406599999990000;5371588,937400000200000;9,205065768000054;48,497238616000061
153457;08;1;18;048;2018;05;07;5;3;5;1;0;1;1;0;0;0;0;0;511980,804699999980000;5415354,624400000100000;9,163444562000052;48,891025776000049
153461;08;3;35;043;2018;05;17;7;3;9;1;0;1;0;0;0;0;0;1;513466,819000000020000;5284321,485000000300000;9,179534777000072;47,712133608000045
153462;08;3;27;018;2018;05;15;7;1;0;1;0;1;0;0;0;0;0;0;474212,162200000020000;5303968,781100000300000;8,655039927000075;47,888532462000057
153463;08;1;16;049;2018;05;17;5;3;6;4;0;0;1;1;0;0;0;1;525196,287699999990000;5384956,159300000400000;9,341869897000038;48,617169561000026
153464;08;3;16;011;2018;05;14;7;3;0;1;0;1;0;0;0;0;0;0;414542,002500000000000;5330106,789800000400000;7,851741467000068;48,118482427000060
153466;08;1;16;078;2018;05;00;5;3;6;7;2;0;1;1;0;0;0;0;514625,245999999980000;5393218,326000000400000;9,198732343000074;48,691833314000064
153467;08;2;25;032;2018;05;16;7;3;1;5;0;1;1;0;0;0;0;0;534367,893799999960000;5495240,832299999900000;9,475700944000039;49,608758575000081
153471;08;2;22;000;2018;05;14;7;3;1;5;0;1;1;0;0;0;0;0;462485,002199999990000;5486188,132199999900000;8,481603358000029;49,527148149000027
153472;08;1;11;000;2018;05;16;5;3;5;3;0;1;1;0;0;0;0;0;512518,636400000020000;5408476,015900000000000;9,170571349000056;48,829136585000072
153479;08;3;17;057;2018;05;05;4;3;5;3;1;1;1;0;0;0;0;0;412239,596499999990000;5381497,861899999900000;7,810097428000063;48,580417139000076
153480;08;3;16;043;2018;05;18;4;2;5;3;0;1;1;0;0;0;0;1;411543,117700000000000;5331113,451999999600000;7,811246780000033;48,127127794000046
153485;08;3;11;000;2018;05;17;4;3;2;6;0;1;1;0;0;0;0;1;414227,364699999980000;5316766,208599999500000;7,850190210000051;47,998437889000058
153486;08;2;31;000;2018;05;19;4;3;0;7;0;1;0;0;0;0;0;0;478173,370899999980000;5415489,138600000200000;8,702230992000068;48,891967229000045
153489;08;2;26;013;2018;05;19;4;3;5;3;0;1;1;0;0;0;0;0;499643,216499999980000;5479951,756299999500000;8,995075355000040;49,472214148000035
153491;08;2;22;000;2018;05;13;4;3;5;3;0;1;1;0;0;0;0;0;462592,014800000000000;5479816,633100000200000;8,483685317000038;49,469846506000067
153492;08;2;22;000;2018;05;15;4;3;5;2;0;1;0;0;0;0;1;0;461338,821899999980000;5481817,693000000000000;8,466193600000054;49,487766493000038
153493;08;2;22;000;2018;05;08;4;2;5;2;0;1;1;0;0;0;0;0;464523,858000000010000;5485046,674999999800000;8,509878564000076;49,517004139000051
153494;08;2;21;000;2018;05;09;4;3;6;2;0;0;1;1;0;0;0;0;477655,606700000000000;5473733,003999999700000;8,691935682000064;49,415866713000071
153495;08;2;15;009;2018;05;15;4;3;0;1;0;1;0;0;0;0;0;0;469898,805100000000000;5442072,714800000200000;8,587376700000050;49,130749517000027
153496;08;1;36;065;2018;05;17;4;3;5;3;0;1;0;0;0;0;0;0;559028,962000000060000;5405641,861999999700000;9,803845601000035;48,800964088000057
153497;08;1;36;019;2018;05;07;4;2;4;6;0;1;1;0;0;0;0;0;582537,701800000040000;5423369,088299999900000;10,127506331000063;48,957727200000079
153498;08;1;21;000;2018;05;16;4;2;6;4;0;0;0;1;0;0;1;0;515632,241500000000000;5443337,102199999600000;9,214335915000049;49,142661566000072
153501;08;1;18;048;2018;05;20;4;3;1;7;0;1;0;0;0;0;1;0;512537,597100000010000;5417218,831000000200000;9,171097631000066;48,907784667000044
153504;08;1;17;026;2018;05;12;4;3;6;6;0;0;1;1;0;0;0;0;547242,789100000050000;5394868,799900000000000;9,642119354000045;48,705063208000070
153507;08;1;15;028;2018;05;20;4;3;2;6;1;1;0;0;0;0;0;0;500831,183200000030000;5406661,417000000400000;9,011321547000023;48,812938268000039
153510;08;1;11;000;2018;05;21;4;2;6;2;0;0;1;1;0;0;0;0;510515,447300000000000;5401939,014700000200000;9,143109816000049;48,770367512000064
153511;08;1;11;000;2018;05;16;4;3;5;7;0;1;1;0;0;0;0;0;514554,613000000010000;5395242,383000000400000;9,197843915000021;48,710043447000032
153512;08;1;11;000;2018;05;13;4;3;6;4;0;0;0;1;0;0;1;0;511454,799500000020000;5402452,461600000000000;9,155908169000043;48,774969867000038
153513;08;4;35;066;2018;06;15;7;2;5;3;0;1;1;0;0;0;0;0;517399,676299999990000;5286054,706299999700000;9,232035053000061;47,727634356000067
153514;08;1;11;000;2018;05;13;4;3;6;5;0;0;1;1;0;0;0;0;507321,761300000010000;5407649,824500000100000;9,099747280000031;48,821787289000042
153515;08;3;27;002;2018;06;10;7;3;2;6;0;1;1;0;0;0;0;0;477843,135000000010000;5325943,036999999500000;8,702476075000050;48,086372372000028
153516;08;4;35;047;2018;05;18;3;3;0;1;0;1;0;0;0;0;0;0;513043,788999999990000;5294559,073200000500000;9,174202326000057;47,804255264000062
153518;08;3;27;050;2018;06;09;7;2;0;7;0;1;0;0;0;0;0;0;486694,035199999980000;5314386,752100000200000;8,821684875000074;47,982645702000070
153519;08;4;21;000;2018;05;12;3;3;0;1;0;1;0;0;0;0;0;0;571712,405099999970000;5360646,080500000200000;9,968771981000032;48,394895472000030
153522;08;3;15;130;2018;06;15;7;3;0;1;0;1;0;0;0;0;0;0;408577,497399999990000;5300991,551300000400000;7,777817274000029;47,855757970000070
153526;08;3;35;098;2018;05;19;3;3;0;1;0;1;0;0;0;0;0;0;504025,435500000020000;5295820,660100000000000;9,053772302000027;47,815725959000076
153527;08;4;35;029;2018;05;18;3;3;6;7;0;0;1;1;0;0;0;0;544165,615699999970000;5270838,552299999600000;9,587423603000048;47,589454068000066
153530;08;2;15;110;2018;06;01;7;2;9;1;2;1;1;0;0;0;0;0;460565,897400000020000;5419792,635300000200000;8,461614491000034;48,929808338000043
153532;08;2;15;101;2018;06;15;7;3;4;6;0;1;0;0;0;0;0;0;464963,300899999970000;5428324,272500000000000;8,520914285000060;49,006818021000072
153533;08;3;17;116;2018;05;21;3;3;2;6;0;1;0;0;0;0;0;0;432760,952200000000000;5387922,264399999800000;8,087253578000059;48,640744089000066
153534;08;3;16;011;2018;05;21;3;2;0;1;1;1;0;0;0;0;0;0;414636,555999999980000;5330662,957999999600000;7,852900286000022;48,123497952000037
153535;08;2;26;091;2018;06;15;7;2;6;5;0;0;1;1;0;0;0;0;491188,409500000010000;5460543,345599999700000;8,878804836000029;49,297571778000076
153543;08;2;22;000;2018;06;12;7;3;6;7;0;0;1;1;0;0;0;0;461465,296600000000000;5477852,335500000000000;8,468325946000050;49,452108158000044
153544;08;2;36;070;2018;05;19;3;3;6;7;0;1;0;1;0;0;0;0;470938,202700000020000;5415817,991899999800000;8,603504240000063;48,894628347000037
153546;08;2;26;098;2018;05;11;3;3;5;3;0;1;1;0;0;0;0;0;476648,841000000010000;5459897,826999999600000;8,678866703000040;49,291382576000046
153547;08;2;26;041;2018;05;16;3;3;5;3;0;1;1;0;0;0;0;0;476932,149700000010000;5465754,237200000300000;8,682424274000027;49,344071635000034
153548;08;2;15;103;2018;06;19;7;3;9;1;0;1;0;0;0;0;0;0;465006,843999999980000;5442066,780000000300000;8,520321135000074;49,130437014000051
153550;08;2;15;017;2018;06;09;7;3;1;1;0;1;1;0;0;0;0;0;456261,402200000010000;5422308,982300000300000;8,402579196000033;48,952154154000027
153551;08;2;26;031;2018;05;19;3;3;0;3;0;1;0;0;0;0;0;0;474721,034099999990000;5493509,095999999900000;8,650211378000051;49,593631062000043
153553;08;2;12;000;2018;06;01;7;2;0;7;2;1;0;0;0;0;0;0;455078,841399999980000;5428117,740299999700000;8,385785997000028;49,004319927000040
153554;08;2;26;018;2018;05;19;3;2;4;6;0;1;0;0;0;0;0;0;473497,890000000010000;5471139,807599999900000;8,634787010000025;49,392374509000035
153555;08;1;36;065;2018;06;05;7;3;0;7;0;1;0;0;0;0;0;0;559603,484799999980000;5405284,277800000300000;9,811616633000028;48,797692786000027
153556;08;2;16;043;2018;05;14;3;3;0;7;0;1;0;0;0;0;0;0;441910,555400000010000;5412969,937199999600000;8,207908763000035;48,866968759000031
153557;08;1;35;019;2018;06;17;7;3;3;6;0;1;1;0;0;0;0;0;585694,300200000060000;5394173,676599999900000;10,164516862000028;48,694713622000052
153560;08;1;35;020;2018;06;15;7;2;0;7;0;1;0;0;0;0;0;0;584893,606900000010000;5385640,883999999600000;10,151888374000066;48,618076305000045
153564;08;1;19;044;2018;06;14;7;3;0;7;0;1;0;0;0;0;0;0;541267,650799999940000;5425812,575600000100000;9,564027526000075;48,983839635000038
153565;08;1;26;058;2018;05;16;3;3;6;4;0;0;1;1;0;0;0;0;541900,433599999990000;5450914,585599999900000;9,575279192000039;49,209589941000047
153567;08;1;19;085;2018;05;11;3;3;5;3;0;1;1;0;0;0;0;0;529408,977199999960000;5414105,235999999600000;9,401109034000058;48,879204744000049
153568;08;1;18;081;2018;06;19;7;3;6;4;0;0;1;1;0;0;0;0;516351,982800000000000;5413365,324099999900000;9,222997077000059;48,873030626000059
153569;08;1;19;020;2018;05;12;3;3;1;5;0;1;1;0;0;0;0;0;520353,088400000010000;5406388,716400000300000;9,277214221000065;48,810152311000081
153570;08;1;18;046;2018;05;15;3;2;5;3;0;1;1;0;0;0;0;0;514517,532300000020000;5411942,622299999900000;9,197929790000046;48,860277991000032
153572;08;1;17;026;2018;05;15;3;3;0;1;0;1;0;0;0;0;0;0;547911,944000000020000;5394504,063400000300000;9,651171504000047;48,701731175000077
153576;08;1;11;000;2018;05;18;3;2;6;4;0;0;1;1;0;0;0;0;514889,840800000010000;5404037,075799999800000;9,202718714000071;48,789152175000027
153577;08;1;11;000;2018;06;17;7;3;5;3;0;1;1;0;0;0;0;0;509969,513900000020000;5398778,031800000000000;9,135603411000034;48,741940380000074
153579;08;1;11;000;2018;05;16;3;3;5;3;0;1;1;0;0;0;0;0;512292,796500000000000;5401164,868800000300000;9,167275391000032;48,763370766000037
153580;08;4;36;055;2018;06;15;6;3;0;1;0;1;0;0;0;0;0;0;575864,043900000050000;5296874,012099999900000;10,013504700000055;47,820742044000042
153581;08;4;35;035;2018;05;19;2;2;6;4;0;0;0;1;1;0;0;0;542016,856900000010000;5282919,089399999900000;9,560006031000057;47,698289302000035
153583;08;4;37;059;2018;06;12;6;3;4;6;0;1;1;0;0;0;0;0;512695,836699999990000;5325066,853299999600000;9,170455333000064;48,078748034000057
153584;08;4;26;087;2018;05;18;2;3;0;7;0;1;0;0;0;0;0;0;570606,759300000030000;5324719,387099999900000;9,947849594000047;48,071838827000079
153585;08;4;26;128;2018;06;19;6;2;9;1;0;1;0;0;0;0;0;0;557325,439999999940000;5329815,922000000300000;9,770259718000034;48,119020743000078
153587;08;4;26;134;2018;06;14;6;2;0;1;0;1;0;0;0;0;0;0;557533,735800000020000;5339457,473199999900000;9,774362678000045;48,205738411000027
153589;08;4;16;006;2018;05;06;2;3;0;7;0;1;0;0;0;0;0;0;498655,485600000010000;5360940,924499999700000;8,981834490000040;48,401625203000037
153591;08;4;15;061;2018;05;17;2;3;5;3;0;1;1;0;0;0;0;0;516219,012500000010000;5371475,211400000400000;9,219539669000028;48,496188795000080
153595;08;3;35;043;2018;06;17;6;3;0;3;0;1;1;0;0;0;0;0;512375,727499999980000;5279213,902599999700000;9,164843930000075;47,666199258000063
153596;08;3;11;000;2018;05;15;2;3;5;3;0;1;1;0;0;0;0;0;412706,399800000010000;5316571,063199999700000;7,829845251000052;47,996476625000071
153598;08;3;35;043;2018;06;09;6;3;5;2;0;1;0;0;0;0;0;0;512942,693000000030000;5279105,457000000400000;9,172392628000068;47,665212401000076
153599;08;3;36;006;2018;05;12;2;3;6;4;0;0;1;1;0;0;0;0;389943,899600000000000;5285178,313699999800000;7,532799971000031;47,710603260000028
153600;08;3;35;043;2018;06;12;6;3;0;1;0;1;0;0;0;0;0;0;515924,414099999990000;5279314,375500000100000;9,212115583000070;47,667025632000048
153601;08;3;11;000;2018;05;12;2;3;0;1;0;1;0;0;0;0;0;0;412809,875999999990000;5314669,788999999900000;7,831618155000058;47,979388151000080
153602;08;4;35;030;2018;06;16;6;3;0;7;0;1;0;0;0;0;0;0;541455,760200000020000;5271181,035600000100000;9,551415387000077;47,592714439000076
153603;08;4;35;016;2018;06;10;6;3;5;3;0;1;1;0;0;0;0;0;536800,180999999980000;5278713,313000000100000;9,490125780000028;47,660766654000042
153604;08;2;12;000;2018;05;19;2;3;3;6;0;1;1;0;0;0;0;0;456277,273999999980000;5428788,509999999800000;8,402099167000074;49,010439639000026
153606;08;3;25;049;2018;06;12;6;3;6;7;0;0;0;1;0;0;1;0;472264,985700000020000;5335063,845599999700000;8,626980042000071;48,168212089000065
153607;08;2;12;000;2018;05;15;2;3;5;3;0;1;1;0;0;0;0;0;455981,352900000000000;5428225,188500000200000;8,398113809000051;49,005351463000068
153609;08;2;22;000;2018;05;11;2;3;5;3;0;1;1;0;0;0;0;0;467132,061300000000000;5484617,250500000100000;8,545946775000061;49,513288696000075
153611;08;2;22;000;2018;05;11;2;3;2;7;0;1;0;0;0;0;1;0;461715,229700000030000;5481761,229000000300000;8,471396009000046;49,487282494000056
153615;08;2;12;000;2018;06;16;6;3;5;3;0;1;1;0;0;0;0;0;458498,886600000030000;5427237,444000000100000;8,432636260000038;48,996640954000043
153616;08;2;21;000;2018;05;01;2;3;0;7;2;1;0;0;0;0;0;0;474610,645599999990000;5475245,122700000200000;8,649858518000031;49,429348438000034
153618;08;2;26;095;2018;05;19;2;2;0;1;0;1;0;0;0;0;0;0;474178,693299999980000;5460302,715400000100000;8,644870859000037;49,294925146000026
153620;08;2;15;066;2018;05;19;2;3;5;3;0;1;1;0;0;0;0;0;460297,414899999970000;5453903,947499999800000;8,454599224000049;49,236625175000029
153621;08;2;35;046;2018;06;09;6;2;6;1;0;1;0;1;0;0;0;0;478953,233000000010000;5377320,490100000100000;8,714817803000074;48,548631228000033
153626;08;2;26;032;2018;06;15;6;3;0;1;0;1;1;0;0;0;0;0;467845,581799999990000;5462201,193099999800000;8,557619054000043;49,311701220000032
153627;08;2;12;000;2018;05;17;2;2;0;7;0;1;0;0;0;0;0;0;459308,122600000000000;5429312,434399999700000;8,443490853000071;49,015359741000054
153628;08;2;25;109;2018;06;13;6;3;0;1;0;1;0;0;0;0;0;0;526436,698899999960000;5491658,794999999900000;9,365683587000035;49,576938980000079
153629;08;2;12;000;2018;05;10;2;3;0;2;0;1;1;0;0;0;0;0;461786,100600000010000;5427234,443000000000000;8,477574165000021;48,996826187000067
153632;08;1;36;044;2018;05;18;2;3;5;3;0;1;0;0;1;0;0;0;558218,189200000020000;5407761,761099999800000;9,793106465000051;48,820109152000043
153633;08;2;22;000;2018;06;13;6;3;1;5;0;1;1;0;0;0;0;0;464408,435600000030000;5483597,910400000400000;8,508414607000077;49,503966480000031
153634;08;1;28;131;2018;05;15;2;2;6;4;0;0;1;1;0;0;0;0;538668,530400000050000;5512506,460900000300000;9,536932984000032;49,763788300000044
153636;08;2;21;000;2018;06;13;6;3;6;4;0;0;0;1;0;0;1;0;476149,742099999970000;5472741,597699999800000;8,671234090000041;49,406892014000050
153637;08;1;27;014;2018;05;19;2;3;5;3;0;1;1;0;0;0;0;0;579073,618099999960000;5443374,294300000200000;10,084099262000052;49,138105496000037
153638;08;2;12;000;2018;06;10;6;3;5;2;0;1;0;0;0;0;0;0;456416,060600000030000;5428755,072300000100000;8,404000533000044;49,010148682000079
153639;08;1;25;102;2018;05;07;2;3;5;3;0;1;1;0;0;0;0;0;520206,850299999990000;5444438,492399999900000;9,277113598000028;49,152435414000081
153641;08;1;18;080;2018;05;16;2;3;5;7;0;1;1;0;0;0;0;0;509100,555200000000000;5408636,257500000300000;9,124002339000072;48,830637596000031
153645;08;1;36;088;2018;06;12;6;3;6;4;0;0;1;1;0;0;0;0;580630,364599999970000;5410496,159300000400000;10,098914823000030;48,842198327000062
153647;08;1;35;019;2018;06;22;6;2;7;6;2;1;1;0;0;0;0;1;585393,495499999960000;5395031,931699999600000;10,160607513000059;48,702474216000041
153649;08;1;28;115;2018;06;15;6;2;0;1;0;1;0;0;0;0;0;0;548927,481999999960000;5495053,388000000300000;9,677190542000062;49,606069195000032
153650;08;1;25;056;2018;06;12;6;3;0;5;0;1;1;0;0;0;0;0;510749,395800000000000;5435815,419599999700000;9,147186522000027;49,075105767000082
153651;08;1;17;035;2018;05;15;2;2;0;1;0;1;0;0;0;0;0;0;548351,931699999960000;5380590,370500000200000;9,655527151000058;48,576535325000066
153654;08;1;16;070;2018;05;17;2;3;4;6;0;1;1;0;0;0;0;0;539666,081600000030000;5385503,028599999800000;9,538244805000034;48,621339001000081
153655;08;1;17;024;2018;06;21;6;3;5;3;1;1;1;0;0;0;0;0;559984,682599999940000;5384904,395700000200000;9,813845300000025;48,614335706000077
153657;08;1;17;026;2018;06;11;6;3;5;3;0;1;1;0;0;0;0;0;545354,373499999990000;5395094,196800000000000;9,616478543000028;48,707230961000050
153659;08;1;16;033;2018;06;09;6;3;0;1;0;1;0;0;0;0;0;0;534372,250899999980000;5388546,782999999800000;9,466665859000045;48,649033580000037
153660;08;1;16;080;2018;05;20;2;3;6;4;0;0;1;1;0;0;0;0;520123,734699999970000;5396944,895999999700000;9,273628435000035;48,725204325000050
153662;08;1;15;003;2018;05;08;2;3;5;3;0;1;1;0;0;0;0;0;500725,477499999980000;5391724,662200000100000;9,009855420000065;48,678567129000044
153664;08;4;37;100;2018;05;12;5;3;0;2;0;1;0;0;0;0;0;0;541382,648500000010000;5317045,887000000100000;9,554819097000063;48,005369062000057
153665;08;1;11;000;2018;05;09;2;3;6;4;0;1;0;1;0;0;0;0;510582,336200000020000;5406383,542100000200000;9,144134610000037;48,810348977000046
153666;08;1;11;000;2018;05;12;2;3;6;4;0;0;1;1;0;0;0;0;512465,295800000020000;5408831,067099999600000;9,169855361000032;48,832331643000032
153668;08;4;35;029;2018;05;10;5;3;5;3;0;1;1;0;0;0;0;0;544655,767400000010000;5271676,283699999600000;9,594027789000052;47,596957857000064
153670;08;4;26;073;2018;05;23;5;3;7;7;2;1;0;0;0;0;1;0;567268,033700000030000;5337186,101200000400000;9,905003650000026;48,184348649000071
153674;08;3;35;043;2018;05;16;1;3;0;1;0;1;0;0;0;0;0;0;513362,955000000020000;5278683,616999999600000;9,177977458000044;47,661408276000031
153675;08;3;36;050;2018;05;13;5;3;0;7;0;1;0;0;0;0;0;0;399360,784999999970000;5274230,292399999700000;7,660824349000052;47,613659321000057
153676;08;3;35;075;2018;05;11;5;3;0;1;0;1;0;0;0;0;0;0;488018,800500000010000;5291669,943000000000000;8,840068479000024;47,778281028000038
153677;08;3;17;089;2018;05;16;1;3;1;5;0;1;1;0;0;0;0;0;431709,664899999970000;5376081,948099999700000;8,074930745000074;48,534125446000075
153678;08;2;22;000;2018;05;17;5;3;9;5;0;1;0;0;0;0;1;0;461326,890000000010000;5482640,993999999900000;8,465948302000072;49,495170877000078
153681;08;3;11;000;2018;05;18;1;3;5;3;0;1;0;0;0;0;0;0;414585,162000000010000;5316018,071000000500000;7,855134506000070;47,991756000000066
153683;08;3;11;000;2018;05;19;1;3;0;7;0;1;0;0;0;0;0;0;416510,789999999980000;5314806,560999999800000;7,881175259000031;47,981112192000069
153684;08;2;15;066;2018;05;14;5;3;1;5;0;1;1;0;0;0;0;0;461070,167000000020000;5449769,305100000500000;8,465615270000058;49,199484178000034
153685;08;3;11;000;2018;05;14;1;3;0;1;0;1;0;0;0;0;0;0;418310,652500000030000;5314745,946100000300000;7,905301831000031;47,980799307000041
153687;08;2;12;000;2018;05;20;1;3;0;6;0;1;1;0;0;0;0;0;454436,397600000030000;5428552,547100000100000;8,376953508000042;49,008183954000060
153689;08;2;12;000;2018;05;12;5;3;1;5;0;1;1;0;0;0;0;0;459426,622700000010000;5429443,842500000300000;8,445098263000034;49,016549583000028
153692;08;2;26;085;2018;05;22;1;3;0;7;2;1;1;0;0;0;0;0;491107,200000000010000;5455832,970599999700000;8,877792604000035;49,255200009000077
153693;08;2;25;109;2018;05;00;5;2;0;1;2;1;0;0;0;0;0;0;526437,601200000030000;5491661,433799999800000;9,365696245000038;49,576962676000051
153694;08;2;12;000;2018;05;15;1;3;1;5;0;1;1;0;0;0;0;0;460403,232699999990000;5430999,495699999900000;8,458302373000038;49,030606415000079
153695;08;1;21;000;2018;05;12;5;3;0;5;0;0;1;1;0;0;0;0;514125,724400000010000;5442694,544300000200000;9,193657451000036;49,136918030000061
153696;08;2;12;000;2018;05;00;1;3;1;5;2;1;0;0;0;0;1;0;453840,555300000010000;5425641,711400000400000;8,369137074000037;48,981956478000029
153699;08;1;36;019;2018;05;15;1;3;0;7;0;1;0;0;0;0;0;0;582793,925799999970000;5423646,588600000400000;10,131062205000035;48,960188756000036
153700;08;1;11;000;2018;05;22;5;3;6;4;2;0;1;1;0;0;0;0;512802,761300000010000;5408676,474100000200000;9,174448904000030;48,830934082000056
153701;08;1;36;019;2018;05;19;1;3;0;1;0;1;0;0;0;0;0;0;582546,660900000020000;5422964,156899999800000;10,127546597000048;48,954084074000036
153702;08;1;17;015;2018;05;11;1;2;0;1;0;1;0;0;0;0;0;0;561860,701699999980000;5394384,485000000300000;9,840712334000045;48,699428213000033
153703;08;4;35;013;2018;05;12;4;2;5;3;0;1;1;0;0;0;0;0;539458,578800000020000;5275698,296799999700000;9,525258307000058;47,633482748000063
153704;08;4;25;017;2018;05;16;1;2;5;3;0;1;0;0;1;0;0;0;556946,658199999950000;5366888,179899999900000;9,770168708000028;48,452554146000068
153705;08;4;36;079;2018;05;09;4;3;0;1;0;1;0;0;0;0;0;0;553558,829600000060000;5289866,254200000300000;9,714682517000028;47,759938539000075
153707;08;4;35;015;2018;05;19;4;3;5;3;0;1;1;1;0;0;0;0;518872,201000000000000;5296701,453599999700000;9,252134531000024;47,823386589000052
153708;08;4;21;000;2018;05;14;4;3;9;1;0;1;0;0;0;0;0;0;572719,604700000030000;5361859,662499999600000;9,982586538000021;48,405696565000028
153709;08;1;19;091;2018;05;14;1;3;0;7;0;1;0;0;0;0;0;0;526475,088600000020000;5404121,591699999800000;9,360449728000049;48,789527145000079
153711;08;4;15;061;2018;05;14;4;3;3;6;0;1;1;0;0;0;0;0;515926,297000000020000;5370530,771700000400000;9,215541504000044;48,487699774000077
153712;08;1;19;061;2018;05;15;1;3;1;5;0;1;1;0;0;0;0;0;538491,634700000050000;5415181,887900000400000;9,525083984000048;48,888392253000063
153714;08;1;18;048;2018;05;13;1;3;6;4;0;0;1;1;0;0;0;0;512119,304899999990000;5416019,664900000200000;9,165353731000039;48,897005617000048
153716;08;4;15;059;2018;05;17;4;3;5;3;0;1;1;0;0;0;0;0;516971,639399999990000;5369779,583700000300000;9,229658213000050;48,480914460000065
153717;08;1;17;019;2018;05;01;1;3;6;7;2;0;1;1;0;0;0;0;551385,001399999950000;5393837,739900000400000;9,698287399000037;48,695460881000031
153719;08;1;16;049;2018;05;13;1;3;5;4;0;0;1;1;0;0;0;0;522768,596000000020000;5383680,250500000100000;9,308860846000073;48,605784430000028
153721;08;3;36;105;2018;05;09;4;3;1;7;0;1;1;0;0;0;0;0;401489,494400000030000;5266907,773400000300000;7,690786228000036;47,548116798000081
153722;08;1;16;078;2018;05;13;1;3;6;4;0;0;0;1;0;0;1;0;515888,096200000030000;5393247,572900000000000;9,215893343000062;48,692065542000080