OBJECTID_1;ULAND;UREGBEZ;UKREIS;UGEMEINDE;UJAHR;UMONAT;USTUNDE;UWOCHENTAG;UKATEGORIE;UART;UTYP1;ULICHTVERH;IstRad;IstPKW;IstFuss;IstKrad;IstGkfz;IstSonstig;STRZUSTAND;LINREFX;LINREFY;XGCSWGS84;YGCSWGS84
154013;08;3;17;011;2018;06;16;2;1;5;3;0;1;1;0;0;0;0;0;427221,628000000030000;5354183,060999999800000;8,017948341000022;48,336636613000053
154014;08;3;16;037;2018;06;10;2;3;5;3;0;1;0;0;0;0;1;0;406652,448700000010000;5334555,454500000000000;7,744783351000024;48,157389411000054
154016;08;3;11;000;2018;06;19;2;2;6;3;0;1;0;1;0;0;0;0;411866,012899999970000;5316634,719499999700000;7,818569413000034;47,996933936000062
154019;08;3;11;000;2018;06;07;2;3;5;3;0;1;0;0;0;0;0;0;411623,411199999970000;5315030,591900000300000;7,815648312000064;47,982470872000079
154021;08;2;12;000;2018;06;08;2;2;1;5;0;1;1;0;0;0;0;0;453521,956000000010000;5429862,537999999700000;8,364300011000069;49,019899181000028
154022;08;2;31;000;2018;06;09;2;2;5;3;0;1;1;0;0;0;0;0;479926,728999999990000;5414230,581000000200000;8,726212633000046;48,880704915000081
154025;08;2;22;000;2018;06;16;2;3;5;3;0;1;1;0;0;0;0;0;460117,996900000030000;5488774,125099999800000;8,448635086000024;49,550256334000039
154026;08;2;22;000;2018;06;20;2;3;5;3;0;1;1;0;0;0;0;0;462254,147899999980000;5482048,592699999900000;8,478809173000059;49,489900942000077
154027;08;1;28;139;2018;06;16;5;3;0;2;0;1;1;0;0;0;0;0;551128,044299999950000;5491040,315100000200000;9,707123542000034;49,569793403000062
154030;08;2;22;000;2018;06;08;2;3;5;3;0;1;1;0;0;0;0;0;462595,303799999990000;5479815,070100000100000;8,483730858000058;49,469832650000058
154033;08;2;16;005;2018;06;15;2;3;5;3;0;1;1;0;0;0;0;1;445525,996500000010000;5418315,543499999700000;8,256490747000044;48,915380751000043
154034;08;1;25;026;2018;06;18;5;3;6;4;0;0;1;1;0;0;0;0;493437,089299999990000;5442886,282399999900000;8,910022056000059;49,138770136000062
154036;08;1;18;060;2018;06;13;5;3;5;3;0;1;1;0;0;0;0;0;523070,805899999980000;5429499,009899999900000;9,315536225000074;49,017948664000073
154037;08;2;12;000;2018;06;12;2;3;5;3;0;1;1;0;0;0;0;0;458047,358799999990000;5429702,833700000300000;8,426208958000075;49,018786994000038
154038;08;2;15;017;2018;06;15;2;3;0;7;0;1;0;0;0;0;0;1;456531,931099999990000;5422878,881600000000000;8,406213273000049;48,957299592000027
154040;08;1;35;019;2018;06;17;2;3;0;1;0;1;0;0;0;0;0;0;583152,726299999980000;5393016,615799999800000;10,129753161000053;48,684650503000057
154041;08;1;18;048;2018;06;13;5;3;0;2;0;1;1;0;0;0;0;0;515339,369899999990000;5415914,821800000000000;9,209283537000033;48,895991117000051
154043;08;1;18;051;2018;06;09;5;3;3;6;0;1;0;0;0;0;0;0;510068,435300000010000;5415101,549499999700000;9,137349482000047;48,888783199000045
154047;08;1;26;046;2018;06;12;2;3;6;4;0;0;1;1;0;0;0;0;549991,485200000000000;5458661,817699999500000;9,687325501000032;49,278666435000048
154048;08;1;15;003;2018;06;17;5;3;0;6;0;1;1;0;0;0;0;0;502272,802900000010000;5391574,754999999900000;9,030874601000051;48,677214830000025
154051;08;1;11;000;2018;06;13;5;3;5;3;0;1;1;0;0;0;0;0;508120,244499999970000;5406638,636599999900000;9,110605302000067;48,812680832000069
154054;08;1;19;085;2018;06;18;2;3;5;2;0;1;1;0;0;0;0;0;529042,458499999950000;5413920,123399999900000;9,396097063000070;48,877556826000045
154055;08;1;19;079;2018;06;18;2;3;0;3;0;1;1;0;0;0;0;1;522636,461300000020000;5408120,774700000000000;9,308409463000032;48,825654528000030
154056;08;1;11;000;2018;06;18;5;3;6;2;0;0;1;1;0;0;0;0;511048,145900000000000;5400670,122499999600000;9,150325472000077;48,758943386000055
154057;08;1;19;079;2018;06;17;2;2;0;1;0;1;0;0;0;0;0;0;522810,870000000000000;5408842,450799999800000;9,310825802000068;48,832140166000045
154059;08;1;16;049;2018;06;07;2;3;4;7;0;1;0;0;0;0;0;0;524114,219999999970000;5385453,610999999600000;9,327217295000025;48,621687315000031
154062;08;3;35;066;2018;06;18;1;3;1;5;0;1;1;0;0;0;0;0;503376,532000000010000;5283075,934399999700000;9,045005166000067;47,701058195000030
154063;08;4;35;020;2018;06;17;4;3;2;2;0;1;1;0;0;0;0;0;522568,190300000020000;5296391,791100000000000;9,301496543000042;47,820481382000025
154064;08;4;36;006;2018;06;11;1;2;8;1;0;1;0;0;0;0;0;0;559613,123000000020000;5286850,082999999600000;9,795049285000061;47,732271435000030
154065;08;4;35;029;2018;06;14;1;3;0;1;0;1;0;0;0;0;0;0;544530,037699999990000;5270802,839800000200000;9,592266697000071;47,589107827000078
154068;08;4;21;000;2018;06;17;4;3;4;6;0;1;0;0;0;0;0;0;572051,023700000020000;5360668,534500000100000;9,973349591000044;48,395058847000030
154070;08;4;21;000;2018;06;15;4;3;0;7;0;0;1;1;0;0;0;0;571464,540299999990000;5359609,261900000300000;9,965247622000049;48,385597126000050
154071;08;4;15;061;2018;06;16;4;3;6;4;0;0;1;1;0;0;0;0;515296,981600000000000;5371415,814100000100000;9,207057021000026;48,495677563000072
154072;08;4;16;041;2018;06;17;1;3;8;7;0;0;1;1;0;0;0;1;505794,805899999980000;5375428,250300000400000;9,078493352000066;48,531934428000056
154073;08;4;15;061;2018;06;11;4;3;6;6;0;0;1;1;0;0;0;0;514844,905000000030000;5369930,074000000000000;9,200885038000024;48,482322150000073
154074;08;4;16;015;2018;06;15;1;3;6;7;0;0;1;1;0;0;0;0;507012,856399999990000;5366697,830500000200000;9,094845795000026;48,453379646000030
154075;08;4;15;061;2018;06;14;1;3;5;3;0;1;1;0;0;0;0;0;515794,056999999970000;5373033,646999999900000;9,213846507000028;48,510219828000061
154078;08;3;35;043;2018;06;20;4;3;5;2;1;1;1;0;0;0;0;0;512289,031699999990000;5280667,847799999600000;9,163730067000074;47,679283024000028
154079;08;3;36;081;2018;06;12;1;3;5;3;0;1;1;0;0;0;0;0;413036,639000000020000;5279167,905000000300000;7,841782169000055;47,660057593000033
154082;08;3;36;069;2018;06;17;1;3;5;3;0;1;1;0;0;0;0;0;406789,667399999980000;5267595,682000000000000;7,761062707000065;47,555087444000037
154083;08;3;17;096;2018;06;14;4;3;5;1;0;1;1;0;0;0;0;0;423341,241900000020000;5368404,457600000300000;7,962999024000055;48,464100394000070
154086;08;3;11;000;2018;06;16;4;3;3;3;0;1;0;0;0;1;0;0;414588,125100000000000;5318250,799300000100000;7,854729689000067;48,011840647000042
154088;08;3;15;047;2018;06;08;4;3;5;3;0;1;1;0;0;0;0;0;415763,325399999970000;5321846,536600000200000;7,869777457000055;48,044341714000041
154089;08;3;16;010;2018;06;01;1;3;6;1;2;0;1;1;0;0;0;0;431271,255899999990000;5336538,936599999700000;8,075451725000050;48,178370551000057
154091;08;3;16;003;2018;06;11;1;3;7;1;0;1;0;0;0;0;0;0;428921,452899999970000;5338077,267500000100000;8,043588915000044;48,191950265000060
154092;08;2;12;000;2018;06;13;4;3;5;2;0;1;1;0;0;0;0;0;453207,316700000020000;5427910,768299999600000;8,360221835000061;49,002319152000041
154095;08;3;11;000;2018;06;05;1;3;0;7;1;1;1;0;0;0;0;0;414151,356800000010000;5315253,404799999700000;7,849474077000025;47,984819437000056
154096;08;2;26;098;2018;06;10;4;3;6;6;0;0;1;1;0;0;0;0;478134,045700000020000;5460144,538599999600000;8,699277952000045;49,293656711000040
154097;08;3;11;000;2018;06;15;1;3;6;4;0;1;0;1;0;0;0;0;412263,574499999990000;5317283,949300000400000;7,823764773000050;48,002828627000042
154099;08;2;26;097;2018;06;07;4;3;6;5;0;0;0;1;0;0;1;0;486601,431999999970000;5467534,778900000300000;8,815480665000052;49,360376717000065
154101;08;2;22;000;2018;06;18;4;3;5;3;0;1;0;0;1;0;0;0;461746,304599999970000;5482384,624200000400000;8,471764714000074;49,492891561000079
154102;08;2;22;000;2018;06;19;1;3;5;3;0;1;1;0;0;0;0;1;466558,248700000000000;5474120,770899999900000;8,538907003000077;49,418845735000048
154105;08;2;21;000;2018;06;11;4;3;0;7;0;1;0;0;0;0;0;0;473957,565500000030000;5473104,072700000400000;8,640992668000024;49,410062539000080
154106;08;2;21;000;2018;06;13;4;2;3;6;0;1;0;0;0;0;0;0;477433,159800000020000;5472817,786799999900000;8,688920858000074;49,407626270000037
154107;08;1;36;045;2018;06;04;1;3;6;7;2;0;1;1;0;0;0;0;593126,517699999970000;5404011,084499999900000;10,267713209000021;48,782124566000050
154108;08;2;26;018;2018;06;13;4;3;5;3;0;1;0;0;0;0;0;0;473582,102900000000000;5471156,159900000300000;8,635946397000055;49,392525255000066
154111;08;2;21;000;2018;06;08;4;3;5;6;0;1;0;0;0;0;0;0;477768,542599999990000;5472516,234400000400000;8,693560851000029;49,404926196000076
154113;08;2;16;007;2018;06;14;4;3;5;7;0;1;1;0;0;0;0;0;435435,657899999990000;5394285,246299999800000;8,122564001000058;48,698261599000034
154114;08;1;17;017;2018;06;16;1;3;1;5;0;1;1;0;0;0;0;0;546817,630000000000000;5388437,049800000200000;9,635612719000051;48,647238012000059
154116;08;1;36;019;2018;06;17;4;3;0;1;0;1;0;0;0;0;0;0;582663,211000000010000;5423496,122700000200000;10,129246296000076;48,958852970000066
154117;08;1;17;024;2018;06;10;1;3;5;3;0;1;1;0;0;0;0;0;567092,686600000020000;5387494,274899999600000;9,910690575000047;48,636910030000081
154118;08;1;27;008;2018;06;20;4;3;0;1;0;1;0;0;0;0;0;0;565444,633999999960000;5461555,972900000400000;9,900238163000040;49,303237583000055
154119;08;1;16;043;2018;06;13;1;3;0;7;0;0;0;1;0;0;1;0;542148,077200000060000;5380951,158099999700000;9,571460191000028;48,580228995000027
154123;08;1;19;020;2018;06;11;4;3;5;3;0;1;0;0;0;0;1;0;519820,316400000010000;5409108,293899999900000;9,270089241000051;48,834634295000058
154124;08;1;11;000;2018;06;12;1;2;0;1;0;1;0;0;0;0;0;0;512274,350299999990000;5403580,804200000100000;9,167096494000020;48,785104721000039
154126;08;1;18;073;2018;06;20;4;3;0;7;0;1;0;0;0;0;0;0;496900,262300000000000;5419858,818400000200000;8,957678458000032;48,931652465000070
154127;08;1;11;000;2018;06;13;1;3;0;1;0;1;0;0;0;0;0;0;513637,295900000030000;5404251,054399999800000;9,185673059000067;48,791105834000064
154128;08;1;18;048;2018;06;07;4;3;5;2;0;1;1;0;0;0;0;0;513554,813700000000000;5415703,048800000000000;9,184928961000026;48,894127678000075
154130;08;1;18;071;2018;06;17;4;3;6;4;0;0;0;1;0;0;1;0;508409,961499999980000;5418550,479299999800000;9,114796352000042;48,919833631000074
154134;08;1;16;077;2018;06;17;4;1;0;7;0;1;0;0;0;0;0;0;516287,109400000020000;5389377,444100000000000;9,221162799000069;48,657239345000050
154136;08;4;26;021;2018;06;14;7;2;5;3;0;1;1;0;0;0;0;0;558536,138099999980000;5327768,690000000400000;9,786244832000023;48,100493330000063
154137;08;4;21;000;2018;06;18;7;3;0;4;0;0;0;1;1;0;0;0;574138,200199999960000;5361166,062900000300000;10,001629052000055;48,399292241000069
154138;08;1;11;000;2018;06;18;4;2;5;3;0;1;1;0;0;0;0;0;513052,201799999980000;5404924,082399999700000;9,177728374000026;48,797172881000051
154139;08;4;16;041;2018;06;02;7;3;0;1;2;1;0;0;0;0;0;0;504289,466799999990000;5374040,176699999700000;9,058088562000023;48,519458921000080
154141;08;4;16;009;2018;06;22;7;3;3;2;2;1;1;0;0;0;0;0;507717,861199999980000;5383980,814100000100000;9,104700720000039;48,608854942000050
154142;08;4;37;076;2018;06;06;3;3;5;3;0;1;1;0;0;0;0;0;525291,718100000060000;5321957,309600000300000;9,339382388000047;48,050396398000032
154144;08;4;15;061;2018;06;08;7;3;5;3;0;1;1;0;0;0;0;0;517201,384000000020000;5373870,252000000300000;9,232935608000048;48,517709208000042
154145;08;4;26;070;2018;06;07;3;3;1;2;0;1;1;0;0;0;0;0;565535,417000000020000;5343022,248200000300000;9,882598228000063;48,237030525000080
154146;08;4;15;014;2018;06;17;7;3;0;1;0;1;0;0;0;0;0;0;525494,785299999990000;5375831,432099999900000;9,345360342000049;48,535070349000080
154149;08;4;21;000;2018;06;07;3;3;7;1;0;1;0;0;0;0;0;0;572145,972100000010000;5355722,304600000400000;9,973783242000025;48,350555174000078
154151;08;3;35;043;2018;06;15;7;3;6;4;0;0;1;1;0;0;0;0;513262,625999999990000;5278307,793899999900000;9,176629804000072;47,658028804000026
154152;08;4;16;025;2018;06;08;3;3;0;7;0;1;0;0;0;0;0;1;503211,460100000030000;5361612,529900000400000;9,043394637000063;48,407660587000066
154154;08;4;16;011;2018;06;07;3;3;0;7;0;1;0;0;0;0;0;0;504127,630000000000000;5366776,791600000100000;9,055825183000025;48,454115560000048
154155;08;3;17;047;2018;06;15;7;2;0;7;0;1;0;0;0;0;0;0;417829,968400000010000;5362638,227300000400000;7,889590435000059;48,411538443000040
154157;08;3;17;001;2018;06;11;7;3;0;1;0;1;0;0;0;0;0;0;431611,638299999990000;5386723,679499999600000;8,071851967000043;48,629838130000053
154158;08;3;17;057;2018;06;14;7;2;0;7;0;1;0;1;0;0;0;0;413629,453600000010000;5379384,224100000200000;7,829376692000039;48,561599385000079
154159;08;4;15;059;2018;06;09;3;3;5;3;0;1;1;0;0;0;0;0;516957,271799999990000;5368134,068099999800000;9,229397051000035;48,466111180000041
154162;08;3;11;000;2018;06;11;7;3;5;7;0;1;0;0;0;0;0;0;417685,739500000030000;5315091,947399999900000;7,896862813000041;47,983831670000029
154164;08;3;35;063;2018;06;09;3;3;0;7;0;1;0;0;0;0;0;0;494685,905800000010000;5288801,298299999900000;8,929099570000062;47,752559755000050
154166;08;4;36;082;2018;06;17;3;2;6;4;1;0;1;1;0;0;0;1;548125,745299999950000;5295353,902800000300000;9,642797504000043;47,809739216000025
154167;08;3;11;000;2018;06;14;7;3;5;3;0;1;0;0;0;0;0;0;417921,776300000030000;5314782,101599999700000;7,900084682000056;47,981074768000042
154171;08;3;11;000;2018;06;16;7;3;0;1;0;1;1;0;0;0;0;0;414922,843600000020000;5318699,944199999800000;7,859127806000060;48,015925528000025
154172;08;2;12;000;2018;06;01;7;3;0;7;2;1;0;0;0;0;0;0;457144,543699999980000;5428632,332700000100000;8,413974765000035;49,009095646000048
154175;08;3;11;000;2018;06;15;3;3;4;6;0;1;1;0;0;0;0;0;413829,771100000010000;5315408,975999999800000;7,845133936000025;47,986175614000047
154176;08;2;26;059;2018;06;10;7;3;1;5;0;1;1;0;0;0;0;0;465540,612299999980000;5460198,010599999700000;8,526081181000052;49,293557189000069
154177;08;3;36;050;2018;06;11;3;3;5;3;0;1;1;0;0;0;0;0;399199,809400000030000;5272779,050200000400000;7,659016665000024;47,600579884000069
154178;08;3;11;000;2018;06;07;3;3;4;6;0;1;0;0;0;0;0;0;411703,999000000010000;5317882,752000000300000;7,816141229000039;48,008137959000067
154182;08;2;22;000;2018;06;09;7;3;3;6;0;1;1;0;0;0;0;0;461479,268099999990000;5482182,369099999800000;8,468097156000056;49,491055490000065
154183;08;2;22;000;2018;06;13;3;2;6;4;0;0;1;1;0;0;0;0;465979,219999999970000;5484011,977000000000000;8,530073591000075;49,507780960000048
154184;08;2;21;000;2018;06;02;7;3;5;3;2;1;1;0;0;0;0;0;476163,204800000010000;5469447,946399999800000;8,671617212000058;49,377266626000051
154185;08;2;22;000;2018;06;16;3;3;6;4;0;0;1;1;0;0;0;0;463837,204399999990000;5486549,391499999900000;8,500254721000033;49,530479680000042
154186;08;2;15;101;2018;06;00;7;2;8;1;2;1;0;0;0;0;0;0;468601,607599999990000;5427220,750900000300000;8,570747629000039;48,997087279000027
154187;08;2;26;105;2018;06;16;3;2;5;3;0;1;1;0;0;0;0;0;470901,518400000000000;5479663,720200000300000;8,598383089000038;49,468926179000050
154192;08;2;16;043;2018;06;15;3;2;5;3;0;1;1;0;0;0;0;1;441552,981299999980000;5412122,619199999600000;8,203154490000031;48,859313572000076
154194;08;1;19;055;2018;06;14;7;3;5;3;0;1;1;0;0;0;0;0;543631,895800000060000;5404973,013000000300000;9,594113970000024;48,796218962000069
154195;08;1;19;020;2018;06;10;7;3;0;7;0;1;0;0;0;0;0;0;519769,639000000020000;5408029,701899999800000;9,269346663000022;48,824933130000034
154198;08;2;15;017;2018;06;14;3;3;6;4;0;0;1;1;0;0;0;0;455920,206100000010000;5421546,387400000400000;8,398001634000025;48,945270231000052
154201;08;1;16;080;2018;06;22;7;3;0;1;1;1;0;0;0;0;0;0;519733,440000000000000;5396679,480000000400000;9,268308841000021;48,722829136000030
154204;08;1;35;019;2018;06;13;3;3;5;3;0;1;0;0;0;0;1;0;585517,084299999990000;5395791,776399999900000;10,162444294000068;48,709291499000074
154205;08;1;11;000;2018;06;10;7;3;0;6;0;1;1;0;0;0;0;0;508539,831000000010000;5406903,548200000100000;9,116325962000076;48,815058323000073
154209;08;1;11;000;2018;06;10;7;3;6;2;0;0;1;1;0;0;0;0;512794,436300000000000;5408756,501600000100000;9,174337967000042;48,831654168000057
154210;08;1;19;020;2018;06;14;3;2;6;4;0;0;1;1;0;0;0;1;520346,534900000030000;5406626,808799999800000;9,277136766000069;48,812294359000077
154211;08;4;35;059;2018;06;15;6;3;0;1;0;1;0;0;0;0;0;0;512443,362299999980000;5290145,469499999700000;9,166057022000075;47,764555802000075
154212;08;1;19;008;2018;06;15;3;3;6;3;0;0;1;1;0;0;0;1;531394,136100000000000;5421539,457000000400000;9,428755727000066;48,945981935000077
154213;08;4;35;059;2018;06;14;6;3;8;7;0;1;0;0;0;0;0;0;512460,371300000000000;5290138,648500000100000;9,166283811000028;47,764494101000025
154214;08;1;19;041;2018;06;14;3;3;6;4;0;0;1;1;0;0;0;1;526307,011700000030000;5409667,764999999700000;9,358517043000063;48,839426162000052
154215;08;4;21;000;2018;06;15;6;3;5;2;0;1;1;0;0;0;0;0;571426,572700000020000;5362767,500400000300000;9,965272261000052;48,414010669000049
154219;08;1;18;051;2018;06;12;3;3;6;4;0;0;1;1;0;0;0;0;509835,538000000000000;5415062,389000000400000;9,134171459000072;48,888434660000030
154220;08;4;16;041;2018;06;22;6;3;6;4;2;0;1;1;0;0;0;0;504083,033799999980000;5373681,701100000200000;9,055289509000033;48,516235318000042
154221;08;1;18;040;2018;06;10;3;2;0;7;0;1;0;0;0;0;0;1;510868,177800000000000;5431727,813000000100000;9,148703219000026;49,038333627000043
154223;08;1;18;051;2018;06;08;3;2;6;2;0;0;1;1;0;0;0;0;509262,822600000010000;5415075,248599999600000;9,126359076000028;48,888559168000029
154226;08;1;17;018;2018;06;16;3;3;3;2;0;1;1;0;0;0;0;1;537358,261199999950000;5393684,881199999700000;9,507668941000077;48,695083395000040
154227;08;3;36;050;2018;06;08;6;3;5;2;0;1;1;0;0;0;0;0;400506,390599999980000;5275283,621500000400000;7,675825096000040;47,623311343000069
154229;08;3;36;050;2018;06;17;6;3;2;6;0;1;1;0;0;0;0;0;399255,898999999980000;5273454,802000000100000;7,659607339000047;47,606667225000081
154231;08;1;16;077;2018;06;16;3;3;6;4;0;0;0;1;1;0;0;1;516334,525199999970000;5389279,232900000200000;9,221802777000050;48,656354590000035
154232;08;3;35;043;2018;06;18;6;3;0;1;0;1;0;0;0;0;0;1;512150,516699999980000;5281462,485799999900000;9,161906724000062;47,686435518000053
154233;08;1;15;003;2018;06;12;3;3;0;3;0;1;1;0;0;0;0;0;500481,840900000010000;5391744,647599999800000;9,006545705000065;48,678747155000053
154234;08;3;35;043;2018;06;16;6;2;4;6;0;1;0;0;0;0;0;0;513837,583900000030000;5280020,476800000300000;9,184341222000057;47,673426912000082
154235;08;1;11;000;2018;06;07;3;3;5;3;0;1;1;0;0;0;0;0;506844,902500000030000;5398421,458999999800000;9,093097195000041;48,738774820000060
154236;08;1;11;000;2018;06;15;3;2;5;2;0;1;0;0;0;0;1;1;509871,385100000010000;5397090,216199999700000;9,134228259000054;48,726758339000071
154239;08;1;11;000;2018;06;11;3;3;6;7;0;0;1;1;0;0;0;0;512795,822999999970000;5402200,914699999600000;9,174152565000043;48,772680833000038
154243;08;3;17;096;2018;06;18;6;3;0;7;0;1;0;0;0;0;0;0;421537,881100000000000;5368823,070899999700000;7,938529851000055;48,467643411000040
154245;08;3;17;096;2018;06;16;6;2;8;7;0;1;0;0;0;0;0;0;421999,186400000010000;5368944,107099999700000;7,944746913000074;48,468789505000075
154246;08;4;36;047;2018;06;14;2;3;4;6;0;1;1;0;0;0;0;0;534713,066200000000000;5310404,946300000000000;9,464866415000074;47,946018051000067
154248;08;3;35;022;2018;06;17;2;3;5;3;0;1;1;0;0;0;0;0;483150,898800000020000;5300307,052899999500000;8,774753683000029;47,855883682000069
154250;08;3;11;000;2018;06;11;6;3;5;3;0;1;0;0;0;0;1;0;413561,531800000000000;5319038,352400000200000;7,840808411000069;48,018786896000051
154251;08;4;37;107;2018;06;17;2;3;6;2;0;0;0;1;1;0;0;0;506764,414999999980000;5329427,723000000200000;9,090888862000043;48,118073405000075
154252;08;3;36;069;2018;06;07;6;3;6;4;0;0;1;1;0;0;0;0;404987,696999999990000;5267356,553299999800000;7,737168825000026;47,552675116000046
154253;08;3;11;000;2018;06;19;6;3;5;3;0;1;1;0;0;0;0;1;412626,754000000020000;5317842,997000000400000;7,828518789000043;48,007907173000035
154254;08;4;37;100;2018;06;15;2;3;6;4;0;0;1;1;0;0;0;0;537285,842599999970000;5318120,454900000200000;9,499988757000040;48,015288903000055
154255;08;3;11;000;2018;06;08;6;3;5;2;0;1;1;0;0;0;0;0;413900,722200000020000;5317137,454800000400000;7,845737880000058;48,001733475000037
154256;08;3;11;000;2018;06;01;6;3;0;7;2;1;0;0;0;0;0;0;413909,669200000000000;5316434,277999999900000;7,845998886000075;47,995409350000045
154258;08;2;12;000;2018;06;12;6;3;5;2;0;1;1;0;0;0;0;0;452858,901100000020000;5428014,284199999600000;8,355446382000025;49,003223770000034
154259;08;4;36;039;2018;06;18;2;3;5;3;0;1;1;0;0;0;0;0;549075,047299999980000;5287887,029600000000000;9,654632327000059;47,742488426000079
154260;08;4;35;016;2018;06;08;2;3;1;5;0;0;1;1;0;0;0;0;537673,144300000040000;5277721,968299999800000;9,501666504000070;47,651796891000060
154261;08;4;26;021;2018;06;16;2;3;6;4;0;0;1;1;0;0;0;0;558986,859199999950000;5327388,479700000000000;9,792245667000032;48,097031316000027
154264;08;2;31;000;2018;06;16;6;2;6;4;0;0;1;1;0;0;0;0;478264,020299999970000;5415148,127100000200000;8,703485796000052;48,888902789000042
154265;08;4;16;049;2018;06;18;2;3;1;6;0;1;1;0;0;0;0;0;491286,178499999980000;5370157,380599999800000;8,882077359000050;48,484481992000042
154270;08;4;36;049;2018;06;14;7;2;8;7;0;1;0;0;0;0;0;0;579895,035099999980000;5280704,835599999900000;10,064377221000029;47,674795688000074
154271;08;4;35;059;2018;06;00;7;2;8;6;2;1;0;0;0;0;0;0;512793,020399999980000;5289999,429700000200000;9,170718899000065;47,763234960000034
154272;08;3;36;081;2018;06;09;7;2;0;7;0;1;0;0;0;0;0;0;410907,645299999970000;5278119,692200000400000;7,813647087000049;47,650338370000043
154273;08;3;36;084;2018;06;09;7;3;1;7;0;1;1;0;0;0;0;0;405062,467300000020000;5277777,429300000000000;7,735906001000046;47,646428389000050
154274;08;3;35;043;2018;06;22;7;2;5;2;2;1;0;0;0;0;0;0;512834,579099999970000;5278792,852400000200000;9,170943408000028;47,662401841000076
154276;08;3;17;096;2018;06;16;7;3;5;2;0;1;1;0;0;0;0;0;422672,864000000000000;5369058,653500000000000;7,953838156000074;48,469903040000077
154279;08;3;15;108;2018;06;17;7;3;0;5;0;1;1;0;0;0;0;0;405109,160800000010000;5304162,940899999800000;7,730765865000024;47,883782323000048
154280;08;3;15;015;2018;06;14;7;3;5;3;0;1;0;0;0;0;0;0;394756,308599999990000;5320159,075699999900000;7,588416071000040;48,026046137000037
154281;08;3;11;000;2018;06;17;7;3;5;3;0;1;1;0;0;0;0;0;412032,128800000010000;5314745,538200000300000;7,821182797000063;47,979963065000049
154284;08;2;31;000;2018;06;19;7;2;6;3;0;0;1;1;0;0;0;0;478638,084900000020000;5417646,756199999700000;8,708457881000072;48,911392606000049
154286;08;4;21;000;2018;06;15;3;2;6;4;0;0;0;1;0;0;1;0;573723,933199999970000;5360969,283200000400000;9,995998508000071;48,397570752000036
154288;08;4;16;023;2018;06;07;3;3;0;7;0;1;0;0;0;0;0;0;509464,300700000020000;5373845,444500000200000;9,128162337000049;48,517650352000032
154293;08;3;35;043;2018;06;09;3;3;5;2;0;1;1;0;0;0;0;0;513322,340900000010000;5278714,851300000200000;9,177437485000041;47,661690150000027
154294;08;3;35;043;2018;06;17;3;3;8;1;0;1;0;0;0;0;0;0;513465,647699999970000;5284323,627700000100000;9,179519228000061;47,712152912000079
154296;08;3;35;075;2018;06;18;3;3;5;3;0;1;1;0;0;0;0;0;488825,287900000000000;5287649,696499999600000;8,850937232000035;47,742123217000028
154297;08;2;22;000;2018;06;18;7;3;5;3;0;1;1;0;0;0;0;0;462080,245300000010000;5479025,306800000400000;8,476697865000062;49,462697168000034
154300;08;3;26;074;2018;06;12;3;3;4;2;0;1;1;0;0;0;0;0;459856,223000000000000;5323713,535500000200000;8,461164642000028;48,065435135000030
154301;08;3;26;074;2018;06;12;3;3;5;3;0;1;0;0;0;0;0;0;465955,548000000010000;5323408,742900000000000;8,543055000000038;48,063047726000036
154304;08;2;21;000;2018;06;14;7;3;5;3;0;1;1;0;0;0;0;0;474492,903400000010000;5471717,311800000300000;8,648461470000029;49,397611558000051
154305;08;3;16;043;2018;06;19;3;3;4;2;0;1;1;0;0;0;0;0;410220,551400000000000;5332098,018799999700000;7,793269647000045;48,135798763000025
154306;08;2;21;000;2018;06;13;7;3;0;7;0;1;0;0;0;0;0;0;474399,644900000010000;5474449,251199999800000;8,647000054000046;49,422180903000026
154307;08;3;15;131;2018;06;16;3;3;9;7;0;1;0;0;0;0;0;0;407284,191500000020000;5307187,872399999800000;7,759201298000050;47,911310162000063
154309;08;2;15;017;2018;06;10;7;3;6;4;0;0;1;1;0;0;0;0;453436,010799999990000;5419812,565800000000000;8,364275162000070;48,929492186000061
154310;08;3;15;050;2018;06;17;3;3;0;3;0;1;1;0;0;0;0;0;399053,994000000010000;5303659,741000000400000;7,649913786000070;47,878332395000029
154312;08;3;15;073;2018;06;13;3;3;5;3;0;1;0;0;0;0;1;0;412397,878000000030000;5313696,408900000200000;7,826296891000027;47,970575985000039
154313;08;1;35;020;2018;06;19;7;3;4;6;0;1;1;0;0;0;0;0;584542,979500000020000;5387610,717100000000000;10,147533524000039;48,635841244000062
154314;08;1;21;000;2018;06;15;7;3;6;6;0;0;1;1;0;0;0;0;514258,483300000020000;5440681,194100000000000;9,195406322000054;49,118804146000059
154315;08;3;11;000;2018;06;17;3;2;0;1;0;1;0;0;0;0;0;0;413164,269399999990000;5317808,538099999500000;7,835731108000061;48,007670465000047
154319;08;1;18;080;2018;06;18;7;3;5;3;0;1;1;0;0;0;0;0;509132,643300000000000;5408180,875500000100000;9,124429421000059;48,826540570000077
154320;08;2;12;000;2018;06;07;3;3;6;4;0;0;1;1;0;0;0;0;453764,546500000000000;5425525,650500000500000;8,368111523000039;48,980906814000036
154325;08;2;22;000;2018;06;13;3;3;6;4;0;0;1;1;0;0;0;0;463342,416499999990000;5483250,465699999600000;8,493723751000061;49,500777899000070