OBJECTID_1;ULAND;UREGBEZ;UKREIS;UGEMEINDE;UJAHR;UMONAT;USTUNDE;UWOCHENTAG;UKATEGORIE;UART;UTYP1;ULICHTVERH;IstRad;IstPKW;IstFuss;IstKrad;IstGkfz;IstSonstig;STRZUSTAND;LINREFX;LINREFY;XGCSWGS84;YGCSWGS84
154326;08;1;16;004;2018;06;15;7;3;0;7;0;1;0;0;0;0;0;0;528535,355300000050000;5397428,999200000400000;9,388034924000067;48,729230879000056
154327;08;2;26;009;2018;06;18;3;3;0;7;0;1;0;0;0;0;0;0;466298,980600000010000;5471659,537600000400000;8,535541243000068;49,396693415000072
154328;08;2;21;000;2018;06;18;3;3;4;2;0;1;1;0;0;0;0;0;475669,288200000010000;5474105,435200000200000;8,664527757000030;49,419140461000040
154329;08;1;11;000;2018;06;14;7;3;5;2;0;1;1;0;0;0;0;0;512400,457700000030000;5401393,035299999600000;9,168747271000029;48,765421204000063
154330;08;2;21;000;2018;06;10;3;3;6;2;0;1;0;1;0;0;0;0;477223,641599999970000;5472855,087500000400000;8,686030600000038;49,407953978000080
154332;08;2;15;017;2018;06;15;3;3;5;3;0;1;1;0;0;0;0;0;454866,436400000010000;5421835,765399999900000;8,383579086000054;48,947797236000042
154335;08;2;12;000;2018;06;08;3;3;0;1;0;1;0;0;0;0;0;1;456328,672800000000000;5428422,857800000300000;8,402841333000026;49,007154196000045
154336;08;1;11;000;2018;06;17;7;3;6;7;0;1;0;1;0;0;0;0;512829,775000000020000;5402206,703599999700000;9,174614834000067;48,772732211000061
154338;08;1;36;088;2018;06;09;3;3;5;3;0;1;0;0;0;1;0;0;580134,974200000060000;5409463,576500000400000;10,091962504000037;48,832975186000056
154339;08;4;21;000;2018;06;14;6;3;0;7;0;0;1;1;0;0;0;0;573522,765400000030000;5361272,499200000400000;9,993334293000032;48,400321734000045
154340;08;1;35;016;2018;06;12;3;3;1;7;0;1;1;0;0;0;0;0;592085,489799999980000;5386252,995600000000000;10,249584888000072;48,622564462000071
154341;08;3;36;105;2018;06;17;6;3;4;2;0;1;0;0;0;0;0;0;401872,980700000010000;5266832,247499999600000;7,695898289000070;47,547495457000025
154342;08;1;28;007;2018;06;15;3;3;5;3;0;1;1;0;0;0;0;0;555764,155799999950000;5482308,393799999700000;9,770002524000063;49,490849245000049
154344;08;4;35;029;2018;06;18;6;3;0;1;0;1;0;0;0;0;0;0;545122,842999999990000;5271111,955000000100000;9,600182591000021;47,591848062000054
154346;08;4;21;000;2018;06;17;6;3;1;5;0;1;0;0;0;0;1;0;571015,836000000010000;5361988,541299999700000;9,959590443000025;48,407050143000049
154347;08;1;25;102;2018;06;18;3;2;8;1;0;1;0;0;0;0;0;0;519651,941400000010000;5444780,946499999600000;9,269520465000028;49,155533895000076
154348;08;4;21;000;2018;06;16;6;3;4;2;0;1;1;0;0;0;0;0;571375,487199999970000;5360591,298800000000000;9,964211875000046;48,394440925000026
154350;08;1;21;000;2018;06;06;3;3;0;7;0;1;0;0;0;0;1;0;515317,053699999990000;5446726,875900000300000;9,210143320000043;49,173161568000069
154351;08;4;17;016;2018;06;19;6;3;5;2;0;1;1;0;0;0;0;0;484138,238799999990000;5341469,200799999800000;8,786427495000055;48,226247154000077
154353;08;4;16;041;2018;06;17;6;3;5;3;0;1;1;0;0;0;0;0;507139,586000000010000;5374348,392199999700000;9,096690507000062;48,522205791000033
154355;08;4;16;025;2018;06;19;6;3;2;2;0;1;0;0;1;0;0;0;504564,064900000000000;5361576,205799999600000;9,061671213000068;48,407325451000077
154356;08;1;18;048;2018;06;08;3;3;0;3;0;1;0;0;0;0;0;0;513255,244000000010000;5417480,245000000100000;9,180899628000077;48,910121328000059
154357;08;3;36;006;2018;06;18;6;3;8;1;0;1;0;0;0;0;0;0;391701,487199999970000;5287302,642699999700000;7,555695171000025;47,730008252000061
154358;08;1;17;019;2018;06;07;3;3;5;3;0;1;1;0;0;0;0;0;552218,953800000020000;5393478,701399999700000;9,709573959000068;48,692161942000041
154360;08;1;16;022;2018;06;10;3;3;5;3;0;1;1;0;0;0;0;0;523022,513400000000000;5381879,344899999900000;9,312205388000052;48,589573989000030
154361;08;1;15;029;2018;06;06;3;2;4;2;0;1;0;0;0;0;0;0;496434,255999999990000;5399272,946000000500000;8,951495090000037;48,746462212000040
154362;08;3;27;046;2018;06;18;6;3;3;3;0;1;1;0;0;0;0;0;481043,140900000000000;5324161,131299999500000;8,745524574000058;48,070443830000045
154363;08;1;15;003;2018;06;17;3;3;3;2;0;1;1;0;0;0;0;0;499164,347899999990000;5392196,171500000200000;8,988646934000030;48,682808744000056
154365;08;1;11;000;2018;06;12;3;3;5;3;0;1;1;0;0;0;0;0;519324,464400000000000;5404213,657200000200000;9,263101904000052;48,790618679000033
154368;08;3;17;040;2018;06;13;6;3;0;7;0;1;0;0;0;0;0;0;432344,032100000010000;5347306,958999999800000;8,088161779000075;48,275351513000032
154370;08;1;11;000;2018;06;17;3;2;6;4;0;0;1;1;0;0;0;0;516025,943900000010000;5405461,489299999500000;9,218241726000031;48,801937775000056
154371;08;3;17;057;2018;06;19;6;3;0;7;0;1;1;0;0;0;0;0;412555,153899999980000;5379652,587399999600000;7,814762994000034;48,563864204000026
154372;08;4;36;049;2018;06;07;2;2;4;1;0;1;1;0;0;0;0;0;577957,454700000000000;5282541,853099999900000;10,038896935000025;47,691558404000034
154374;08;3;16;017;2018;06;17;6;2;0;1;0;1;0;0;0;0;0;0;408843,810600000030000;5341476,441800000100000;7,772757213000034;48,219960462000074
154376;08;3;16;020;2018;06;15;6;2;0;4;0;0;1;1;0;0;0;1;408535,679999999990000;5339302,923999999600000;7,769078504000049;48,200365803000068
154377;08;4;26;021;2018;06;07;2;3;3;6;0;1;1;0;0;0;0;0;557717,098499999960000;5327090,227800000500000;9,775152961000060;48,094464479000067
154378;08;3;15;030;2018;06;14;6;3;5;7;0;1;1;0;0;0;0;0;406649,227000000010000;5327519,404000000100000;7,746281434000025;48,094100859000037
154382;08;4;15;061;2018;06;16;2;3;3;6;0;1;1;0;0;0;0;0;515822,021499999970000;5371076,352599999900000;9,214150948000054;48,492610646000060
154384;08;2;35;046;2018;06;15;6;3;0;7;0;1;0;0;0;0;0;0;479991,935000000000000;5377618,809000000400000;8,728877636000050;48,551348972000028
154386;08;2;35;073;2018;06;18;6;2;5;3;0;1;1;0;0;0;0;0;478096,159999999970000;5408019,371000000300000;8,701577376000046;48,824768594000034
154387;08;4;15;050;2018;06;18;2;3;2;6;0;1;1;0;0;0;0;0;521403,778700000020000;5378121,062099999700000;9,290060779000044;48,555821253000033
154388;08;4;15;014;2018;06;14;2;3;6;4;0;0;1;1;0;0;0;0;524630,116400000060000;5375257,055200000300000;9,333613529000047;48,529937681000035
154390;08;3;37;066;2018;06;15;2;2;4;1;0;1;1;0;0;0;0;0;428084,871800000020000;5267768,761099999800000;8,044040325000026;47,559352738000030
154393;08;2;36;072;2018;06;10;6;3;5;3;0;1;1;0;0;0;0;0;464433,430400000010000;5411112,916299999700000;8,515170540000042;48,851964612000074
154395;08;3;35;043;2018;06;18;2;3;4;6;0;1;0;0;0;0;0;0;513315,523800000020000;5278708,794099999600000;9,177346505000060;47,661635789000059
154398;08;4;35;016;2018;06;07;2;3;5;3;0;1;1;0;0;0;0;0;536684,006799999970000;5279155,940800000000000;9,488615725000045;47,664755748000061
154401;08;2;26;038;2018;06;12;6;3;4;6;0;1;1;0;0;0;0;0;471870,420300000000000;5480151,635900000100000;8,611720846000026;49,473360478000075
154402;08;3;11;000;2018;06;19;2;2;0;1;0;1;0;0;0;0;0;0;415197,443000000030000;5315306,222900000400000;7,863480205000030;47,985434111000075
154404;08;3;11;000;2018;06;19;2;3;4;6;0;1;0;0;0;0;0;0;414519,517999999980000;5316136,901999999800000;7,854231157000072;47,992816160000075
154405;08;2;21;000;2018;06;07;6;3;6;4;0;1;0;1;0;0;0;0;476679,239799999980000;5475026,367300000000000;8,678398616000038;49,427463631000080
154406;08;2;16;007;2018;06;11;6;3;6;4;0;0;1;1;0;0;0;0;436612,860800000020000;5393164,630500000000000;8,138732363000031;48,688302292000060
154407;08;3;11;000;2018;06;20;2;3;5;3;0;1;1;0;0;0;0;0;413536,710000000020000;5315671,310999999800000;7,841154287000052;47,988495862000036
154410;08;2;12;000;2018;06;14;6;3;5;3;0;1;1;0;0;0;0;0;451179,184499999970000;5428262,807699999800000;8,332451577000029;49,005328663000057
154411;08;3;11;000;2018;06;10;2;3;0;3;0;1;1;0;0;0;0;0;413142,650399999980000;5317837,010400000000000;7,835435542000028;48,007923644000073
154413;08;2;12;000;2018;06;08;2;3;1;7;0;1;0;0;0;0;0;0;455653,160099999980000;5428853,940000000400000;8,393557865000048;49,010983650000071
154417;08;1;35;020;2018;06;10;6;3;6;7;0;0;1;1;0;0;0;0;587536,628299999980000;5386799,767099999800000;10,187987218000046;48,628135390000068
154421;08;2;26;084;2018;06;16;2;3;1;5;0;1;1;0;0;0;0;0;469343,547299999980000;5470335,429499999600000;8,577601549000065;49,384944315000041
154422;08;1;27;073;2018;06;15;6;3;6;4;0;0;1;1;0;0;0;0;579141,588200000000000;5449277,093600000300000;10,086191634000045;49,191184997000050
154423;08;2;22;000;2018;06;11;2;3;5;2;0;1;0;0;0;1;0;0;462620,604200000000000;5481057,005099999700000;8,483962695000059;49,481004801000040
154425;08;2;22;000;2018;06;07;2;3;4;2;0;1;1;0;0;0;0;0;464190,786000000020000;5482502,235000000300000;8,505507893000072;49,494098615000041
154428;08;2;22;000;2018;06;18;2;3;6;7;0;0;1;1;0;0;0;0;462204,961300000020000;5483112,302600000100000;8,478028302000041;49,499465385000065
154430;08;2;22;000;2018;06;08;2;3;5;3;0;1;1;0;0;0;0;0;463327,449000000020000;5485596,439399999600000;8,493299128000047;49,521877770000060
154431;08;1;16;016;2018;06;09;6;3;5;3;0;1;1;0;0;0;0;0;533139,016999999990000;5384736,640900000000000;9,449618368000074;48,614824475000034
154432;08;2;21;000;2018;06;18;2;3;6;4;0;1;0;1;0;0;0;0;477692,502700000010000;5472522,332299999900000;8,692512388000068;49,404978263000032
154434;08;2;26;036;2018;06;12;2;2;6;7;0;0;1;1;0;0;0;0;468342,922800000000000;5480972,107499999900000;8,562965718000044;49,480566614000054
154435;08;2;26;066;2018;06;14;2;2;8;1;0;1;0;0;0;0;0;0;495763,809000000010000;5467219,193300000400000;8,941664208000077;49,357670551000069
154439;08;2;16;023;2018;06;14;2;2;0;7;0;1;0;0;0;0;0;0;438481,006300000010000;5407324,314799999800000;8,161997160000055;48,815856232000044
154440;08;4;35;034;2018;06;13;5;3;4;6;0;1;1;0;0;0;0;0;529741,116700000010000;5284498,068099999800000;9,396506004000059;47,713177876000032
154441;08;4;35;057;2018;06;07;5;3;2;6;0;1;1;0;0;0;0;0;544350,866099999980000;5279292,903900000300000;9,590743892000035;47,665507727000033
154443;08;2;12;000;2018;06;12;5;2;0;7;0;1;0;0;0;0;0;0;456632,000899999980000;5427436,219600000400000;8,407094153000060;48,998300647000065
154444;08;2;16;043;2018;06;14;2;2;5;3;0;1;1;0;0;0;0;0;442663,920400000000000;5412655,578200000300000;8,218224478000025;48,864211210000065
154445;08;2;15;107;2018;06;09;2;3;3;6;0;1;0;0;0;1;0;0;461945,395000000020000;5457136,182599999900000;8,476929694000035;49,265803297000048
154446;08;2;15;110;2018;06;12;5;2;0;1;0;1;0;0;0;0;0;0;461309,377400000000000;5419813,381600000000000;8,471762642000044;48,930041890000041
154447;08;2;15;009;2018;06;15;2;3;0;7;0;1;0;0;1;0;0;0;470124,835800000000000;5440998,189500000300000;8,590554607000058;49,121094989000028
154448;08;3;15;098;2018;06;18;5;3;4;7;0;1;0;0;1;0;0;0;405006,504000000020000;5312879,538999999900000;7,727471265000077;47,962173723000035
154458;08;1;25;005;2018;06;18;2;3;4;6;0;1;0;0;0;0;0;0;515514,424999999990000;5452686,625000000000000;9,213081337000062;49,226765989000057
154461;08;4;26;021;2018;06;17;5;3;5;3;0;1;1;0;0;0;0;0;559220,774699999950000;5327978,972199999700000;9,795468997000057;48,102321781000057
154465;08;1;19;044;2018;06;05;2;2;5;3;0;1;1;0;0;0;0;0;549958,214299999990000;5422617,587000000300000;9,682405824000057;48,954458834000036
154467;08;4;15;050;2018;06;11;5;3;5;2;0;1;1;0;0;0;0;0;520710,884399999980000;5376347,868800000300000;9,280582700000025;48,539892492000035
154470;08;1;18;079;2018;06;16;2;2;5;3;0;1;1;0;0;0;0;0;510822,984500000020000;5421976,593500000400000;9,147825096000076;48,950616399000069
154472;08;1;18;079;2018;06;07;2;3;5;3;0;1;1;0;0;0;0;0;509481,441700000020000;5421184,454900000200000;9,129483326000070;48,943512602000055
154473;08;3;35;057;2018;06;18;5;3;4;1;0;1;0;0;1;0;0;0;500990,296800000010000;5306502,433600000100000;9,013252994000027;47,911845996000068
154477;08;4;36;064;2018;06;17;5;3;4;2;0;1;1;0;0;0;0;0;543134,257199999990000;5291648,984899999600000;9,575763417000076;47,776759806000030
154478;08;1;15;028;2018;06;11;2;3;0;7;0;1;0;0;0;0;0;0;500813,141100000010000;5405060,659699999700000;9,011072625000054;48,798538006000058
154479;08;1;15;028;2018;06;16;2;2;5;3;0;1;1;0;0;0;0;0;500996,829499999990000;5404792,537700000200000;9,013573278000024;48,796125731000075
154480;08;3;35;043;2018;06;23;5;2;1;7;2;1;1;0;0;0;0;0;513805,527999999990000;5280228,260200000400000;9,183920752000063;47,675297160000071
154482;08;3;27;050;2018;06;20;5;3;1;1;0;1;1;0;0;0;0;0;487759,418000000010000;5314097,728699999900000;8,835970396000050;47,980066583000053
154483;08;3;36;105;2018;06;17;1;3;5;5;0;1;1;0;0;0;0;0;400037,457700000030000;5266908,160699999900000;7,671493744000031;47,547898401000054
154485;08;1;36;042;2018;06;11;1;3;3;6;0;1;0;0;0;0;0;0;548000,731099999980000;5404709,175699999600000;9,653567551000037;48,793523696000079
154487;08;4;35;057;2018;06;15;1;3;8;1;0;1;0;0;0;0;0;0;543886,642499999960000;5281431,547000000300000;9,584775819000072;47,684781259000033
154489;08;3;17;065;2018;06;19;5;3;1;5;0;1;1;0;0;0;0;0;414177,228400000020000;5353562,177899999500000;7,842091745000062;48,329414642000074
154491;08;3;16;011;2018;06;19;5;3;0;4;0;1;0;1;0;0;0;0;414238,130100000010000;5330376,786000000300000;7,847605010000052;48,120870228000058
154492;08;4;16;041;2018;06;10;1;3;5;3;0;1;1;0;0;0;0;0;502349,918100000010000;5370576,050599999700000;9,031803423000042;48,488304536000044
154493;08;4;15;050;2018;06;10;1;3;5;3;0;1;1;0;0;0;0;0;521199,370400000010000;5376198,224600000300000;9,287192810000022;48,538529941000036
154498;08;3;15;113;2018;06;17;5;2;5;1;0;1;1;0;0;0;0;0;441133,141599999970000;5306665,169099999600000;8,212209933000054;47,910608744000058
154499;08;3;15;076;2018;06;18;5;2;4;2;0;1;1;0;0;0;0;0;392728,394900000010000;5297525,782900000000000;7,566860825000049;47,822134118000065
154501;08;3;11;000;2018;06;20;5;3;4;6;0;1;0;0;0;0;1;0;414270,411199999970000;5316467,280100000100000;7,850826864000055;47,995754688000034
154502;08;3;11;000;2018;06;11;5;2;6;2;0;0;0;1;0;0;1;0;411567,822600000010000;5315903,425499999900000;7,814723753000067;47,990314574000081
154503;08;3;17;113;2018;06;13;1;3;0;7;0;1;0;0;0;0;0;0;409349,118200000030000;5344507,133100000200000;7,778910061000033;48,247293256000034
154506;08;2;21;000;2018;06;17;1;2;3;2;0;1;0;0;0;0;0;0;476584,210000000020000;5473259,765900000000000;8,677192389000027;49,411569723000071
154507;08;3;36;091;2018;06;12;5;3;5;3;0;1;1;0;0;0;0;0;395498,224899999970000;5272028,574699999800000;7,609966593000024;47,593243076000078
154508;08;2;15;109;2018;06;11;1;3;5;3;0;1;0;0;0;0;1;0;461064,740500000010000;5436626,627100000200000;8,466810509000027;49,081265369000050
154510;08;2;15;109;2018;06;12;1;3;0;7;0;1;0;0;0;0;0;0;461491,340000000030000;5435083,173999999600000;8,472799154000029;49,067408662000048
154511;08;2;26;096;2018;06;10;5;3;5;3;0;1;1;0;0;0;0;0;473713,445699999980000;5488050,578599999700000;8,636634138000034;49,544491212000025
154512;08;2;26;084;2018;06;17;5;3;5;3;0;1;1;0;0;0;0;0;468671,103000000000000;5471367,584400000100000;8,568255228000055;49,394194071000072
154513;08;2;12;000;2018;06;17;1;2;1;3;0;1;0;0;0;0;0;0;457468,327300000000000;5427579,390499999700000;8,418512380000038;48,999646678000033
154515;08;2;16;028;2018;06;21;1;2;6;7;0;0;0;1;0;0;1;0;426624,394800000010000;5396953,088899999900000;8,002361526000072;48,721283956000036
154516;08;1;36;019;2018;06;21;1;3;0;6;0;1;1;0;0;0;0;0;582882,393200000050000;5424243,099499999500000;10,132392000000038;48,965541870000038
154517;08;2;21;000;2018;06;09;5;2;0;7;0;1;0;0;0;0;1;0;478362,707799999970000;5471410,873100000400000;8,701810932000058;49,395005031000039
154518;08;1;36;009;2018;06;15;1;2;0;1;0;1;0;0;0;0;0;0;567288,582100000000000;5408241,382799999800000;9,916735704000075;48,823506951000070
154519;08;1;36;024;2018;06;10;1;2;4;3;0;1;0;0;0;0;1;0;567542,993400000040000;5411726,497700000200000;9,920775766000077;48,854826923000076
154520;08;2;12;000;2018;06;18;5;3;5;3;1;1;1;0;0;0;0;0;452460,247800000010000;5427471,468000000300000;8,350059556000076;48,998310543000059
154522;08;1;18;080;2018;06;19;5;2;0;1;0;1;0;0;0;0;0;0;507359,253600000000000;5411319,449199999700000;9,100323954000032;48,854798263000077
154525;08;1;25;059;2018;06;11;1;2;0;1;0;1;0;0;0;0;0;0;527455,032000000010000;5437927,298999999600000;9,376068933000056;49,093584412000041
154527;08;1;19;020;2018;06;12;1;2;4;2;0;1;1;0;0;0;0;0;520061,030800000010000;5407126,937199999600000;9,273272461000033;48,816802700000039
154529;08;1;18;048;2018;06;07;6;3;5;3;0;1;1;0;0;0;0;0;511349,596900000000000;5414909,395300000000000;9,154821166000033;48,887032486000066
154532;08;4;15;061;2018;06;17;6;3;5;2;0;1;1;0;0;0;0;0;515798,926199999990000;5370329,446200000100000;9,213810106000040;48,485891792000075
154533;08;1;18;048;2018;06;17;6;2;6;4;0;0;0;1;0;0;1;0;512844,927199999980000;5417293,907800000200000;9,175294035000036;48,908453738000048
154534;08;1;15;003;2018;06;08;6;2;6;7;0;0;1;1;0;0;1;0;500520,546800000010000;5391568,641499999900000;9,007071294000070;48,677163752000070
154537;08;1;16;015;2018;06;13;6;3;6;7;0;1;0;1;0;0;0;0;523773,354999999980000;5393396,006000000100000;9,323048224000047;48,693150235000076
154543;08;1;11;000;2018;06;07;6;2;5;3;0;1;1;0;0;0;0;0;512987,110999999980000;5402665,428500000400000;9,176770674000068;48,776855602000069
154546;08;2;16;043;2018;06;13;1;3;5;3;0;1;1;0;0;0;0;0;441378,635899999990000;5412019,523400000300000;8,200792534000073;48,858369778000053
154556;08;1;11;000;2018;06;07;4;3;5;3;0;1;0;0;0;0;1;0;512622,019900000010000;5402449,452600000400000;9,171794725000041;48,774920213000030
154559;08;1;11;000;2018;06;21;4;3;0;1;1;1;0;0;0;0;0;0;512214,721100000020000;5401112,587100000100000;9,166211425000029;48,762901980000038
154561;08;1;16;019;2018;06;22;4;2;0;7;2;1;0;0;0;0;0;0;524677,813100000030000;5396149,633200000000000;9,335503009000036;48,717886539000062
154563;08;1;15;050;2018;06;08;4;3;0;7;0;1;0;0;0;0;0;0;491304,358200000020000;5400553,010800000300000;8,881686029000036;48,757927158000030
154566;08;3;35;043;2018;06;22;5;3;0;1;2;1;0;0;0;0;0;0;514417,105600000010000;5282306,545199999600000;9,192136954000034;47,693983457000058
154567;08;4;35;059;2018;06;15;6;3;0;7;0;1;0;0;0;0;0;0;510730,672499999990000;5290659,409799999600000;9,143213901000024;47,769210785000041
154568;08;3;35;043;2018;06;09;5;3;0;1;0;1;0;0;0;0;0;0;513715,727100000020000;5280248,749300000300000;9,182725052000023;47,675483425000039
154571;08;3;35;043;2018;06;13;5;3;0;7;0;1;0;0;0;0;0;0;516026,142600000020000;5279312,243900000100000;9,213470534000066;47,667003940000029
154572;08;4;36;064;2018;06;08;5;3;5;3;0;1;1;0;0;0;0;0;547401,462399999960000;5293547,167999999600000;9,632926663000035;47,793537874000037
154573;08;3;15;113;2018;06;14;6;3;5;7;0;0;1;1;0;0;0;0;436159,605500000010000;5305702,724299999900000;8,145801059000064;47,901474408000070
154577;08;3;16;011;2018;06;13;6;3;3;6;0;1;1;0;0;0;0;0;415471,974899999970000;5329469,246500000400000;7,864360904000023;48,112871731000041
154578;08;3;26;074;2018;06;16;5;3;0;1;0;1;0;0;0;0;0;0;463439,549999999990000;5323225,749499999900000;8,509302135000041;48,061262124000052
154579;08;3;15;006;2018;06;16;6;3;5;3;0;1;1;0;0;0;0;0;400549,550500000010000;5308944,413900000000000;7,668691791000072;47,926100975000054
154580;08;4;17;013;2018;06;12;5;2;5;3;0;1;1;0;0;0;0;0;508459,357299999970000;5348564,480499999600000;9,114044169000067;48,290223643000047
154584;08;3;35;043;2018;06;07;6;3;5;3;0;1;1;0;0;0;0;0;511751,517100000000000;5281183,240500000300000;9,156582520000029;47,683930345000078
154586;08;3;27;038;2018;06;05;1;3;7;7;0;0;0;1;0;0;1;0;493102,426500000000000;5313222,045199999600000;8,907583171000056;47,972267800000054
154587;08;3;36;050;2018;06;11;5;3;4;6;0;1;1;0;0;0;0;0;399137,023400000010000;5272229,074000000000000;7,658308139000042;47,595622889000026
154588;08;3;11;000;2018;06;07;5;3;3;6;0;1;0;0;0;0;0;0;412932,233799999990000;5316292,014899999800000;7,832928477000053;47,993997289000049
154589;08;2;22;000;2018;06;14;7;3;0;7;0;1;1;0;0;0;0;0;461518,374000000010000;5482247,827499999700000;8,468630741000027;49,491646735000074
154590;08;3;11;000;2018;06;18;5;3;5;2;0;1;1;0;0;0;0;0;412979,904500000000000;5316370,439299999700000;7,833551425000053;47,994709232000048
154592;08;3;15;131;2018;06;19;5;3;6;4;0;0;1;1;0;0;0;0;406252,039999999980000;5308080,027999999900000;7,745197569000027;47,919185180000056
154594;08;1;35;021;2018;06;04;1;2;0;7;2;1;0;0;0;0;0;0;592523,685900000040000;5383715,307500000100000;10,254963827000040;48,599675669000078
154596;08;3;11;000;2018;06;00;5;3;0;1;2;1;0;0;0;0;0;0;415115,663999999990000;5315973,191999999800000;7,862252556000044;47,991422936000049
154597;08;1;19;079;2018;06;08;7;3;6;2;0;0;0;1;0;0;1;0;522748,074499999990000;5408654,928200000000000;9,309959744000025;48,830455564000033
154598;08;1;36;065;2018;06;10;3;3;5;3;0;1;1;0;0;0;0;0;558824,218400000010000;5405752,485600000200000;9,801073572000064;48,801978562000045
154599;08;2;15;090;2018;06;15;7;3;6;4;0;1;0;1;0;0;0;0;465613,801800000020000;5433407,869400000200000;8,529377701000044;49,052582917000052
154603;08;1;17;026;2018;06;13;1;3;0;1;0;1;0;0;0;0;0;0;547206,950900000050000;5395243,660799999700000;9,641675149000037;48,708437987000082
154605;08;2;36;040;2018;06;07;5;3;0;2;0;1;0;0;0;0;1;1;488860,849899999970000;5422196,349399999700000;8,847850580000056;48,952587634000054
154607;08;2;36;040;2018;06;07;5;3;0;7;0;1;0;0;0;0;1;1;488017,991900000020000;5421502,133600000300000;8,836358471000040;48,946326946000056
154609;08;3;36;081;2018;06;17;6;3;0;7;0;1;0;0;0;0;0;0;411705,163400000020000;5277770,125699999700000;7,824335095000038;47,647303034000061
154610;08;2;26;041;2018;06;18;5;3;3;2;0;1;1;0;0;0;0;0;476964,962500000020000;5466674,352699999700000;8,682822800000054;49,352349253000057
154611;08;2;26;096;2018;06;08;5;3;4;5;0;1;0;0;0;0;1;0;474648,040299999990000;5486502,453400000000000;8,649652581000055;49,530606280000029
154612;08;4;17;054;2018;06;14;7;2;6;4;0;0;0;1;0;1;0;0;479014,182399999990000;5348413,411799999900000;8,717090336000069;48,288573094000071
154613;08;2;26;085;2018;06;07;5;3;5;2;0;1;0;0;0;1;0;0;491048,439799999990000;5455184,255400000100000;8,876999605000037;49,249363829000060
154618;08;4;36;064;2018;06;16;6;3;6;6;0;1;0;1;0;0;0;0;546587,914800000030000;5293964,902800000300000;9,622109320000050;47,797355606000053
154619;08;2;22;000;2018;06;16;5;3;0;7;0;1;0;0;0;0;0;0;462303,192099999990000;5484153,191599999600000;8,479285520000076;49,508833728000070
154620;08;2;26;098;2018;06;16;6;3;5;3;0;1;1;0;0;0;0;0;477973,804599999970000;5460389,262000000100000;8,697060702000044;49,295852249000063
154621;08;2;22;000;2018;06;16;5;2;0;3;0;1;1;0;0;0;0;0;464426,057600000000000;5474906,977300000400000;8,509439079000060;49,425796410000032
154622;08;3;35;026;2018;06;12;1;3;0;1;0;1;0;0;0;0;0;0;481689,849899999970000;5281926,951200000000000;8,755996757000048;47,690469425000060
154623;08;2;21;000;2018;06;08;5;3;1;3;0;1;1;0;0;0;0;0;477204,923100000010000;5471250,124099999700000;8,685864672000037;49,393516866000027
154624;08;3;11;000;2018;06;17;6;3;6;7;0;1;0;1;0;0;0;0;414463,479999999980000;5319253,997999999700000;7,852858513000058;48,020848104000038
154625;08;2;21;000;2018;06;20;5;3;0;1;0;1;0;0;0;0;0;0;475880,882999999970000;5472556,209900000100000;8,667539303000069;49,405213885000080
154631;08;2;15;101;2018;06;08;5;3;3;2;0;1;1;0;0;0;0;0;467067,047199999970000;5423851,873200000300000;8,550041968000073;48,966703032000055
154633;08;2;11;000;2018;06;08;5;2;5;3;0;1;1;0;0;0;0;0;437789,331799999990000;5397213,577200000200000;8,154105507000054;48,724841342000047
154634;08;2;12;000;2018;06;20;1;3;0;7;0;1;0;0;0;0;1;0;457562,790099999980000;5428575,574699999800000;8,419699683000033;49,008614004000037
154637;08;2;26;018;2018;06;07;7;3;6;7;0;0;1;1;0;0;0;0;473237,683800000000000;5472535,604700000000000;8,631107284000052;49,404918051000038
154639;08;2;22;000;2018;06;11;6;3;1;7;0;0;1;1;1;0;0;0;462973,588999999980000;5478031,769799999900000;8,489118615000052;49,453815877000068
154642;08;1;21;000;2018;06;15;5;3;5;3;0;1;1;0;0;0;0;0;516901,741199999990000;5443902,227300000400000;9,231765771000028;49,147711422000043
154645;08;1;21;000;2018;06;12;5;3;0;3;0;1;1;0;0;0;0;0;515200,974300000000000;5441450,916199999900000;9,208351669000024;49,125705494000044
154648;08;1;19;085;2018;06;18;5;3;2;6;0;1;1;0;0;0;0;0;527958,081699999980000;5413017,068099999800000;9,381246352000062;48,869483140000057
154649;08;1;18;073;2018;06;14;5;3;4;6;0;1;1;0;0;0;0;0;496345,678499999980000;5422298,608799999600000;8,950084699000058;48,953597068000079
154651;08;1;18;048;2018;06;23;5;3;0;1;2;1;0;0;0;0;0;0;513608,593200000000000;5416149,641900000200000;9,185677552000072;48,898143931000050
154652;08;2;16;043;2018;06;05;6;3;5;2;0;1;0;0;0;0;0;0;441230,030000000030000;5412391,457000000400000;8,198713335000036;48,861701244000074
154654;08;1;16;019;2018;06;10;5;3;1;1;0;1;1;0;0;0;0;0;523014,873499999990000;5398021,007000000200000;9,312999618000049;48,734784862000026
154655;08;1;11;000;2018;06;20;1;3;5;3;0;1;1;0;0;0;0;0;518619,549000000000000;5402818,315000000400000;9,253441393000060;48,778087874000050
154657;08;1;16;078;2018;06;18;5;2;0;7;0;1;0;0;0;0;0;0;509091,322900000030000;5394789,870199999800000;9,123570531000041;48,706076201000030