OBJECTID_1;ULAND;UREGBEZ;UKREIS;UGEMEINDE;UJAHR;UMONAT;USTUNDE;UWOCHENTAG;UKATEGORIE;UART;UTYP1;ULICHTVERH;IstRad;IstPKW;IstFuss;IstKrad;IstGkfz;IstSonstig;STRZUSTAND;LINREFX;LINREFY;XGCSWGS84;YGCSWGS84
154658;08;4;36;055;2018;06;07;6;3;4;1;0;1;0;0;0;0;0;0;576249,843699999970000;5298174,651100000400000;10,018886934000022;47,832397024000045
154659;08;1;16;068;2018;06;16;5;3;5;3;0;1;1;0;0;0;0;0;526042,541600000000000;5389366,363300000300000;9,353629060000060;48,656809166000073
154660;08;1;15;028;2018;06;07;5;3;6;4;0;0;1;1;0;0;0;0;500208,500000000000000;5405102,412999999700000;9,002839187000063;48,798914113000080
154664;08;1;11;000;2018;06;16;5;3;5;3;0;1;1;0;0;0;0;0;507340,999699999990000;5397689,469800000100000;9,099831540000025;48,732184184000062
154665;08;1;11;000;2018;06;16;5;3;6;7;0;1;0;1;0;0;0;0;513242,240400000010000;5403396,380800000400000;9,180266828000072;48,783425810000040
154666;08;3;35;043;2018;06;18;7;3;0;7;0;1;0;0;0;0;0;0;514863,899500000000000;5280749,453700000400000;9,198038307000047;47,679963205000035
154667;08;1;11;000;2018;06;18;5;2;1;5;0;1;1;0;0;0;0;0;517975,160900000020000;5406396,308299999700000;9,244826908000050;48,810293943000033
154669;08;4;36;055;2018;06;10;6;3;5;3;0;1;1;0;0;0;0;0;576947,794299999950000;5298005,772800000400000;10,028181727000060;47,830794650000030
154671;08;2;12;000;2018;06;07;6;3;4;6;0;1;1;0;0;0;0;0;453799,687600000000000;5429418,633100000200000;8,368148966000035;49,015927102000035
154672;08;1;11;000;2018;06;16;5;3;6;4;0;0;1;1;0;0;0;0;515249,044500000020000;5406692,922700000000000;9,207707711000069;48,813035122000031
154673;08;3;25;060;2018;06;14;1;2;0;1;0;1;0;0;0;0;0;0;469714,247299999990000;5339811,644500000400000;8,592336306000050;48,210809986000072
154678;08;3;16;020;2018;06;10;7;3;5;3;0;1;1;0;0;0;0;0;408827,130200000010000;5338895,954099999700000;7,773087311000040;48,196747112000025
154679;08;4;35;030;2018;06;14;4;3;6;4;0;0;1;1;0;0;0;0;540755,421300000050000;5271641,093200000000000;9,542143159000034;47,596898172000067
154680;08;2;12;000;2018;06;12;6;3;1;5;0;1;1;0;0;0;0;0;455916,093200000000000;5428908,596099999700000;8,397147325000049;49,011494128000038
154681;08;4;15;061;2018;06;08;6;3;5;3;0;1;1;0;0;0;0;0;515201,672599999990000;5372866,857099999700000;9,205819789000032;48,508733952000057
154682;08;4;35;035;2018;06;10;4;3;6;4;0;0;1;1;0;0;0;0;541923,187900000020000;5283036,947399999900000;9,558768990000033;47,699355784000034
154683;08;3;17;047;2018;06;08;6;3;5;3;0;1;1;0;0;0;0;0;419519,899199999990000;5364251,111800000100000;7,912113547000047;48,426264284000069
154684;08;3;35;043;2018;06;18;6;3;5;7;0;1;1;0;0;0;0;0;512384,288600000030000;5278808,350999999800000;9,164946467000050;47,662550071000055
154685;08;4;36;064;2018;06;07;4;3;0;1;0;1;0;0;0;0;0;0;545415,836299999970000;5290013,143199999800000;9,606045594000022;47,761885260000042
154686;08;2;26;096;2018;06;19;1;3;5;3;0;1;1;0;0;0;0;0;474595,289999999980000;5487608,531999999700000;8,648852350000027;49,540552815000069
154687;08;4;35;016;2018;06;09;4;3;5;3;0;1;0;0;0;0;0;0;536014,155099999970000;5278576,939600000200000;9,479646183000057;47,659583888000043
154688;08;4;37;053;2018;06;16;4;2;6;4;0;0;0;1;1;0;0;0;527912,976000000020000;5321035,628999999700000;9,374495444000047;48,041994831000068
154690;08;4;15;060;2018;06;17;4;3;6;6;0;0;1;1;0;0;0;0;515406,650800000000000;5378665,132399999500000;9,208809422000059;48,560891903000027
154692;08;4;15;061;2018;06;18;4;3;0;1;0;1;0;0;0;0;0;0;516907,867800000010000;5370379,440700000200000;9,228819543000043;48,486312705000046
154694;08;1;11;000;2018;06;09;4;3;5;3;0;1;1;0;0;0;0;0;507933,811999999980000;5398283,443000000000000;9,107904719000032;48,737520310000036
154697;08;1;35;019;2018;06;10;6;2;5;3;0;1;1;0;0;0;0;0;585529,551400000000000;5396000,910500000200000;10,162657065000076;48,711170787000071
154698;08;3;37;066;2018;06;03;4;2;8;1;2;1;0;0;0;0;0;0;429879,596100000020000;5268631,459900000100000;8,067756396000050;47,567310513000052
154699;08;2;15;090;2018;06;14;1;3;3;2;0;1;1;0;0;0;0;0;464764,595900000010000;5433327,394600000200000;8,517762581000056;49,051811051000072
154700;08;3;35;057;2018;06;11;4;3;6;7;0;0;1;1;0;0;0;0;501158,849500000010000;5306513,765900000000000;9,015508740000030;47,911947674000032
154701;08;3;37;126;2018;06;08;6;3;3;2;0;1;1;0;0;0;0;0;445451,675300000000000;5275659,276600000400000;8,273891662000040;47,632036228000061
154702;08;3;35;075;2018;06;07;4;3;3;6;0;1;1;0;0;0;0;0;488071,405399999990000;5290553,753300000000000;8,840801330000033;47,768239077000032
154703;08;1;19;079;2018;06;15;7;3;5;3;0;1;1;0;0;0;0;0;521633,933699999990000;5411348,548800000000000;9,294921186000067;48,854726501000073
154704;08;3;35;066;2018;06;18;4;3;0;1;0;1;0;0;0;0;0;0;504686,465299999980000;5281930,853900000500000;9,062452710000059;47,690746973000046
154706;08;3;35;043;2018;06;14;4;3;0;1;0;1;0;0;0;0;0;0;514051,545700000020000;5280455,403900000300000;9,187205555000048;47,677335619000075
154708;08;4;36;064;2018;06;16;4;2;0;2;0;1;1;0;0;0;0;0;545975,042999999950000;5293535,344499999700000;9,613880333000054;47,793534933000046
154709;08;3;27;057;2018;06;08;4;3;6;4;0;0;0;1;0;0;1;0;489092,282000000010000;5308598,889100000300000;8,853970810000021;47,930616384000075
154710;08;1;25;006;2018;06;15;6;3;5;3;0;1;1;0;0;0;0;0;507636,170600000010000;5454194,955000000100000;9,104907247000028;49,240482685000075
154711;08;3;26;074;2018;06;16;4;3;0;7;0;1;1;0;0;0;0;0;465154,886799999980000;5322146,402900000100000;8,532411731000025;48,051647471000081
154712;08;1;19;008;2018;06;13;1;3;6;7;0;0;1;1;0;0;0;0;531335,915000000040000;5418131,339999999900000;9,427698669000051;48,915327259000037
154714;08;3;17;096;2018;06;21;4;3;4;5;1;1;1;0;0;0;0;0;419828,947700000020000;5370738,354500000400000;7,915047602000072;48,484655526000040
154715;08;1;16;049;2018;06;15;7;3;5;2;0;1;1;0;0;0;0;0;525557,140900000000000;5384060,332600000300000;9,346710774000030;48,609096015000034
154716;08;1;18;081;2018;06;19;4;3;4;6;0;1;0;0;0;0;0;0;519956,652899999990000;5413498,197800000200000;9,272161041000061;48,874120376000064
154717;08;1;19;085;2018;06;13;6;3;5;3;0;1;1;0;0;0;0;0;529083,342599999970000;5413557,538900000000000;9,396628862000057;48,874293246000036
154719;08;3;17;065;2018;06;14;4;3;0;7;0;1;0;0;0;0;0;0;413076,510300000020000;5354459,720400000000000;7,827059057000042;48,337337396000066
154721;08;3;17;057;2018;06;15;4;3;5;3;0;1;1;0;0;0;0;0;412840,768600000010000;5380369,347799999600000;7,818483201000049;48,570350801000075
154722;08;4;21;000;2018;06;07;6;2;5;3;0;1;1;0;0;0;0;0;574022,229999999980000;5361933,813000000100000;10,000197911000043;48,406211921000079
154723;08;4;26;013;2018;06;16;7;3;6;4;0;0;1;1;0;0;0;0;544825,485100000050000;5323155,289200000500000;9,601614298000072;48,060100959000067
154724;08;3;17;001;2018;06;13;4;3;6;4;0;1;0;1;0;0;0;0;431410,850299999990000;5386626,863500000000000;8,069143321000070;48,628945278000060
154725;08;3;17;001;2018;06;19;4;2;5;3;0;1;1;0;0;0;0;0;431834,640000000010000;5386467,877700000100000;8,074920135000070;48,627561534000051
154726;08;4;26;013;2018;06;12;6;3;0;1;0;1;0;0;0;0;0;0;545481,598600000030000;5323464,950100000000000;9,610452588000044;48,062840405000031
154727;08;3;16;011;2018;06;15;4;3;5;3;0;1;1;0;0;0;0;0;414107,793100000010000;5330545,138199999900000;7,845820094000032;48,122367011000051
154728;08;1;19;091;2018;06;07;6;3;5;3;0;1;0;0;0;0;0;0;528308,354900000030000;5405772,943099999800000;9,385522298000069;48,804301505000069
154729;08;3;15;074;2018;06;15;4;3;1;5;0;1;1;0;0;0;0;0;396030,819499999980000;5296006,866100000200000;7,611331716000052;47,809013967000055
154730;08;3;36;050;2018;06;07;1;2;8;7;0;1;0;0;0;0;0;0;399091,208999999970000;5274095,714999999900000;7,657269191000069;47,612406827000029
154731;08;3;11;000;2018;06;15;4;3;5;3;0;1;1;0;0;0;0;0;416680,053000000010000;5315671,932000000000000;7,883275159000050;47,988918706000049
154732;08;3;11;000;2018;06;17;6;3;0;2;0;1;0;0;0;0;0;0;413759,194299999970000;5315417,129099999600000;7,844186617000048;47,986239442000056
154733;08;3;11;000;2018;06;22;4;3;0;1;2;1;0;0;0;0;0;0;412019,082600000020000;5317281,445799999900000;7,820488233000049;48,002772502000028
154736;08;1;19;067;2018;06;15;6;3;6;4;0;0;1;1;0;0;0;0;536721,317999999970000;5405087,355700000200000;9,500030365000043;48,797694129000035
154737;08;3;11;000;2018;06;15;4;3;0;1;0;1;1;0;0;0;0;0;413700,145399999980000;5316385,722400000300000;7,843200672000023;47,994944328000031
154739;08;3;11;000;2018;06;18;4;3;0;7;0;1;0;0;0;0;0;0;414586,002199999990000;5318371,771800000200000;7,854677130000027;48,012928555000030
154740;08;2;12;000;2018;06;13;4;3;0;4;0;0;1;1;0;0;0;0;455181,906599999990000;5430882,391499999900000;8,386889784000061;49,029195664000042
154741;08;2;12;000;2018;06;13;4;2;6;3;0;0;1;1;0;0;0;0;453870,647000000000000;5429170,602000000000000;8,369147562000023;49,013701360000027
154743;08;2;12;000;2018;06;08;4;3;5;7;0;1;1;0;0;0;0;0;454711,324900000010000;5427538,677000000100000;8,380825768000022;48,999084344000039
154745;08;2;21;000;2018;06;19;7;3;5;3;0;1;1;0;0;0;0;0;473927,262300000000000;5471383,585500000000000;8,640687869000033;49,394585786000050
154746;08;2;36;043;2018;06;13;4;3;6;2;0;0;1;1;0;0;0;0;469274,967899999990000;5411265,348299999700000;8,581155044000070;48,853594459000078
154751;08;2;25;058;2018;06;10;4;3;0;6;0;1;1;0;0;0;0;0;510697,791000000030000;5466698,450000000200000;9,147303070000021;49,352907300000027
154752;08;1;19;020;2018;06;14;7;3;1;5;0;1;1;0;0;0;0;0;519406,505000000000000;5408649,441800000100000;9,264428620000047;48,830519633000051
154753;08;2;21;000;2018;06;20;1;3;1;5;0;1;1;0;0;0;0;0;477905,265399999970000;5473660,452700000300000;8,695381738000037;49,415223244000060
154754;08;2;22;000;2018;06;19;4;3;1;5;0;1;1;0;0;0;0;0;464388,991299999990000;5481176,056499999900000;8,508364286000074;49,482181942000068
154755;08;2;22;000;2018;06;15;4;3;5;3;0;1;1;0;0;0;0;0;462868,967100000010000;5478714,377299999800000;8,487611123000022;49,459949233000032
154756;08;2;12;000;2018;06;05;7;3;7;1;1;1;0;0;0;0;0;0;456227,810799999980000;5428470,508700000100000;8,401457094000023;49,007575675000055
154757;08;2;22;000;2018;06;10;4;3;0;6;0;1;1;0;0;0;0;0;467142,179999999990000;5482428,613099999700000;8,546268628000064;49,493603445000076
154759;08;2;21;000;2018;06;10;4;3;6;7;0;0;1;1;0;0;0;0;477051,601599999990000;5475095,621299999800000;8,683529525000040;49,428100723000057
154761;08;2;26;018;2018;06;20;4;3;5;3;1;1;1;0;0;0;0;0;473009,117600000000000;5471059,026300000000000;8,628057104000050;49,391626425000027
154763;08;1;11;000;2018;06;13;7;3;1;5;0;1;1;0;0;0;0;0;512614,141699999980000;5401794,322499999800000;9,171667405000051;48,769026866000047
154764;08;2;15;009;2018;06;23;4;3;6;4;2;0;0;1;1;0;0;0;470195,508900000020000;5441464,991499999500000;8,591488682000033;49,125297395000075
154765;08;3;36;050;2018;06;15;6;3;0;7;0;1;0;0;0;0;0;0;399366,675999999980000;5273704,668100000400000;7,661023430000057;47,608932067000069
154766;08;2;12;000;2018;06;13;4;3;5;3;0;1;1;0;0;0;0;0;455835,966900000000000;5427429,350599999500000;8,396212544000036;48,998182424000049
154768;08;2;12;000;2018;06;11;4;3;5;3;0;1;1;0;0;0;0;0;453353,674000000000000;5426141,917500000400000;8,362425879000057;48,986419298000044
154769;08;2;12;000;2018;06;08;4;3;0;6;0;1;1;0;0;0;0;0;457005,905199999980000;5425199,658400000100000;8,412442308000038;48,978208573000074
154772;08;1;27;075;2018;06;11;4;1;5;3;0;1;1;0;0;0;0;0;571474,530000000030000;5465871,802600000100000;9,983944579000024;49,341377371000078
154775;08;3;25;057;2018;06;16;1;3;1;5;0;1;1;0;0;0;0;0;472842,680799999970000;5356548,708399999900000;8,633369757000025;48,361527473000081
154776;08;1;15;003;2018;06;09;4;3;0;7;0;1;0;0;0;0;0;0;500779,245799999980000;5391787,809100000200000;9,010585967000054;48,679135141000074
154777;08;2;26;098;2018;06;15;6;3;1;7;0;1;0;0;0;1;0;0;476639,982900000000000;5459689,524199999900000;8,678757060000066;49,289508550000050
154778;08;1;16;033;2018;06;20;4;3;4;2;0;1;1;0;0;0;0;0;530951,792400000030000;5389496,525200000000000;9,420299295000064;48,657756159000030
154780;08;1;35;019;2018;06;16;4;3;3;2;0;1;0;0;0;0;0;0;585285,552900000010000;5391187,588899999900000;10,158347407000065;48,667911934000074
154781;08;2;25;052;2018;06;14;5;2;0;1;0;1;0;0;0;0;0;0;515349,169700000030000;5478843,520499999600000;9,211819235000064;49,462051848000044
154784;08;3;25;045;2018;06;16;5;3;2;6;0;1;1;0;0;0;0;0;467201,404600000010000;5349184,737499999800000;8,557786487000044;48,295010312000045
154786;08;1;27;071;2018;06;19;4;2;5;3;0;1;1;0;0;0;0;0;576527,002300000050000;5458993,280799999800000;10,052168392000056;49,278901664000045
154788;08;1;25;056;2018;06;10;4;3;1;5;0;1;1;0;0;0;0;0;510855,925200000000000;5435908,390499999700000;9,148647671000049;49,075940214000070
154790;08;1;25;108;2018;06;17;5;3;4;1;0;1;0;0;0;1;0;0;492296,003000000030000;5434657,252999999600000;8,894534685000053;49,064733129000047
154791;08;1;21;000;2018;06;15;4;3;5;5;0;1;1;0;0;0;0;0;515558,302000000030000;5442503,352500000000000;9,213289942000074;49,135163584000054
154792;08;2;22;000;2018;06;16;5;3;6;4;0;1;0;1;0;0;0;0;461845,220199999980000;5481606,239900000400000;8,473205686000028;49,485896636000064
154793;08;1;19;085;2018;06;12;4;3;5;3;0;1;1;0;0;0;0;0;531214,771199999960000;5413626,718999999600000;9,425701039000046;48,874811916000056
154795;08;2;12;000;2018;06;07;5;3;5;2;0;1;1;0;0;0;0;0;459565,910600000000000;5431645,199300000400000;8,446783666000044;49,036360275000050
154798;08;1;21;000;2018;06;19;5;2;6;4;0;0;1;1;0;0;0;1;508177,542399999980000;5448065,502399999600000;9,112219832000051;49,185339636000037
154799;08;1;18;073;2018;06;09;4;2;8;3;0;1;1;0;0;0;0;0;497618,804799999980000;5420803,357599999800000;8,967483390000041;48,940152453000053
154800;08;1;18;046;2018;06;09;4;2;1;5;0;1;1;0;0;0;0;0;513261,507999999970000;5411268,788999999900000;9,180783613000074;48,854244449000078
154801;08;1;21;000;2018;06;17;5;3;0;7;0;1;1;0;0;0;0;1;515997,843500000020000;5443989,201700000100000;9,219374591000076;49,148517997000056
154802;08;1;17;026;2018;06;06;4;2;4;2;0;1;1;0;0;0;0;0;545029,001399999950000;5395348,601200000400000;9,612083949000066;48,709543049000047
154803;08;2;16;043;2018;06;15;5;3;5;2;0;1;1;0;0;0;0;0;442058,997399999990000;5411403,795599999800000;8,210154376000048;48,852895232000037
154804;08;1;16;049;2018;06;07;4;3;5;3;0;1;0;0;1;0;0;0;525087,800000000050000;5385648,282999999800000;9,340439803000038;48,623400303000039
154805;08;1;16;049;2018;06;07;4;3;2;6;0;1;1;0;0;0;0;0;524656,073699999950000;5386261,194699999900000;9,334617861000027;48,628931255000055
154807;08;1;16;041;2018;06;18;4;3;5;3;0;1;0;0;0;0;1;0;520649,674400000020000;5384236,848899999600000;9,280145296000057;48,610865157000035
154812;08;1;16;049;2018;06;07;4;3;5;3;0;1;1;0;0;0;0;0;525329,657699999980000;5385005,996100000100000;9,343682506000050;48,617612510000072
154814;08;4;21;000;2018;06;14;5;3;0;1;0;1;0;0;0;0;0;1;571291,246599999950000;5363079,381500000100000;9,963496719000034;48,416831447000050
154815;08;1;16;019;2018;06;18;4;3;2;6;0;1;0;0;0;0;1;0;525001,643099999990000;5396744,394000000300000;9,339941557000032;48,723224042000027
154817;08;1;15;003;2018;06;13;4;3;0;7;0;1;0;0;0;0;0;0;501403,165299999990000;5391735,674800000200000;9,019061667000074;48,678665044000070
154819;08;1;17;019;2018;06;13;5;3;4;6;0;1;0;0;0;0;0;0;550321,574400000040000;5394315,517799999600000;9,683895449000033;48,699845385000060
154820;08;1;11;000;2018;06;16;4;3;0;1;0;1;0;0;0;0;0;0;514150,672399999980000;5402853,439199999900000;9,192614567000021;48,778521552000029
154822;08;1;16;049;2018;06;16;5;3;5;3;0;1;1;0;0;0;0;0;524663,221800000060000;5386246,587299999800000;9,334714000000076;48,628799564000076
154823;08;3;35;043;2018;06;23;5;3;0;1;2;1;0;0;0;0;0;1;513143,897300000010000;5278785,348299999700000;9,175062964000063;47,662328110000033
154826;08;4;15;050;2018;06;18;5;2;5;3;0;1;1;0;0;0;0;0;521348,846599999990000;5376532,412899999900000;9,289234899000064;48,541531305000035
154827;08;1;36;065;2018;06;19;3;3;0;1;0;1;0;0;0;0;0;0;558802,528000000050000;5402367,305999999900000;9,800293849000070;48,771530681000058
154828;08;4;36;064;2018;06;19;3;3;0;7;0;1;0;0;0;0;0;0;546480,488800000050000;5293236,297000000300000;9,620596840000076;47,790808117000040
154829;08;4;36;005;2018;06;21;3;3;0;1;1;1;0;0;0;0;0;0;540223,811899999970000;5309130,618700000500000;9,538542348000021;47,934230673000059
154830;08;4;36;082;2018;06;12;3;3;0;1;0;1;0;0;0;0;0;0;548382,696800000030000;5295413,969800000100000;9,646235989000047;47,810260365000033
154831;08;1;16;070;2018;06;18;5;3;5;3;0;1;1;0;0;0;0;1;539368,590699999940000;5385106,167399999700000;9,534170545000052;48,617787703000033
154833;08;3;17;096;2018;06;08;5;2;0;1;0;1;0;0;0;0;0;0;423903,254900000000000;5370115,394100000200000;7,970288993000054;48,479558497000028
154834;08;4;36;064;2018;06;08;3;3;6;4;0;0;1;1;0;0;0;0;542869,140900000000000;5291973,631600000000000;9,572256834000029;47,779698377000045
154835;08;4;36;064;2018;06;08;3;3;1;5;0;1;1;0;0;0;0;0;544929,457999999980000;5290381,880800000400000;9,599593676000040;47,765236903000073
154836;08;1;15;045;2018;06;09;5;3;5;3;0;1;1;0;0;0;0;0;500254,474099999990000;5395720,894399999600000;9,003459426000063;48,714517973000056
154838;08;4;26;001;2018;06;18;3;2;4;6;0;1;0;0;0;0;0;0;566878,619599999980000;5348718,213600000400000;9,901586200000054;48,288129224000045
154839;08;4;21;000;2018;06;19;3;3;5;3;0;1;0;0;0;0;0;0;571285,207000000050000;5363040,386800000400000;9,963408478000076;48,416481363000059
154840;08;1;15;029;2018;06;11;5;3;4;6;0;1;0;0;0;0;1;0;496855,250600000030000;5399155,540699999800000;8,957222785000056;48,745408301000055
154841;08;4;21;000;2018;06;18;3;3;5;3;0;1;1;0;0;0;0;0;573857,312599999950000;5361839,157999999800000;9,997953219000067;48,405379829000026
154842;08;4;25;020;2018;06;16;3;3;8;1;0;1;0;0;0;0;0;0;556663,217599999970000;5361308,417100000200000;9,765581382000050;48,402385805000051
154844;08;4;16;041;2018;06;11;3;3;5;3;0;1;1;0;0;0;0;0;504267,085499999990000;5373428,540000000000000;9,057779214000050;48,513956563000079
154849;08;4;16;048;2018;06;19;3;3;6;6;0;0;1;1;0;0;0;0;493652,139900000010000;5378727,655600000200000;8,913964981000049;48,561611575000029
154851;08;1;11;000;2018;06;07;5;3;0;2;0;1;1;0;0;0;0;0;511585,407000000010000;5406695,267799999600000;9,157805486000029;48,813135331000069
154854;08;1;11;000;2018;06;09;5;3;5;3;0;1;1;0;0;0;0;0;508672,155299999980000;5396143,644799999900000;9,117901611000036;48,718260793000070
154856;08;2;21;000;2018;06;15;5;3;0;7;0;1;1;0;0;0;0;0;477475,072600000010000;5472834,272800000400000;8,689497673000062;49,407776112000079
154858;08;3;17;096;2018;06;17;3;3;5;3;0;1;1;0;0;0;0;0;420333,956999999990000;5368391,690000000400000;7,922327774000053;48,463611848000028
154859;08;4;35;052;2018;06;21;4;3;1;5;0;1;1;0;0;0;0;0;522784,099400000010000;5292878,985200000000000;9,304196320000074;47,788867764000031
154860;08;3;16;009;2018;06;17;3;3;5;2;0;1;1;0;0;0;0;0;418197,288200000010000;5324426,370600000000000;7,901934796000035;48,067865053000048
154861;08;3;16;011;2018;06;14;3;3;3;5;0;1;0;0;0;1;0;0;414461,342000000000000;5329922,012500000200000;7,850694972000042;48,116809488000058
154864;08;3;16;011;2018;06;08;3;3;5;2;0;1;1;0;0;0;0;0;415042,206300000020000;5329864,477800000500000;7,858509370000036;48,116369727000063
154865;08;2;11;000;2018;06;17;5;3;5;2;0;1;1;0;0;0;0;0;446179,941799999970000;5402898,842699999900000;8,267441219000034;48,776762875000031
154866;08;3;16;011;2018;06;16;3;3;0;1;0;1;0;0;0;0;0;0;414953,538999999990000;5329751,233000000000000;7,857340874000045;48,115339228000039
154868;08;4;36;055;2018;06;16;4;3;5;3;0;1;1;0;0;0;0;0;579626,596800000060000;5295708,568400000200000;10,063547596000035;47,809803058000057
154869;08;2;16;043;2018;06;07;5;3;5;3;0;1;1;0;0;0;0;0;440472,344600000010000;5413631,480800000000000;8,188203497000075;48,872782910000069
154870;08;3;15;015;2018;06;20;3;2;0;1;0;1;0;0;0;0;0;0;394550,431999999970000;5320158,143000000200000;7,585655846000066;48,026003791000051
154871;08;3;11;000;2018;06;23;3;3;6;6;2;1;0;1;0;0;0;0;413073,629900000000000;5318226,440399999700000;7,834431386000063;48,011417303000030
154872;08;4;26;014;2018;06;07;4;3;5;2;0;1;1;0;0;0;0;0;548934,633500000000000;5317544,696600000400000;9,656119483000055;48,009323044000041
154873;08;3;11;000;2018;06;08;3;3;5;2;0;1;1;0;0;0;0;0;416680,053000000010000;5315671,932000000000000;7,883275159000050;47,988918706000049
154876;08;4;15;061;2018;06;17;5;3;0;1;0;1;0;0;0;0;0;1;516024,826599999970000;5370211,969899999900000;9,216862734000074;48,484829214000058
154878;08;2;12;000;2018;06;07;3;3;0;7;0;1;0;0;0;0;0;0;453198,811999999980000;5428892,943000000000000;8,359992343000045;49,011153212000067
154880;08;2;36;040;2018;06;16;3;3;6;7;0;0;0;1;0;0;1;0;488803,502900000020000;5422209,699099999900000;8,847066914000038;48,952706687000045
154881;08;2;26;055;2018;06;13;3;2;6;1;0;0;1;1;0;0;0;0;497629,109000000000000;5460316,496000000300000;8,967391928000041;49,295590182000069
154882;08;1;36;065;2018;06;07;4;3;5;3;0;1;1;0;0;0;0;0;557535,018300000000000;5404741,043800000100000;9,783377175000055;48,793001217000040
154884;08;2;22;000;2018;06;16;3;3;5;3;0;1;1;0;0;0;0;0;463683,631799999970000;5478024,828800000300000;8,498915850000060;49,453796304000036
154885;08;4;36;081;2018;06;08;4;2;0;1;0;1;0;0;0;0;0;0;561929,522400000020000;5281895,306499999900000;9,825235389000056;47,687476584000080
154889;08;4;36;064;2018;06;10;4;3;0;1;0;1;0;0;0;0;0;0;545417,963800000030000;5289989,698099999700000;9,606071533000034;47,761674173000074
154890;08;2;15;009;2018;06;20;3;3;3;6;0;1;1;0;0;0;0;0;470444,483499999970000;5441486,848000000200000;8,594899528000042;49,125506022000081
154892;08;4;36;055;2018;06;15;4;3;0;7;0;1;0;0;0;0;0;0;575644,271399999970000;5298310,035500000200000;10,010819949000052;47,833686475000036
154893;08;2;15;017;2018;06;14;3;3;5;3;0;1;1;0;0;0;0;0;456196,952999999980000;5420748,231999999800000;8,401866758000040;48,938110312000049
154896;08;2;12;000;2018;06;07;3;3;5;3;0;1;1;0;0;0;0;0;453384,891200000010000;5429969,435499999700000;8,362413156000059;49,020850384000028
154898;08;2;12;000;2018;06;15;3;3;5;2;0;1;1;0;0;0;0;0;457592,922499999990000;5428541,087200000000000;8,420115304000035;49,008305856000050
154902;08;4;17;079;2018;06;16;4;3;6;4;0;0;0;1;0;0;1;0;501271,150000000020000;5344438,587000000300000;9,017124520000039;48,253159239000070
154904;08;1;28;131;2018;06;14;3;3;5;2;0;1;1;0;0;0;0;0;536783,308700000050000;5512600,976300000200000;9,510765742000046;49,764756724000051
154905;08;4;15;061;2018;06;07;4;3;5;3;0;1;1;0;0;0;0;0;515390,414999999980000;5370912,355000000400000;9,208303155000067;48,491145986000049
154906;08;1;28;131;2018;06;16;3;3;5;3;0;1;0;0;0;1;0;0;535922,445199999960000;5511175,222500000100000;9,498680917000058;49,751985443000081
154907;08;2;21;000;2018;06;17;5;2;0;7;0;1;0;0;0;0;0;0;477288,461699999990000;5472012,584699999500000;8,686972302000072;49,400378215000046
154909;08;1;25;021;2018;06;23;3;3;6;4;2;0;1;1;0;0;0;0;523844,840099999970000;5447868,911899999700000;9,327206911000076;49,183162243000027
154914;08;4;16;041;2018;06;09;5;3;0;7;0;1;0;0;0;0;0;0;504110,142200000000000;5376887,923899999800000;9,055688211000074;48,545079440000052
154916;08;1;16;035;2018;06;07;3;3;0;7;0;1;0;0;0;0;0;0;527184,024300000050000;5392269,039800000400000;9,369319590000032;48,682872865000036
154917;08;3;35;043;2018;06;10;4;3;5;2;0;1;1;0;0;0;0;0;513332,655900000010000;5278944,522599999800000;9,177581875000044;47,663756445000047
154919;08;1;16;077;2018;06;12;3;2;0;1;0;1;0;0;0;0;0;0;515551,109400000020000;5391651,530100000100000;9,211254214000064;48,677715952000028
154920;08;2;12;000;2018;06;14;5;2;3;6;0;1;1;0;0;0;0;0;460184,528999999980000;5432332,094899999900000;8,455179671000053;49,042579264000040
154922;08;1;15;003;2018;06;18;3;3;5;3;0;1;1;0;0;0;0;0;501275,444800000000000;5392124,623399999900000;9,017327814000055;48,682164345000047
154923;08;3;26;074;2018;06;15;4;3;5;3;0;1;1;0;0;0;0;0;460131,221000000020000;5324545,446800000000000;8,464778073000048;48,072936830000060
154924;08;1;11;000;2018;06;07;3;2;0;7;0;1;0;0;0;0;0;0;519919,633500000000000;5401838,729000000300000;9,271089942000060;48,769235374000061
154926;08;3;26;060;2018;06;10;4;2;6;4;0;0;1;1;0;0;0;0;442636,071400000020000;5331048,892900000300000;8,229057197000032;48,130109299000026
154929;08;4;35;059;2018;06;12;2;3;0;1;0;1;0;0;0;0;0;0;510943,873900000010000;5290626,366600000300000;9,146058492000066;47,768909892000067
154930;08;3;26;031;2018;06;17;4;3;0;7;0;1;0;0;0;0;0;0;456597,024600000000000;5331963,395999999700000;8,416580587000055;48,139442029000065
154932;08;1;28;007;2018;06;13;5;3;5;3;0;1;1;0;0;0;0;0;555741,060999999990000;5482291,907999999800000;9,769681332000062;49,490703093000036
154933;08;4;21;000;2018;06;10;2;2;4;2;0;1;1;0;0;0;0;0;573602,718100000060000;5361224,734799999700000;9,994405955000048;48,399882754000032
154935;08;3;25;049;2018;06;07;4;3;5;3;0;1;0;0;0;0;0;0;472203,901000000010000;5333205,214999999900000;8,626279978000071;48,151487796000026
154938;08;3;17;089;2018;06;17;5;3;5;3;0;1;1;0;0;0;0;0;431804,955399999980000;5375599,698200000500000;8,076300299000025;48,529797885000050