OBJECTID_1;ULAND;UREGBEZ;UKREIS;UGEMEINDE;UJAHR;UMONAT;USTUNDE;UWOCHENTAG;UKATEGORIE;UART;UTYP1;ULICHTVERH;IstRad;IstPKW;IstFuss;IstKrad;IstGkfz;IstSonstig;STRZUSTAND;LINREFX;LINREFY;XGCSWGS84;YGCSWGS84
154939;08;4;15;061;2018;06;16;2;3;6;3;0;0;1;1;0;0;0;0;515258,211000000010000;5372108,080000000100000;9,206557533000023;48,501906368000050
154940;08;4;15;060;2018;06;19;2;3;0;1;0;1;0;0;0;0;0;0;513300,876999999980000;5380643,527499999900000;9,180332882000073;48,578738253000040
154946;08;3;35;043;2018;06;13;2;3;0;2;0;1;1;0;0;0;0;0;513326,242700000000000;5279010,258500000500000;9,177498462000074;47,664348047000033
154947;08;3;15;074;2018;06;15;4;3;1;6;0;1;0;0;0;0;0;0;396982,205399999980000;5296200,611700000200000;7,623989091000055;47,810909686000059
154950;08;3;26;060;2018;06;16;2;3;5;3;0;1;1;0;0;0;0;0;441785,240999999980000;5331355,082000000400000;8,217581710000047;48,132786552000027
154951;08;3;17;040;2018;06;17;2;2;7;7;0;1;0;1;0;0;0;0;431909,667000000020000;5347078,832800000000000;8,082345120000070;48,273252816000081
154952;08;3;36;050;2018;06;11;4;3;6;4;0;1;0;1;0;0;0;0;399699,399600000000000;5273584,374699999600000;7,665476774000069;47,607901566000066
154953;08;3;17;057;2018;06;15;2;3;5;3;0;1;1;0;0;0;0;0;412902,440100000010000;5379295,287999999700000;7,819543900000042;48,560698867000042
154954;08;3;15;020;2018;06;18;2;2;4;6;0;1;0;0;0;0;0;0;424726,345299999990000;5313092,835500000000000;7,991552141000057;47,966715336000050
154957;08;2;16;043;2018;06;16;5;3;0;1;0;1;0;0;0;0;0;0;442142,905399999990000;5411797,168200000200000;8,211242499000036;48,856441445000030
154958;08;3;11;000;2018;06;18;2;3;3;1;0;1;0;0;0;0;0;0;414700,357100000020000;5316735,300699999600000;7,856535659000031;47,998223146000043
154959;08;3;11;000;2018;06;21;2;3;5;3;1;1;0;1;0;0;0;0;413455,648999999980000;5316306,486999999700000;7,839940013000046;47,994198531000052
154961;08;3;11;000;2018;06;09;2;3;2;6;0;1;1;0;0;0;0;0;413911,740999999980000;5315626,013799999800000;7,846188759000029;47,988138990000039
154962;08;2;12;000;2018;06;16;2;3;5;3;0;1;1;0;0;0;0;0;453864,315000000000000;5432946,836000000100000;8,368631297000036;49,047668194000039
154964;08;2;12;000;2018;06;11;2;2;3;6;0;1;0;0;0;0;1;0;454458,326400000020000;5426450,609299999700000;8,377489021000031;48,989278459000047
154965;08;2;12;000;2018;06;19;2;3;1;5;0;1;1;0;0;0;0;0;458147,973699999970000;5428628,859100000000000;8,427695761000052;49,009133270000063
154967;08;4;16;041;2018;06;14;5;3;6;4;0;0;1;1;0;0;0;0;504291,757199999990000;5373870,394100000200000;9,058117831000061;48,517931478000037
154968;08;2;26;060;2018;06;16;2;3;0;3;0;1;1;0;0;0;0;0;478114,721800000000000;5461695,476599999700000;8,698927220000030;49,307606740000040
154969;08;2;12;000;2018;06;09;5;3;5;3;0;1;1;0;0;0;0;0;455017,859000000000000;5429577,884800000100000;8,384790415000055;49,017449603000045
154970;08;2;26;085;2018;06;10;2;3;5;5;0;1;1;0;0;0;0;0;491049,140300000030000;5455320,754700000400000;8,877006180000024;49,250591678000035
154971;08;2;26;084;2018;06;11;2;3;5;5;0;1;1;0;0;0;0;0;469942,771899999990000;5469777,394600000200000;8,585899888000029;49,379954782000027
154972;08;2;15;009;2018;06;05;4;3;9;1;0;1;0;0;0;0;0;0;470586,569699999990000;5442870,254499999800000;8,596746052000071;49,137956839000026
154974;08;2;12;000;2018;06;16;4;2;2;6;0;1;1;0;0;0;0;0;453816,960199999970000;5428891,586199999800000;8,368445151000060;49,011187583000037
154975;08;2;15;017;2018;06;12;4;2;0;1;0;1;0;0;0;0;1;0;455780,434000000010000;5421845,616999999600000;8,396060393000028;48,947951884000076
154976;08;2;22;000;2018;06;19;2;3;1;5;0;1;1;0;0;0;0;0;461682,327300000000000;5484175,490700000000000;8,470707594000032;49,508995380000044
154982;08;2;31;000;2018;06;09;4;3;1;7;0;1;1;0;0;0;0;0;477702,059799999990000;5415568,777099999600000;8,695796895000058;48,892666848000033
154984;08;2;16;043;2018;06;18;2;3;6;7;0;1;0;1;0;0;0;0;441296,191400000010000;5411752,966699999800000;8,199706875000061;48,855964315000051
154985;08;2;36;050;2018;06;18;4;3;8;7;0;1;0;0;0;0;0;0;485240,911800000000000;5423921,615600000100000;8,798343644000056;48,968031666000059
154986;08;2;15;009;2018;06;07;2;3;1;5;0;1;1;0;0;0;0;0;471175,755500000030000;5441387,545099999800000;8,604929496000068;49,124647505000041
154988;08;2;12;000;2018;06;20;2;3;0;7;0;1;0;0;0;0;0;0;459172,199499999990000;5429933,126799999700000;8,441569581000067;49,020933989000071
154989;08;2;12;000;2018;06;10;2;3;4;1;0;1;0;0;0;0;0;0;457556,636999999990000;5428724,974000000400000;8,419599928000025;49,009957449000069
154990;08;3;27;038;2018;06;16;5;3;0;1;0;1;0;0;0;0;0;0;494867,332899999980000;5313029,928200000000000;8,931232464000061;47,970555871000045
154992;08;1;15;041;2018;06;22;2;2;0;7;2;1;0;0;0;0;0;0;495561,877800000020000;5401672,339300000100000;8,939602241000046;48,768041530000062
154995;08;1;35;020;2018;06;12;2;3;0;1;0;1;0;0;0;0;0;0;584574,345300000040000;5387155,805300000100000;10,147866342000043;48,631745351000063
154996;08;2;26;032;2018;06;13;4;3;4;1;0;1;0;0;0;0;0;0;466835,367000000030000;5462915,613300000300000;8,543661598000028;49,318073278000043
154997;08;1;35;016;2018;06;10;2;3;6;2;0;0;1;1;0;0;0;0;591698,380400000020000;5386042,770499999600000;10,244286689000035;48,620730547000051
154998;08;2;22;000;2018;06;07;5;3;5;2;0;1;1;0;0;0;0;0;462806,435899999980000;5479305,532200000200000;8,486692720000065;49,465262569000060
155001;08;2;25;058;2018;06;07;4;3;0;1;0;1;0;0;0;0;0;0;507643,273400000010000;5465435,960599999900000;9,105219806000036;49,341597079000053
155002;08;1;21;000;2018;06;12;2;3;1;5;0;1;0;0;0;1;0;0;511898,982800000000000;5443181,354199999900000;9,163144320000072;49,141344227000047
155003;08;1;18;048;2018;06;16;2;3;1;3;0;1;1;0;0;0;0;0;513943,658600000020000;5416605,172600000200000;9,190264758000069;48,902234308000061
155004;08;2;22;000;2018;06;15;4;3;5;2;0;1;1;0;0;0;0;0;462858,855800000020000;5478709,569000000100000;8,487472049000076;49,459905367000033
155008;08;2;26;037;2018;06;08;4;2;5;3;0;1;1;0;0;0;0;0;466145,701699999980000;5468236,211799999700000;8,533720304000042;49,365893049000078
155010;08;2;21;000;2018;06;15;5;3;6;7;0;1;1;1;0;0;0;0;477022,823600000000000;5472464,026300000000000;8,683285019000039;49,404428894000034
155011;08;1;17;044;2018;06;06;2;3;5;7;0;1;1;0;0;0;0;0;539073,556499999950000;5391454,439399999600000;9,530766525000047;48,674913891000074
155012;08;1;17;019;2018;06;17;2;3;0;7;0;1;1;0;0;0;0;0;552010,334500000000000;5394052,753499999600000;9,706811659000039;48,697343200000034
155013;08;2;16;043;2018;06;08;4;3;5;2;0;1;1;0;0;0;0;0;441880,023200000000000;5412988,845700000400000;8,207489790000068;48,867135979000068
155014;08;1;16;081;2018;06;11;2;3;0;7;0;1;0;0;0;0;0;0;756695,428300000030000;5312981,844700000200000;12,435979164000059;47,918716588000052
155020;08;1;15;003;2018;06;18;2;3;5;2;0;1;1;0;0;0;0;0;500212,576300000020000;5391530,067900000100000;9,002887693000048;48,676816920000078
155021;08;4;35;016;2018;06;10;5;3;6;4;0;0;1;1;0;0;0;0;536611,903500000010000;5279251,592899999600000;9,487663391000069;47,665620453000031
155024;08;1;15;015;2018;06;09;2;2;0;1;0;1;0;0;0;0;0;0;492834,041000000030000;5387639,484100000000000;8,902723154000057;48,641775601000063
155025;08;4;36;064;2018;06;15;1;3;1;5;0;1;1;0;0;0;0;0;545753,454400000050000;5291092,195799999900000;9,610664259000032;47,771569666000062
155027;08;4;26;070;2018;06;13;1;3;0;7;0;0;0;1;0;0;1;0;565683,665299999990000;5342191,581100000100000;9,884465716000022;48,229542713000058
155028;08;4;25;081;2018;06;16;1;3;4;7;0;1;1;0;0;0;0;0;547885,406899999940000;5342766,297600000200000;9,644886296000038;48,236306792000050
155029;08;2;12;000;2018;06;07;4;3;5;2;0;1;1;0;0;0;0;0;455652,951999999990000;5427327,730200000100000;8,393721701000061;48,997255217000031
155030;08;3;36;069;2018;06;18;5;3;1;5;0;1;1;0;0;0;0;0;408587,896499999970000;5267642,215200000400000;7,784949218000065;47,555761724000035
155032;08;1;35;019;2018;06;12;4;3;0;3;0;1;0;1;0;0;0;0;585542,002499999940000;5391128,922500000300000;10,161817625000026;48,667349198000068
155034;08;3;37;096;2018;06;17;1;3;0;7;0;1;0;0;0;0;0;0;420625,426900000020000;5266954,956399999600000;7,945046251000065;47,551162223000063
155035;08;1;16;033;2018;07;07;2;3;5;3;0;1;1;0;0;0;0;0;533400,794499999960000;5387589,020200000100000;9,453399769000043;48,640470328000049
155037;08;1;16;047;2018;07;17;2;3;2;7;0;1;1;0;0;0;0;0;519704,960199999970000;5392642,398000000000000;9,267728910000074;48,686512523000033
155039;08;4;21;000;2018;07;22;3;3;5;3;2;1;1;0;0;0;0;0;571860,555799999970000;5356218,048999999600000;9,970016085000054;48,355047108000065
155040;08;1;16;077;2018;07;13;2;3;6;3;0;0;1;1;0;0;0;0;518264,668000000010000;5388549,343999999600000;9,247979300000054;48,649735007000061
155044;08;1;16;078;2018;07;19;2;2;5;3;0;1;0;0;0;0;0;0;510598,553499999980000;5394419,945899999700000;9,144047459000035;48,702724551000074
155048;08;1;15;028;2018;07;07;2;3;2;6;0;1;1;0;0;0;0;0;500252,021000000010000;5404950,608000000000000;9,003431728000066;48,797548469000048
155049;08;1;15;037;2018;07;13;2;3;6;6;0;1;0;1;0;0;0;0;491898,790800000020000;5385224,630900000200000;8,890074492000053;48,620039728000052
155051;08;1;15;003;2018;07;16;2;3;5;3;0;1;1;0;0;0;0;0;500820,229999999980000;5392640,728000000100000;9,011144426000044;48,686808044000031
155052;08;1;11;000;2018;07;17;2;3;6;4;0;0;1;1;0;0;0;0;510803,344400000000000;5397187,625400000300000;9,146903285000064;48,727619175000029
155053;08;3;37;096;2018;07;15;3;3;7;7;0;1;0;0;0;0;1;0;419329,523899999970000;5267974,719399999800000;7,927638531000071;47,560176623000075
155055;08;1;11;000;2018;07;08;2;3;5;3;0;1;1;0;0;0;0;0;507563,876999999980000;5397379,135800000300000;9,102856788000054;48,729389746000038
155056;08;3;35;075;2018;07;17;3;3;5;3;0;1;1;0;0;0;0;0;488845,476700000000000;5287809,895999999700000;8,851202428000022;47,743564971000069
155057;08;1;11;000;2018;07;09;2;2;6;1;0;1;0;1;0;0;0;0;513816,312500000000000;5404243,540500000100000;9,188110121000022;48,791034288000048
155059;08;4;25;020;2018;07;03;1;3;6;1;2;0;1;1;0;0;0;0;555124,451200000010000;5363051,332800000000000;9,745021846000043;48,418201141000054
155060;08;4;35;016;2018;07;21;1;3;0;1;0;1;0;0;0;0;0;0;536099,804800000040000;5278451,820399999600000;9,480776512000034;47,658453366000060
155062;08;4;26;035;2018;07;19;1;3;4;2;0;1;1;0;0;0;0;0;538225,725899999960000;5331004,413700000400000;9,513744251000048;48,131146611000077
155064;08;4;17;051;2018;07;10;1;3;0;1;0;1;0;0;0;0;0;0;490140,728000000000000;5361894,075000000200000;8,866770807000023;48,410124573000076
155065;08;3;25;045;2018;07;16;3;3;5;3;0;1;1;0;0;0;0;0;468663,543000000010000;5349322,097000000100000;8,577489290000074;48,296320172000037
155066;08;4;15;050;2018;07;03;1;3;0;1;2;1;0;0;0;0;0;0;522339,429100000010000;5374721,973199999900000;9,302558098000077;48,525209689000064
155067;08;3;37;096;2018;07;17;1;3;3;6;0;1;0;0;1;0;0;0;419599,990500000010000;5267243,611899999900000;7,931366984000022;47,553632903000050
155068;08;3;26;074;2018;07;19;3;2;5;3;0;1;1;0;0;0;0;1;462741,316999999980000;5324629,215900000200000;8,499808799000050;48,073848341000030
155069;08;3;17;096;2018;07;17;3;3;5;3;0;1;1;0;0;0;0;0;421416,539899999970000;5370360,724800000000000;7,936599561000037;48,481459289000043
155070;08;3;36;050;2018;07;16;1;3;1;6;0;1;1;0;0;0;0;0;399765,950799999990000;5273732,959599999700000;7,666328023000062;47,609248438000066
155071;08;3;11;000;2018;07;14;3;3;5;3;0;1;0;0;0;0;0;0;413368,452999999980000;5316656,605000000400000;7,838700788000040;47,997336154000038
155072;08;3;35;075;2018;07;19;1;3;6;2;0;0;1;1;0;0;0;0;487727,550099999990000;5289986,581500000300000;8,836228286000051;47,763129481000078
155073;08;3;35;075;2018;07;18;1;3;5;3;0;1;1;0;0;0;0;0;487991,071200000010000;5291317,007799999800000;8,839708095000049;47,775104976000080
155074;08;3;15;074;2018;07;20;3;3;0;1;0;1;1;0;0;0;0;0;397596,020800000000000;5295319,934100000200000;7,632393420000028;47,803086029000042
155075;08;3;35;063;2018;07;16;1;3;2;6;0;1;0;0;0;0;0;0;496973,599300000000000;5287225,373499999800000;8,959632838000061;47,738395033000074
155076;08;4;36;055;2018;07;11;1;2;2;1;0;1;0;0;0;0;0;0;578521,735600000010000;5294835,886199999600000;10,048634840000034;47,802088188000027
155078;08;3;11;000;2018;07;16;3;3;3;2;0;1;0;0;0;0;0;0;411879,120600000020000;5316639,052699999900000;7,818744192000054;47,996974721000072
155079;08;3;16;045;2018;07;23;1;2;0;7;2;1;0;0;0;0;1;0;414185,412000000010000;5323751,575699999900000;7,848228496000047;48,061267888000032
155080;08;3;11;000;2018;07;07;3;2;1;5;0;1;1;0;0;0;0;0;417564,644199999980000;5314673,412999999700000;7,895320601000037;47,980051131000039
155083;08;3;11;000;2018;07;15;1;3;4;1;0;1;1;0;0;0;0;0;413503,673899999990000;5315058,732599999800000;7,840835008000056;47,982981028000040
155084;08;3;11;000;2018;07;11;1;2;5;2;0;1;1;0;0;0;0;0;414360,560300000010000;5315457,186999999900000;7,852236552000022;47,986680585000045
155085;08;3;11;000;2018;07;18;1;3;5;3;0;1;1;0;0;0;0;0;413856,795999999970000;5316238,730000000400000;7,845329545000027;47,993643202000044
155087;08;2;15;100;2018;07;09;1;2;0;7;0;1;0;0;0;0;0;0;474251,620999999980000;5449839,474999999600000;8,646546330000035;49,200810784000055
155089;08;2;26;098;2018;07;08;1;3;0;7;0;1;0;0;0;0;0;0;476466,041700000000000;5459099,714599999600000;8,676399813000046;49,284196524000038
155090;08;2;26;066;2018;07;12;1;3;6;7;0;0;1;1;0;0;0;0;495553,303000000010000;5467274,312599999800000;8,938764755000022;49,358164853000062
155093;08;2;22;000;2018;07;10;1;3;0;1;0;1;0;0;0;0;0;0;467468,772999999990000;5483309,326000000400000;8,550705867000033;49,501542671000038
155094;08;2;16;024;2018;07;03;1;3;0;7;2;1;0;0;0;0;0;0;445484,107699999990000;5408915,882600000100000;8,257171923000044;48,830826576000049
155095;08;2;36;040;2018;07;18;3;3;4;6;0;1;1;0;0;0;0;0;491989,945000000010000;5418222,349000000400000;8,890668821000077;48,916887164000059
155096;08;1;36;038;2018;07;19;1;3;0;1;0;1;0;0;0;0;0;0;594657,561699999960000;5415051,911100000100000;10,291098784000042;48,881190232000051
155097;08;1;36;088;2018;07;20;1;3;0;1;0;1;0;0;0;0;0;0;586590,386900000040000;5405769,262600000000000;10,179129070000045;48,798881887000050
155098;08;2;26;041;2018;07;08;3;2;4;2;0;1;1;0;0;0;0;0;477004,686300000000000;5466822,407700000300000;8,683361214000058;49,353682496000033
155099;08;1;28;131;2018;07;13;1;3;0;6;0;1;1;0;0;0;0;0;537682,610400000010000;5510286,405799999800000;9,523028789000023;49,743883616000062
155100;08;2;26;096;2018;07;08;3;3;8;5;0;1;0;0;0;0;1;0;475878,606900000010000;5487495,752100000200000;8,666597122000042;49,539590870000040
155101;08;1;19;079;2018;07;12;1;2;4;6;0;1;0;0;0;0;0;0;523023,565999999990000;5408216,436999999900000;9,313688843000023;48,826500853000027
155102;08;1;18;048;2018;07;10;1;3;0;7;0;1;0;0;0;0;0;0;512944,213999999980000;5417642,280000000300000;9,176660037000033;48,911585528000046
155106;08;2;25;074;2018;07;13;3;3;0;1;0;1;1;0;0;0;0;0;507048,212699999970000;5466580,275299999900000;9,097048261000055;49,351897425000061
155107;08;2;22;000;2018;07;17;3;3;0;7;0;1;0;0;0;0;0;0;463697,588200000000000;5480840,019000000300000;8,498850194000056;49,479118485000072
155108;08;1;15;003;2018;07;11;1;3;0;6;0;1;1;0;0;0;0;0;501273,881100000000000;5392462,210199999600000;9,017307611000035;48,685201317000065
155109;08;2;22;000;2018;07;13;3;3;6;2;0;0;1;1;0;0;0;0;463274,894299999990000;5477998,763899999700000;8,493278840000073;49,453537292000078
155110;08;1;11;000;2018;07;20;1;3;3;6;0;1;1;0;0;0;0;0;510985,661399999980000;5402438,966599999900000;9,149522520000062;48,774856927000030
155114;08;2;21;000;2018;07;16;3;3;6;4;0;1;0;1;0;0;0;0;476272,541900000010000;5472973,543800000100000;8,672912945000064;49,408983130000081
155116;08;4;15;061;2018;06;13;7;3;4;6;0;1;0;0;0;0;0;0;515578,560999999990000;5371385,432400000300000;9,210867266000037;48,495397320000052
155117;08;2;15;107;2018;07;19;3;2;8;6;0;1;1;0;0;0;0;0;462956,345700000010000;5456614,638100000100000;8,490873154000042;49,261174154000059
155119;08;4;16;036;2018;06;14;7;3;6;7;0;0;1;1;0;0;0;0;497707,014000000020000;5372720,330500000200000;8,968955311000059;48,507595552000055
155120;08;2;15;089;2018;07;16;3;2;0;1;0;1;0;0;0;0;0;0;469294,080000000020000;5430642,897300000300000;8,579955357000074;49,027905532000034
155121;08;4;15;061;2018;06;18;7;3;0;1;0;1;0;0;0;0;0;0;515599,945599999980000;5370043,562300000300000;9,211106606000044;48,483324847000063
155123;08;2;12;000;2018;07;07;3;3;5;3;0;1;1;0;0;0;0;0;460553,751999999980000;5429796,474299999900000;8,460478436000074;49,019794671000056
155124;08;2;11;000;2018;07;07;3;3;6;1;0;0;1;1;0;0;0;0;444637,736199999980000;5401404,176199999600000;8,246652896000057;48,763182728000061
155125;08;3;36;091;2018;06;13;7;2;2;1;0;1;0;0;0;0;0;0;396813,249300000020000;5271520,138299999800000;7,627572819000022;47,588880171000028
155126;08;3;35;043;2018;06;00;7;3;0;1;2;1;0;0;0;0;0;0;513865,085499999990000;5280026,314299999700000;9,184707776000039;47,673478846000080
155132;08;3;26;010;2018;06;10;7;3;8;1;0;1;0;0;0;0;0;0;465367,036399999980000;5326685,125799999600000;8,534890649000033;48,092492900000082
155134;08;1;28;115;2018;07;12;3;3;0;3;0;1;0;0;0;0;1;0;548792,811299999940000;5496769,084099999600000;9,675539995000065;49,621511107000060
155135;08;3;16;009;2018;06;09;7;3;5;3;0;1;0;0;0;0;1;0;416018,985800000020000;5324418,528699999700000;7,872702043000061;48,067511389000060
155136;08;3;16;037;2018;06;17;7;3;0;6;0;0;1;1;0;0;0;0;403526,477399999970000;5332885,004800000200000;7,703139019000048;48,141897659000051
155137;08;1;19;020;2018;07;17;3;3;6;4;0;0;0;1;0;0;1;0;519888,061400000010000;5407470,218200000000000;9,270932932000051;48,819896349000032
155140;08;1;18;073;2018;07;17;3;3;5;3;0;1;1;0;0;0;0;0;498242,542599999990000;5421950,922799999800000;8,975995942000054;48,950477694000028
155142;08;2;12;000;2018;06;12;7;3;5;3;0;1;1;0;0;0;0;0;456276,110300000000000;5425936,554999999700000;8,402390238000066;48,984785850000037
155144;08;1;18;011;2018;07;17;3;3;5;3;0;1;1;0;0;0;0;0;505263,146899999990000;5408011,729899999700000;9,071706625000047;48,825063804000081
155145;08;2;37;028;2018;06;22;7;2;1;5;2;1;1;0;0;0;0;0;460967,304799999980000;5366593,783099999700000;8,472120974000063;48,451272021000079
155146;08;2;36;068;2018;06;19;7;2;5;3;0;1;1;0;0;0;0;0;486749,713700000020000;5413303,801900000300000;8,819303471000069;48,872551229000067
155147;08;1;16;049;2018;07;15;3;3;2;6;0;1;0;0;0;0;0;0;524654,651300000030000;5387288,389000000400000;9,334659666000050;48,638171989000057
155148;08;2;26;106;2018;06;18;7;3;0;1;0;1;0;0;0;0;0;0;500381,400900000010000;5461663,477000000000000;9,005246888000045;49,307710952000036
155149;08;1;15;028;2018;07;16;3;3;6;4;0;0;1;1;0;0;0;0;500731,561200000000000;5404865,718100000200000;9,009961396000051;48,796784426000045
155150;08;2;22;000;2018;06;13;7;3;6;7;0;0;1;1;0;0;0;0;463486,995700000030000;5477648,097199999700000;8,496237552000025;49,450395983000078
155151;08;2;22;000;2018;06;10;7;3;8;1;0;1;0;0;0;0;1;0;461373,223999999990000;5481888,753800000100000;8,466661635000037;49,488407838000057
155154;08;1;11;000;2018;07;17;3;3;5;3;0;1;1;0;0;0;0;0;513925,646000000010000;5405644,331000000200000;9,189646191000065;48,803633199000046
155156;08;2;12;000;2018;06;18;7;3;6;7;0;1;0;1;0;0;0;0;452534,027799999980000;5427442,004499999800000;8,351071615000024;48,998051195000073
155157;08;1;11;000;2018;07;20;3;2;6;4;0;0;1;1;0;0;0;0;515433,905399999990000;5403671,609899999600000;9,210112140000035;48,785851219000051
155158;08;2;12;000;2018;06;23;7;3;0;1;2;1;0;0;0;0;0;0;457438,387999999980000;5428692,908499999900000;8,417986358000064;49,009660870000062
155159;08;2;12;000;2018;06;17;7;3;5;3;0;1;0;0;0;0;0;0;461338,063199999980000;5427723,599399999700000;8,471402714000021;49,001198368000075
155160;08;1;11;000;2018;07;14;3;2;0;7;0;1;0;0;0;0;0;0;517767,723200000010000;5407335,614900000400000;9,242042247000029;48,818749749000062
155161;08;3;17;057;2018;06;18;7;3;6;7;0;0;1;1;0;0;0;0;412303,984000000000000;5380884,232300000300000;7,811099677000073;48,574906963000046
155162;08;4;36;009;2018;07;07;2;3;4;6;0;1;1;0;0;0;0;0;556372,932000000030000;5308206,140999999800000;9,754619550000029;47,924696250000068
155164;08;1;28;131;2018;06;15;7;2;0;1;0;1;0;0;0;0;0;0;537833,525000000020000;5512077,882500000300000;9,525297364000039;49,759986793000053
155166;08;1;21;000;2018;06;18;7;2;0;7;0;1;0;0;0;0;0;0;516329,036000000020000;5441440,861100000300000;9,223812884000040;49,125586107000061
155167;08;1;19;008;2018;06;09;7;2;4;2;0;1;1;0;0;0;0;0;532813,639899999950000;5421723,191100000400000;9,448156356000027;48,947561015000076
155171;08;1;16;011;2018;06;10;7;3;4;6;0;1;1;0;0;0;0;0;530001,285000000030000;5379547,881299999500000;9,406673154000032;48,568304566000052
155172;08;4;35;016;2018;07;18;2;3;3;6;0;1;1;0;0;0;0;0;536014,134199999970000;5279168,764299999900000;9,479694683000048;47,664908775000072
155173;08;4;21;000;2018;07;18;2;3;3;6;0;1;1;0;0;0;0;0;571624,398200000050000;5360233,929200000100000;9,967512965000026;48,391198057000054
155174;08;1;16;019;2018;06;18;7;3;6;7;0;0;1;1;0;0;0;0;525308,373099999970000;5397435,436400000000000;9,344154432000039;48,729428200000029
155175;08;4;16;041;2018;07;13;2;3;0;7;0;1;0;0;0;0;0;0;503423,318399999990000;5376586,374599999700000;9,046379977000072;48,542370728000037
155178;08;4;15;050;2018;07;17;2;3;5;3;0;1;1;0;0;0;0;0;520295,422900000010000;5377272,003100000300000;9,274999299000058;48,548219795000080
155179;08;1;11;000;2018;06;13;7;3;5;2;0;1;1;0;0;0;0;0;516173,634800000000000;5400374,744900000300000;9,220052856000052;48,756174123000051
155180;08;1;11;000;2018;06;21;7;3;5;3;1;1;0;0;1;0;0;0;511724,242399999990000;5406060,661600000200000;9,159678434000057;48,807423887000027
155181;08;4;15;061;2018;07;16;2;3;6;4;0;1;0;1;0;0;0;0;515747,978999999990000;5371576,779099999900000;9,213167663000036;48,497114517000057
155182;08;4;15;088;2018;07;18;2;2;8;1;0;1;0;0;0;0;0;0;541655,971900000000000;5373566,900500000500000;9,564049665000027;48,513833943000066
155183;08;1;11;000;2018;06;13;7;3;6;4;0;0;1;1;0;0;0;0;511765,154099999990000;5403745,140900000000000;9,160169300000064;48,786592922000068
155184;08;4;36;049;2018;06;16;6;3;5;3;0;1;0;0;1;0;0;0;578886,810000000060000;5282239,379800000200000;10,051225124000041;47,688724515000047
155189;08;4;36;081;2018;06;07;6;3;0;1;0;1;0;0;0;0;0;0;562403,311200000000000;5281857,566700000300000;9,831542731000070;47,687091473000066
155191;08;4;26;013;2018;06;18;6;3;5;3;0;1;0;0;0;0;0;0;545666,886199999950000;5323877,083499999700000;9,612983389000021;48,066534953000030
155194;08;4;25;139;2018;06;16;6;3;0;1;0;1;0;0;0;0;0;0;548900,541399999990000;5365760,761900000300000;9,661226384000031;48,443088785000043
155197;08;3;36;081;2018;06;18;6;3;0;7;0;1;0;0;0;0;0;0;411773,023099999990000;5278291,161999999500000;7,825133338000057;47,651999451000052
155199;08;3;16;020;2018;07;16;2;2;5;3;0;1;1;0;0;0;0;0;408255,437800000010000;5336175,614000000100000;7,765983469000048;48,172195825000074
155200;08;3;35;063;2018;06;14;6;3;0;1;0;1;0;0;0;0;0;0;497673,436800000020000;5287005,012400000400000;8,968968685000050;47,736415216000069
155201;08;3;35;043;2018;06;22;6;3;0;6;2;1;0;0;0;0;0;0;514175,343500000020000;5280064,197499999800000;9,188842175000048;47,673812978000058
155203;08;3;25;053;2018;06;19;6;3;5;3;0;1;1;0;0;0;0;0;451572,847400000030000;5337665,333300000100000;8,348400859000037;48,190375998000036
155204;08;3;15;006;2018;07;07;2;3;5;3;0;1;1;0;0;0;0;0;403116,234000000000000;5306871,888000000300000;7,703507746000071;47,907851711000035
155205;08;3;17;096;2018;06;17;6;3;0;7;0;1;0;0;0;0;0;0;422835,097499999970000;5368763,694799999700000;7,956087064000030;48,467269828000042
155207;08;3;36;081;2018;07;13;2;3;5;3;0;1;1;0;0;0;0;0;411100,077999999980000;5277564,128499999600000;7,816321892000076;47,645367085000032
155208;08;3;15;074;2018;06;08;6;3;5;3;0;1;1;0;0;0;0;0;397414,437500000000000;5295535,557199999700000;7,629918079000049;47,804996628000026
155209;08;3;11;000;2018;06;05;6;3;5;3;1;1;1;0;0;0;0;0;414484,331499999970000;5315271,450000000200000;7,853932016000044;47,985026366000056
155210;08;3;36;050;2018;07;11;2;3;5;3;0;1;1;0;0;0;0;0;399802,199800000000000;5274659,020999999700000;7,666598421000060;47,617584296000075
155211;08;3;36;091;2018;06;13;6;2;3;6;0;1;1;0;0;0;0;0;396607,775599999990000;5272044,986300000000000;7,624717039000075;47,593568577000042
155212;08;3;11;000;2018;07;18;2;3;0;7;0;1;1;0;0;0;0;0;414470,599400000010000;5316719,631600000000000;7,853459457000042;47,998051499000042
155213;08;3;11;000;2018;06;18;6;2;0;7;0;1;1;0;0;0;0;0;415952,893999999970000;5315358,618300000200000;7,873592432000066;47,986005151000029
155215;08;3;11;000;2018;07;12;2;3;6;7;0;1;0;1;0;0;0;0;413921,962999999990000;5316480,781000000400000;7,846154316000025;47,995829316000027
155216;08;2;12;000;2018;06;12;6;3;6;7;0;0;0;1;1;0;0;0;455161,867499999990000;5431078,600999999800000;8,386593969000046;49,030959123000059
155217;08;2;31;000;2018;06;12;6;3;6;7;0;0;1;1;0;0;0;0;477022,552399999990000;5415685,866399999700000;8,686520168000072;48,893695316000048