OBJECTID_1;ULAND;UREGBEZ;UKREIS;UGEMEINDE;UJAHR;UMONAT;USTUNDE;UWOCHENTAG;UKATEGORIE;UART;UTYP1;ULICHTVERH;IstRad;IstPKW;IstFuss;IstKrad;IstGkfz;IstSonstig;STRZUSTAND;LINREFX;LINREFY;XGCSWGS84;YGCSWGS84
155221;08;2;12;000;2018;07;09;2;2;5;2;0;1;0;0;0;0;0;0;455097,222000000010000;5429280,930700000400000;8,385908637000057;49,014784260000056
155222;08;2;12;000;2018;07;14;2;3;5;2;0;1;1;0;0;0;0;0;454988,089099999980000;5429052,296900000400000;8,384441581000033;49,012719730000072
155223;08;2;26;095;2018;06;16;6;3;5;3;0;1;1;0;0;0;0;0;474031,317199999990000;5460698,787200000100000;8,642818244000068;49,298481556000070
155224;08;2;12;000;2018;07;13;2;3;2;6;0;1;1;0;0;0;0;0;453051,425200000000000;5429000,250599999900000;8,357964544000026;49,012107251000032
155225;08;2;26;096;2018;06;09;6;3;6;4;0;0;1;1;0;0;0;0;474946,758199999980000;5487879,619500000000000;8,653693069000042;49,543005780000044
155228;08;2;22;000;2018;06;16;6;3;5;2;0;1;1;0;0;0;0;0;461631,874799999990000;5484612,056300000300000;8,469968285000050;49,512918849000073
155229;08;2;12;000;2018;07;06;2;3;5;3;0;1;1;0;0;0;0;0;458693,534600000010000;5428243,478500000200000;8,435194845000069;49,005703467000046
155231;08;2;22;000;2018;06;05;6;3;0;6;0;1;0;0;0;0;0;0;464823,530000000030000;5476475,162700000200000;8,514780857000062;49,439924756000039
155232;08;2;22;000;2018;06;10;6;3;5;3;0;1;1;0;0;0;0;0;462211,771000000010000;5478756,082800000000000;8,478538571000058;49,460283825000033
155234;08;2;36;073;2018;07;16;2;3;4;6;0;1;1;0;0;0;0;0;478540,898899999970000;5423150,771900000100000;8,706841743000041;48,960901163000074
155236;08;2;22;000;2018;06;17;6;3;0;3;0;1;0;0;1;0;0;0;461616,506400000010000;5483664,229199999900000;8,469848126000045;49,504392707000079
155237;08;2;22;000;2018;07;13;2;3;5;3;0;1;1;0;0;0;0;0;462448,914200000000000;5487132,909599999900000;8,481014739000045;49,535643635000042
155238;08;2;21;000;2018;06;12;6;3;0;1;0;1;0;0;0;0;0;0;476690,906699999990000;5474575,101700000500000;8,678586020000068;49,423405030000026
155239;08;2;26;018;2018;06;08;6;3;6;2;0;1;0;1;0;0;0;0;473503,967599999970000;5472416,663800000200000;8,634785605000047;49,403859853000029
155242;08;2;22;000;2018;07;06;2;3;0;7;0;1;0;0;0;0;0;0;461960,241700000010000;5485100,645800000100000;8,474457180000059;49,517334125000048
155243;08;2;15;007;2018;06;06;6;3;0;1;0;1;0;0;0;0;0;0;477834,179000000000000;5431532,062900000300000;8,696729821000076;49,036270067000032
155244;08;2;12;000;2018;06;13;6;3;0;7;0;1;0;0;0;0;0;0;455193,161700000000000;5428485,089200000300000;8,387308484000073;49,007632574000070
155245;08;2;26;009;2018;07;11;2;3;5;6;0;1;1;0;0;0;0;0;466066,514700000000000;5471841,776300000000000;8,532322005000026;49,398319683000068
155246;08;2;11;000;2018;06;08;6;2;0;7;0;1;0;0;0;0;0;0;439912,264000000020000;5403648,609000000200000;8,182029254000042;48,782933285000070
155247;08;2;16;007;2018;06;06;6;3;5;3;0;1;1;0;0;0;0;0;434328,885400000030000;5394645,360799999900000;8,107467468000039;48,701385302000062
155248;08;2;21;000;2018;07;09;2;3;4;2;0;1;1;0;0;0;0;0;477372,754900000000000;5467502,505300000300000;8,688390687000037;49,359813695000071
155249;08;2;16;024;2018;06;20;6;3;5;3;1;1;1;0;0;0;0;0;444916,120600000020000;5408778,897300000300000;8,249451684000064;48,829544253000051
155250;08;1;28;115;2018;06;06;6;3;0;3;0;1;1;0;0;0;0;0;547462,217500000030000;5496459,762500000200000;9,657081711000046;49,618835079000064
155251;08;2;21;000;2018;07;12;2;3;3;3;0;1;1;0;0;0;0;0;473925,855500000010000;5472720,308799999800000;8,640580741000065;49,406609301000060
155252;08;1;25;065;2018;06;07;6;3;5;3;0;1;1;0;0;0;0;0;516142,278500000010000;5446751,017199999700000;9,221465928000043;49,173357569000075
155253;08;2;21;000;2018;07;14;2;2;6;4;0;0;0;1;0;0;1;0;477487,159199999990000;5472716,290199999700000;8,689670971000055;49,406715324000061
155255;08;1;25;056;2018;06;19;6;3;6;4;0;0;1;1;0;0;0;0;510790,543699999980000;5435919,110000000300000;9,147752706000063;49,076037791000033
155256;08;2;15;066;2018;07;18;2;2;1;5;0;1;0;0;0;1;0;0;460916,710399999980000;5452544,073300000300000;8,463238728000022;49,224433147000070
155257;08;1;21;000;2018;06;17;6;3;4;2;0;1;1;0;0;0;0;0;514058,098000000000000;5448064,230000000400000;9,192917853000040;49,185221587000058
155258;08;1;21;000;2018;06;08;6;3;4;3;0;1;1;0;0;0;0;1;516431,711799999990000;5442756,927699999900000;9,225273826000034;49,137421839000069
155259;08;2;15;110;2018;07;23;2;3;0;1;2;1;0;0;0;0;0;0;459783,809100000010000;5419788,768299999600000;8,450937693000071;48,929723219000039
155263;08;2;12;000;2018;07;15;2;3;5;3;0;1;1;0;0;0;0;0;458686,188299999980000;5428225,771200000300000;8,435096202000068;49,005543695000028
155266;08;1;18;070;2018;06;00;6;3;0;7;2;1;0;0;0;0;0;0;520307,075200000020000;5423745,404900000400000;9,277450007000027;48,966289145000076
155268;08;2;16;049;2018;07;07;2;2;3;6;0;1;0;0;0;0;0;0;438779,900299999980000;5401345,210500000000000;8,166959006000070;48,762103746000037
155269;08;1;16;020;2018;06;18;6;3;0;7;0;1;0;0;0;0;0;0;527063,046500000050000;5380837,114099999900000;9,366929583000058;48,580036409000058
155271;08;1;15;041;2018;07;17;2;2;0;3;0;1;0;0;0;0;0;0;494803,850900000020000;5402351,467699999900000;8,929277792000050;48,774145080000039
155272;08;1;35;031;2018;07;11;2;3;6;1;0;0;0;1;0;0;1;0;593987,546800000010000;5380788,930400000000000;10,274152207000043;48,573137663000068
155274;08;1;35;019;2018;07;16;2;2;1;7;0;1;1;0;0;0;0;0;585476,303599999980000;5392026,029199999800000;10,161110910000048;48,675427025000033
155276;08;1;21;000;2018;07;14;2;3;6;4;0;0;1;1;0;0;0;0;513930,495999999980000;5442234,781000000400000;9,190965084000027;49,132786754000051
155278;08;1;21;000;2018;07;17;2;3;5;3;0;1;1;0;0;0;0;0;512829,136999999990000;5445031,078999999900000;9,175956311000050;49,157964407000065
155283;08;1;11;000;2018;06;20;6;3;0;1;0;1;0;0;0;0;0;0;511161,757600000010000;5399755,458100000400000;9,151846513000066;48,750713066000060
155284;08;1;19;090;2018;07;17;2;3;6;4;0;0;1;1;0;0;0;0;532334,874900000050000;5406226,203400000000000;9,440392282000062;48,808182442000032
155285;08;1;18;079;2018;07;09;2;3;4;6;0;1;1;0;0;0;0;0;509445,918899999990000;5422888,496700000000000;9,129037735000054;48,958842144000073
155286;08;3;35;097;2018;06;17;5;3;6;3;0;0;1;1;0;0;0;0;485779,625200000010000;5295266,562300000300000;8,810061022000070;47,810595934000048
155288;08;4;36;064;2018;06;20;5;3;5;3;1;1;1;0;0;0;0;1;546185,220500000050000;5293138,693799999500000;9,616644334000057;47,789951227000074
155293;08;4;16;041;2018;07;12;5;2;5;3;0;1;1;0;0;0;0;1;504048,144600000000000;5372651,591300000400000;9,054807069000049;48,506968287000063
155294;08;1;19;079;2018;07;11;6;2;4;6;0;1;0;0;0;0;1;0;524899,946600000020000;5407511,603299999600000;9,339210695000077;48,820087958000045
155297;08;4;35;016;2018;07;12;5;3;0;7;0;1;0;0;0;0;0;0;537849,465100000030000;5276969,760700000500000;9,503949240000054;47,645018694000044
155299;08;3;35;079;2018;07;13;5;3;0;6;0;1;1;0;0;0;0;1;500908,749000000010000;5299716,323099999700000;9,012147370000037;47,850788943000055
155302;08;3;26;074;2018;07;20;5;3;4;2;0;1;1;0;0;0;0;0;459177,926700000010000;5320058,520800000100000;8,452409251000063;48,032509015000073
155303;08;3;26;012;2018;07;10;5;3;5;3;0;1;1;0;0;0;0;0;462697,904099999990000;5310922,211400000400000;8,500418585000034;47,950526284000034
155306;08;1;15;045;2018;07;14;6;3;5;3;0;1;0;0;0;0;1;0;499892,118200000030000;5395505,873700000300000;8,998533467000073;48,712583675000076
155310;08;3;16;011;2018;07;14;5;3;0;1;0;1;0;0;0;0;0;1;412823,702200000000000;5330967,683100000000000;7,828482347000033;48,125993285000050
155311;08;4;25;020;2018;07;06;5;3;0;1;0;1;0;0;0;0;0;0;558640,438800000000000;5361327,349100000200000;9,792295813000067;48,402375270000050
155313;08;3;11;000;2018;07;18;5;2;5;3;0;1;1;0;0;0;0;0;409901,937600000000000;5316622,865799999800000;7,792249587000072;47,996553542000072
155314;08;3;11;000;2018;07;16;5;3;4;2;0;1;1;0;0;0;0;0;414522,837000000000000;5315639,385099999600000;7,854374704000065;47,988341240000068
155315;08;3;11;000;2018;07;17;5;2;0;1;0;1;0;0;0;0;0;1;415167,453099999980000;5318515,282700000300000;7,862443855000038;48,014296952000052
155317;08;4;36;064;2018;07;07;5;3;0;1;1;1;0;0;0;0;0;1;545804,403500000010000;5292831,342500000300000;9,611527697000042;47,787213186000031
155318;08;2;15;066;2018;07;07;5;3;2;6;0;1;1;0;0;0;0;0;460869,326000000000000;5453928,102000000000000;8,462452935000044;49,236879264000038
155319;08;2;12;000;2018;07;16;5;3;6;4;0;0;0;1;0;0;1;0;452477,233899999990000;5431700,450699999900000;8,349796472000037;49,036351592000074
155323;08;2;21;000;2018;07;11;1;3;0;7;0;1;0;0;0;0;0;0;473384,020200000030000;5476149,306099999700000;8,632881940000061;49,437428890000035
155325;08;2;15;029;2018;07;10;1;3;5;3;0;1;1;0;0;0;0;0;466835,187400000000000;5448423,111200000200000;8,544859212000063;49,187714145000029
155327;08;2;15;108;2018;07;17;1;3;5;3;0;1;1;0;0;0;0;0;450046,703099999980000;5425290,687500000000000;8,317333181000038;48,978503851000028
155331;08;2;36;039;2018;07;17;5;3;4;2;0;1;1;0;0;0;0;1;490300,620899999980000;5411983,474000000400000;8,867758969000022;48,860739536000040
155334;08;2;25;109;2018;07;10;5;3;5;3;0;1;1;0;0;0;0;0;526442,371500000010000;5491676,390599999600000;9,365763234000042;49,577096996000080
155338;08;2;22;000;2018;07;09;5;3;8;7;0;1;0;0;0;0;0;0;463281,665600000010000;5477429,735399999700000;8,493425010000067;49,448419541000078
155339;08;2;22;000;2018;07;18;5;3;0;7;0;1;1;0;0;0;0;0;464735,689399999970000;5484057,290900000400000;8,512893394000059;49,508117494000032
155345;08;1;21;000;2018;07;11;1;2;5;3;0;1;1;0;0;0;0;0;515416,139900000010000;5441912,757399999500000;9,211318463000055;49,129854560000069
155346;08;2;12;000;2018;07;13;5;3;1;5;0;1;0;0;0;0;1;0;457859,826500000020000;5428590,526300000000000;8,423759688000075;49,008768851000070
155348;08;1;15;045;2018;07;16;6;3;6;7;0;0;1;1;0;0;0;0;499796,110800000020000;5394886,661200000000000;8,997228658000040;48,707013171000028
155349;08;1;16;033;2018;07;19;1;3;0;1;0;1;0;0;0;0;0;0;534639,886100000000000;5386579,137500000200000;9,470134842000050;48,631318103000069
155350;08;2;12;000;2018;07;07;5;3;5;3;0;1;1;0;0;0;0;0;461908,784700000020000;5421511,883500000500000;8,479787157000033;48,945357685000033
155351;08;2;12;000;2018;07;16;5;3;2;2;0;1;1;0;0;0;0;0;460434,104500000020000;5427478,716300000400000;8,459067952000055;48,998938311000074
155353;08;2;11;000;2018;07;13;5;3;0;4;0;0;0;1;0;0;1;0;443896,037300000030000;5401524,696499999600000;8,236544657000025;48,764200419000076
155354;08;1;16;077;2018;07;19;1;3;1;5;0;1;1;0;0;0;0;0;516417,495899999980000;5391940,118300000200000;9,223035022000033;48,680289923000032
155355;08;1;15;003;2018;07;22;1;3;0;1;2;1;0;0;0;0;0;0;500584,672399999980000;5390292,981999999800000;9,007940596000026;48,665687694000042
155356;08;2;25;109;2018;07;18;5;2;5;3;0;1;1;0;0;0;0;0;521013,999599999980000;5496628,331199999900000;9,290941487000055;49,621850467000058
155358;08;1;11;000;2018;07;16;1;3;5;3;0;1;1;0;0;0;0;0;512927,089900000020000;5401430,030799999800000;9,175914888000023;48,765743298000075
155360;08;1;25;065;2018;07;15;5;3;5;3;0;1;1;0;0;0;0;0;516219,319200000030000;5448758,423999999600000;9,222603866000043;49,191412689000060
155361;08;2;35;079;2018;07;12;7;3;6;2;0;0;1;1;0;0;0;0;466928,064000000010000;5399820,776300000000000;8,550084740000045;48,750522452000041
155364;08;1;19;068;2018;07;00;5;3;1;5;2;1;1;0;0;0;0;0;526169,158999999990000;5413189,418899999900000;9,356863503000056;48,871111621000068
155365;08;1;19;079;2018;07;15;5;3;5;3;0;1;1;0;0;0;0;1;522617,693299999980000;5408105,237499999800000;9,308152906000032;48,825515443000029
155366;08;4;21;000;2018;07;16;7;2;6;2;0;1;0;1;0;0;0;0;572416,110800000020000;5360407,134200000200000;9,978235790000042;48,392665659000045
155367;08;4;21;000;2018;07;12;7;3;6;4;0;1;0;1;0;0;0;0;573717,096499999990000;5360827,544099999600000;9,995881273000066;48,396296579000079
155368;08;1;19;020;2018;07;16;5;3;1;5;0;1;1;0;0;0;0;1;520132,207899999980000;5406378,365700000000000;9,274205301000052;48,810066394000046
155369;08;4;16;041;2018;07;19;7;2;0;1;0;1;0;0;0;0;0;0;505051,669100000000000;5372170,015599999600000;9,068387761000054;48,502628575000074
155370;08;4;15;053;2018;07;20;7;3;5;3;0;1;1;0;0;0;0;0;537171,756199999950000;5362694,904299999600000;9,502366780000045;48,416309773000080
155372;08;4;36;064;2018;07;08;5;3;5;3;0;1;1;0;0;0;0;0;545236,115200000000000;5290736,912999999700000;9,603722815000026;47,768409696000049
155373;08;4;15;050;2018;07;14;7;3;0;1;0;1;0;0;0;0;0;0;521554,685100000000000;5375749,282200000200000;9,291983050000056;48,534479046000058
155375;08;3;36;091;2018;07;16;7;3;5;3;0;1;1;0;0;0;0;0;394891,311899999970000;5271415,721699999600000;7,602043031000051;47,587632274000043
155376;08;1;18;048;2018;07;22;5;3;5;3;2;1;1;0;0;0;0;1;513713,927000000030000;5415444,168999999800000;9,187091049000060;48,891795362000039
155377;08;1;18;048;2018;07;07;5;3;0;7;0;1;0;0;0;0;0;1;515038,298000000010000;5415608,831899999600000;9,205164610000054;48,893245897000043
155378;08;3;35;043;2018;07;12;7;3;1;7;0;1;1;0;0;0;0;0;511298,748599999990000;5287773,755500000000000;9,150720544000023;47,743237285000077
155382;08;1;19;079;2018;07;08;6;3;0;1;0;1;0;0;0;0;0;1;522695,466699999990000;5408711,113400000100000;9,309246044000076;48,830962917000079
155385;08;3;17;141;2018;07;10;7;3;4;6;0;1;1;0;0;0;0;0;420368,329099999970000;5376427,741299999900000;7,921259885000040;48,535898933000055
155386;08;1;18;079;2018;07;07;5;3;6;6;0;1;0;1;0;0;0;0;509124,091000000010000;5422394,661999999500000;9,124630289000038;48,954404607000072
155387;08;3;16;012;2018;07;10;7;3;5;3;0;1;0;0;1;0;0;0;402922,873000000020000;5333938,188000000100000;7,694786943000054;48,151278813000033
155391;08;1;16;073;2018;07;06;5;3;3;2;0;1;1;0;0;0;0;1;522265,301700000010000;5388229,313199999700000;9,302277956000069;48,646726258000058
155392;08;3;15;132;2018;07;12;7;3;0;1;0;1;0;0;0;0;0;1;408605,812199999990000;5324557,860399999700000;7,773186073000034;48,067745444000082
155395;08;3;11;000;2018;07;19;7;3;5;3;0;1;1;0;0;0;0;0;413899,815999999990000;5316833,786299999800000;7,845786675000056;47,999001745000044
155396;08;1;18;079;2018;07;14;6;3;2;7;0;1;0;0;0;0;0;0;509037,868200000030000;5422073,661200000000000;9,123445409000055;48,951518257000032
155397;08;2;15;017;2018;07;01;7;3;4;6;2;1;0;0;0;0;0;0;454652,011300000010000;5420762,238800000400000;8,380770195000025;48,938124985000059
155398;08;1;15;003;2018;07;16;5;3;6;4;0;0;1;1;0;0;0;1;498698,384100000020000;5392006,384300000000000;8,982317005000027;48,681100599000047
155399;08;2;31;000;2018;07;10;7;3;1;7;0;1;1;0;0;0;0;0;481124,483300000020000;5416510,779500000200000;8,742443769000033;48,901254519000076
155401;08;2;26;006;2018;07;11;7;3;6;7;0;1;0;1;0;0;0;0;483946,074100000030000;5466608,759100000400000;8,778949808000050;49,351983024000049
155406;08;2;16;007;2018;07;09;7;3;0;7;0;1;0;0;0;0;0;0;436555,735900000030000;5399497,512699999800000;8,136982360000047;48,745261016000029
155407;08;4;37;104;2018;07;07;4;2;8;1;0;1;0;0;0;0;0;0;514490,874699999990000;5325024,547500000300000;9,194554089000064;48,078329131000032
155408;08;4;21;000;2018;07;09;4;2;0;1;0;1;0;0;0;0;0;0;571651,408700000030000;5359715,331299999700000;9,967789308000022;48,386530050000033
155409;08;2;16;043;2018;07;15;7;3;5;2;0;1;1;0;0;0;0;0;441753,910700000010000;5412199,614900000400000;8,205882656000028;48,860025044000054
155410;08;1;16;049;2018;07;11;6;2;6;7;0;0;1;1;0;0;0;0;525455,161100000030000;5386365,167700000100000;9,345468792000077;48,629834583000047
155412;08;4;21;000;2018;07;12;4;3;6;4;0;1;0;1;0;0;0;0;573019,473899999980000;5361052,594499999700000;9,986497341000074;48,398402141000076
155413;08;4;25;020;2018;07;18;4;2;0;7;0;1;0;0;0;0;0;0;558243,050900000030000;5361833,619699999700000;9,786997463000034;48,406966374000035
155414;08;2;15;106;2018;07;01;7;3;1;5;2;1;1;0;0;0;0;0;464557,420400000000000;5454055,031100000300000;8,513103892000061;49,238245615000039
155415;08;4;16;041;2018;07;23;4;3;1;5;2;1;1;0;0;0;0;0;503557,177099999970000;5374170,782800000200000;9,048172910000062;48,520638478000080
155416;08;2;15;021;2018;07;15;7;3;5;3;0;1;1;0;0;0;0;0;469884,644299999990000;5444527,460799999500000;8,586999143000071;49,152829657000041
155419;08;2;12;000;2018;07;12;7;3;0;1;0;1;0;0;0;0;0;0;455999,081999999990000;5428725,855899999800000;8,398301950000075;49,009856285000069
155420;08;3;16;024;2018;07;07;5;3;4;3;0;1;0;0;0;0;1;0;408608,159999999970000;5333908,979000000300000;7,771213745000068;48,151858588000039
155421;08;2;16;039;2018;07;17;7;2;5;3;0;0;1;1;1;0;0;0;443654,917599999990000;5416034,006099999900000;8,231269835000035;48,894690971000045
155423;08;3;36;036;2018;07;08;4;3;5;3;0;1;1;0;0;0;0;0;412794,800800000030000;5281314,285100000000000;7,838133423000045;47,679333562000068
155424;08;1;15;016;2018;07;09;7;2;5;3;0;1;1;0;0;0;0;0;486498,928000000010000;5377558,804999999700000;8,817053011000041;48,550983026000040
155425;08;1;36;019;2018;07;15;7;3;0;7;0;1;0;0;0;0;1;0;582726,883400000050000;5424326,954900000200000;10,130284807000066;48,966316893000055
155427;08;1;28;007;2018;07;12;7;3;0;7;0;1;0;0;0;0;1;0;555396,619500000030000;5482529,034000000000000;9,764958913000044;49,492867359000059
155428;08;4;35;016;2018;07;15;4;2;5;2;0;1;1;0;0;0;0;0;535066,856000000030000;5278079,058199999900000;9,466990291000059;47,655156284000043
155429;08;1;27;076;2018;07;23;7;2;0;1;2;1;0;0;0;0;0;0;557077,452399999950000;5441181,459900000100000;9,782256634000021;49,120819469000025
155432;08;4;36;064;2018;07;07;5;3;0;7;0;1;0;0;0;0;1;1;546047,255000000000000;5292975,930999999900000;9,614785120000022;47,788496731000066
155436;08;1;19;079;2018;07;20;7;2;5;3;0;1;1;0;0;0;0;0;523799,994599999980000;5410501,399000000200000;9,324399961000040;48,847026480000068
155438;08;3;16;056;2018;07;16;4;2;6;4;0;0;1;1;0;0;0;0;422949,840900000010000;5327601,252799999900000;7,965146053000069;48,097016885000073
155440;08;1;19;020;2018;07;07;6;3;0;3;0;1;0;0;0;0;1;0;520350,234699999970000;5406908,544700000400000;9,277201132000073;48,814828679000072
155442;08;3;16;009;2018;07;07;4;3;5;3;0;1;1;0;0;0;0;0;417030,311899999970000;5324864,960900000300000;7,886187989000064;48,071659585000077
155445;08;1;17;035;2018;07;14;7;3;0;6;0;1;0;0;0;0;0;0;548177,262600000020000;5380539,384899999900000;9,653153342000053;48,576090131000058
155446;08;3;11;000;2018;07;18;4;3;5;2;0;1;0;0;0;0;0;0;413265,397200000010000;5315419,451799999900000;7,837569604000066;47,986193560000061
155447;08;4;35;016;2018;07;06;5;3;5;3;0;1;1;0;0;0;0;0;530515,103099999950000;5279730,057799999600000;9,406490947000066;47,670241844000032
155448;08;1;16;049;2018;07;11;7;3;5;3;0;1;1;0;0;0;0;0;524886,639199999980000;5385772,788300000100000;9,337717586000053;48,624528395000027
155449;08;2;12;000;2018;07;08;4;3;5;2;0;1;1;0;0;0;0;0;451929,067600000010000;5427912,340300000300000;8,342745834000027;49,002235065000036
155453;08;1;16;042;2018;07;17;7;3;6;6;0;1;0;1;0;0;0;0;517404,629000000020000;5382300,722000000100000;9,236040408000065;48,593546115000038
155454;08;1;17;024;2018;07;14;6;3;4;1;0;1;1;0;0;0;0;0;561602,959999999960000;5386092,866200000000000;9,835975481000048;48,624869063000062
155456;08;2;36;046;2018;07;07;4;3;0;3;0;1;1;0;0;0;0;0;483624,602000000010000;5418093,504599999600000;8,776494079000031;48,915563366000072
155457;08;1;15;003;2018;07;15;7;3;5;3;0;1;1;0;0;0;0;0;498978,110600000010000;5392434,524600000100000;8,986116148000065;48,684952718000034
155458;08;2;26;098;2018;07;07;4;3;0;3;0;1;1;0;0;0;0;0;481022,752199999990000;5461096,693300000400000;8,738960582000061;49,302317952000067
155459;08;4;36;005;2018;07;14;6;3;0;1;0;1;0;0;0;0;0;0;540130,956600000030000;5309111,761599999900000;9,537297441000021;47,934066840000071
155460;08;4;35;016;2018;07;15;6;2;6;6;0;1;0;1;0;0;0;1;535083,892800000030000;5278076,677299999600000;9,467216974000053;47,655133938000063
155462;08;4;21;000;2018;07;12;6;3;5;2;0;1;1;0;0;0;0;0;570570,972300000020000;5357529,125500000100000;9,952830996000046;48,366986188000055
155465;08;4;25;033;2018;07;17;6;2;8;1;0;1;0;0;0;0;0;0;553689,774699999950000;5348019,023099999900000;9,723715941000023;48,283095662000051
155467;08;4;25;108;2018;07;14;6;3;6;7;0;0;1;1;0;0;0;0;554432,395800000060000;5358190,300900000100000;9,735039124000025;48,374532340000030
155468;08;2;22;000;2018;07;18;4;3;5;3;0;1;0;0;1;0;0;0;464323,822500000010000;5483726,754599999600000;8,507234350000033;49,505120397000042
155470;08;4;16;041;2018;07;06;6;3;1;5;1;1;1;0;0;0;0;1;503029,003900000010000;5375476,212899999700000;9,041029636000076;48,532385364000049
155471;08;2;16;043;2018;07;14;4;3;9;1;0;1;0;0;0;0;0;0;440843,305600000020000;5412034,036299999800000;8,193492826000068;48,858449504000077
155472;08;4;16;041;2018;07;15;6;3;1;7;0;1;1;0;0;0;0;0;502690,480099999990000;5374501,511599999900000;9,036437842000055;48,523618148000025
155474;08;2;15;106;2018;07;12;4;3;4;6;0;1;1;0;0;0;0;0;464991,998100000030000;5455107,542000000400000;8,518981777000022;49,247737871000027
155476;08;4;15;061;2018;07;07;6;3;5;3;0;1;1;0;0;0;0;1;515747,511999999990000;5371570,224800000000000;9,213161094000043;48,497055564000050
155479;08;4;16;011;2018;07;12;6;2;6;6;0;1;0;1;0;0;0;0;504237,718200000000000;5366679,777700000400000;9,057313116000046;48,453242046000071
155480;08;1;11;000;2018;07;14;6;2;6;4;0;1;0;1;0;0;0;0;508614,715700000000000;5406804,909400000200000;9,117343937000044;48,814169945000060
155483;08;2;12;000;2018;07;18;4;3;5;3;0;1;1;0;0;0;0;0;455429,674799999980000;5427605,048899999800000;8,390638980000063;48,999733650000053
155484;08;4;15;050;2018;07;17;6;3;5;3;0;1;1;0;0;0;0;0;520960,467500000030000;5376402,049300000100000;9,283966634000024;48,540371623000055
155485;08;3;25;049;2018;07;19;6;3;0;1;0;1;0;0;0;0;0;0;472778,283400000010000;5334087,200899999600000;8,633945976000064;48,159447659000080
155487;08;4;17;008;2018;07;18;6;2;1;5;0;1;1;0;0;0;0;0;495748,139000000020000;5352831,067300000200000;8,942635818000042;48,328651087000026
155490;08;4;36;064;2018;07;08;5;3;0;1;0;1;0;0;0;0;0;1;545792,655000000030000;5292835,867200000200000;9,611371331000044;47,787254731000075
155492;08;1;36;088;2018;07;11;4;3;4;6;0;1;0;0;0;0;1;0;582170,831600000030000;5408641,838800000000000;10,119534046000069;48,825318266000068
155493;08;3;16;051;2018;07;15;6;3;5;3;0;1;1;0;0;0;0;1;399220,799000000000000;5335211,799999999800000;7,644724597000050;48,162158296000030
155494;08;3;11;000;2018;07;19;6;3;5;2;0;1;0;0;0;0;0;0;413883,418799999980000;5316221,376199999800000;7,845689806000053;47,993490685000040
155495;08;1;28;058;2018;07;16;4;3;5;3;0;1;1;0;0;0;0;0;558973,391599999970000;5482523,271599999600000;9,814343766000036;49,492478414000061
155497;08;3;11;000;2018;07;08;6;3;5;3;0;1;1;0;0;0;0;1;413844,322999999970000;5317294,421000000100000;7,844950417000064;48,003137842000058
155498;08;1;19;079;2018;07;12;4;2;9;1;0;1;0;0;0;0;0;0;525335,800200000060000;5407596,949199999700000;9,345153466000056;48,820838084000059
155503;08;4;21;000;2018;07;07;5;3;1;1;0;1;1;0;0;0;0;0;572213,443300000040000;5361938,661899999700000;9,975761920000025;48,406465381000032
155504;08;3;11;000;2018;07;23;6;3;6;7;2;0;1;1;0;0;0;0;413172,980500000010000;5316758,786000000300000;7,836060355000029;47,998228789000052
155505;08;1;19;086;2018;07;17;4;3;1;5;0;1;1;0;0;0;0;1;534547,303799999990000;5405385,289699999600000;9,470453179000060;48,800498847000028
155507;08;2;12;000;2018;07;18;6;3;0;7;0;1;0;0;0;0;0;0;453963,006300000010000;5431042,517300000400000;8,370198124000069;49,030546207000043
155508;08;1;18;049;2018;07;13;4;3;6;4;0;0;1;1;0;0;0;1;519444,885400000030000;5420541,504400000000000;9,265517295000052;48,937495882000064
155509;08;2;12;000;2018;07;12;6;3;2;6;0;1;1;0;0;0;0;1;455219,699599999990000;5428483,351300000200000;8,387671534000049;49,007618868000066
155510;08;1;16;053;2018;07;21;6;3;0;1;1;1;0;0;0;0;0;1;538996,572200000050000;5388059,514700000200000;9,529400923000026;48,644378757000027
155511;08;2;36;031;2018;07;12;6;3;6;7;0;0;1;1;0;0;0;0;481848,928699999990000;5420486,662200000100000;8,752151826000045;48,937041857000054
155512;08;1;18;048;2018;07;16;4;3;5;7;0;1;1;0;0;0;0;1;512557,614200000010000;5417113,542000000400000;9,171367560000022;48,906837111000073
155513;08;1;17;051;2018;07;14;4;3;5;3;0;1;1;0;0;0;0;1;543566,816299999950000;5395064,836799999700000;9,592179486000021;48,707094288000064
155515;08;1;18;080;2018;07;17;6;3;5;3;0;1;1;0;0;0;0;0;509166,453500000000000;5408186,179700000200000;9,124890192000066;48,826587788000040
155519;08;1;16;033;2018;07;17;4;3;3;6;0;1;1;0;0;0;0;0;532994,148000000040000;5387894,757000000200000;9,447904267000070;48,643242302000033
155520;08;2;26;084;2018;07;07;6;3;2;6;0;1;1;0;0;0;0;0;469492,497500000000000;5470365,405700000000000;8,579651493000029;49,385221424000065
155521;08;2;22;000;2018;07;09;6;3;6;4;0;0;1;1;0;0;0;0;463874,073299999990000;5486575,759499999700000;8,500761789000023;49,530719045000069
155522;08;1;16;080;2018;07;21;4;3;1;5;1;1;1;0;0;0;0;0;516658,665099999980000;5396496,554300000000000;9,226495161000059;48,721273302000043
155523;08;2;22;000;2018;07;09;6;3;3;2;0;1;1;0;0;0;0;0;462940,153600000020000;5483213,637400000400000;8,488171803000057;49,500422202000038