OBJECTID_1;ULAND;UREGBEZ;UKREIS;UGEMEINDE;UJAHR;UMONAT;USTUNDE;UWOCHENTAG;UKATEGORIE;UART;UTYP1;ULICHTVERH;IstRad;IstPKW;IstFuss;IstKrad;IstGkfz;IstSonstig;STRZUSTAND;LINREFX;LINREFY;XGCSWGS84;YGCSWGS84
155524;08;1;15;024;2018;07;16;6;2;5;3;0;1;1;0;0;0;0;0;501465,106399999990000;5386190,716000000000000;9,019883497000024;48,628781570000058
155525;08;2;21;000;2018;07;19;6;3;3;2;0;1;0;0;0;0;0;0;478134,326599999970000;5472984,529900000400000;8,698576970000033;49,409151698000073
155526;08;1;16;080;2018;07;20;4;2;4;2;0;1;1;0;0;0;0;0;521608,473699999970000;5395887,745699999900000;9,293761223000047;48,715644560000044
155527;08;1;16;049;2018;07;20;4;3;4;6;0;1;0;0;0;0;0;0;524882,008500000000000;5385946,292999999600000;9,337665160000029;48,626089436000029
155530;08;2;21;000;2018;07;17;6;2;8;1;0;0;1;1;0;0;0;1;478692,039700000020000;5469951,245099999900000;8,706427719000033;49,381887454000037
155531;08;1;11;000;2018;07;08;4;3;5;2;0;1;1;0;0;0;0;0;511861,363300000030000;5406328,080400000300000;9,161553674000061;48,809826952000037
155532;08;2;15;009;2018;07;22;6;3;0;3;2;1;0;0;0;0;0;0;470148,937900000020000;5441045,619300000400000;8,590881413000034;49,121522801000026
155534;08;2;12;000;2018;07;16;6;3;0;3;0;1;0;0;0;0;0;0;456178,130999999990000;5428840,796900000400000;8,400737837000065;49,010902933000068
155535;08;2;11;000;2018;07;18;6;3;0;1;0;1;0;0;0;0;0;0;440574,183299999980000;5404341,023600000000000;8,190938857000049;48,789225183000042
155539;08;3;17;089;2018;07;07;6;3;5;3;0;1;1;0;0;0;0;0;431870,037599999980000;5375469,745799999700000;8,077202957000054;48,528636008000035
155540;08;1;11;000;2018;07;17;4;3;5;3;0;1;1;0;0;0;0;0;510250,130699999980000;5397077,709400000100000;9,139378007000062;48,726639713000054
155544;08;3;36;050;2018;07;13;4;3;4;6;0;1;0;0;0;0;0;0;398561,625000000000000;5272389,964999999900000;7,650619086000063;47,596980387000031
155545;08;3;11;000;2018;07;16;4;3;6;4;0;1;0;1;0;0;0;0;412866,296900000020000;5314339,664300000300000;7,832441018000054;47,976426251000078
155546;08;3;36;069;2018;07;17;4;2;0;7;0;1;0;0;0;0;0;0;404804,479200000000000;5268051,891800000300000;7,734583635000035;47,558903330000078
155549;08;2;25;109;2018;07;15;4;3;4;2;0;1;1;0;0;0;0;0;526763,299800000040000;5492222,105999999700000;9,370239502000061;49,581991332000030
155550;08;2;15;017;2018;07;08;4;3;0;1;0;1;0;0;0;0;0;0;456754,432600000000000;5421280,504800000200000;8,409422261000032;48,942937452000081
155551;08;2;12;000;2018;07;18;4;3;5;7;0;1;1;0;0;0;0;0;458407,325399999970000;5426865,376299999700000;8,431422679000036;48,993287976000033
155553;08;1;36;088;2018;07;13;4;3;5;3;0;1;1;0;0;0;0;0;580362,217100000010000;5410174,634100000400000;10,095197869000060;48,839341232000038
155554;08;1;36;028;2018;07;13;4;2;5;3;0;1;0;0;0;0;1;0;568729,603200000010000;5405885,373300000100000;9,935970797000039;48,802157553000029
155555;08;1;28;007;2018;07;07;4;3;0;2;0;1;1;0;0;0;0;0;555579,283599999970000;5481527,080799999600000;9,767340169000022;49,483839042000056
155557;08;1;18;001;2018;07;06;4;3;0;7;0;1;0;1;0;0;1;1;523761,257800000020000;5418806,009200000200000;9,324354742000026;48,921733362000055
155558;08;1;15;045;2018;07;12;4;3;4;6;0;1;0;0;0;0;0;0;498652,427099999970000;5396227,396900000100000;8,981678884000075;48,719073095000056
155560;08;1;11;000;2018;07;14;4;3;0;4;0;0;0;1;0;0;1;0;512807,530499999990000;5402323,801699999700000;9,174315732000025;48,773786075000032
155561;08;1;11;000;2018;07;13;4;3;5;3;0;1;1;0;0;0;0;0;518218,760599999980000;5401716,901499999700000;9,247937292000074;48,768191548000061
155563;08;1;11;000;2018;07;10;4;3;0;1;0;1;0;0;0;0;0;0;512125,983100000010000;5399604,931699999600000;9,164959519000036;48,749340905000054
155564;08;4;35;018;2018;07;17;3;2;5;3;0;1;1;0;0;0;0;0;524557,592599999970000;5279889,660600000100000;9,327141565000034;47,671931582000070
155565;08;4;35;057;2018;07;10;3;3;0;1;0;1;0;0;0;0;0;0;544522,831200000020000;5279823,354100000100000;9,593088369000043;47,670268493000037
155566;08;4;35;059;2018;07;19;3;3;6;6;0;0;1;1;0;0;0;0;511818,910700000010000;5291078,201600000300000;9,157749107000029;47,772959829000058
155567;08;4;26;134;2018;07;17;3;3;1;3;0;1;1;0;0;0;0;0;558947,476999999960000;5334673,128999999700000;9,792724769000074;48,162568554000075
155569;08;4;26;021;2018;07;07;3;3;0;7;0;1;0;0;0;0;0;0;558706,248400000040000;5326169,040099999900000;9,788309491000064;48,086086925000075
155570;08;2;22;000;2018;07;16;6;3;5;3;0;1;1;0;0;0;0;0;462206,681700000020000;5478754,415199999700000;8,478468503000045;49,460268509000059
155571;08;4;21;000;2018;07;18;3;3;8;1;0;1;0;0;0;0;0;0;568495,267200000000000;5356119,326700000100000;9,924579671000060;48,354533109000045
155572;08;2;26;009;2018;07;07;6;3;5;2;0;1;1;0;0;0;0;0;466751,826000000000000;5472769,889999999700000;8,541689090000034;49,406705602000045
155573;08;2;21;000;2018;07;15;6;3;5;2;0;1;1;0;0;0;0;0;477259,632700000020000;5470278,214700000400000;8,686674207000067;49,384776711000029
155575;08;2;12;000;2018;07;18;6;3;6;7;0;1;0;1;0;0;0;0;459246,516599999970000;5431185,389399999800000;8,442460181000058;49,032203191000065
155578;08;4;15;061;2018;07;21;3;3;6;6;1;0;1;1;0;0;0;0;513571,154299999990000;5377090,231200000300000;9,183881365000048;48,546766093000031
155580;08;3;35;043;2018;07;20;3;3;1;1;1;1;1;0;0;0;0;0;512085,147699999970000;5279017,463700000200000;9,160968007000065;47,664437259000067
155585;08;2;16;015;2018;07;20;6;1;6;1;0;0;1;1;0;0;0;0;450887,819900000000000;5405206,658499999900000;8,331240783000055;48,797911917000079
155586;08;3;17;096;2018;07;13;3;3;6;4;0;1;0;1;0;0;0;0;423117,833500000010000;5369012,923999999600000;7,959865538000031;48,469546262000051
155587;08;1;36;065;2018;07;08;6;3;6;4;0;0;1;1;0;0;0;0;558713,183500000040000;5405655,235000000300000;9,799547738000058;48,801114286000029
155588;08;3;17;096;2018;07;03;3;3;0;7;2;1;0;0;0;0;0;0;422408,589600000010000;5369304,226300000200000;7,950217834000057;48,472079399000052
155589;08;3;17;096;2018;07;17;3;3;1;5;0;1;1;0;0;0;0;0;422122,326899999990000;5368968,332399999700000;7,946408045000055;48,469022671000062
155593;08;3;11;000;2018;07;17;3;2;6;7;0;1;0;1;0;0;0;1;417532,219800000020000;5314747,653900000300000;7,894871924000029;47,980714789000046
155595;08;1;27;073;2018;07;15;6;3;5;3;0;1;0;0;1;0;0;0;579111,318399999990000;5446543,898400000300000;10,085238618000062;49,166607311000064
155596;08;3;15;064;2018;07;11;3;2;4;6;0;1;0;0;0;0;0;0;423687,626300000000000;5312526,646099999500000;7,977739119000034;47,961498992000031
155598;08;2;12;000;2018;07;11;3;2;5;3;0;1;1;0;0;0;0;0;458206,355600000010000;5429100,169800000300000;8,428445532000069;49,013376738000034
155599;08;2;15;090;2018;07;14;3;3;0;5;0;1;1;0;0;0;0;0;465730,467599999970000;5433545,016200000400000;8,530962770000031;49,053823084000044
155600;08;1;25;058;2018;07;16;6;3;6;5;0;0;1;1;0;0;0;0;508978,247199999980000;5443412,467799999800000;9,123104022000064;49,143472817000031
155601;08;2;12;000;2018;07;09;3;3;2;2;0;1;0;0;1;0;0;0;455214,613399999970000;5428808,281800000000000;8,387566142000026;49,010541277000073
155602;08;1;21;000;2018;07;07;6;3;5;3;0;1;1;0;0;0;0;0;515421,097799999990000;5441900,354399999600000;9,211385949000032;49,129742866000072
155608;08;2;26;062;2018;07;18;3;3;5;2;0;1;1;0;0;0;0;0;469770,401799999990000;5468252,156899999800000;8,583641095000075;49,366227052000056
155610;08;2;22;000;2018;07;15;3;3;5;3;0;1;1;0;0;0;0;0;462493,267999999980000;5486038,236999999700000;8,481731825000054;49,525800440000069
155612;08;1;16;049;2018;07;20;6;3;0;7;0;0;0;1;0;0;1;0;524939,730199999990000;5386205,984600000100000;9,338464090000059;48,628423334000047
155615;08;2;22;000;2018;07;10;3;3;6;4;0;0;1;1;0;0;0;0;460837,514299999980000;5482211,141599999700000;8,459233238000024;49,491273201000070
155616;08;1;16;056;2018;07;18;6;3;6;3;0;0;1;1;0;0;0;0;531560,507600000010000;5395305,153800000400000;9,429008475000046;48,709979314000066
155617;08;1;16;049;2018;07;13;6;3;3;2;0;1;1;0;0;0;0;0;525464,199999999950000;5384666,559999999600000;9,345487157000036;48,614553463000050
155618;08;2;21;000;2018;07;17;3;3;5;2;0;1;1;0;0;0;0;0;476436,183000000020000;5474157,317599999700000;8,675098452000043;49,419637325000053
155620;08;2;21;000;2018;07;17;3;3;5;3;0;1;1;0;0;0;0;0;476600,197099999990000;5469638,445000000300000;8,677626039000074;49,378997081000080
155622;08;1;15;028;2018;07;07;6;3;6;6;0;1;0;1;0;0;0;0;500783,704499999990000;5404847,689500000300000;9,010671378000041;48,796622178000064
155623;08;1;15;013;2018;07;12;6;2;3;6;0;1;0;0;0;0;0;0;496532,838700000020000;5389788,464800000200000;8,952915769000072;48,661139636000030
155624;08;2;12;000;2018;07;18;3;3;5;2;0;1;1;0;0;0;0;0;454143,520599999990000;5425695,966400000300000;8,373271333000048;48,982467074000056
155625;08;3;17;122;2018;07;19;3;3;6;2;0;1;0;1;0;0;0;0;417034,002199999990000;5368760,052400000400000;7,877623733000064;48,466498560000048
155630;08;3;35;077;2018;07;08;5;3;5;3;0;1;1;0;0;0;0;0;494964,708900000030000;5294203,990600000100000;8,932756700000027;47,801172892000068
155633;08;1;21;000;2018;07;08;3;2;5;3;0;1;1;0;0;0;0;0;515483,182600000000000;5443341,457600000300000;9,212292329000036;49,142704520000052
155634;08;3;27;049;2018;07;10;5;3;6;2;0;0;0;1;0;0;1;0;472482,193499999990000;5324407,789699999600000;8,630589279000049;48,072351016000027
155635;08;1;21;000;2018;07;08;3;3;4;3;0;1;1;0;0;0;0;0;517181,639499999990000;5443399,144899999700000;9,235582399000066;49,143178271000068
155636;08;1;19;020;2018;07;17;3;3;5;3;0;1;1;0;0;0;0;0;519334,786399999980000;5409048,831199999900000;9,263470247000043;48,834114691000082
155637;08;4;36;055;2018;07;12;5;2;4;2;0;1;0;0;0;1;0;0;578037,768399999940000;5292100,447900000000000;10,041680802000030;47,777538964000030
155638;08;4;36;082;2018;07;06;5;3;0;3;0;1;1;0;0;0;0;0;547866,332399999960000;5294986,813799999700000;9,639292316000024;47,806455891000041
155639;08;1;19;020;2018;07;08;3;3;5;3;0;1;1;0;0;0;0;0;519933,163899999990000;5407593,770899999900000;9,271553355000037;48,821006358000034
155641;08;1;19;067;2018;07;10;3;2;4;6;0;1;0;0;0;0;1;0;539797,823199999980000;5406105,165500000100000;9,542019585000048;48,806660525000041
155642;08;4;16;041;2018;07;14;5;3;4;6;0;1;0;0;0;0;0;0;504341,309000000010000;5373711,487999999900000;9,058787194000047;48,516501560000052
155643;08;4;16;041;2018;07;11;5;3;6;7;0;0;1;1;0;0;0;0;504109,416399999990000;5374047,030899999700000;9,055650363000041;48,519521788000077
155644;08;1;16;078;2018;07;18;3;3;5;3;0;1;0;0;1;0;0;0;508797,534199999990000;5394808,940200000100000;9,119577729000071;48,706251970000039
155645;08;1;15;021;2018;07;09;3;3;5;2;0;1;0;0;0;0;0;0;490420,332400000010000;5382021,308899999600000;8,870087236000074;48,591201069000078
155647;08;1;11;000;2018;07;21;3;2;0;1;0;1;0;0;0;0;0;0;513988,463099999990000;5402779,654900000400000;9,190404127000022;48,777861464000068
155648;08;4;16;041;2018;07;18;5;2;6;7;0;0;1;1;0;0;0;0;502809,653500000010000;5374525,773900000400000;9,038052000000050;48,523835898000073
155649;08;1;11;000;2018;07;12;3;3;5;3;0;1;1;0;0;0;0;0;511891,804400000020000;5403766,775200000000000;9,161894120000056;48,786785133000080
155651;08;4;36;009;2018;07;13;2;3;6;4;0;0;1;1;0;0;0;0;556427,870299999950000;5306988,433199999900000;9,755195441000069;47,913736269000026
155652;08;4;15;061;2018;07;12;5;3;6;4;0;1;0;1;0;0;0;0;515296,981600000000000;5371415,814100000100000;9,207057021000026;48,495677563000072
155653;08;4;35;057;2018;07;07;2;3;2;6;0;1;0;0;0;0;0;0;544880,496000000040000;5278779,540000000000000;9,597745322000037;47,660852338000041
155655;08;3;36;091;2018;07;23;5;3;3;6;2;1;0;0;0;0;0;0;395738,841000000010000;5271310,911999999500000;7,613336749000041;47,586826296000027
155658;08;4;26;087;2018;07;09;2;3;6;4;0;0;1;1;0;0;0;0;570825,105100000040000;5324549,962500000400000;9,950752249000061;48,070290496000041
155660;08;3;36;057;2018;07;19;5;3;0;1;0;1;1;0;0;0;0;0;407749,162900000000000;5277561,345300000200000;7,771716347000051;47,644873106000034
155661;08;4;36;064;2018;07;17;2;3;5;3;0;1;1;0;0;0;0;0;545617,917000000020000;5291911,191399999900000;9,608941396000034;47,778947806000076
155662;08;3;35;063;2018;07;10;5;3;0;1;0;1;0;0;0;0;0;0;498487,318800000010000;5287787,460400000200000;8,979821387000072;47,743457789000047
155663;08;4;36;064;2018;07;23;2;3;0;1;2;1;0;0;0;0;0;0;546679,905299999980000;5293442,050699999600000;9,623281376000023;47,792644854000059
155664;08;3;35;043;2018;07;23;5;3;0;7;2;1;0;0;0;0;0;0;513659,582400000010000;5281995,474700000100000;9,182031746000064;47,691201021000040
155666;08;3;35;002;2018;07;11;5;2;6;7;0;0;1;1;0;0;0;0;504858,355900000020000;5284734,203700000400000;9,064774594000028;47,715969260000065
155667;08;4;26;121;2018;07;19;2;3;5;3;0;1;0;0;0;0;0;0;538064,404400000000000;5335142,331100000100000;9,511946356000067;48,168383437000045
155669;08;3;27;046;2018;07;14;5;3;2;6;0;1;1;0;0;0;0;0;480302,837600000030000;5323899,799999999800000;8,735598950000053;48,068070199000033
155670;08;4;21;000;2018;07;08;2;3;5;3;0;1;0;0;0;0;1;0;572292,021900000050000;5360546,662800000000000;9,976583804000029;48,393934994000062
155672;08;4;17;079;2018;07;18;2;3;5;3;0;1;1;0;0;0;0;0;501320,552099999970000;5344445,238099999700000;9,017790070000046;48,253218977000074
155675;08;4;16;036;2018;07;11;2;3;0;7;0;1;0;0;0;0;0;0;495200,562600000000000;5368480,157399999900000;8,935069251000073;48,469435049000026
155676;08;3;25;061;2018;07;20;5;3;6;7;0;0;1;1;0;0;0;0;474976,038999999990000;5354423,379499999800000;8,662296424000033;48,342495180000071
155678;08;3;17;041;2018;07;08;5;3;0;7;0;1;0;0;0;0;0;0;437387,323199999980000;5347984,870400000400000;8,156024685000034;48,281968684000049
155679;08;3;16;056;2018;07;12;5;3;0;1;0;0;0;1;1;0;0;0;422622,415500000000000;5327256,042100000200000;7,960811763000038;48,093871840000077
155680;08;4;16;041;2018;07;13;2;3;6;4;0;1;0;1;0;0;0;0;506376,260000000010000;5375553,934000000400000;9,086371334000035;48,533059483000045
155681;08;3;16;011;2018;07;16;5;2;5;3;0;1;1;0;0;0;0;0;415125,438700000000000;5329552,868599999700000;7,859689479000053;48,113577834000068
155683;08;4;15;061;2018;07;19;2;3;2;7;0;1;1;0;0;0;0;0;515918,547599999990000;5370536,330699999800000;9,215436838000073;48,487749981000036
155685;08;3;37;002;2018;07;20;2;2;9;1;0;1;0;0;0;0;0;0;435250,595199999980000;5274530,678000000300000;8,138283678000050;47,620942765000052
155686;08;3;15;006;2018;07;14;5;3;5;1;0;1;1;0;0;0;0;0;400559,011899999980000;5308956,686999999900000;7,668815579000068;47,926212838000026
155688;08;3;15;059;2018;07;17;5;2;0;1;0;1;0;0;0;0;0;0;399479,240100000000000;5322225,355399999800000;7,651258873000074;48,045392351000032
155690;08;3;35;063;2018;07;06;2;3;5;3;0;1;1;0;0;0;0;0;497362,536000000020000;5287412,413300000100000;8,964819473000034;47,740079649000052
155691;08;3;35;043;2018;07;18;2;3;0;7;0;1;0;0;0;0;0;0;512809,663799999980000;5278724,858400000300000;9,170609570000067;47,661790547000066
155693;08;3;35;043;2018;07;18;2;3;8;7;0;1;0;0;0;0;0;0;512805,829299999980000;5278712,301599999900000;9,170558132000053;47,661677641000040
155695;08;3;35;075;2018;07;13;2;3;0;1;0;1;0;0;0;0;0;0;487665,308399999980000;5291803,083300000100000;8,835346113000071;47,779472286000043
155696;08;4;35;005;2018;07;18;2;2;0;1;0;1;0;0;0;0;0;0;525705,222799999990000;5286467,114600000000000;9,342817099000058;47,731067595000070
155697;08;3;11;000;2018;07;06;5;3;4;2;0;1;1;0;0;0;0;0;413762,275800000000000;5320548,993800000300000;7,843195878000074;48,032402715000046
155698;08;3;11;000;2018;07;09;5;3;5;2;0;1;0;0;0;0;1;0;414529,844500000010000;5316096,770200000100000;7,854377535000026;47,992456539000045
155699;08;3;35;043;2018;07;20;2;2;0;7;0;1;0;0;0;0;0;0;512997,223999999990000;5279253,973000000200000;9,173123379000060;47,666547606000051
155700;08;3;36;050;2018;07;17;5;3;3;2;0;1;0;0;0;0;0;0;398911,127099999980000;5274070,316399999900000;7,654879493000067;47,612150289000056
155704;08;3;11;000;2018;07;19;5;2;5;3;0;1;0;0;0;0;0;0;410730,024099999980000;5314376,573400000100000;7,803814475000024;47,976463753000075
155705;08;3;25;045;2018;07;07;2;3;4;6;0;1;1;0;0;0;0;0;468575,504000000020000;5348257,199000000000000;8,576381540000057;48,286735469000064
155706;08;3;11;000;2018;07;21;5;3;0;7;1;1;0;0;0;0;0;0;414081,920999999970000;5315702,645999999700000;7,848453809000034;47,988851212000043
155708;08;2;12;000;2018;07;11;5;3;5;3;0;1;1;0;0;0;0;0;452304,202899999970000;5430896,808400000400000;8,347523778000038;49,029109482000081
155710;08;2;31;000;2018;07;08;5;3;6;4;0;0;1;1;0;0;0;0;477394,786900000010000;5414694,881600000000000;8,691653281000072;48,884794447000047
155711;08;3;17;096;2018;07;15;2;3;5;2;0;1;1;0;0;0;0;0;422870,033300000010000;5370010,171199999700000;7,956329664000066;48,478486105000059
155712;08;2;36;070;2018;07;13;5;2;0;7;0;1;0;0;0;0;0;0;466425,671299999990000;5414384,983599999900000;8,542058545000032;48,881509614000038
155717;08;3;17;065;2018;07;16;2;3;5;1;0;1;1;0;0;0;0;0;416195,289899999970000;5354482,297700000000000;7,869130530000064;48,337961876000065
155718;08;2;26;059;2018;07;21;5;3;5;3;0;1;1;0;0;0;0;0;465263,109999999990000;5460204,480000000400000;8,522264278000023;49,293599666000034
155720;08;2;22;000;2018;07;18;5;3;5;1;0;1;1;0;0;0;0;0;461704,397699999970000;5482148,386699999700000;8,471208948000026;49,490764088000049
155721;08;3;11;000;2018;07;20;2;3;3;6;0;1;0;0;0;0;0;0;414323,710599999990000;5315744,261599999900000;7,851685495000027;47,989258000000063
155722;08;2;21;000;2018;07;09;5;3;5;2;0;1;1;0;0;0;0;0;475673,838300000000000;5472590,483099999800000;8,664683327000034;49,405513926000026
155723;08;3;36;091;2018;07;09;2;2;0;6;0;1;1;0;0;0;0;0;395986,973600000030000;5273845,538800000200000;7,616034677000073;47,609665595000081
155724;08;2;26;018;2018;07;13;5;2;0;7;0;1;0;0;0;0;0;0;473802,043300000020000;5471178,116800000000000;8,638975789000028;49,392732256000045
155726;08;2;37;045;2018;07;19;2;3;1;2;0;1;1;0;0;0;0;0;463140,305999999980000;5363116,114500000100000;8,501813471000048;48,420117395000034
155727;08;2;15;099;2018;07;19;5;3;5;3;0;1;1;0;0;0;0;0;463038,992099999970000;5445995,122600000400000;8,492986881000036;49,165657366000062
155729;08;2;22;000;2018;07;11;2;3;5;3;0;1;1;0;0;0;0;0;461542,328400000000000;5488502,060399999800000;8,468351982000058;49,547901425000077
155730;08;2;15;009;2018;07;20;5;3;0;1;0;1;0;0;0;0;0;0;470730,761400000020000;5441435,165400000300000;8,598827023000069;49,125054828000032
155731;08;2;22;000;2018;07;06;2;3;0;7;0;1;0;0;0;0;1;0;466605,540099999980000;5482057,037100000300000;8,538889852000068;49,490231983000058
155732;08;2;12;000;2018;07;12;5;3;5;2;0;1;1;0;0;0;0;0;452802,171500000000000;5428753,866399999700000;8,354584802000034;49,009872003000055
155733;08;2;22;000;2018;07;17;2;2;5;2;0;1;1;0;0;0;0;0;462004,095199999980000;5481511,304899999900000;8,475408264000066;49,485052713000073
155735;08;2;12;000;2018;07;17;5;3;0;1;0;1;0;0;0;0;0;0;457936,112199999970000;5428940,107300000300000;8,424766566000074;49,011918588000071
155738;08;2;12;000;2018;07;18;2;3;6;4;0;0;1;1;0;0;0;0;453587,903999999980000;5429249,058400000400000;8,365272122000022;49,014385874000027
155739;08;2;12;000;2018;07;06;2;3;0;2;0;1;0;0;0;1;0;0;453620,070000000010000;5428096,752999999600000;8,365843645000041;49,004023248000067
155742;08;3;17;034;2018;07;12;2;3;9;1;0;1;0;0;0;0;0;0;430260,005000000000000;5362768,855000000400000;8,057516998000040;48,414211789000035
155743;08;1;35;019;2018;07;06;5;2;0;1;0;1;0;0;0;0;0;0;584130,866500000000000;5391201,474200000100000;10,142670570000064;48,668193439000049
155745;08;4;25;072;2018;07;17;2;3;5;3;0;1;1;0;0;0;0;0;582597,393000000040000;5372560,349000000400000;10,118141900000069;48,500729652000075
155750;08;1;25;065;2018;07;17;2;3;5;3;0;1;1;0;0;0;0;0;516511,765799999990000;5448979,208700000300000;9,226626621000037;49,193390896000039
155752;08;1;17;051;2018;07;16;5;2;5;3;0;1;1;0;0;0;0;0;544326,873999999950000;5394643,609199999800000;9,602464705000045;48,703251542000032
155754;08;1;19;068;2018;07;14;2;3;5;3;0;1;1;0;0;0;0;0;526097,560000000060000;5413702,785500000200000;9,355919899000071;48,875732701000061
155763;08;1;17;024;2018;07;12;2;3;3;5;0;1;1;0;0;0;0;0;560746,641599999970000;5385973,220400000000000;9,824338651000062;48,623876572000029
155765;08;1;17;049;2018;07;13;2;3;4;6;0;1;1;0;0;0;0;0;555833,985899999970000;5392097,249699999600000;9,758505598000056;48,679422340000031
155766;08;1;11;000;2018;07;17;5;3;6;4;0;0;1;1;0;0;0;0;512339,709199999980000;5401202,652999999900000;9,167914890000077;48,763709743000049
155768;08;1;11;000;2018;07;15;5;2;6;4;0;1;0;1;0;0;0;0;519405,221000000020000;5401745,367300000000000;9,264084882000077;48,768411757000081
155770;08;1;16;077;2018;07;09;2;3;5;3;0;1;1;0;0;0;0;0;515817,934799999990000;5391710,594999999700000;9,214881140000045;48,678240599000048
155771;08;1;11;000;2018;07;17;5;3;2;6;0;1;1;0;0;0;0;0;512948,552499999990000;5408854,438199999700000;9,176441049000061;48,832531995000068
155772;08;1;16;050;2018;07;20;2;2;0;1;0;1;0;0;0;0;0;0;526871,278100000000000;5388222,560999999800000;9,364807918000054;48,646484447000034
155776;08;1;11;000;2018;07;18;5;3;4;6;0;1;0;0;0;0;1;0;508247,891799999980000;5397261,728199999800000;9,112155943000062;48,728324866000037
155777;08;1;11;000;2018;07;07;2;3;6;4;0;0;1;1;0;0;0;0;512360,498399999980000;5401412,932900000400000;9,168204099000036;48,765600997000035
155778;08;1;11;000;2018;07;20;5;3;2;6;1;1;0;0;0;0;0;0;512139,440899999990000;5402341,009600000500000;9,165223308000066;48,773954270000047
155781;08;1;19;084;2018;07;07;4;3;6;4;0;0;1;1;0;0;0;1;546449,010000000010000;5414421,264100000300000;9,633541808000075;48,881004915000062
155782;08;1;11;000;2018;07;08;2;3;5;2;0;1;1;0;0;0;0;0;515154,346299999980000;5395676,884100000400000;9,206012119000036;48,713937936000036
155783;08;1;36;065;2018;07;17;4;3;5;3;0;1;1;0;0;0;0;0;558582,149199999990000;5404952,682500000100000;9,797663302000046;48,794807146000039
155785;08;4;35;016;2018;07;13;4;3;5;3;0;1;1;0;0;0;0;0;535732,044299999950000;5279718,323400000100000;9,475982440000053;47,669869025000025
155786;08;4;26;020;2018;07;00;1;3;6;4;2;0;1;1;0;0;0;0;542644,867399999990000;5329332,992999999800000;9,572966234000035;48,115828787000055
155787;08;4;26;065;2018;07;10;1;2;5;3;0;1;1;0;0;0;0;0;581774,203400000000000;5331161,571200000100000;10,098973190000038;48,128454382000029
155789;08;1;17;006;2018;07;15;1;2;0;1;0;1;0;0;0;0;0;0;551075,245899999980000;5381492,260300000200000;9,692556340000067;48,584432284000059
155791;08;4;25;002;2018;07;11;1;3;5;3;0;1;1;0;0;0;0;0;552898,918999999990000;5352500,330400000300000;9,713618151000048;48,323476145000029
155795;08;3;36;050;2018;07;18;4;3;5;3;0;1;0;0;0;0;0;0;399590,931400000000000;5274436,244800000500000;7,663838776000034;47,615547639000056
155796;08;3;37;096;2018;07;14;1;3;0;1;0;1;0;0;0;0;0;0;420142,769900000010000;5269213,255599999800000;7,938222009000072;47,571419453000033
155797;08;3;35;080;2018;07;16;4;3;0;1;0;1;0;0;0;0;0;0;476488,411900000010000;5293551,134200000200000;8,686054519000038;47,794889193000074
155798;08;3;25;049;2018;07;16;1;2;0;7;0;1;0;0;0;0;0;0;471863,211300000020000;5335018,594600000400000;8,621579524000026;48,167787316000044
155799;08;4;36;064;2018;07;17;4;2;5;3;0;1;1;0;0;0;0;0;545401,006999999980000;5293653,924100000400000;9,606228390000069;47,794642528000054
155800;08;3;11;000;2018;07;17;1;2;6;4;0;0;1;1;0;0;0;0;414631,608000000010000;5318656,947999999900000;7,855231748000051;48,015499915000078
155805;08;2;26;098;2018;07;15;1;3;5;3;0;1;1;0;0;0;0;0;477639,234600000030000;5461446,086400000400000;8,692400071000066;49,305346247000045
155806;08;3;11;000;2018;07;20;4;3;5;2;0;1;1;0;0;0;0;0;413289,816999999980000;5317098,436800000300000;7,837557603000050;48,001299918000029
155807;08;3;11;000;2018;07;11;4;3;5;3;0;1;1;0;0;0;0;0;410044,488000000010000;5318706,582000000400000;7,793722992000028;48,015317021000044
155811;08;1;36;018;2018;07;16;2;2;5;3;0;1;1;0;0;0;0;0;589229,753999999960000;5431831,776200000200000;10,220760866000035;49,032907455000043
155813;08;1;27;009;2018;07;18;2;3;2;2;0;1;1;0;0;0;0;0;557769,077099999990000;5449816,309299999800000;9,792973577000055;49,198421058000065
155815;08;1;19;084;2018;07;16;2;3;5;3;0;1;1;0;0;0;0;0;546511,793999999990000;5413956,514399999800000;9,634345229000076;48,876819666000074
155816;08;1;19;020;2018;07;06;2;3;0;7;0;1;0;0;0;0;1;0;521124,632800000020000;5405873,458999999800000;9,287696198000049;48,805491407000034
155818;08;1;18;019;2018;07;17;2;3;1;5;0;1;1;0;0;0;0;0;504681,678599999980000;5405404,779799999700000;9,063754797000058;48,801616587000069
155819;08;1;18;007;2018;07;10;2;3;6;4;0;0;1;1;0;0;0;0;510241,851499999990000;5427224,530399999600000;9,140019900000027;48,997834797000053
155825;08;4;16;041;2018;07;00;1;3;0;7;2;1;0;0;0;0;0;0;504369,885599999980000;5374790,297399999600000;9,059185465000041;48,526206722000040
155826;08;4;16;041;2018;07;12;1;3;0;7;0;1;0;0;0;0;0;0;504989,739000000000000;5373045,656000000400000;9,067559843000026;48,510506667000072
155827;08;4;15;061;2018;07;12;1;3;1;5;0;1;1;0;0;0;0;0;516633,830000000020000;5379073,600100000400000;9,225457829000050;48,564535210000031