OBJECTID_1;ULAND;UREGBEZ;UKREIS;UGEMEINDE;UJAHR;UMONAT;USTUNDE;UWOCHENTAG;UKATEGORIE;UART;UTYP1;ULICHTVERH;IstRad;IstPKW;IstFuss;IstKrad;IstGkfz;IstSonstig;STRZUSTAND;LINREFX;LINREFY;XGCSWGS84;YGCSWGS84
155830;08;3;27;050;2018;07;16;1;3;3;2;0;1;0;0;0;0;0;0;479180,716000000010000;5315485,838000000500000;8,720945530000051;47,992333861000077
155831;08;2;31;000;2018;07;19;4;2;5;3;0;1;1;0;0;0;0;0;475465,161100000030000;5415234,877500000400000;8,665300227000046;48,889578672000027
155833;08;3;16;037;2018;07;11;1;3;0;1;0;1;0;0;0;0;0;0;406286,723000000000000;5333518,002000000300000;7,740095271000030;48,148003963000065
155834;08;2;26;041;2018;07;17;4;3;6;3;0;0;1;1;0;0;0;0;476839,271300000020000;5466940,086799999700000;8,681076691000044;49,354734749000045
155835;08;2;26;096;2018;07;13;4;3;0;7;0;0;1;1;0;0;0;0;477044,135000000010000;5485603,866999999600000;8,682816766000030;49,522619325000051
155837;08;2;26;032;2018;07;23;4;3;0;1;2;1;0;0;0;0;0;0;466604,664999999980000;5463339,395999999700000;8,540451826000037;49,321872552000059
155839;08;3;11;000;2018;07;09;1;3;0;1;0;1;0;0;0;0;0;0;411628,306600000010000;5314113,325600000100000;7,815902612000059;47,974220466000077
155840;08;2;26;059;2018;07;18;4;3;5;3;0;1;1;0;0;0;0;0;465217,726399999990000;5460492,898500000100000;8,521615035000025;49,296191362000059
155842;08;3;11;000;2018;07;15;1;3;1;7;0;1;1;0;0;0;0;0;412042,482499999980000;5316248,781899999800000;7,821013557000072;47,993486619000066
155843;08;2;26;038;2018;07;09;4;3;1;6;0;1;1;0;0;0;0;0;471977,979899999980000;5479527,621299999800000;8,613249672000052;49,467752644000029
155844;08;2;12;000;2018;07;09;1;3;0;1;0;1;0;0;0;0;0;0;457299,613200000020000;5428552,582700000100000;8,416103529000054;49,008389034000061
155845;08;2;22;000;2018;07;06;4;2;5;2;0;1;1;0;0;0;0;0;463691,665400000000000;5478747,372899999800000;8,498960442000055;49,460295748000078
155846;08;2;21;000;2018;07;09;4;3;1;5;0;1;1;0;0;0;0;0;477343,527300000020000;5475102,895800000100000;8,687554855000030;49,428177103000053
155848;08;2;21;000;2018;07;18;4;3;5;3;0;1;1;0;0;0;0;0;477508,584600000000000;5471869,414699999600000;8,690014262000034;49,399098595000055
155849;08;2;26;068;2018;07;10;1;2;5;3;0;1;1;0;0;0;0;0;468798,226800000000000;5460293,766300000300000;8,570874180000033;49,294593552000038
155850;08;2;15;017;2018;07;16;4;3;5;3;0;1;0;0;1;0;0;0;456029,842200000010000;5421623,753899999900000;8,399490499000024;48,945973963000029
155851;08;2;22;000;2018;07;19;1;3;5;3;0;1;1;0;0;0;0;1;461356,175800000030000;5482130,635599999700000;8,466402606000031;49,490582348000032
155852;08;2;22;000;2018;07;09;1;2;5;2;0;1;1;0;0;0;0;0;466560,398099999990000;5477929,179800000000000;8,538615414000049;49,453101129000061
155853;08;2;12;000;2018;07;17;4;3;5;2;0;1;1;0;0;0;0;0;455594,112700000000000;5429245,660299999600000;8,392707582000071;49,014502963000041
155854;08;2;26;082;2018;07;12;1;3;6;7;0;0;1;1;0;0;0;0;475187,996600000010000;5480025,181200000500000;8,657521138000050;49,472367702000042
155855;08;2;11;000;2018;07;14;4;3;0;7;0;1;0;0;0;0;0;0;440364,981000000030000;5406942,571999999700000;8,187713132000056;48,812606147000054
155857;08;2;21;000;2018;07;13;1;3;6;4;0;1;0;1;0;0;0;0;477770,575000000010000;5473035,133999999600000;8,693559817000050;49,409593694000080
155858;08;1;18;067;2018;07;07;4;2;6;4;0;0;1;1;0;0;0;0;506065,979200000000000;5414214,204900000200000;9,082736521000072;48,880852940000068
155859;08;2;12;000;2018;07;15;1;3;8;7;0;1;0;0;0;0;0;0;453992,487000000020000;5434770,983000000000000;8,370177953000052;49,064085951000038
155860;08;1;36;065;2018;07;11;4;3;6;1;0;1;0;1;0;0;0;0;558337,645800000060000;5405657,752899999700000;9,794434592000073;48,801172292000047
155861;08;2;15;017;2018;07;17;1;2;4;1;0;1;1;0;0;0;0;0;457954,210399999980000;5417620,451700000100000;8,426183369000057;48,910096972000076
155863;08;1;35;019;2018;07;18;4;3;5;3;0;1;1;0;0;0;0;0;585870,449200000030000;5392036,302699999900000;10,166465966000032;48,675465344000031
155864;08;2;11;000;2018;07;14;1;3;0;7;0;1;0;0;0;0;0;0;441512,371400000000000;5407042,556400000100000;8,203325859000074;48,813614572000063
155868;08;1;21;000;2018;07;11;4;3;5;2;0;1;1;0;0;0;0;0;515636,776799999990000;5442247,323400000100000;9,214355821000027;49,132858522000049
155870;08;1;18;046;2018;07;13;4;3;0;7;0;1;0;0;0;0;0;0;512946,837500000020000;5413852,472000000100000;9,176575735000029;48,877493349000076
155872;08;1;18;080;2018;07;06;4;3;6;4;0;0;1;1;0;0;0;0;506736,886699999970000;5411265,921699999800000;9,091838759000041;48,854323808000061
155874;08;1;25;007;2018;07;10;1;3;0;7;0;0;0;1;1;0;0;0;511189,027999999990000;5452327,236999999700000;9,153664842000069;49,223627515000032
155876;08;1;19;085;2018;07;18;1;2;1;5;0;1;1;0;0;0;0;0;529213,586800000050000;5414588,240600000100000;9,398478687000022;48,883558891000064
155878;08;1;16;033;2018;07;15;4;3;5;3;0;1;1;0;0;0;0;0;533450,018000000040000;5387439,083999999800000;9,454055827000047;48,639118885000073
155879;08;1;19;091;2018;07;14;1;3;0;1;0;1;0;0;0;0;0;0;526911,780799999950000;5407292,324300000400000;9,366602859000068;48,818031485000063
155880;08;1;19;090;2018;07;11;1;3;8;1;0;1;0;0;0;0;0;0;530069,375899999980000;5406533,018400000400000;9,409560129000056;48,811056202000032
155881;08;1;16;079;2018;07;18;4;3;5;3;0;1;0;0;0;0;0;0;533745,147099999940000;5379925,022699999600000;9,457450930000050;48,571506917000079
155882;08;1;16;078;2018;07;17;4;3;0;1;0;1;0;0;0;0;0;0;512318,747800000010000;5392508,731499999800000;9,167369932000042;48,685499553000056
155883;08;1;18;081;2018;07;11;1;3;2;6;0;1;0;0;0;0;0;0;519794,908000000000000;5413504,267000000000000;9,269955546000062;48,874180158000058
155884;08;1;15;045;2018;07;08;4;3;5;2;0;1;1;0;0;0;0;0;497393,010000000010000;5396613,481300000100000;8,964553866000074;48,722542336000060
155886;08;1;15;028;2018;07;15;4;3;0;3;0;1;1;0;0;0;0;0;500767,337999999990000;5404363,017000000000000;9,010447616000022;48,792262114000039
155887;08;1;16;019;2018;07;16;1;2;0;1;0;1;0;0;0;0;0;0;522155,943199999980000;5399838,568199999600000;9,301416193000023;48,751166588000046
155889;08;1;15;024;2018;07;09;4;3;5;2;0;1;0;0;1;0;0;0;500963,462600000030000;5386853,521700000400000;9,013077046000035;48,634745273000078
155890;08;4;36;055;2018;07;02;3;3;6;6;2;1;0;1;0;0;0;0;577124,883000000030000;5297547,915900000400000;10,030466059000048;47,826654554000072
155891;08;1;11;000;2018;07;14;1;3;0;7;0;1;0;0;0;0;0;0;515669,520599999990000;5403379,265700000300000;9,213308559000041;48,783215430000041
155893;08;4;16;041;2018;07;17;3;3;0;3;0;1;1;0;0;0;0;1;504283,145000000020000;5373912,497700000200000;9,058001640000043;48,518310317000044
155896;08;4;15;059;2018;07;10;3;3;5;3;0;1;1;0;0;0;0;0;516696,314200000020000;5369528,624099999700000;9,225922549000075;48,478664110000068
155897;08;4;35;016;2018;07;00;7;3;0;7;2;1;0;0;0;0;0;0;536805,502899999960000;5278717,284300000400000;9,490196992000051;47,660802082000032
155898;08;4;16;041;2018;07;17;3;3;6;7;0;0;0;1;0;0;1;0;504288,566700000020000;5374023,213499999600000;9,058076198000038;48,519306320000055
155900;08;4;25;091;2018;07;12;7;3;0;1;0;1;0;0;0;0;0;0;552745,393599999950000;5337930,029500000200000;9,709730571000023;48,192413258000045
155903;08;4;16;036;2018;07;21;7;2;6;7;1;0;1;1;0;0;0;0;490076,192700000010000;5375100,600900000000000;8,865585324000051;48,528935069000056
155905;08;4;15;060;2018;07;04;7;3;0;7;2;1;0;0;0;0;0;0;513071,766400000020000;5380688,484199999800000;9,177228037000077;48,579147517000081
155906;08;3;35;075;2018;07;20;3;3;5;3;0;1;1;0;0;0;0;0;488446,958999999970000;5288770,184000000400000;8,845860847000040;47,752198197000041
155907;08;4;15;019;2018;07;10;7;3;0;1;0;1;0;0;0;0;0;0;519400,794200000000000;5370984,972600000000000;9,262584886000070;48,491688254000053
155908;08;3;35;043;2018;07;11;3;3;6;7;0;0;1;1;0;0;0;0;511652,372099999980000;5280315,657499999700000;9,155238313000041;47,676125925000065
155912;08;4;15;061;2018;07;20;7;3;0;7;0;1;0;0;0;0;0;0;515480,527100000010000;5373006,216400000300000;9,209600424000030;48,509980861000031
155913;08;3;16;009;2018;07;12;3;3;5;2;0;1;1;0;0;0;0;0;417186,392400000010000;5324590,469600000400000;7,888336041000059;48,069210721000047
155914;08;3;36;006;2018;07;17;7;2;1;2;0;1;1;0;0;0;0;0;391648,004299999970000;5288021,084699999500000;7,554803315000072;47,736461474000066
155915;08;3;16;020;2018;07;18;3;3;5;3;0;1;1;0;0;0;0;0;408449,679400000020000;5339380,108799999600000;7,767904740000063;48,201047667000068
155917;08;3;36;069;2018;07;16;7;3;5;3;0;1;0;0;0;0;0;0;406719,132300000000000;5267591,041500000300000;7,760126377000063;47,555035569000040
155918;08;3;36;081;2018;07;07;3;3;5;3;0;1;1;0;0;0;0;0;412584,665400000000000;5279254,298600000300000;7,835746576000076;47,660773859000074
155919;08;3;36;050;2018;07;20;7;2;0;7;0;1;0;0;0;0;0;0;399115,793699999980000;5273557,056699999600000;7,657720238000024;47,607565246000036
155920;08;3;11;000;2018;07;15;3;3;5;2;0;1;0;0;0;0;1;0;412444,145800000000000;5318482,165799999600000;7,825940437000043;48,013631683000028
155921;08;3;35;075;2018;07;13;7;3;6;7;0;0;1;1;0;0;0;0;489050,618200000030000;5289859,709400000100000;8,853887318000034;47,762011780000080
155922;08;3;11;000;2018;07;19;3;3;5;3;0;1;1;0;0;0;0;0;414613,810000000000000;5317764,434999999600000;7,855170866000037;48,007469051000044
155924;08;2;22;000;2018;07;10;3;2;0;1;0;1;0;0;0;0;0;0;468486,040199999990000;5479291,064700000000000;8,565075332000049;49,465453726000078
155926;08;3;35;043;2018;07;11;7;3;5;2;0;1;0;0;1;0;1;0;514521,500899999980000;5282156,743300000200000;9,193523237000022;47,692633259000047
155927;08;2;12;000;2018;07;07;3;3;5;3;0;1;1;0;0;0;0;0;450548,019800000010000;5428639,832600000300000;8,323776088000045;49,008669744000031
155929;08;2;12;000;2018;07;06;3;2;5;3;0;1;0;0;0;0;0;0;457718,761200000010000;5429595,271499999800000;8,421726139000043;49,017797023000071
155930;08;3;17;100;2018;07;23;7;3;0;1;2;1;0;0;0;0;0;0;424245,362700000000000;5367911,641099999700000;7,975316702000043;48,459777041000052
155933;08;3;15;130;2018;07;14;7;3;3;2;0;1;1;0;0;0;0;0;408177,387999999980000;5301003,398000000000000;7,772467158000040;47,855807477000042
155934;08;2;26;098;2018;07;17;3;3;0;4;0;0;1;1;0;0;0;0;477163,253700000000000;5459906,845200000300000;8,685940458000061;49,291483138000046
155935;08;3;15;015;2018;07;19;7;3;5;3;0;1;0;0;0;0;1;0;394725,673300000020000;5319985,039599999800000;7,588048064000077;48,024475736000056
155936;08;3;11;000;2018;07;19;7;3;5;3;0;1;1;0;0;0;0;0;414716,004000000020000;5316399,601800000300000;7,856812084000069;47,995205487000078
155937;08;2;26;098;2018;07;09;3;3;6;4;0;1;0;1;0;0;0;0;477942,269700000000000;5460243,410899999600000;8,696635041000036;49,294539177000047
155939;08;2;26;098;2018;07;17;3;3;5;2;0;1;1;0;0;0;0;0;476939,232499999980000;5459914,177699999900000;8,682859260000043;49,291540680000026
155940;08;2;22;000;2018;07;13;3;2;6;6;0;1;0;1;0;0;0;0;463008,654299999990000;5480816,847699999800000;8,489342117000035;49,478868477000049
155941;08;3;11;000;2018;07;03;7;2;1;1;2;1;1;0;0;0;0;0;415643,717100000010000;5315897,210099999800000;7,869343818000061;47,990809323000065
155942;08;2;22;000;2018;07;11;3;3;5;3;0;1;1;0;0;0;0;0;461823,871400000000000;5480127,096900000200000;8,473053716000038;49,472591163000061
155943;08;2;12;000;2018;07;15;7;2;5;3;0;1;0;0;0;0;0;0;454750,266999999990000;5428028,172000000300000;8,381303603000049;49,003490251000073
155945;08;2;15;064;2018;07;12;7;3;5;3;0;1;1;0;0;0;0;0;485083,857599999990000;5446963,389200000100000;8,795348202000071;49,175298950000069
155947;08;2;22;000;2018;07;13;3;2;4;3;0;1;1;0;0;0;0;0;465024,919799999970000;5476706,958200000200000;8,517538241000068;49,442021287000046
155949;08;2;26;003;2018;07;09;7;3;5;3;0;1;1;0;0;0;0;0;463460,027999999990000;5460840,965499999900000;8,497409297000047;49,299219554000047
155951;08;2;25;109;2018;07;18;7;3;5;2;0;1;0;0;1;0;0;0;525977,136399999960000;5492374,440000000400000;9,359374127000024;49,583395781000036
155952;08;3;17;005;2018;07;10;3;3;5;3;0;1;1;0;0;0;0;0;423767,414200000000000;5379004,343100000200000;7,966826319000063;48,559497320000048
155955;08;2;21;000;2018;07;20;7;3;5;3;0;1;1;0;0;0;0;0;477767,617700000000000;5473465,281399999700000;8,693494961000056;49,413462695000078
155958;08;2;16;015;2018;07;12;7;3;5;3;0;1;1;0;0;0;0;0;449820,315999999990000;5405857,048399999700000;8,316626204000045;48,803677113000049
155961;08;2;16;017;2018;07;19;7;3;1;7;0;1;1;0;0;0;0;0;451298,378000000030000;5401158,458999999800000;8,337310508000030;48,761529208000070
155962;08;1;19;041;2018;07;17;3;3;0;1;0;1;0;0;0;0;0;0;526005,854300000010000;5409669,698300000300000;9,354413017000070;48,839456243000029
155963;08;2;16;059;2018;07;19;7;3;8;1;0;1;0;0;0;0;0;0;452318,172800000000000;5397571,783099999700000;8,351601259000063;48,729344439000045
155964;08;1;19;020;2018;07;18;3;3;3;5;0;1;1;0;0;0;0;0;520270,468500000020000;5406334,649400000500000;9,276086261000046;48,809668635000037
155965;08;2;15;102;2018;07;11;7;3;5;3;0;1;1;0;0;0;0;0;456416,108200000020000;5436343,696200000100000;8,403184861000057;49,078408806000027
155966;08;1;19;020;2018;07;17;3;3;1;1;0;1;1;0;0;0;0;0;521084,374900000000000;5405587,894000000300000;9,287133268000048;48,802923885000041
155967;08;2;15;017;2018;07;12;7;3;6;7;0;0;1;1;0;0;0;0;456983,027200000010000;5421493,913900000000000;8,412521329000072;48,944873056000063
155969;08;2;12;000;2018;07;17;7;3;1;7;0;1;1;0;0;0;0;0;455943,615500000010000;5425887,453800000300000;8,397851346000039;48,984320550000064
155970;08;2;12;000;2018;07;17;7;3;0;7;0;1;0;0;0;0;0;0;455471,738000000010000;5430951,444400000400000;8,390846850000060;49,029837796000038
155972;08;2;16;043;2018;07;11;7;3;5;2;0;1;1;0;0;0;0;0;441260,067900000020000;5412349,262500000200000;8,199128895000058;48,861324551000052
155973;08;1;18;073;2018;07;07;3;3;0;7;0;1;0;0;0;0;0;0;497445,773800000020000;5420636,526700000300000;8,965121597000064;48,938651000000050
155974;08;1;17;026;2018;07;12;3;3;5;7;0;1;1;0;0;0;0;0;547815,913399999960000;5394639,809200000000000;9,649882161000051;48,702959646000068
155977;08;1;17;018;2018;07;08;7;2;0;1;0;1;0;0;0;0;0;0;539662,628999999960000;5396298,680999999900000;9,539233214000035;48,718454061000045
155978;08;1;16;033;2018;07;06;3;3;0;1;0;1;0;0;0;0;0;0;532871,277000000000000;5388127,242999999800000;9,446254765000049;48,645340197000053
155980;08;1;15;028;2018;07;08;3;3;5;2;0;1;1;0;0;0;0;0;500537,513600000010000;5404921,112700000400000;9,007319195000036;48,797282950000067
155984;08;1;18;077;2018;07;14;7;2;0;7;0;1;0;0;0;0;0;0;512916,331999999990000;5423445,230999999700000;9,176463424000076;48,963787551000053
155986;08;3;36;045;2018;07;07;2;3;5;3;0;1;1;0;0;0;0;0;397894,876999999980000;5281905,211000000100000;7,639531645000034;47,682467445000043
155987;08;1;18;079;2018;07;03;7;3;6;4;2;0;0;1;0;0;1;0;507480,908700000030000;5421255,854100000100000;9,102164406000043;48,944182320000039
155988;08;4;36;081;2018;07;15;2;3;0;1;0;1;0;0;0;0;0;0;563040,746700000020000;5283528,367399999900000;9,840277281000056;47,702061299000036
155989;08;1;17;049;2018;07;23;7;3;0;7;2;1;0;0;0;0;0;0;555009,590100000030000;5391985,452800000100000;9,747292293000044;48,678489878000050
155990;08;4;35;052;2018;07;07;2;3;4;2;0;1;1;0;0;0;0;0;522475,425500000010000;5289166,329800000400000;9,299883086000023;47,755474282000080
155991;08;1;16;048;2018;07;15;7;2;6;4;0;0;1;1;0;0;0;0;533745,386900000040000;5390847,772800000400000;9,458342954000045;48,669767133000050
155992;08;1;16;019;2018;07;12;7;3;5;3;0;1;1;0;0;0;0;0;521340,012500000010000;5398265,875900000300000;9,290234699000052;48,737047300000029
155993;08;4;35;059;2018;07;07;2;2;6;4;0;0;0;1;0;1;0;0;514180,584500000000000;5289020,370500000200000;9,189203473000021;47,754396823000036
155995;08;4;26;021;2018;07;14;2;3;0;1;0;1;1;0;0;0;0;0;558037,351099999970000;5327694,675300000200000;9,779535811000073;48,099873118000062
155996;08;4;26;021;2018;07;16;2;2;5;3;0;1;1;0;0;0;0;0;558815,029400000000000;5327205,028900000300000;9,789912787000048;48,095396846000028
155997;08;1;15;003;2018;07;08;7;2;6;4;0;1;0;1;0;0;0;0;499769,399399999990000;5391011,821399999800000;8,996867749000046;48,672154702000057
156001;08;1;11;000;2018;07;17;7;3;5;2;0;1;1;0;0;0;0;0;508092,308900000000000;5396147,729100000100000;9,110018450000041;48,718305333000046
156002;08;4;21;000;2018;07;19;2;3;6;7;0;0;1;1;0;0;0;0;575468,859599999970000;5364783,647500000000000;10,020254644000033;48,431674908000048
156003;08;4;36;064;2018;07;07;6;3;6;1;0;1;0;1;0;0;0;0;546029,561600000020000;5292206,480600000400000;9,614467310000066;47,781575245000056
156004;08;4;17;031;2018;07;11;2;3;6;4;0;0;1;1;0;0;0;0;497910,214900000020000;5355684,585799999500000;8,971791400000029;48,354334040000026
156005;08;4;35;059;2018;07;12;6;3;6;6;0;0;0;1;0;1;1;0;511775,350500000000000;5290462,915000000000000;9,157151024000029;47,767424576000053
156007;08;4;17;079;2018;07;17;2;3;1;5;0;1;1;0;0;0;0;0;499891,175200000000000;5347250,675300000200000;8,998533224000028;48,278460214000063
156008;08;4;16;041;2018;07;15;2;3;4;2;0;1;1;0;0;0;0;0;505080,321300000010000;5373747,285899999600000;9,068794849000028;48,516818065000052
156009;08;4;21;000;2018;07;18;6;3;6;7;0;1;0;1;0;0;0;0;573314,459999999960000;5361056,953999999900000;9,990482763000046;48,398407120000059
156010;08;4;15;050;2018;07;14;2;3;0;1;0;1;0;0;0;0;0;0;521039,563499999990000;5376442,976599999700000;9,285040258000038;48,540737166000042
156014;08;3;35;063;2018;07;09;2;3;0;7;0;1;0;0;0;0;0;0;498061,123900000010000;5288378,252700000100000;8,974133471000073;47,748772353000049
156017;08;3;16;056;2018;07;17;2;2;5;3;0;1;1;0;0;0;0;0;422924,818900000010000;5327291,471400000200000;7,964865983000038;48,094227199000045
156018;08;4;16;041;2018;07;15;6;3;0;7;0;1;0;0;0;0;0;0;504845,406000000020000;5371201,605999999700000;9,065584205000050;48,493918002000044
156019;08;3;11;000;2018;07;15;2;3;5;2;0;1;1;0;0;0;0;0;413911,929000000000000;5315628,294999999900000;7,846190821000050;47,988159536000069
156020;08;3;36;050;2018;07;12;2;3;5;3;0;1;1;0;0;0;0;0;399398,193299999980000;5274864,568799999500000;7,661176328000067;47,619370657000047
156021;08;4;16;041;2018;07;16;6;3;5;3;0;1;1;0;0;0;0;0;503682,917900000000000;5376596,332000000400000;9,049897183000041;48,542458837000027
156022;08;3;36;019;2018;07;19;2;3;4;6;0;1;1;0;0;0;0;0;394294,720700000010000;5276615,813699999800000;7,592856366000035;47,634310581000079
156023;08;4;16;041;2018;07;07;6;3;6;7;0;1;0;1;0;0;0;0;503986,853300000020000;5373824,441800000100000;9,053988467000067;48,517520085000058
156024;08;2;12;000;2018;07;17;2;3;5;3;0;1;1;0;0;0;0;0;457939,896100000010000;5428942,257000000200000;8,424818087000062;49,011938183000041
156026;08;4;15;050;2018;07;13;6;3;5;3;0;1;1;0;0;0;0;0;521204,155199999980000;5375645,036200000000000;9,287229477000039;48,533553169000072
156027;08;2;12;000;2018;07;16;2;3;5;3;0;1;0;0;0;0;1;0;458729,677499999990000;5429330,536100000100000;8,435578497000051;49,015484145000073
156028;08;3;35;063;2018;07;17;6;3;0;7;0;1;0;0;0;0;0;0;497303,057500000000000;5287511,498800000200000;8,964025489000051;47,740970934000075
156029;08;2;31;000;2018;07;10;2;3;0;7;0;1;0;0;0;0;1;0;478388,388500000000000;5415436,977699999700000;8,705167080000024;48,891505544000040
156031;08;3;35;063;2018;07;15;6;2;5;3;0;1;0;0;0;0;0;0;497694,159999999970000;5287180,377000000300000;8,969244158000038;47,737993151000069
156033;08;3;35;043;2018;07;12;6;3;5;2;0;1;1;0;0;0;0;0;512694,433200000030000;5278222,338000000500000;9,169060245000026;47,657271299000058
156034;08;2;26;107;2018;07;17;2;2;5;2;0;1;0;0;0;1;0;0;475122,565000000000000;5482904,260999999900000;8,656436848000055;49,498261470000045
156035;08;3;35;063;2018;07;12;6;3;2;6;0;1;0;0;0;0;0;0;498385,506999999980000;5287214,267000000000000;8,978465382000024;47,738300180000067
156037;08;2;21;000;2018;07;09;2;3;6;7;0;0;1;1;0;0;0;0;477102,893800000020000;5472784,998499999800000;8,684370174000037;49,407319007000069
156039;08;2;21;000;2018;07;15;2;3;1;5;0;1;0;0;0;0;1;0;477665,402799999980000;5473733,451600000300000;8,692070715000057;49,415871099000071
156041;08;2;21;000;2018;07;14;2;3;5;2;0;1;1;0;0;0;0;0;476563,638600000010000;5473379,577399999800000;8,676901726000040;49,412646615000028
156042;08;3;17;047;2018;07;07;6;3;5;2;0;1;1;0;0;0;0;0;419873,451100000010000;5364139,528199999600000;7,916913109000063;48,425305679000076
156045;08;3;11;000;2018;07;12;6;3;0;1;0;1;0;0;0;0;0;0;414552,893400000000000;5316084,518299999600000;7,854688852000038;47,992349409000042
156047;08;3;11;000;2018;07;17;6;3;5;3;0;1;0;0;1;0;0;0;409792,255200000010000;5316827,289900000200000;7,790736676000051;47,998376908000068
156050;08;3;11;000;2018;07;22;6;3;3;2;2;1;1;0;0;0;0;0;414444,254900000000000;5318386,936700000400000;7,852773797000054;48,013046006000081
156051;08;2;15;017;2018;07;16;2;3;5;3;0;1;1;0;0;0;0;0;459485,641300000020000;5420039,071999999700000;8,446842202000028;48,931955328000072
156053;08;2;12;000;2018;07;19;2;3;5;3;0;1;0;0;0;0;0;0;455099,617499999990000;5429165,428700000000000;8,385954175000052;49,013745485000072
156054;08;2;12;000;2018;07;16;6;2;5;7;0;1;1;0;0;0;0;0;452424,941300000010000;5431508,163900000000000;8,349103624000065;49,034617943000057
156056;08;2;12;000;2018;07;09;6;2;0;3;0;1;0;0;1;0;0;0;456852,151000000010000;5428644,648900000400000;8,409975365000037;49,009186057000079
156057;08;2;11;000;2018;07;18;2;3;3;2;0;1;1;0;0;0;0;0;443925,501099999990000;5401606,403300000400000;8,236934424000026;48,764938042000040
156058;08;3;17;034;2018;07;12;2;3;0;7;0;1;0;0;0;0;0;0;427757,302199999980000;5360825,990399999500000;8,024034350000022;48,396453271000041
156060;08;2;11;000;2018;07;07;2;3;6;4;0;1;0;1;0;0;0;1;443924,506500000020000;5401495,014200000100000;8,236936071000059;48,763935987000082
156061;08;2;12;000;2018;07;08;6;2;0;1;0;1;0;0;0;0;0;0;454641,268300000000000;5428784,923899999800000;8,379728817000057;49,010289292000039
156062;08;1;15;045;2018;07;17;2;3;6;4;0;0;1;1;0;0;0;0;500868,598000000000000;5396917,986800000100000;9,011810600000047;48,725286530000062
156064;08;2;26;091;2018;07;12;6;3;0;1;0;1;0;0;0;0;0;0;493797,895000000020000;5460334,128499999600000;8,914699059000043;49,295721907000029
156065;08;4;36;081;2018;07;15;6;2;5;3;0;1;1;0;0;0;0;0;561664,969999999970000;5282881,762000000100000;9,821849933000067;47,696376772000065
156066;08;4;35;016;2018;07;17;6;3;5;2;0;1;0;0;0;0;0;0;535520,564200000020000;5278326,997299999900000;9,473052325000026;47,657362345000081
156069;08;4;21;000;2018;07;14;6;3;5;3;0;1;1;0;0;0;0;0;574142,990600000020000;5362250,170400000200000;10,001885284000025;48,409043414000053
156072;08;4;16;041;2018;07;14;6;3;0;7;0;1;0;0;0;0;0;0;503024,151799999990000;5374160,965599999800000;9,040954370000065;48,520552953000049
156073;08;4;16;041;2018;07;07;6;3;4;2;0;1;1;0;0;0;0;0;503212,318900000010000;5374537,138500000400000;9,043505507000077;48,523936206000030
156076;08;3;36;050;2018;07;13;6;3;0;1;0;1;0;0;0;0;0;0;399799,400299999980000;5273327,157999999800000;7,666865739000059;47,605603277000057
156078;08;4;36;012;2018;07;08;6;2;5;2;0;1;1;0;0;0;0;0;549469,353899999990000;5298947,885200000400000;9,661152871000070;47,841971891000071
156079;08;3;26;074;2018;07;07;6;3;0;1;0;1;0;0;0;0;0;0;466928,725700000010000;5323535,722600000000000;8,556106767000074;48,064241340000081
156080;08;3;17;096;2018;07;12;6;3;3;6;0;1;1;0;0;0;0;0;422478,762800000030000;5369560,413800000200000;7,951119584000026;48,474392444000046
156081;08;1;25;110;2018;07;08;3;3;5;7;0;1;1;0;0;0;0;0;526235,403999999980000;5442851,656999999700000;9,359683404000066;49,137933496000073
156084;08;1;19;085;2018;07;13;3;3;6;4;0;0;1;1;0;0;0;0;528290,452500000010000;5412659,694199999800000;9,385753859000033;48,866253266000058
156085;08;1;19;038;2018;07;21;3;2;0;1;1;1;0;0;0;0;0;0;523802,242299999980000;5420317,424800000200000;9,325002422000068;48,935327853000047
156086;08;1;18;073;2018;07;01;3;3;0;7;2;1;0;0;0;0;0;0;496810,627800000020000;5419765,172000000300000;8,956455388000052;48,930809592000060
156087;08;3;16;014;2018;07;13;6;2;4;2;0;1;1;0;0;0;0;0;424350,360999999980000;5329332,758000000400000;7,983646166000028;48,112760661000038
156089;08;1;18;060;2018;07;18;3;2;0;7;0;1;0;0;0;0;0;0;523413,865999999980000;5430277,519000000300000;9,320273068000063;49,024938772000041
156090;08;3;11;000;2018;07;23;6;2;0;1;2;1;0;0;0;0;0;1;412850,535099999980000;5316159,204599999800000;7,831860576000054;47,992791487000034
156091;08;3;11;000;2018;07;10;6;3;5;3;0;1;1;0;0;0;0;0;404499,408100000000000;5316121,538300000100000;7,719959266000046;47,991259978000073
156093;08;3;11;000;2018;07;16;6;3;6;1;0;0;1;1;0;0;0;0;417927,518999999970000;5314955,387000000100000;7,900128509000069;47,982634303000054
156095;08;1;15;041;2018;07;16;3;2;5;3;0;1;0;0;0;0;0;0;495398,537599999980000;5401949,678299999800000;8,937376267000047;48,770535278000068
156103;08;2;22;000;2018;07;13;6;3;5;2;0;1;1;0;0;0;0;0;461995,447500000010000;5483624,266900000200000;8,475085664000062;49,504057133000060
156106;08;1;11;000;2018;07;07;3;2;0;4;0;0;0;1;0;0;1;0;514031,509299999980000;5408793,761400000200000;9,191195599000025;48,831962629000031
156107;08;1;11;000;2018;07;17;3;3;5;3;0;1;1;0;0;0;0;0;507425,826100000010000;5397843,617200000200000;9,100987885000052;48,733569892000048