OBJECTID_1;ULAND;UREGBEZ;UKREIS;UGEMEINDE;UJAHR;UMONAT;USTUNDE;UWOCHENTAG;UKATEGORIE;UART;UTYP1;ULICHTVERH;IstRad;IstPKW;IstFuss;IstKrad;IstGkfz;IstSonstig;STRZUSTAND;LINREFX;LINREFY;XGCSWGS84;YGCSWGS84
156414;08;4;36;049;2018;07;12;4;3;5;3;0;1;1;0;0;0;0;0;578237,351999999960000;5283087,247000000400000;10,042724157000066;47,696431035000046
156416;08;2;22;000;2018;07;17;7;3;5;3;0;1;1;0;0;0;0;0;461237,686400000010000;5482193,262699999800000;8,464760427000044;49,491138087000081
156417;08;4;35;059;2018;07;11;4;3;0;1;0;1;0;0;0;0;0;0;512885,086799999990000;5290994,783900000200000;9,171977011000024;47,772188838000034
156418;08;2;21;000;2018;07;10;7;3;5;2;0;1;1;0;0;0;0;0;476557,174899999980000;5473379,148600000000000;8,676812643000062;49,412642509000079
156419;08;4;35;059;2018;07;10;4;3;6;4;0;0;1;1;0;0;0;0;512092,855099999990000;5290598,099200000100000;9,161392111000055;47,768635018000055
156422;08;4;35;066;2018;07;16;4;2;6;6;0;1;0;1;0;0;0;0;517693,269099999980000;5286232,096699999600000;9,235957463000034;47,729222450000066
156423;08;4;16;041;2018;07;13;4;3;1;5;0;1;1;0;0;0;0;0;504034,405499999990000;5374390,631799999600000;9,054637878000051;48,522613433000060
156425;08;4;16;041;2018;07;09;4;3;6;4;0;1;0;1;0;0;0;0;504285,531000000020000;5373944,534000000000000;9,058034280000072;48,518598511000050
156427;08;1;26;066;2018;07;21;7;3;6;4;1;0;1;1;0;0;0;0;536567,882699999960000;5449991,873100000400000;9,501984158000028;49,201631621000047
156429;08;3;37;066;2018;07;12;4;2;6;1;0;0;0;1;0;1;0;0;428463,307299999990000;5268180,343000000300000;8,049003096000035;47,563097406000054
156430;08;1;19;008;2018;07;16;7;3;0;4;0;1;1;1;0;0;0;0;531441,687599999950000;5421715,474999999600000;9,429418714000065;48,947562880000078
156435;08;3;26;074;2018;07;18;4;3;5;3;0;1;0;0;0;0;0;0;464691,699100000030000;5322961,199000000000000;8,526129152000067;48,058952560000080
156437;08;3;26;012;2018;07;18;4;3;3;2;0;1;1;0;0;0;0;0;462183,773300000000000;5310946,667299999900000;8,493531035000046;47,950716155000066
156439;08;3;17;031;2018;07;21;4;2;0;1;2;1;0;0;0;0;0;0;416592,484400000020000;5358466,345099999600000;7,873699546000069;48,373850500000060
156440;08;1;15;003;2018;07;05;7;3;5;7;0;1;1;0;0;0;0;0;500760,705699999990000;5392889,030899999700000;9,010336129000052;48,689041878000069
156441;08;3;16;012;2018;07;15;4;3;3;5;0;1;1;0;0;0;0;0;403534,563299999980000;5332933,198900000200000;7,703236767000021;48,142332375000080
156444;08;3;15;015;2018;07;12;4;2;1;5;0;1;1;0;0;0;0;0;394473,610700000020000;5320692,280000000300000;7,584494231000065;48,030795342000033
156445;08;4;36;082;2018;07;11;6;3;5;3;0;1;1;0;0;0;0;0;546591,610600000010000;5293980,264399999800000;9,622160319000045;47,797493546000055
156449;08;3;11;000;2018;07;11;4;3;5;3;0;1;1;0;0;0;0;0;414179,316100000000000;5317889,366499999500000;7,849321532000033;48,008534657000041
156450;08;4;36;064;2018;07;17;6;3;0;1;0;1;0;0;0;0;0;0;544712,825100000020000;5292153,460500000000000;9,596885199000042;47,781190970000068
156451;08;2;37;028;2018;07;09;4;3;3;2;0;1;0;0;0;0;0;0;457400,023600000010000;5367748,676500000100000;8,423761851000052;48,461430067000038
156459;08;3;36;069;2018;07;21;6;3;1;5;1;1;1;0;0;0;0;0;408969,085900000010000;5269371,274700000000000;7,789656544000025;47,571369668000045
156460;08;2;16;005;2018;07;19;4;3;0;7;0;1;0;0;0;0;0;0;446628,554400000020000;5416747,145499999600000;8,271743203000028;48,901368987000069
156462;08;2;16;043;2018;07;10;4;3;5;3;0;1;1;0;0;0;0;0;442891,938800000000000;5412800,589800000200000;8,221312963000059;48,865536625000061
156463;08;3;35;043;2018;07;23;6;3;0;1;2;1;0;0;0;0;0;0;513775,791000000030000;5281109,790000000000000;9,183552408000026;47,683229488000052
156464;08;3;35;075;2018;07;15;6;3;0;1;0;1;0;0;0;0;0;0;487962,141200000010000;5291316,951700000100000;8,839321948000077;47,775103931000046
156467;08;2;15;106;2018;07;13;4;3;5;3;0;1;1;0;0;0;0;0;466228,978500000030000;5454679,028400000200000;8,536013703000037;49,243952933000060
156471;08;3;16;011;2018;07;11;6;3;5;3;0;1;1;0;0;0;0;0;415535,161700000000000;5328872,019899999700000;7,865327932000071;48,107507915000042
156472;08;1;35;019;2018;07;13;4;3;3;2;0;1;1;0;0;0;0;0;585221,140000000010000;5392117,194000000100000;10,157664294000028;48,676281867000057
156473;08;1;35;031;2018;07;18;4;3;0;1;0;1;0;0;0;0;0;0;593848,922600000050000;5380964,899700000000000;10,272313133000068;48,574741120000056
156474;08;3;15;074;2018;07;11;6;3;6;4;0;0;1;1;0;0;0;0;397746,839600000010000;5295234,894899999700000;7,634427066000058;47,802345083000034
156475;08;1;28;115;2018;07;10;4;3;6;5;0;0;1;1;0;0;0;0;548415,014700000060000;5497424,023500000100000;9,670390577000035;49,627432049000049
156479;08;3;11;000;2018;07;20;6;3;1;5;0;1;1;0;0;0;0;0;411738,563199999980000;5319076,883200000000000;7,816358725000043;48,018884235000030
156482;08;2;12;000;2018;07;07;6;3;5;2;0;1;1;0;0;0;0;0;458104,737499999990000;5428852,717299999700000;8,427081456000053;49,011143975000039
156485;08;1;21;000;2018;07;11;4;3;5;3;0;1;1;0;0;0;0;0;515134,649099999980000;5441211,792999999600000;9,207433619000028;49,123556131000043
156486;08;1;21;000;2018;07;07;4;3;5;2;0;1;0;0;0;0;0;0;515433,185899999980000;5440895,117600000500000;9,211513184000069;49,120700097000054
156491;08;2;22;000;2018;07;12;6;3;5;5;0;1;1;0;0;0;0;0;462889,324299999980000;5482709,024000000200000;8,487517235000041;49,495880361000047
156492;08;1;19;008;2018;07;19;4;3;5;2;0;1;1;0;0;0;0;0;534848,207999999980000;5422690,483900000300000;9,476025522000043;48,956150881000042
156495;08;1;17;019;2018;07;18;4;3;6;4;0;0;1;1;0;0;0;0;552010,766700000040000;5394052,603400000400000;9,706817513000033;48,697341814000026
156499;08;1;16;080;2018;07;13;4;3;1;7;0;1;1;0;0;0;0;0;516226,787300000030000;5396767,263299999800000;9,220633946000021;48,723719989000074
156500;08;2;16;015;2018;07;08;6;2;0;6;0;1;0;0;0;0;1;0;450312,297700000000000;5404759,463800000000000;8,323458577000054;48,793843530000061
156501;08;1;16;077;2018;07;15;4;3;5;3;0;1;1;0;0;0;0;0;516471,372399999990000;5389315,881000000100000;9,223662438000076;48,656680687000062
156504;08;1;16;077;2018;07;16;4;3;6;4;0;1;0;1;0;0;0;0;515482,696600000020000;5391528,762099999900000;9,210320269000022;48,676613224000050
156505;08;2;15;017;2018;07;14;6;3;5;3;0;1;1;0;0;0;0;0;455688,884000000020000;5421698,420300000300000;8,394826112000033;48,946621267000069
156506;08;1;16;056;2018;07;06;4;3;5;3;0;1;1;0;0;0;0;0;531167,762299999940000;5395358,563099999900000;9,423673994000069;48,710479529000054
156510;08;2;12;000;2018;07;19;6;3;0;2;0;1;0;0;1;0;0;0;455528,239200000010000;5428387,194699999900000;8,391900806000024;49,006776241000068
156511;08;1;11;000;2018;07;18;4;3;6;4;0;0;1;1;0;0;0;0;514361,845900000010000;5408963,519999999600000;9,195702740000058;48,833482195000045
156513;08;1;11;000;2018;07;20;4;3;5;3;0;1;1;0;0;0;0;0;511550,356000000030000;5400893,368999999900000;9,157164982000040;48,760942587000045
156517;08;3;17;057;2018;07;18;6;3;6;7;0;0;1;1;0;0;0;0;412307,669500000020000;5380610,892599999900000;7,811207276000062;48,572448967000071
156519;08;1;36;028;2018;07;12;3;3;5;3;0;1;1;0;0;0;0;0;568495,581099999950000;5404641,897400000100000;9,932576926000024;48,790998640000055
156521;08;4;37;088;2018;07;07;3;3;5;2;0;1;1;0;0;0;0;0;519442,705299999970000;5307303,166100000000000;9,260233554000024;47,918756358000053
156523;08;4;21;000;2018;07;07;3;3;1;7;0;1;1;0;0;0;0;0;572169,082900000040000;5362027,234100000000000;9,975177838000036;48,407267190000027
156526;08;4;16;041;2018;07;09;3;2;3;2;0;1;0;0;0;0;1;0;505104,563299999980000;5375251,084200000400000;9,069141532000060;48,530346576000056
156527;08;1;28;139;2018;07;19;6;3;6;1;0;0;1;1;1;0;0;0;553231,854900000030000;5488063,988199999600000;9,735815389000038;49,542842885000027
156528;08;4;15;085;2018;07;08;3;3;8;1;0;1;0;0;0;0;0;0;532292,277899999990000;5344575,020200000100000;9,435034998000049;48,253565054000035
156530;08;1;27;076;2018;07;03;6;3;9;1;2;1;0;0;0;0;0;0;553290,643099999990000;5440742,121799999800000;9,730304292000028;49,117207721000057
156532;08;3;36;014;2018;07;15;3;2;5;3;0;1;1;0;0;0;0;0;392591,121199999990000;5278390,121899999700000;7,569749721000051;47,649990024000033
156534;08;4;25;071;2018;07;13;6;3;5;3;0;1;1;0;0;0;0;0;550892,623000000020000;5371078,576000000400000;9,688808147000032;48,490768876000061
156535;08;3;35;075;2018;07;07;3;3;0;1;0;1;0;0;0;0;0;0;486297,825300000030000;5289273,701899999800000;8,817171659000053;47,756686524000031
156536;08;1;16;077;2018;07;13;6;3;6;7;0;0;0;1;0;0;1;0;516087,118200000030000;5391549,647300000300000;9,218531613000039;48,676785826000071
156537;08;3;35;043;2018;07;03;3;2;6;6;2;1;0;1;0;0;0;0;511903,428599999980000;5280592,010200000400000;9,158590526000069;47,678607879000026
156538;08;1;15;029;2018;07;08;6;3;0;7;0;1;0;0;0;0;0;0;496837,978300000020000;5398997,176699999700000;8,956989050000061;48,743983569000079
156541;08;3;35;075;2018;07;17;3;2;5;3;0;1;1;0;0;0;0;0;487356,978999999990000;5291102,441999999800000;8,831250689000058;47,773162288000037
156542;08;1;15;021;2018;07;19;6;3;1;7;0;1;1;0;0;0;0;0;487747,396200000020000;5385313,645399999800000;8,833741691000057;48,620772979000037
156543;08;3;35;043;2018;07;07;3;3;5;2;0;1;1;0;0;0;0;0;512294,298899999990000;5279241,658099999700000;9,163760092000075;47,666450546000078
156545;08;1;15;024;2018;07;17;6;3;4;2;0;1;1;0;0;0;0;0;500729,966499999980000;5387833,241299999900000;9,009909537000056;48,643559325000069
156547;08;3;16;011;2018;07;07;3;3;5;3;0;1;1;0;0;0;0;0;414930,747700000010000;5329105,142599999900000;7,857163611000033;48,109524459000056
156548;08;1;11;000;2018;07;14;6;3;5;3;0;1;1;0;0;0;0;0;507230,434599999980000;5407830,689100000100000;9,098506291000035;48,823415396000030
156549;08;3;15;108;2018;07;19;3;3;0;7;0;1;0;0;0;0;0;0;404656,388199999990000;5303956,775600000300000;7,724756773000024;47,881860742000072
156551;08;3;11;000;2018;07;10;3;3;0;1;0;1;0;0;0;0;0;0;414261,243000000020000;5319448,792200000000000;7,850107878000074;48,022573232000070
156552;08;1;11;000;2018;07;17;6;3;3;6;0;1;1;0;0;0;0;0;511752,711300000020000;5401105,856999999800000;9,159924475000025;48,762850331000038
156553;08;3;11;000;2018;07;17;3;3;6;4;0;1;0;1;0;0;0;0;414108,620200000000000;5316808,741600000300000;7,848590221000052;47,998804547000077
156554;08;3;11;000;2018;07;17;3;3;6;7;0;1;0;1;0;0;0;0;414440,368499999980000;5318390,353900000500000;7,852721013000064;48,013076224000031
156555;08;1;11;000;2018;07;13;6;3;0;1;0;1;0;0;0;0;0;0;507945,985999999980000;5398273,622000000400000;9,108070103000046;48,737431805000028
156556;08;3;36;069;2018;07;14;3;3;6;4;0;0;1;1;0;0;0;0;408869,148999999980000;5267971,663599999600000;7,788618450000058;47,558764938000081
156557;08;4;25;039;2018;07;18;5;3;5;3;0;1;1;0;0;0;0;0;566033,483600000040000;5352389,330799999600000;9,890768908000041;48,321241947000033
156559;08;1;36;044;2018;07;20;5;3;0;1;0;1;0;0;0;0;0;0;558782,892100000060000;5407662,739900000400000;9,800784442000065;48,819165274000056
156562;08;4;36;082;2018;07;08;5;3;6;2;0;0;1;1;0;0;0;0;546695,455599999990000;5293978,769000000300000;9,623546766000061;47,797472568000046
156563;08;2;31;000;2018;07;08;3;3;6;4;0;0;1;1;0;0;0;0;477666,257199999990000;5416081,454400000200000;8,695280431000072;48,897277426000073
156564;08;2;26;103;2018;07;08;3;3;6;2;0;0;1;1;0;0;0;0;473078,591599999990000;5456985,430700000400000;8,629964432000065;49,265038717000039
156567;08;4;37;104;2018;07;17;5;2;6;4;0;0;1;1;0;0;0;0;516311,742700000000000;5326081,181300000300000;9,219041194000056;48,087791664000065
156568;08;2;22;000;2018;07;17;3;2;5;3;0;1;1;0;0;0;0;0;467674,611299999990000;5482671,097199999700000;8,553600863000042;49,495813087000045
156571;08;2;26;032;2018;07;15;3;2;5;3;0;1;1;0;0;0;0;0;467162,404500000000000;5462860,051000000000000;8,548165990000030;49,317591184000037
156573;08;2;22;000;2018;07;09;3;3;5;3;0;1;1;0;0;0;0;0;461462,146699999980000;5481355,979199999900000;8,467941310000072;49,483621468000081
156574;08;4;16;041;2018;07;17;5;3;0;1;0;1;0;0;0;0;0;0;506645,719999999970000;5373128,909300000400000;9,089982721000069;48,511240303000079
156575;08;2;15;021;2018;07;13;3;3;5;2;0;1;1;0;0;0;0;0;469570,534500000010000;5444523,858599999900000;8,582691844000067;49,152781768000068
156576;08;4;15;061;2018;07;09;5;3;0;1;0;1;0;0;0;0;0;0;514900,776100000020000;5369474,013500000400000;9,201624835000075;48,478217936000078
156577;08;2;15;007;2018;07;20;3;3;6;1;0;1;0;1;0;0;0;0;477678,354600000020000;5431530,945200000000000;8,694597943000076;49,036254391000057
156578;08;2;15;007;2018;07;18;3;3;6;4;0;0;0;1;0;0;1;0;476839,927600000000000;5435382,094399999800000;8,682906610000032;49,070866071000069
156580;08;2;12;000;2018;07;18;3;3;5;3;0;1;1;0;0;0;0;0;457853,737000000020000;5427850,483099999800000;8,423753240000053;49,002111634000073
156585;08;2;12;000;2018;07;16;3;3;5;2;0;1;1;0;0;0;0;0;455097,044999999980000;5429282,148099999900000;8,385906082000076;49,014795198000058
156586;08;3;36;008;2018;07;18;5;3;5;3;0;1;1;0;0;0;0;0;396919,417399999980000;5276736,664500000000000;7,627757270000075;47,635820836000050
156587;08;2;12;000;2018;07;07;3;2;0;7;0;1;0;0;0;0;0;0;459676,511500000020000;5429787,194000000100000;8,448481578000042;49,019654472000070
156588;08;3;35;043;2018;07;10;5;3;5;2;0;1;0;0;0;0;0;0;513634,703299999990000;5279955,056400000100000;9,181636463000075;47,672842592000052
156589;08;2;11;000;2018;07;09;3;3;1;5;0;1;1;0;0;0;0;0;445382,451100000010000;5399440,568400000200000;8,257046281000044;48,745585390000031
156590;08;4;35;045;2018;07;10;5;3;3;6;0;1;0;0;0;1;0;0;535241,525000000020000;5285806,876000000200000;9,469940509000026;47,724676852000073
156591;08;3;17;057;2018;07;07;3;3;0;7;0;1;0;0;0;0;0;0;412455,437600000000000;5380348,082999999600000;7,813265356000045;48,570105826000031
156592;08;2;16;063;2018;07;04;3;3;8;6;2;1;0;0;0;0;1;0;433889,998000000020000;5403877,635999999900000;8,100021756000047;48,784382431000040
156593;08;4;17;079;2018;07;19;5;2;6;4;0;0;1;1;0;0;0;0;502015,156499999980000;5339629,143600000100000;9,027124656000069;48,209887603000027
156594;08;1;35;019;2018;07;16;3;2;6;4;0;1;0;1;0;0;0;0;585814,499100000020000;5391025,012400000400000;10,165496277000045;48,666377220000072
156595;08;4;17;079;2018;07;21;5;2;7;7;0;1;0;0;0;0;1;0;499240,754699999990000;5343595,520200000100000;8,989773206000052;48,245575160000044
156597;08;3;26;012;2018;08;07;4;2;5;3;0;1;1;0;0;0;0;0;462550,063599999990000;5309092,548299999900000;8,498597872000062;47,934056298000030
156599;08;3;17;096;2018;08;18;4;3;5;3;0;1;1;0;0;0;0;0;422607,932500000000000;5368914,289900000200000;7,952986565000060;48,468596510000054
156601;08;3;16;011;2018;08;18;4;3;1;5;0;1;1;0;0;0;0;0;414055,802399999990000;5329832,824300000400000;7,845265230000052;48,115952609000033
156604;08;4;15;078;2018;08;15;4;3;5;3;0;1;0;0;1;0;0;0;528574,118000000020000;5371609,918600000400000;9,386783812000033;48,496960207000029
156605;08;3;11;000;2018;08;11;4;3;0;7;0;1;0;0;0;0;1;1;411283,960000000020000;5315366,367999999800000;7,811030903000074;47,985444281000071
156607;08;3;11;000;2018;08;16;4;3;5;3;0;1;1;0;0;0;0;0;410121,980700000010000;5316080,650000000400000;7,795312103000072;47,991707171000030
156608;08;3;11;000;2018;08;20;4;3;5;3;0;1;1;0;0;0;0;0;414027,015100000020000;5317628,165900000400000;7,847332278000067;48,006164595000030
156609;08;3;11;000;2018;08;18;4;3;5;2;0;1;1;0;0;0;0;0;412217,754299999970000;5318699,746500000400000;7,822860804000072;48,015557817000058
156613;08;2;26;098;2018;08;11;4;3;3;2;0;1;1;0;0;0;0;0;478007,336300000020000;5460076,838499999600000;8,697539072000041;49,293043199000067
156618;08;3;15;015;2018;08;23;7;2;8;1;2;1;0;0;0;0;0;0;395118,552600000000000;5320981,575199999800000;7,593071775000055;48,033503634000056
156619;08;1;28;007;2018;08;09;4;3;5;3;0;1;1;0;0;0;0;0;556685,322099999990000;5481722,202300000000000;9,782636876000026;49,485491673000070
156621;08;3;11;000;2018;08;17;7;2;5;3;0;1;1;0;0;0;0;0;412899,366299999990000;5316237,155000000300000;7,832499143000064;47,993499330000077
156622;08;3;15;098;2018;08;17;7;3;4;6;0;1;1;0;0;0;0;0;403470,477100000020000;5311786,708800000100000;7,707145394000065;47,952113969000038
156623;08;3;11;000;2018;08;13;7;3;1;5;0;1;1;0;0;0;0;0;413447,570300000020000;5317003,705299999600000;7,839691116000040;48,000469156000065
156626;08;1;25;078;2018;08;18;4;3;6;7;0;1;0;1;0;0;0;0;520809,534199999990000;5454990,766800000300000;9,285925275000068;49,247335013000054
156628;08;1;19;020;2018;08;11;4;3;1;5;0;1;1;0;0;0;0;0;520072,655900000010000;5407089,617999999800000;9,273428991000060;48,816466608000042
156629;08;1;19;020;2018;08;16;4;3;6;4;0;0;1;1;0;0;0;0;520112,814300000030000;5406070,258399999700000;9,273926062000044;48,807295346000046
156630;08;2;12;000;2018;08;12;7;3;6;6;0;1;0;1;0;0;0;0;457630,811600000020000;5430180,697900000000000;8,420462191000070;49,023056972000063
156631;08;1;18;060;2018;08;18;4;3;5;3;0;1;1;0;0;0;0;0;523869,004699999990000;5430175,005300000300000;9,326492671000040;49,023999171000071
156633;08;2;36;071;2018;08;17;7;3;4;2;0;1;1;0;0;0;0;0;468389,885000000010000;5422354,599999999600000;8,568231430000026;48,953303503000029
156639;08;1;11;000;2018;08;17;4;3;5;2;0;1;1;0;0;0;0;0;513112,912399999970000;5403175,004800000200000;9,178499231000046;48,781437071000028
156640;08;2;21;000;2018;08;15;7;3;1;5;0;1;1;0;0;0;0;0;476824,625100000000000;5475159,815000000400000;8,680395700000076;49,428669525000032
156643;08;2;16;015;2018;08;18;7;3;0;7;0;1;0;0;0;0;0;0;450076,416299999980000;5406005,898299999500000;8,320095557000059;48,805036684000072
156645;08;2;15;009;2018;08;07;7;3;0;1;0;1;0;0;0;0;0;0;473986,787200000020000;5438652,737099999600000;8,643633452000074;49,100172587000031
156646;08;1;11;000;2018;08;06;4;3;0;3;1;1;1;0;0;0;0;1;517597,647600000030000;5404149,539500000000000;9,239588833000028;48,790093151000065
156647;08;2;15;009;2018;08;14;7;3;8;1;0;1;0;0;0;0;0;0;470059,642999999980000;5440868,297600000200000;8,589670790000071;49,119923414000027
156648;08;3;35;077;2018;07;11;3;3;5;3;0;1;1;0;0;0;0;0;494628,907899999990000;5294155,200899999600000;8,928272886000059;47,800731193000047
156650;08;2;15;102;2018;08;17;7;3;5;3;0;1;1;0;0;0;0;0;455890,612599999990000;5436163,549100000400000;8,396009063000065;49,076750955000080
156651;08;1;36;065;2018;07;18;3;2;0;1;0;1;0;0;0;0;0;0;562791,706499999970000;5406810,038700000400000;9,855258859000060;48,811103042000070
156652;08;2;16;049;2018;08;01;7;3;0;1;2;1;0;0;0;0;0;0;438708,297599999990000;5401608,077200000200000;8,165945639000029;48,764461195000081
156653;08;1;36;065;2018;07;10;3;3;6;7;0;0;1;1;0;0;0;0;561487,996099999990000;5404364,208999999800000;9,837137366000036;48,789233255000056
156659;08;1;16;078;2018;08;10;7;3;5;3;0;1;1;0;0;0;0;0;509016,377299999990000;5394614,037100000300000;9,122548022000046;48,704495485000052
156660;08;4;26;070;2018;07;21;3;3;5;3;1;1;1;0;0;0;0;0;565664,013000000040000;5342191,478199999800000;9,884201104000056;48,229543822000039
156661;08;4;26;070;2018;07;12;3;3;0;1;0;1;0;0;0;0;0;0;565493,148999999980000;5342101,289500000000000;9,881886672000064;48,228750176000062
156662;08;1;15;003;2018;08;10;7;3;2;6;0;1;1;0;0;0;0;0;500320,308499999980000;5392285,069100000000000;9,004351741000050;48,683608954000078
156663;08;1;16;019;2018;08;15;5;3;5;3;0;1;1;0;0;0;0;0;523048,771000000010000;5397907,972000000100000;9,313454291000028;48,733766758000058
156664;08;4;17;079;2018;07;11;3;3;3;6;0;1;0;0;0;1;0;0;499385,161299999980000;5340301,948699999600000;8,991723097000033;48,215943633000052
156666;08;1;11;000;2018;08;06;7;2;0;1;0;1;0;0;0;0;0;0;514996,073500000000000;5404031,614600000000000;9,204164817000049;48,789100494000081
156667;08;4;15;061;2018;07;18;3;3;5;3;0;1;1;0;0;0;0;0;514805,617299999980000;5369568,264399999800000;9,200340572000073;48,479068102000042
156668;08;4;15;080;2018;07;18;3;3;0;6;0;1;0;0;0;0;1;0;511332,550899999970000;5373699,447300000100000;9,153457491000040;48,516305966000061
156670;08;4;36;009;2018;08;15;6;3;8;1;0;1;0;0;0;0;0;0;555468,946299999950000;5307950,490399999500000;9,742486757000052;47,922475150000025
156672;08;4;35;052;2018;08;18;6;3;8;1;0;1;0;0;0;0;0;0;518902,782400000030000;5290337,480600000400000;9,252265804000047;47,766126334000035
156673;08;4;15;078;2018;07;07;3;3;0;1;0;1;0;0;0;0;0;0;529301,537000000010000;5371365,114000000100000;9,396612850000054;48,494724392000080
156676;08;3;35;079;2018;07;12;3;3;0;4;0;1;0;1;0;0;0;0;500764,264499999990000;5299763,404199999800000;9,010216109000055;47,851212739000061
156677;08;4;35;016;2018;08;09;6;3;0;7;0;1;0;0;0;0;1;1;536248,109599999970000;5277712,245000000100000;9,482690231000049;47,651790809000033
156682;08;4;21;000;2018;08;17;6;3;5;3;0;1;1;0;0;0;0;0;572257,892699999970000;5360539,100800000100000;9,976121525000053;48,393870884000080
156683;08;3;35;100;2018;07;20;3;3;0;1;0;1;0;0;0;0;0;0;488688,337100000000000;5285829,247499999600000;8,849157722000030;47,725741203000041
156685;08;3;37;126;2018;08;18;6;3;5;3;0;1;1;0;0;0;0;0;443398,498700000000000;5274000,092899999600000;8,246778118000066;47,616932326000040
156687;08;4;17;002;2018;07;17;3;2;5;3;0;1;1;0;0;0;0;0;489477,608499999970000;5344202,666600000100000;8,858251845000041;48,250950621000072
156688;08;3;27;038;2018;08;13;6;3;0;2;0;1;1;0;0;0;0;0;500433,154199999990000;5314948,874099999700000;9,005805343000077;47,987841488000072
156690;08;3;17;031;2018;07;16;3;3;6;4;0;0;1;1;0;0;0;0;417338,595399999990000;5358061,028300000400000;7,883852412000067;48,370302904000027
156692;08;1;11;000;2018;08;03;5;3;5;3;2;1;1;0;0;0;0;1;513263,088500000010000;5403396,672899999700000;9,180550642000071;48,783427994000078
156693;08;3;26;074;2018;08;17;6;3;5;3;0;1;1;0;0;0;0;0;465726,570599999980000;5324341,364799999600000;8,539906987000052;48,071426067000061
156696;08;3;11;000;2018;07;07;3;3;1;6;0;1;0;0;0;0;0;0;413344,036700000000000;5317082,704099999700000;7,838287499000046;48,001165750000041
156697;08;3;11;000;2018;08;16;6;3;5;3;0;1;0;0;0;0;0;0;411882,664600000020000;5316640,778699999700000;7,818791334000025;47,996990735000054
156698;08;3;11;000;2018;07;08;3;3;5;3;0;1;1;0;0;0;0;0;414619,150000000020000;5318632,211000000100000;7,855069651000065;48,015275732000077
156700;08;1;11;000;2018;08;11;5;3;5;3;0;1;1;0;0;0;0;0;511586,845299999990000;5408854,630199999500000;9,157886082000061;48,832560627000078
156701;08;3;11;000;2018;07;07;3;3;5;3;0;1;1;0;0;0;0;0;409130,414700000020000;5315452,178700000000000;7,782157680000069;47,985913827000047
156702;08;3;15;115;2018;08;16;6;3;6;6;0;0;1;1;0;0;0;0;407975,809799999990000;5320243,219200000200000;7,765659235000044;48,028844570000047
156703;08;1;11;000;2018;08;18;5;2;9;7;0;1;0;1;0;0;0;0;518565,884599999990000;5400662,862200000300000;9,252613662000044;48,758699257000046
156707;08;3;11;000;2018;07;11;3;2;6;2;0;0;1;1;0;0;0;0;414673,588700000020000;5316344,543800000100000;7,856254593000074;47,994704560000059
156708;08;2;31;000;2018;08;21;6;3;6;4;2;0;1;1;0;0;0;0;477019,222000000010000;5415185,086000000100000;8,686502898000072;48,889190346000078
156709;08;2;26;098;2018;08;14;6;3;4;2;0;1;1;0;0;0;0;0;476642,112800000000000;5459735,356800000200000;8,678783671000076;49,289920897000059
156710;08;3;11;000;2018;07;06;3;3;4;2;0;1;1;0;0;0;0;0;410083,331799999990000;5314926,199199999700000;7,795035953000024;47,981317203000060
156711;08;2;26;032;2018;08;13;6;3;1;5;0;1;0;0;0;1;0;0;466064,209399999990000;5464519,306499999900000;8,532914567000034;49,332455807000031
156712;08;2;12;000;2018;07;23;3;2;0;7;2;1;0;0;0;0;0;0;455767,552600000000000;5428743,614900000400000;8,395134111000061;49,009999476000075
156716;08;1;11;000;2018;08;11;5;2;0;7;0;1;0;0;0;0;0;0;518020,995700000030000;5402126,211900000500000;9,245263888000068;48,771879419000072
156718;08;2;22;000;2018;08;08;6;3;5;3;0;1;1;0;0;0;0;0;464457,233599999980000;5484839,203200000300000;8,508976832000030;49,515134135000039
156723;08;3;17;151;2018;08;21;6;3;0;1;2;1;0;1;0;0;0;0;412147,213200000000000;5368246,913599999600000;7,811636688000021;48,461219511000081
156725;08;2;21;000;2018;07;08;3;3;6;4;0;0;1;1;0;0;0;0;477532,607000000020000;5473907,087000000300000;8,690230045000021;49,417428030000053
156727;08;2;16;007;2018;07;14;3;3;4;2;0;1;1;0;0;0;0;0;436194,538500000020000;5395172,290699999800000;8,132738943000049;48,706318686000031
156728;08;2;12;000;2018;08;16;6;3;5;2;0;1;0;0;0;0;1;0;457845,964299999990000;5428881,483199999700000;8,423539927000036;49,011385104000055
156729;08;2;16;009;2018;07;21;3;3;0;7;1;1;0;0;0;0;0;0;446496,889099999970000;5420106,475100000400000;8,269506283000055;48,931574852000040
156730;08;2;15;017;2018;07;10;3;3;6;4;0;0;1;1;0;0;0;0;453988,278799999970000;5419586,201000000400000;8,371840186000043;48,927497302000063
156732;08;1;11;000;2018;08;16;5;3;5;3;0;1;0;0;0;0;1;0;512548,656800000000000;5401232,809299999800000;9,170759090000047;48,763976849000073
156733;08;2;12;000;2018;07;23;3;2;0;1;2;1;0;0;0;0;0;0;455749,634000000020000;5428580,735200000000000;8,394906848000062;49,008533072000034
156736;08;2;12;000;2018;07;13;3;3;6;4;0;0;0;1;0;0;1;0;455331,794200000000000;5428824,593999999600000;8,389166683000042;49,010696501000041
156739;08;1;19;044;2018;08;07;6;3;0;1;0;1;0;0;0;0;0;0;542792,390099999960000;5425311,241100000200000;9,584813087000043;48,979226285000038