OBJECTID_1;ULAND;UREGBEZ;UKREIS;UGEMEINDE;UJAHR;UMONAT;USTUNDE;UWOCHENTAG;UKATEGORIE;UART;UTYP1;ULICHTVERH;IstRad;IstPKW;IstFuss;IstKrad;IstGkfz;IstSonstig;STRZUSTAND;LINREFX;LINREFY;XGCSWGS84;YGCSWGS84
156740;08;1;36;088;2018;07;20;3;3;0;1;0;1;0;0;0;0;0;0;579177,327200000060000;5409824,485899999700000;10,078985237000040;48,836344158000031
156742;08;1;18;048;2018;08;23;6;3;6;7;2;0;1;1;0;0;0;1;513538,654900000020000;5415648,659599999900000;9,184706705000053;48,893638760000044
156743;08;1;11;000;2018;08;10;5;3;6;7;0;0;1;1;0;0;0;0;512112,442800000020000;5404887,065399999700000;9,164930891000040;48,796858900000075
156744;08;1;18;048;2018;08;17;6;3;5;3;0;1;1;0;0;0;0;0;514914,312600000000000;5415916,948300000300000;9,203484361000051;48,896020624000073
156745;08;1;19;079;2018;07;06;3;3;0;7;0;1;0;0;0;0;0;0;525805,018799999960000;5407635,094300000000000;9,351547978000042;48,821161911000047
156746;08;1;16;049;2018;08;11;6;3;5;3;0;1;1;0;0;0;0;0;525472,207999999980000;5384681,042000000400000;9,345596693000061;48,614683417000037
156747;08;3;35;028;2018;08;13;4;3;0;7;0;1;0;0;0;0;0;0;482603,954199999980000;5287302,521900000100000;8,767963491000046;47,738861717000077
156749;08;1;16;049;2018;08;11;6;1;8;7;0;1;0;0;0;0;0;0;522728,096100000020000;5383011,869599999900000;9,308274871000037;48,599773074000041
156750;08;1;15;021;2018;08;16;6;3;5;3;0;1;1;0;0;0;0;0;489942,360800000020000;5382246,753300000000000;8,863599879000049;48,593221724000045
156752;08;1;18;048;2018;07;10;3;3;0;7;0;1;0;0;0;0;0;0;515152,965700000000000;5416361,752799999900000;9,206756920000032;48,900016169000025
156756;08;1;16;078;2018;07;12;3;3;5;2;0;1;1;0;0;0;0;0;510470,067500000000000;5394486,608000000000000;9,142302872000073;48,703326416000039
156757;08;1;11;000;2018;08;10;6;3;0;2;0;1;1;0;0;0;0;0;513212,363799999990000;5408985,683799999800000;9,180040037000026;48,833707101000073
156758;08;4;36;082;2018;08;09;4;2;0;1;0;1;0;0;0;0;0;0;546612,686699999960000;5294583,078700000400000;9,622506529000077;47,802915523000081
156760;08;1;15;028;2018;07;19;3;3;4;2;0;1;0;0;1;0;0;0;500912,314799999990000;5405245,694500000200000;9,012423494000075;48,800202429000080
156764;08;1;11;000;2018;07;18;3;3;5;2;0;1;1;0;0;0;0;0;516139,074199999970000;5405566,446999999700000;9,219786451000061;48,802879033000067
156765;08;4;36;064;2018;08;15;5;3;5;3;0;1;1;0;0;0;0;0;546356,426100000040000;5292895,742800000100000;9,618904105000070;47,787753096000074
156766;08;4;26;014;2018;08;20;4;3;0;7;1;1;1;0;0;0;0;0;548709,417699999990000;5316959,466199999700000;9,653033507000032;48,004075172000057
156767;08;1;11;000;2018;07;08;3;3;3;6;0;1;1;0;0;0;0;0;513010,673699999980000;5402203,369199999600000;9,177076770000042;48,772698458000036
156768;08;4;26;097;2018;08;20;5;3;5;3;0;1;1;0;0;0;0;0;535289,361400000050000;5333578,248499999800000;9,474495068000067;48,154472134000059
156769;08;4;35;030;2018;07;10;2;3;0;1;0;1;0;0;0;0;0;0;540594,216900000000000;5271604,436800000300000;9,539995466000050;47,596578473000079
156770;08;4;35;030;2018;07;14;2;3;0;7;0;1;0;0;0;0;0;0;543542,154899999960000;5273157,748900000000000;9,579362048000064;47,610362872000053
156771;08;4;21;000;2018;08;19;5;3;4;2;0;1;1;0;0;0;0;1;571125,118499999980000;5360427,169599999700000;9,960802338000065;48,392992826000068
156772;08;4;26;045;2018;08;16;4;2;0;7;0;1;0;0;0;0;0;0;534461,048100000010000;5327376,322300000100000;9,462856470000077;48,098720738000054
156774;08;4;15;061;2018;08;06;5;3;5;3;1;1;1;0;0;0;0;1;515924,782000000010000;5370429,764999999700000;9,215517150000039;48,486791120000078
156776;08;4;15;092;2018;08;22;5;2;0;1;2;1;0;0;0;0;0;0;521860,467799999980000;5365537,644700000100000;9,295590784000069;48,442601522000075
156782;08;3;35;043;2018;08;14;5;2;5;3;0;1;0;0;1;0;0;0;512846,402000000000000;5280169,587000000300000;9,171141367000075;47,674789009000051
156784;08;4;15;061;2018;07;16;2;2;5;3;0;1;1;0;0;0;0;0;514626,011999999990000;5369327,044999999900000;9,197901837000075;48,476902204000055
156786;08;3;37;096;2018;08;00;4;3;7;7;2;1;0;0;0;0;0;0;421191,524500000000000;5267530,651100000400000;7,952465635000067;47,556410347000053
156787;08;3;25;049;2018;08;09;5;3;4;6;0;1;1;0;0;0;0;0;472430,232000000020000;5334139,745900000400000;8,629262378000021;48,159905394000077
156788;08;4;15;061;2018;07;16;2;3;5;3;0;1;0;0;1;0;0;0;515139,147600000030000;5370237,433199999900000;9,204877914000065;48,485080249000077
156795;08;3;11;000;2018;08;16;5;3;0;7;0;1;0;0;0;0;0;0;413126,771000000010000;5318296,868599999700000;7,835129517000041;48,012058053000032
156797;08;3;35;075;2018;07;11;2;3;6;2;0;0;1;1;0;0;0;0;487841,654400000000000;5289720,848500000300000;8,837758398000062;47,760740704000057
156798;08;3;36;069;2018;08;17;5;1;6;4;0;0;1;1;0;0;0;0;408625,918200000010000;5268988,493499999900000;7,785174496000025;47,567877997000039
156799;08;4;36;055;2018;08;19;4;2;6;4;0;0;1;1;0;0;0;0;577989,649800000010000;5292337,413099999500000;10,041081165000037;47,779676541000072
156800;08;4;35;016;2018;07;17;2;3;5;3;0;1;1;0;0;0;0;0;537909,273599999960000;5277447,179100000300000;9,504786919000026;47,649310715000070
156802;08;3;11;000;2018;08;13;5;3;5;3;0;1;1;0;0;0;0;0;413972,342500000030000;5316830,112099999600000;7,846759459000054;47,998978458000067
156803;08;3;27;050;2018;07;21;2;3;1;7;1;1;1;0;0;0;0;0;486148,243200000030000;5314343,581600000200000;8,814372070000047;47,982245703000046
156804;08;3;17;040;2018;07;21;2;2;0;7;2;1;0;0;0;0;0;0;432981,306999999970000;5347438,430200000300000;8,096728736000046;48,276601957000025
156806;08;3;17;096;2018;07;07;2;2;5;2;0;1;1;0;0;0;0;0;424418,477300000030000;5368415,296600000000000;7,977566929000034;48,464328258000080
156807;08;3;17;116;2018;07;09;2;3;6;7;0;0;0;1;0;0;1;0;433073,764900000010000;5387761,676099999800000;8,091525285000046;48,639333159000046
156808;08;2;15;110;2018;08;17;5;2;6;2;0;0;1;1;0;0;0;0;462028,946999999990000;5418741,218200000000000;8,481686219000039;48,920441962000041
156809;08;3;15;113;2018;07;18;2;3;6;7;0;0;0;1;0;0;1;0;440983,612900000010000;5306752,066999999800000;8,210197154000070;47,911376774000075
156810;08;2;12;000;2018;08;18;5;2;6;4;0;1;0;1;0;0;0;0;454936,734799999980000;5428801,097099999900000;8,383767219000049;49,010456420000025
156811;08;4;16;041;2018;07;13;2;3;6;6;0;0;1;1;0;0;0;0;503796,950599999980000;5373988,680400000000000;9,051418372000057;48,518998813000053
156818;08;2;22;000;2018;08;08;5;3;6;7;0;1;0;1;0;0;0;0;463215,455599999990000;5480392,798600000300000;8,492236282000022;49,475066928000047
156819;08;3;11;000;2018;07;09;2;3;3;1;0;1;1;0;0;0;0;0;410397,075599999980000;5315683,776600000400000;7,799081360000059;47,988175812000065
156823;08;2;12;000;2018;07;21;2;3;5;3;2;1;1;0;0;0;0;0;458730,297700000000000;5429330,919999999900000;8,435586939000075;49,015487640000060
156825;08;3;25;045;2018;08;08;4;3;4;7;0;1;1;0;0;0;0;0;468128,615300000000000;5350774,632600000100000;8,570167345000073;48,309361124000077
156827;08;2;12;000;2018;07;13;2;3;0;3;0;1;1;0;0;0;0;0;460597,593400000010000;5426816,548999999600000;8,461367241000062;48,992992424000079
156829;08;2;21;000;2018;08;11;5;3;6;7;0;1;0;1;0;0;0;0;476816,391400000020000;5468929,694100000000000;8,680645759000072;49,372630213000036
156830;08;2;26;095;2018;07;19;2;2;5;3;0;1;1;0;0;0;0;0;474033,175400000010000;5460696,877000000300000;8,642843925000022;49,298464453000065
156831;08;2;21;000;2018;08;16;5;3;5;2;0;1;0;0;0;0;1;0;475550,960299999980000;5474063,242800000100000;8,662898879000068;49,418756204000033
156836;08;2;15;017;2018;08;19;5;3;6;7;0;1;0;1;0;0;0;0;456627,658899999980000;5421330,699799999600000;8,407685745000038;48,943380090000062
156838;08;2;12;000;2018;08;19;5;3;0;7;0;1;0;0;0;0;0;0;457607,226299999980000;5428753,509899999900000;8,420288704000029;49,010217611000030
156839;08;2;11;000;2018;08;07;5;3;5;3;0;1;1;0;0;0;0;0;440790,002600000010000;5404121,531700000200000;8,193908481000051;48,787271427000064
156841;08;2;11;000;2018;08;18;5;3;7;1;0;1;0;0;0;0;0;0;443997,608000000010000;5400507,913999999900000;8,238065043000063;48,755063407000080
156843;08;1;36;042;2018;08;23;5;3;0;1;2;1;0;0;0;0;0;0;550660,786300000040000;5405245,188900000400000;9,689849725000045;48,798134241000071
156844;08;2;16;043;2018;07;18;2;3;5;3;0;1;1;0;0;0;0;0;441921,219500000010000;5412308,756099999900000;8,208148001000041;48,861022454000079
156845;08;2;16;043;2018;07;08;2;3;5;3;0;1;1;0;0;0;0;0;442438,548499999980000;5413020,301099999800000;8,215100533000054;48,867471011000077
156849;08;2;12;000;2018;07;16;2;2;5;3;0;1;0;0;0;0;0;0;456608,596599999990000;5424740,305200000300000;8,407061998000074;48,974048833000040
156853;08;1;19;041;2018;08;19;5;3;5;2;0;1;1;0;0;0;0;0;526011,720899999960000;5409681,062800000400000;9,354493688000048;48,839558229000033
156854;08;1;36;088;2018;07;19;2;3;5;3;0;1;1;0;0;0;0;0;580009,634700000050000;5410341,882100000000000;10,090426349000040;48,840891042000067
156855;08;1;19;067;2018;08;19;5;3;5;3;0;1;1;0;0;0;0;0;537692,523999999980000;5404952,458999999800000;9,513242249000030;48,796422529000040
156856;08;1;35;019;2018;07;19;2;3;0;1;0;1;0;0;0;0;0;0;585498,576699999980000;5392048,173800000000000;10,161417982000046;48,675623150000035
156857;08;1;19;020;2018;08;10;5;3;4;1;0;1;1;0;0;0;0;0;519223,020100000020000;5408846,945399999600000;9,261937785000043;48,832302041000048
156860;08;1;18;050;2018;08;19;5;3;3;6;0;1;1;0;0;0;0;0;506140,955699999990000;5417205,207499999600000;9,083804118000046;48,907758581000053
156861;08;1;21;000;2018;07;21;2;2;6;4;2;0;1;1;0;0;0;0;514871,968100000000000;5441541,043700000300000;9,203845510000065;49,126524273000030
156865;08;1;21;000;2018;07;09;2;3;6;7;0;0;0;1;0;1;0;0;516033,646200000020000;5443172,054999999700000;9,219833023000035;49,141166565000049
156867;08;1;17;024;2018;08;15;5;3;1;7;0;1;1;0;0;0;0;0;559575,965699999940000;5384729,307400000300000;9,808275448000074;48,612799780000046
156868;08;1;21;000;2018;07;10;2;3;5;3;0;1;1;0;0;0;0;0;515840,957200000000000;5444645,976099999600000;9,217249095000057;49,154429957000048
156869;08;1;17;026;2018;08;12;5;3;5;3;0;1;1;0;0;0;0;0;548678,709700000010000;5394436,896200000300000;9,661583983000071;48,701067607000027
156873;08;1;11;000;2018;08;17;7;3;6;4;0;0;0;1;1;0;0;0;515565,254000000020000;5404014,427199999800000;9,211913249000077;48,788931891000061
156875;08;1;19;008;2018;08;20;5;3;6;4;1;0;1;1;0;0;0;0;531082,522200000010000;5420823,430900000000000;9,424445455000068;48,939556691000064
156876;08;1;18;067;2018;08;08;5;1;6;4;0;0;0;1;0;1;0;0;505192,752400000000000;5413770,811599999700000;9,070820581000021;48,876872193000054
156877;08;1;17;051;2018;08;05;5;3;0;3;1;1;1;0;0;0;0;0;543614,621599999950000;5395344,371799999800000;9,592858780000029;48,709605530000033
156878;08;2;15;105;2018;08;16;7;2;5;3;0;1;0;0;0;0;0;0;456974,132199999990000;5441653,776600000400000;8,410260010000059;49,126212126000041
156880;08;1;15;003;2018;08;14;5;3;6;2;0;0;0;1;0;1;0;0;500796,055400000010000;5391693,997899999800000;9,010814143000061;48,678291183000056
156881;08;3;16;056;2018;08;13;6;3;3;2;0;1;1;0;0;0;0;0;422388,448600000000000;5327107,231999999800000;7,957697160000066;48,092504756000039
156882;08;4;16;041;2018;08;16;7;3;3;6;0;1;1;0;0;0;0;0;504288,750000000000000;5374028,730000000400000;9,058078737000074;48,519355947000065
156885;08;1;11;000;2018;08;08;5;3;0;7;0;1;0;0;0;0;0;0;510497,502600000010000;5397482,091000000000000;9,142751977000046;48,730273418000081
156886;08;1;36;065;2018;08;13;4;3;0;3;0;1;0;0;0;0;1;0;559566,144100000030000;5405713,380599999800000;9,811170460000028;48,801556156000061
156887;08;1;18;048;2018;08;21;6;3;5;2;1;1;1;0;0;0;0;0;512401,118200000030000;5415566,942300000200000;9,169184983000037;48,892927465000071
156889;08;1;36;010;2018;08;11;4;3;0;7;0;0;0;1;0;1;0;0;600084,428199999970000;5412601,447399999900000;10,364498657000070;48,858300146000033
156892;08;3;35;043;2018;08;18;4;3;5;2;0;1;1;0;0;0;0;0;511047,826699999980000;5280827,480499999600000;9,147197259000052;47,680741750000038
156896;08;3;16;011;2018;08;15;4;3;5;3;0;1;1;0;0;0;0;0;415178,211699999990000;5328682,920300000300000;7,860571370000059;48,105759479000028
156897;08;1;19;091;2018;08;16;7;3;5;3;0;1;1;0;0;0;0;0;527552,883299999990000;5406334,984299999700000;9,375271734000023;48,809391423000079
156898;08;3;15;113;2018;08;18;4;3;0;1;0;1;1;0;0;0;0;0;436595,572300000000000;5305729,250000000000000;8,151629831000037;47,901756284000044
156901;08;1;18;046;2018;08;08;1;3;1;7;0;1;1;0;0;0;0;0;513912,142500000020000;5412395,074500000100000;9,189691428000060;48,864362026000038
156902;08;4;15;061;2018;08;13;7;3;0;1;0;1;0;0;0;0;0;0;514837,796199999980000;5374296,567699999500000;9,200944052000068;48,521604792000062
156904;08;1;11;000;2018;08;06;1;3;1;5;0;1;1;0;0;0;0;0;518698,608699999980000;5400183,731399999900000;9,254397768000047;48,754385067000044
156905;08;1;15;021;2018;08;20;1;3;0;7;0;1;0;0;0;0;0;0;489795,204299999980000;5382067,870699999900000;8,861608566000029;48,591610074000073
156906;08;3;37;076;2018;08;02;7;3;0;1;2;1;0;0;0;0;0;0;426404,738200000020000;5267554,211100000000000;8,021745749000047;47,557234218000076
156909;08;3;11;000;2018;08;16;4;3;1;1;0;1;1;0;0;0;0;0;414162,894099999980000;5315471,376299999700000;7,849585090000062;47,986781725000071
156910;08;3;11;000;2018;08;22;4;3;3;2;2;1;1;0;0;0;0;0;415448,955800000000000;5315663,913499999800000;7,866779843000074;47,988684996000075
156911;08;2;12;000;2018;08;07;4;3;2;6;0;1;1;0;0;0;0;0;455389,899600000000000;5427857,549200000200000;8,390067475000024;49,002002043000061
156912;08;2;22;000;2018;08;09;4;3;1;5;0;1;1;0;0;0;0;0;465707,736399999990000;5481785,782900000000000;8,526516965000042;49,487742099000059
156913;08;2;21;000;2018;08;16;6;3;3;3;0;1;1;0;0;0;0;0;478093,356000000030000;5471603,911999999500000;8,698088337000058;49,396731759000033
156922;08;1;16;070;2018;08;19;6;3;0;1;1;1;0;0;0;0;0;0;538806,512400000010000;5385570,528800000400000;9,526587805000077;48,622000139000079
156923;08;1;11;000;2018;08;19;6;3;0;7;0;1;0;0;0;0;0;0;512073,484699999970000;5406421,493599999700000;9,164445537000063;48,810663201000068
156925;08;2;15;017;2018;08;14;7;2;4;6;0;1;0;0;0;0;0;0;454931,572400000000000;5419349,640200000300000;8,384743548000074;48,925438802000031
156926;08;1;36;065;2018;08;11;4;2;0;7;0;1;1;0;0;0;0;0;558221,797900000010000;5405362,413999999900000;9,792815276000056;48,798526560000028
156927;08;1;18;070;2018;08;04;6;3;3;6;2;1;0;0;0;0;0;0;519535,717100000010000;5424372,447900000000000;9,266941384000063;48,971954617000051
156930;08;1;36;089;2018;08;11;4;2;6;7;0;0;1;1;0;0;0;0;585895,003999999960000;5419710,362200000300000;10,172587684000064;48,924363935000031
156934;08;1;18;003;2018;08;13;4;3;1;7;0;1;1;0;0;0;0;0;511259,270299999970000;5417258,718999999600000;9,153653776000056;48,908168050000029
156937;08;2;16;043;2018;08;18;7;3;1;5;0;1;1;0;0;0;0;0;441392,033600000020000;5412027,669800000300000;8,200974005000035;48,858444320000046
156939;08;1;15;044;2018;08;09;4;3;0;7;0;1;0;0;0;0;0;1;504361,994499999970000;5390619,827999999700000;9,059244872000022;48,668613086000050
156940;08;2;26;037;2018;08;09;6;3;5;3;0;1;1;0;0;0;0;0;466575,126600000020000;5468496,755300000300000;8,539612745000056;49,368260277000047
156943;08;2;12;000;2018;08;14;6;3;0;3;0;1;1;0;0;0;0;0;454344,143300000000000;5429764,319500000200000;8,375555763000023;49,019077101000050
156944;08;4;36;049;2018;08;11;7;2;5;3;0;1;1;0;0;0;0;0;577458,425000000050000;5283521,276999999800000;10,032421686000021;47,700429514000064
156947;08;1;26;028;2018;08;13;7;3;6;7;0;0;1;1;0;0;0;0;540907,464999999970000;5459609,999699999600000;9,562534691000053;49,287870489000056
156949;08;4;36;011;2018;08;17;3;2;0;1;0;1;0;0;0;0;0;0;549024,701899999990000;5297624,408800000300000;9,655060653000021;47,830098832000033
156950;08;2;22;000;2018;08;16;6;2;5;3;0;1;0;0;0;0;1;0;461272,007600000010000;5481269,465800000400000;8,465324818000056;49,482831222000073
156953;08;1;19;091;2018;08;21;6;2;0;1;2;1;0;0;0;0;0;0;527321,555700000030000;5406141,679300000000000;9,372108243000071;48,807662718000074
156955;08;3;35;043;2018;08;17;7;3;4;6;0;1;0;0;1;0;0;0;515795,437700000010000;5279447,800599999700000;9,210402434000059;47,668229307000047
156956;08;4;16;015;2018;08;20;3;3;5;3;2;1;1;0;0;0;0;0;507080,307700000000000;5366594,331100000100000;9,095756292000033;48,452447762000077
156957;08;4;16;041;2018;08;21;3;2;6;4;2;0;1;1;0;0;0;0;503290,268199999990000;5374298,758100000200000;9,044559319000030;48,521791246000078
156958;08;4;16;011;2018;08;16;3;3;5;3;0;1;1;0;0;0;0;0;505202,266500000030000;5366170,224700000100000;9,070351829000060;48,448650631000078
156959;08;1;18;073;2018;08;11;7;3;5;3;0;1;1;0;0;0;0;0;497046,976100000030000;5420063,118300000200000;8,959680100000071;48,933491007000043
156960;08;3;36;050;2018;08;13;3;3;0;7;0;1;0;1;0;0;0;0;399349,996700000020000;5273704,469800000100000;7,660801612000057;47,608927693000055
156961;08;3;36;050;2018;08;20;3;2;0;1;0;1;0;0;0;0;0;0;399843,457400000010000;5276571,862999999900000;7,666709742000023;47,634797335000030
156962;08;1;26;066;2018;08;14;6;3;5;3;0;1;0;0;0;0;1;0;536211,162999999940000;5450109,428999999500000;9,497098095000069;49,202710210000077
156963;08;3;17;001;2018;08;20;3;3;0;7;1;1;0;0;0;0;0;0;431610,161499999990000;5386523,254200000300000;8,071864992000030;48,628035139000076
156964;08;4;21;000;2018;08;13;5;3;5;2;0;1;1;0;0;0;0;0;571196,325799999990000;5360825,887199999800000;9,961831715000074;48,396571373000029
156965;08;3;16;010;2018;08;08;3;3;0;7;0;1;0;0;0;0;0;0;433581,332700000030000;5338668,633600000300000;8,106190103000074;48,197774587000026
156967;08;4;17;002;2018;08;19;7;2;3;2;0;1;1;0;0;0;0;0;489339,015699999990000;5346337,095200000300000;8,856331056000045;48,270151223000028
156968;08;3;15;076;2018;08;16;3;3;0;1;0;1;0;0;0;0;0;0;392437,482000000020000;5297006,666000000200000;7,563104389000046;47,817416271000070
156970;08;3;11;000;2018;08;19;3;3;6;4;1;1;0;1;0;0;0;0;413360,675899999970000;5316872,764999999700000;7,838552912000068;47,999279533000049
156971;08;4;21;000;2018;08;11;5;3;5;3;0;1;1;0;0;0;0;0;572282,423700000040000;5360859,549300000100000;9,976508025000044;48,396750589000078
156973;08;3;36;050;2018;08;13;3;3;6;3;0;0;1;1;0;0;0;0;402121,344600000010000;5276646,413700000400000;7,697008265000022;47,635816313000078
156984;08;2;22;000;2018;08;16;3;3;5;2;0;1;0;0;0;0;1;0;461982,337000000000000;5482184,388000000300000;8,475043140000025;49,491105379000032
156986;08;2;22;000;2018;08;14;3;3;6;2;0;0;1;1;0;0;0;0;461608,324800000000000;5483793,457100000200000;8,469722565000041;49,505554522000068
156987;08;2;22;000;2018;08;18;3;2;0;7;0;1;0;0;0;0;0;0;462420,846900000000000;5477868,609500000300000;8,481507820000047;49,452314388000048
156988;08;2;21;000;2018;08;20;3;2;0;3;0;1;1;0;0;0;0;0;477235,106800000010000;5474313,209200000400000;8,686105016000056;49,421069968000040
156989;08;2;36;046;2018;08;19;7;3;0;3;0;1;1;0;0;0;0;0;483564,395299999970000;5418549,751500000200000;8,775653952000027;48,919666021000069
156990;08;2;21;000;2018;08;20;3;3;0;1;0;1;0;0;0;0;0;0;478124,129699999990000;5471510,168399999800000;8,698517607000042;49,395889654000030
156991;08;2;16;017;2018;08;11;3;3;6;4;0;0;1;1;0;0;0;0;451937,163799999980000;5402558,164500000000000;8,345838426000057;48,774169761000053
156992;08;2;31;000;2018;08;21;6;3;0;1;2;1;0;0;0;0;0;0;478012,375899999980000;5415285,820299999800000;8,700045596000052;48,890132554000047
156994;08;3;35;063;2018;08;16;5;3;0;7;0;1;0;0;0;0;0;0;497683,495200000000000;5287040,479299999800000;8,969102653000050;47,736734369000033
156996;08;2;12;000;2018;08;15;3;3;1;5;0;1;1;0;0;0;0;0;456351,119200000020000;5427215,075799999800000;8,403278058000069;48,996291633000055
156999;08;3;17;065;2018;08;18;3;3;3;6;0;1;0;0;0;0;0;0;413698,850099999980000;5352712,729299999800000;7,835812840000074;48,321708862000037
157000;08;2;21;000;2018;08;19;6;3;1;3;0;1;1;0;0;0;0;0;476175,559100000010000;5469447,898099999900000;8,671787408000057;49,377266675000044
157001;08;3;17;059;2018;08;19;3;3;5;3;0;1;0;0;0;0;0;0;412866,343999999980000;5349495,365000000200000;7,825249361000033;48,292655078000053
157002;08;1;36;082;2018;08;02;7;3;9;1;2;1;0;0;0;0;0;0;588574,406399999980000;5414519,151700000300000;10,208031039000048;48,877297760000033
157004;08;1;36;065;2018;08;18;3;2;8;1;0;1;0;0;0;0;0;0;556051,047999999950000;5404301,319000000100000;9,763113850000025;48,789181373000076
157006;08;1;21;000;2018;08;16;3;3;3;6;0;1;0;0;0;0;0;0;516474,619899999990000;5442269,765599999600000;9,225842169000032;49,133038503000080
157007;08;3;35;043;2018;08;09;5;3;5;3;0;1;1;0;0;0;0;0;513980,578800000020000;5279949,063099999900000;9,186243872000034;47,672781280000038
157008;08;1;19;091;2018;08;11;3;3;0;6;0;1;0;0;0;1;0;0;528389,942099999990000;5406708,975499999700000;9,386698123000031;48,812718061000055
157012;08;1;19;067;2018;08;09;3;3;5;3;0;1;1;0;0;0;0;0;539283,979300000010000;5406695,433699999900000;9,535078193000061;48,812002988000074
157015;08;3;35;043;2018;08;11;5;2;5;3;0;1;0;0;0;0;0;0;513030,457200000000000;5279343,906399999700000;9,173568727000031;47,667356129000041
157016;08;1;15;042;2018;08;17;3;3;2;2;0;0;1;1;0;0;0;0;496009,352100000020000;5406127,311599999700000;8,945648586000061;48,808121245000052
157017;08;3;17;096;2018;08;18;5;2;5;3;0;1;1;0;0;0;0;0;420432,007700000020000;5368241,481300000100000;7,923682468000038;48,462273151000034
157018;08;1;11;000;2018;08;17;3;2;6;4;0;0;1;1;0;0;0;0;512769,175899999970000;5401173,119199999600000;9,173757994000027;48,763435395000045
157020;08;1;11;000;2018;08;07;3;3;5;3;0;1;1;0;0;0;0;0;518525,387999999980000;5402885,827999999700000;9,252162768000062;48,778698023000061
157022;08;4;35;034;2018;08;13;2;3;1;5;0;1;1;0;0;0;0;0;529989,256799999970000;5284413,230299999900000;9,399808265000047;47,712403076000044
157026;08;3;11;000;2018;08;10;5;3;1;5;0;1;1;0;0;0;0;0;414853,832300000010000;5316955,133399999700000;7,858548986000074;48,000221088000046
157027;08;1;18;048;2018;08;18;6;3;6;6;0;1;0;1;0;0;0;0;513485,417200000030000;5415699,443000000000000;9,183982067000045;48,894096755000078
157028;08;4;15;078;2018;08;13;2;2;0;1;0;1;0;0;0;0;0;0;529270,451699999980000;5371371,621000000300000;9,396192560000031;48,494784379000066
157030;08;3;35;043;2018;08;20;2;3;0;7;1;1;0;0;0;0;0;1;513052,110800000020000;5279087,126199999800000;9,173849484000073;47,665045268000028
157032;08;3;11;000;2018;08;17;6;3;6;4;0;1;0;1;0;0;0;0;414200,402699999980000;5316363,341900000300000;7,849909402000037;47,994810333000032
157033;08;1;16;049;2018;08;00;1;2;0;1;2;1;0;0;0;0;0;0;524573,330599999990000;5386917,554899999900000;9,333533855000042;48,634839155000066
157034;08;3;15;047;2018;08;10;5;3;5;3;0;1;1;0;0;0;0;0;415422,371199999990000;5322065,788200000300000;7,865160397000068;48,046268870000063
157037;08;3;15;050;2018;08;13;2;3;6;4;0;0;1;1;0;0;0;0;399852,351599999990000;5302934,919999999900000;7,660756304000074;47,871937722000041
157039;08;3;15;015;2018;08;22;2;3;6;4;2;1;0;1;0;0;0;0;394485,722100000010000;5320347,126899999600000;7,584741654000027;48,027692901000080
157042;08;2;31;000;2018;08;14;5;3;6;4;0;0;1;1;0;0;0;1;478104,752800000020000;5415287,546199999700000;8,701305688000048;48,890151350000053
157044;08;2;22;000;2018;08;12;7;3;5;3;0;1;1;0;0;0;0;0;462049,863300000030000;5483142,459200000400000;8,475883505000070;49,499726944000031
157046;08;3;11;000;2018;08;17;2;3;7;7;0;1;0;0;0;0;0;0;414770,223200000010000;5319053,976400000000000;7,857011215000057;48,019089837000081
157049;08;4;26;021;2018;08;11;7;3;0;1;0;1;0;0;0;0;0;0;558076,011599999970000;5327698,087200000000000;9,780055498000024;48,099900289000061
157053;08;2;22;000;2018;08;07;2;3;4;2;0;1;1;0;0;0;0;0;463902,962000000000000;5478174,121000000300000;8,501928386000031;49,455152194000050
157054;08;2;12;000;2018;08;15;5;3;5;3;0;1;0;0;0;0;0;0;452400,988100000020000;5427591,162399999800000;8,349235414000077;48,999382632000049
157055;08;2;22;000;2018;08;18;2;3;6;4;0;0;1;1;0;0;0;0;461777,543500000030000;5482373,327499999700000;8,472197157000039;49,492791922000038
157056;08;4;25;141;2018;08;18;7;3;0;1;0;1;0;0;0;0;0;0;562965,660799999950000;5366677,335300000400000;9,851531409000074;48,450083981000034
157057;08;2;21;000;2018;08;17;2;2;3;4;0;0;1;1;0;0;0;0;476473,386500000020000;5472851,601700000500000;8,675688800000046;49,407894080000062
157058;08;2;21;000;2018;08;17;2;3;4;6;0;1;0;0;0;0;0;0;477164,882199999990000;5471587,817699999500000;8,685293477000073;49,396552873000076
157059;08;2;26;082;2018;08;16;6;1;0;1;0;1;0;0;0;0;0;0;475488,964199999990000;5480522,040699999800000;8,661644517000070;49,476849038000069
157061;08;2;12;000;2018;08;13;5;3;0;1;0;1;0;0;0;0;0;0;453558,690899999990000;5429856,335400000200000;8,364803127000073;49,019846155000039
157063;08;3;36;091;2018;08;12;7;3;0;7;0;1;0;0;0;0;0;0;396117,220600000000000;5271947,612999999900000;7,618216881000024;47,592614275000074
157069;08;1;19;067;2018;08;12;7;3;0;1;0;1;0;0;0;0;0;0;539124,302200000030000;5406998,197100000500000;9,532932232000064;48,814736577000076
157070;08;1;19;008;2018;08;15;2;2;5;7;0;1;1;0;0;0;0;0;531820,776300000030000;5421931,008500000500000;9,434612848000029;48,949482308000029