OBJECTID_1;ULAND;UREGBEZ;UKREIS;UGEMEINDE;UJAHR;UMONAT;USTUNDE;UWOCHENTAG;UKATEGORIE;UART;UTYP1;ULICHTVERH;IstRad;IstPKW;IstFuss;IstKrad;IstGkfz;IstSonstig;STRZUSTAND;LINREFX;LINREFY;XGCSWGS84;YGCSWGS84
157071;08;1;18;048;2018;08;07;2;3;5;2;0;1;1;0;0;0;0;0;514786,384399999980000;5414947,055800000200000;9,201703876000067;48,887298799000064
157072;08;1;27;043;2018;08;20;6;3;0;1;0;1;0;0;0;0;0;0;568684,395299999970000;5447093,218000000300000;9,942319067000028;49,172803506000037
157074;08;1;35;019;2018;08;21;5;2;6;1;2;0;1;1;0;0;0;0;585758,706899999990000;5392326,507700000000000;10,165008576000048;48,678090882000049
157076;08;4;35;016;2018;08;06;5;2;6;3;1;1;0;1;0;0;0;0;536914,539299999950000;5278825,282900000000000;9,491658270000073;47,661767574000066
157077;08;3;25;049;2018;08;11;7;2;0;7;0;1;0;0;0;0;0;0;472166,288300000010000;5335196,386699999700000;8,625643969000066;48,169400210000049
157078;08;1;11;000;2018;08;06;2;3;5;3;1;1;0;0;0;0;0;0;518248,685000000000000;5402967,508500000500000;9,248400022000055;48,779440990000069
157079;08;4;26;021;2018;08;05;6;2;0;4;1;1;0;1;0;0;0;1;559477,030799999950000;5328915,430599999600000;9,799041327000055;48,110722419000069
157082;08;4;35;059;2018;08;20;1;3;6;7;0;0;1;1;0;0;0;0;512229,891699999980000;5290210,689500000300000;9,163210099000025;47,765146707000042
157086;08;3;16;002;2018;08;15;7;3;5;3;0;1;1;0;0;0;0;0;406398,511999999990000;5331185,603000000100000;7,742110475000061;48,127040965000049
157087;08;4;17;025;2018;08;10;1;3;0;1;0;1;0;0;0;0;0;0;483625,684899999990000;5361413,187900000300000;8,778751781000040;48,405662669000037
157088;08;4;15;059;2018;08;20;1;3;6;4;0;0;1;1;0;0;0;0;516781,062299999990000;5368639,490600000100000;9,227033599000038;48,470662879000031
157090;08;4;15;053;2018;08;02;1;3;0;1;2;1;0;0;0;0;0;0;536786,586699999990000;5362422,202600000400000;9,497137600000031;48,413879103000056
157091;08;3;35;043;2018;08;12;1;3;6;4;0;0;1;1;0;0;0;0;515724,136200000010000;5279766,647599999800000;9,209464151000077;47,671099918000039
157092;08;3;35;097;2018;08;20;1;2;4;1;0;1;0;0;0;0;0;0;486383,099999999980000;5295178,089999999900000;8,818124263000073;47,809812964000059
157093;08;2;12;000;2018;08;10;7;3;0;7;0;1;0;0;0;0;0;0;459583,389099999970000;5430514,049999999800000;8,447135550000041;49,026186565000046
157094;08;3;17;129;2018;08;20;1;2;5;3;0;1;1;0;0;0;0;0;429540,524199999990000;5350823,849100000200000;8,049795784000025;48,306681887000082
157096;08;3;17;096;2018;08;12;1;3;1;5;0;1;1;0;0;0;0;0;421216,886200000010000;5367552,539400000100000;7,934427329000073;48,456174975000067
157097;08;2;31;000;2018;08;21;7;3;0;4;2;0;1;1;0;0;0;0;477972,368000000020000;5415493,879700000400000;8,699488601000041;48,892002765000029
157102;08;2;16;017;2018;08;11;1;2;4;1;0;1;1;0;0;0;0;0;452353,681199999990000;5400326,153500000000000;8,351765533000048;48,754123943000081
157103;08;1;18;076;2018;08;23;1;2;0;7;2;1;0;0;0;0;0;0;504573,455399999980000;5423072,292000000400000;9,062478668000040;48,960550758000068
157104;08;1;25;065;2018;08;10;7;3;5;2;0;1;1;0;0;0;0;0;516511,049699999970000;5448979,987499999800000;9,226616825000065;49,193397921000042
157105;08;1;36;065;2018;08;11;1;3;5;7;0;1;1;0;0;0;0;0;557091,089799999960000;5401673,549999999800000;9,776907414000050;48,765449618000048
157106;08;1;35;020;2018;08;16;1;2;0;1;0;1;0;0;0;0;0;0;586138,241099999980000;5385631,609400000400000;10,168770768000059;48,617822758000045
157109;08;1;19;020;2018;08;18;6;3;1;1;0;1;1;0;0;0;0;0;520308,904700000010000;5406774,491899999800000;9,276631527000063;48,813624119000053
157120;08;3;17;096;2018;08;11;7;3;6;7;0;0;1;1;0;0;0;0;421736,479300000010000;5368731,926199999600000;7,941233153000042;48,466848318000075
157121;08;1;11;000;2018;08;13;1;3;8;7;0;1;0;0;0;0;0;0;510878,865999999980000;5400445,198099999700000;9,148016245000065;48,756922955000050
157122;08;2;12;000;2018;08;16;2;3;5;3;0;1;1;0;0;0;0;0;455825,466100000020000;5428985,178299999800000;8,395899726000039;49,012176511000064
157125;08;1;17;026;2018;08;09;4;3;5;7;0;1;1;0;0;0;0;0;547729,312200000040000;5394658,718299999800000;9,648707400000035;48,703136376000032
157126;08;1;17;026;2018;08;16;3;3;1;6;0;1;1;0;0;0;0;0;550165,431100000050000;5394241,030600000200000;9,681764492000070;48,699187916000028
157130;08;3;35;043;2018;08;12;3;3;0;1;0;1;0;0;0;0;0;0;514366,121700000020000;5279291,740700000000000;9,191358276000074;47,666858467000054
157131;08;2;22;000;2018;08;17;2;3;6;4;0;0;1;1;0;0;0;1;462231,062800000010000;5478346,640100000400000;8,478843832000052;49,456602281000073
157133;08;1;11;000;2018;08;17;3;3;0;5;0;1;1;0;0;0;0;0;508966,665800000020000;5407192,507299999700000;9,122146427000075;48,817651752000074
157134;08;2;22;000;2018;08;05;2;3;4;2;1;1;1;0;0;0;0;1;462870,251600000020000;5478702,424599999600000;8,487629968000022;49,459841803000074
157135;08;3;25;014;2018;08;05;4;2;0;1;2;1;0;0;0;0;0;0;460956,013500000000000;5344297,216300000400000;8,474036626000043;48,250685738000072
157136;08;2;22;000;2018;08;01;2;2;6;4;2;0;0;1;0;0;1;0;461195,806900000030000;5482383,321399999800000;8,464163510000049;49,492844884000078
157137;08;3;11;000;2018;08;16;3;3;5;2;0;1;0;0;0;0;1;0;412965,048300000020000;5316378,906399999700000;7,833350612000061;47,994783374000065
157139;08;2;26;018;2018;08;16;2;3;5;3;0;1;1;0;0;0;0;0;473299,742800000010000;5471923,528099999800000;8,632003833000056;49,399415269000031
157142;08;3;11;000;2018;08;20;4;3;5;3;1;1;1;0;0;0;0;0;411869,208300000000000;5316634,224999999600000;7,818612339000026;47,996929928000043
157143;08;2;21;000;2018;08;18;2;2;6;4;0;1;0;1;0;0;0;1;477650,473000000000000;5472020,874800000300000;8,691961274000050;49,400466183000049
157144;08;2;22;000;2018;08;17;3;3;5;3;0;1;1;0;0;0;0;0;460525,887099999990000;5485576,369900000300000;8,454594024000073;49,521521271000040
157146;08;2;15;111;2018;08;17;2;2;6;7;0;0;1;1;0;0;0;0;457369,778899999980000;5445564,165500000100000;8,415268985000068;49,161413343000049
157148;08;2;26;095;2018;08;11;4;3;5;3;0;1;1;0;0;0;0;0;474031,992499999990000;5460698,093000000300000;8,642827577000048;49,298475341000028
157149;08;2;15;106;2018;08;10;2;2;0;7;0;1;0;0;0;0;0;1;466294,467400000020000;5454833,975499999700000;8,536900402000072;49,245350283000050
157152;08;2;12;000;2018;08;05;4;3;5;3;1;1;0;0;1;0;0;0;452706,615899999980000;5427846,229100000100000;8,353383918000077;49,001700458000073
157154;08;4;36;055;2018;08;12;3;3;1;7;0;1;1;0;0;0;0;0;575975,152600000030000;5298486,718100000200000;10,015271743000028;47,835236905000045
157155;08;1;16;019;2018;08;16;3;3;5;3;0;1;1;0;0;0;0;0;521251,672800000000000;5397248,650200000000000;9,288980804000062;48,727899437000076
157156;08;1;25;017;2018;08;08;2;3;6;4;0;0;1;1;0;0;0;0;502683,283999999990000;5432366,338000000500000;9,036718168000050;49,044167475000052
157160;08;1;19;091;2018;08;01;2;3;0;1;2;1;0;0;0;0;0;0;527584,935000000060000;5406310,225999999800000;9,375706606000051;48,809167283000079
157161;08;4;15;061;2018;08;14;3;2;4;2;0;1;1;0;0;0;0;0;510144,469999999970000;5369252,719999999700000;9,137261347000049;48,476321835000078
157163;08;1;19;061;2018;08;18;2;3;0;1;0;1;0;0;0;0;0;1;538887,331899999990000;5411891,046600000000000;9,530168755000034;48,858765019000032
157167;08;3;27;056;2018;08;16;4;3;8;1;0;1;0;0;0;0;0;0;483582,871999999970000;5318934,512699999800000;8,779817966000053;48,023490144000050
157168;08;1;18;050;2018;08;16;2;3;6;4;0;0;1;1;0;0;0;0;506125,132600000010000;5416984,439600000200000;9,083584872000074;48,905772764000062
157169;08;3;17;096;2018;08;16;3;3;3;2;0;1;1;0;0;0;0;0;421083,273899999970000;5368921,982499999900000;7,932362169000044;48,468476230000078
157170;08;2;21;000;2018;08;14;7;3;5;3;0;1;1;0;0;0;0;0;475175,157300000020000;5472702,075699999900000;8,657802560000050;49,406497544000047
157171;08;3;17;096;2018;08;18;2;3;5;3;0;1;1;0;0;0;0;0;421197,651799999990000;5369407,306599999800000;7,933817811000040;48,472856008000065
157172;08;2;26;098;2018;08;17;7;2;5;3;0;1;1;0;0;0;0;0;482349,015599999980000;5462957,090699999600000;8,757121417000064;49,319092086000069
157175;08;1;36;088;2018;08;20;7;3;0;1;1;1;0;0;0;0;0;0;586850,943500000050000;5406035,901200000200000;10,182732754000028;48,801243692000071
157176;08;2;36;040;2018;08;19;4;3;9;1;0;1;0;0;0;0;0;0;487939,844999999970000;5420861,580000000100000;8,835310163000031;48,940563220000058
157182;08;1;28;082;2018;08;10;7;3;5;3;0;1;1;0;0;0;0;0;567165,369799999990000;5471897,406399999700000;9,925648480000064;49,396060562000059
157185;08;1;15;003;2018;08;09;2;3;5;3;0;1;1;0;0;0;0;0;500336,576400000020000;5390747,074199999700000;9,004571506000048;48,669772953000063
157188;08;2;22;000;2018;08;20;4;3;6;7;0;0;1;1;0;0;0;0;461350,852599999980000;5483140,869199999600000;8,466230297000038;49,499668506000035
157189;08;1;11;000;2018;08;08;2;3;5;3;0;1;1;0;0;0;0;0;513240,376600000020000;5403397,574900000400000;9,180241495000075;48,783436592000044
157191;08;2;12;000;2018;08;21;3;3;5;3;1;1;1;0;0;0;0;0;458417,745300000010000;5427267,973000000200000;8,431523906000052;48,996910108000066
157193;08;1;11;000;2018;08;08;2;3;6;7;0;0;1;1;0;0;0;0;512634,730600000010000;5403294,379300000100000;9,171993692000058;48,782520851000072
157196;08;4;36;055;2018;08;02;1;2;1;5;2;1;1;0;0;0;0;0;571647,006500000020000;5293356,883800000000000;9,956594436000046;47,789584647000027
157197;08;1;11;000;2018;08;16;7;3;5;3;0;1;0;0;0;0;1;0;513925,646000000010000;5405644,331000000200000;9,189646191000065;48,803633199000046
157198;08;4;16;041;2018;08;09;3;3;3;1;0;1;0;0;0;0;0;0;503136,153999999980000;5373658,708499999700000;9,042467375000058;48,516033913000058
157200;08;4;17;079;2018;08;15;1;3;0;1;0;1;0;0;0;0;0;0;493119,984600000030000;5341303,910400000400000;8,907365655000035;48,224921104000032
157202;08;4;35;059;2018;08;16;6;3;8;1;0;1;0;0;0;0;0;0;512718,721200000030000;5289928,093200000000000;9,169725316000040;47,762594579000051
157203;08;1;19;042;2018;08;07;4;3;5;3;0;1;1;0;0;0;0;0;528203,173500000030000;5415121,743599999700000;9,384733609000023;48,888404868000066
157204;08;4;35;016;2018;08;14;6;3;0;7;0;1;0;0;0;0;0;0;538469,395200000030000;5284598,473199999900000;9,512875257000076;47,713620200000037
157208;08;4;21;000;2018;08;14;6;2;5;3;0;1;1;0;0;0;0;0;570931,192000000040000;5359149,913999999900000;9,957967368000027;48,381525350000061
157209;08;4;26;021;2018;08;11;6;1;6;7;0;0;1;1;0;0;0;0;558661,326099999950000;5327737,279099999900000;9,787921847000064;48,100199235000048
157210;08;3;35;075;2018;08;22;4;3;0;7;2;1;0;0;0;0;0;0;488013,583300000000000;5289539,188699999800000;8,840057626000032;47,759109434000038
157212;08;4;15;061;2018;08;07;6;3;6;3;0;1;0;1;0;0;0;0;516034,725500000000000;5371831,406999999700000;9,217058869000027;48,499397982000062
157216;08;1;11;000;2018;08;13;6;3;5;3;0;1;1;0;0;0;0;0;514674,477599999980000;5409088,200299999700000;9,199967275000063;48,834596486000066
157218;08;1;11;000;2018;08;18;3;2;5;7;0;1;1;0;0;0;0;0;515461,905399999990000;5396506,080099999900000;9,210224208000057;48,721389831000067
157220;08;3;25;053;2018;08;13;1;3;0;1;0;1;0;0;0;0;0;0;457835,195000000010000;5340702,826999999600000;8,432355796000024;48,218149284000049
157222;08;3;35;075;2018;08;13;6;3;4;2;0;1;1;0;0;0;0;0;488824,907000000010000;5289937,271999999900000;8,850873359000048;47,762705778000054
157223;08;3;26;074;2018;08;14;4;3;5;3;0;1;1;0;0;0;0;0;464730,824399999980000;5322871,207399999700000;8,526661654000066;48,058145089000050
157224;08;3;17;009;2018;08;02;1;3;0;7;2;1;0;0;0;0;0;0;425262,346800000000000;5362301,999499999900000;7,990071173000047;48,409439382000073
157225;08;3;35;079;2018;08;07;6;2;2;2;0;1;0;0;0;1;0;0;500210,771000000010000;5298818,028800000400000;9,002816967000058;47,842707212000050
157226;08;3;17;065;2018;08;15;3;2;6;4;0;1;0;1;0;0;0;0;414690,949199999970000;5354200,845599999700000;7,848892021000040;48,335228917000052
157228;08;3;17;096;2018;08;11;2;2;0;7;0;1;0;0;0;0;0;1;421853,511300000010000;5368932,784300000400000;7,942778577000070;48,468669573000057
157229;08;3;17;001;2018;08;12;6;3;5;2;0;1;0;0;0;1;0;0;431120,051400000000000;5388529,644100000200000;8,064880984000070;48,646028801000057
157230;08;3;17;073;2018;08;22;1;2;0;7;2;1;0;0;0;0;0;0;410380,192900000020000;5347631,528900000300000;7,792133681000053;48,275543133000042
157234;08;3;16;011;2018;08;16;1;3;0;7;0;1;1;0;0;0;0;0;414704,643600000010000;5328070,755199999500000;7,854333532000055;48,100189672000056
157239;08;3;15;074;2018;08;07;4;3;5;3;0;1;1;0;0;0;0;0;400424,440000000000000;5298158,248700000300000;7,669504146000065;47,829060572000060
157242;08;2;22;000;2018;08;07;3;3;1;5;0;1;1;0;0;0;0;0;462391,300999999980000;5480466,478099999900000;8,480853361000072;49,475679142000047
157243;08;2;15;017;2018;08;11;6;2;5;2;0;1;1;0;0;0;0;0;456630,729799999970000;5421335,447700000400000;8,407727175000048;48,943423014000075
157246;08;2;26;096;2018;08;11;1;3;4;6;0;1;0;0;0;0;0;0;474581,896699999980000;5487784,148600000000000;8,648655903000076;49,542131854000047
157248;08;2;25;058;2018;08;10;6;3;6;7;0;0;1;1;0;0;0;0;507598,228000000000000;5465406,446999999700000;9,104599134000068;49,341332165000040
157250;08;2;22;000;2018;08;12;6;3;5;3;0;1;1;0;0;0;0;0;462522,674899999980000;5480608,429200000100000;8,482653306000032;49,476964047000081
157254;08;2;26;009;2018;08;07;6;2;5;3;0;1;1;0;0;0;0;0;466803,933800000000000;5472918,931099999700000;8,542394888000047;49,408049026000072
157257;08;3;35;022;2018;08;08;4;3;0;7;0;1;1;0;0;0;0;0;482612,844600000010000;5300493,347400000300000;8,767553302000067;47,857545500000072
157258;08;2;26;056;2018;08;17;1;3;6;4;0;0;1;1;0;0;0;0;485274,751999999980000;5471381,382000000200000;8,797067902000038;49,394946186000027
157259;08;2;26;098;2018;08;17;6;3;6;4;0;0;1;1;0;0;0;0;478012,965299999980000;5461158,734100000000000;8,697556942000063;49,302775079000071
157260;08;2;26;082;2018;08;19;6;3;0;3;0;1;1;0;0;0;0;0;475502,928599999980000;5480409,505199999500000;8,661844251000048;49,475837377000062
157262;08;2;16;015;2018;08;14;6;2;6;4;0;0;0;1;0;0;1;0;448770,565599999970000;5407559,387600000000000;8,302118739000036;48,818904434000046
157263;08;1;16;042;2018;08;16;3;3;0;1;0;1;0;0;0;0;0;0;516957,614999999990000;5381825,407900000000000;9,229958681000028;48,589282368000056
157264;08;1;36;042;2018;08;11;6;3;0;1;0;1;0;0;0;0;0;0;550976,783599999970000;5405177,501299999700000;9,694143941000050;48,797499541000036
157266;08;4;21;000;2018;08;12;6;2;1;5;0;1;1;0;0;0;0;0;570295,500600000030000;5360223,481399999900000;9,949562860000071;48,391253617000075
157267;08;1;35;016;2018;08;19;6;3;5;3;0;1;1;0;0;0;0;0;591810,617300000040000;5386249,397199999500000;10,245855038000059;48,622572502000025
157272;08;1;27;103;2018;08;16;6;2;6;7;0;0;0;1;0;0;1;0;575435,550799999970000;5435385,879400000000000;10,032737991000033;49,066715273000057
157273;08;1;25;110;2018;08;08;6;2;0;7;0;1;0;0;0;0;0;0;528170,037299999970000;5443040,620400000400000;9,386219529000073;49,139547590000063
157274;08;4;21;000;2018;08;13;4;3;6;7;0;0;1;1;0;0;0;0;571989,665200000050000;5361511,224600000300000;9,972665320000033;48,402646074000074
157276;08;1;18;046;2018;08;10;6;3;5;2;0;1;1;0;0;0;0;0;514025,526000000010000;5411894,707999999600000;9,191220250000072;48,859858284000040
157277;08;4;15;061;2018;08;08;3;2;5;3;0;1;1;0;0;0;0;0;514724,324100000030000;5369496,716900000300000;9,199238049000030;48,478426342000034
157279;08;1;11;000;2018;08;13;3;3;5;3;0;1;1;0;0;0;0;0;509008,977900000000000;5396512,243999999900000;9,122488896000050;48,721571948000076
157280;08;1;16;078;2018;08;15;6;3;5;3;0;1;1;0;0;0;0;0;510993,365800000030000;5394512,086500000200000;9,149415882000028;48,703546618000075
157281;08;1;18;010;2018;08;18;1;2;0;7;0;1;0;0;0;0;0;0;507276,198800000010000;5431742,661500000400000;9,099556536000023;49,038520060000053
157282;08;1;15;003;2018;08;10;6;3;5;7;0;1;1;0;0;0;0;0;501123,217200000010000;5392505,417799999900000;9,015260731000069;48,685590307000041
157284;08;3;17;031;2018;08;15;4;2;0;7;0;1;0;0;0;0;0;0;417995,512300000000000;5361128,007899999600000;7,892122184000073;48,397975786000075
157285;08;1;36;033;2018;08;22;1;3;0;1;2;1;0;0;0;0;0;0;578468,214799999960000;5414655,224600000300000;10,070249598000032;48,879883149000079
157287;08;2;12;000;2018;08;08;3;3;5;3;0;1;1;0;0;0;0;0;455396,186700000020000;5425648,262900000400000;8,390395948000048;48,982129704000045
157290;08;3;35;043;2018;08;15;3;3;3;6;0;1;1;0;0;0;0;0;512806,396000000010000;5278412,156600000300000;9,170556883000074;47,658977020000066
157295;08;4;25;039;2018;08;18;5;2;8;1;0;1;0;0;0;0;0;0;566347,000699999980000;5353522,354700000000000;9,895175969000036;48,331401320000055
157297;08;2;12;000;2018;08;22;4;3;4;6;2;1;0;0;0;0;0;0;454248,777100000010000;5425297,654299999600000;8,374754622000069;48,978892018000067
157298;08;1;19;067;2018;08;18;1;3;4;6;0;1;1;0;0;0;0;0;538463,863099999960000;5407340,957800000000000;9,523968581000077;48,817861128000061
157299;08;3;36;050;2018;08;00;5;3;5;3;2;1;1;0;0;0;0;0;399381,823800000010000;5272923,926900000300000;7,661404141000048;47,601911379000057
157300;08;2;22;000;2018;08;12;3;3;1;5;0;1;1;0;0;0;0;0;461626,716000000010000;5481473,228099999900000;8,470201894000070;49,484686487000033
157301;08;3;35;043;2018;08;16;5;3;0;1;0;1;0;0;0;0;0;0;514398,100900000020000;5279885,283699999600000;9,191803806000053;47,672198252000044
157303;08;3;26;012;2018;08;12;5;3;6;2;0;0;0;1;0;0;1;0;462670,644499999990000;5310736,763100000100000;8,500069608000047;47,948856231000036
157304;08;1;16;049;2018;08;11;1;3;0;7;0;1;0;0;0;0;0;0;524089,589800000020000;5385600,991200000000000;9,326891643000067;48,623014105000038
157305;08;3;17;096;2018;08;14;5;3;5;3;0;1;1;0;0;0;0;0;421813,177000000030000;5369717,695000000300000;7,942086229000040;48,475724760000048
157306;08;3;17;065;2018;08;16;5;3;0;7;0;1;0;0;0;0;0;0;415552,348000000000000;5354442,788999999900000;7,860464303000072;48,337520886000050
157307;08;3;16;017;2018;08;19;5;3;1;7;0;1;1;0;0;0;0;0;408983,971200000030000;5341539,653599999800000;7,774630186000024;48,220549163000044
157309;08;3;15;030;2018;08;12;5;2;5;3;0;1;1;0;0;0;0;0;406842,425700000020000;5327459,812599999800000;7,748888492000049;48,093593116000079
157310;08;3;11;000;2018;08;21;5;3;5;2;1;1;1;0;0;0;0;0;414430,033999999990000;5316736,958999999800000;7,852912326000023;47,998201937000033
157312;08;1;11;000;2018;08;18;1;3;1;5;0;1;1;0;0;0;0;0;514166,989899999990000;5403365,623499999800000;9,192854326000031;48,783128744000066
157314;08;2;12;000;2018;08;18;3;3;0;7;0;1;0;0;0;0;0;0;455165,902799999980000;5428120,889700000200000;8,386975982000024;49,004354587000080
157315;08;3;11;000;2018;08;09;5;3;1;6;0;1;1;0;0;0;0;0;413965,402400000020000;5316568,406600000300000;7,846718916000043;47,996623388000046
157316;08;4;36;064;2018;08;15;7;2;0;1;0;1;0;0;0;0;0;0;542867,745800000030000;5291973,393299999600000;9,572238188000029;47,779696326000078
157317;08;2;12;000;2018;08;17;5;2;5;3;0;1;1;0;0;0;0;0;454837,591499999980000;5428829,630500000000000;8,382408358000021;49,010705832000042
157320;08;2;12;000;2018;08;06;5;3;5;3;1;1;0;0;0;0;0;0;455716,226100000030000;5428288,076500000400000;8,394481967000047;49,005898181000077
157322;08;2;12;000;2018;08;16;5;3;1;5;0;1;1;0;0;0;0;0;456193,599300000000000;5428837,724800000000000;8,400949684000068;49,010876397000061
157324;08;1;21;000;2018;08;10;4;3;5;2;0;1;1;0;0;0;0;0;515536,732399999980000;5442295,190499999600000;9,212986223000030;49,133291641000028
157325;08;2;26;032;2018;08;11;5;3;0;1;0;1;0;0;0;0;0;0;466835,911299999980000;5462740,189500000300000;8,543683665000060;49,316495399000075
157326;08;1;19;067;2018;08;11;3;2;5;2;0;1;1;0;0;0;0;0;538859,829200000040000;5405393,726200000400000;9,529177978000064;48,800320102000057
157328;08;4;36;011;2018;08;18;7;3;4;6;0;1;1;0;0;0;0;0;549192,358200000020000;5297216,135900000100000;9,657254321000039;47,826412852000033
157331;08;4;15;061;2018;08;14;4;3;5;3;0;1;1;0;0;0;0;0;516522,685999999990000;5372844,292600000300000;9,223704338000061;48,508497587000079
157332;08;4;35;016;2018;08;11;7;3;6;6;0;1;0;1;0;0;0;0;536162,431100000050000;5277657,721199999600000;9,481544843000052;47,651305029000071
157338;08;4;35;016;2018;08;15;7;3;8;1;0;1;0;0;0;0;0;0;535234,604300000010000;5283068,789900000200000;9,469626835000042;47,700041745000078
157339;08;2;12;000;2018;08;21;5;3;6;4;1;1;0;1;0;0;0;0;454771,085399999980000;5428561,039699999600000;8,381528875000072;49,008284966000076
157340;08;2;12;000;2018;08;15;5;3;5;3;0;1;1;0;0;0;0;0;454924,260000000010000;5428822,903800000400000;8,383594217000052;49,010651662000043
157342;08;3;17;113;2018;08;16;5;3;5;3;0;1;1;0;0;0;0;0;409551,677299999980000;5344356,550300000200000;7,781670115000054;48,245967739000037
157343;08;4;26;097;2018;08;10;7;3;5;3;0;1;1;0;0;0;0;0;537024,605600000010000;5333723,650899999800000;9,497838644000069;48,155681581000067
157344;08;3;17;057;2018;08;18;5;3;5;3;0;1;1;0;0;0;0;0;412011,898099999990000;5380910,604299999800000;7,807135162000066;48,575103212000045
157346;08;3;26;074;2018;08;19;4;3;8;1;0;1;0;0;0;0;0;0;452376,990300000000000;5322935,143000000200000;8,360866275000035;48,057917689000078
157347;08;4;26;134;2018;08;17;7;2;6;4;0;0;1;1;0;0;0;0;555124,022899999980000;5333396,565399999700000;9,741146207000043;48,151427435000073
157349;08;3;17;001;2018;08;07;3;3;6;7;0;0;1;1;0;0;0;0;432720,348100000000000;5385304,434700000100000;8,087127335000048;48,617192199000044
157352;08;1;25;065;2018;08;22;5;3;1;7;2;0;1;1;0;0;0;0;516562,949800000000000;5448455,782800000200000;9,227307552000070;49,188681170000052
157354;08;1;21;000;2018;08;13;5;3;5;3;0;1;1;0;0;0;0;0;514352,479500000020000;5444277,711699999900000;9,196822537000060;49,151153900000054
157356;08;2;31;000;2018;08;21;4;3;0;1;2;1;0;0;0;0;0;0;477864,582999999980000;5415392,740000000200000;8,698023648000060;48,891089105000049
157357;08;4;25;108;2018;08;18;7;2;0;1;0;1;0;0;0;0;0;0;556500,065300000020000;5358982,051099999800000;9,763064238000027;48,381472993000045
157358;08;1;19;020;2018;08;15;5;2;5;3;0;1;1;0;0;0;0;0;519871,844600000010000;5407552,661700000100000;9,270716009000068;48,820638513000063
157360;08;1;15;028;2018;08;09;5;2;5;2;0;1;1;0;0;0;0;0;498891,936999999980000;5404307,120000000100000;8,984913426000048;48,791758754000057
157363;08;2;26;096;2018;08;01;3;3;1;5;2;1;1;0;0;0;0;0;475751,076599999970000;5486363,981800000200000;8,664904050000075;49,529405927000028
157364;08;1;17;030;2018;08;08;5;3;5;3;0;1;0;0;0;1;0;0;548131,131999999980000;5389650,333999999800000;9,653585149000037;48,658052423000072
157365;08;1;16;081;2018;08;06;5;3;5;3;0;1;1;0;0;0;0;0;517860,462799999980000;5385887,272099999700000;9,242376705000027;48,625798415000077
157366;08;4;15;061;2018;08;11;7;3;6;7;0;0;0;1;0;0;1;0;515692,772999999990000;5371207,607200000400000;9,212406515000055;48,493794700000080
157367;08;1;16;020;2018;08;11;5;3;5;3;0;1;1;0;0;0;0;0;526880,094999999970000;5381644,877999999600000;9,364501369000038;48,587311001000046
157369;08;1;16;077;2018;08;20;5;3;0;7;1;1;0;0;0;0;0;0;514416,539800000030000;5388426,595300000200000;9,195729370000038;48,648731373000032
157370;08;1;25;102;2018;08;14;3;3;0;7;0;1;0;0;0;0;0;0;520811,237800000000000;5444067,111899999900000;9,285382779000031;49,149074559000042
157373;08;4;26;021;2018;08;17;4;2;6;4;0;0;1;1;0;0;0;0;558830,866099999980000;5327147,157200000200000;9,790117484000064;48,094874759000049
157375;08;3;27;046;2018;08;18;4;3;0;1;0;1;0;0;0;0;0;0;481695,318800000010000;5323809,529099999900000;8,754294333000075;48,067299522000042
157380;08;3;15;064;2018;08;16;4;3;0;2;0;1;0;0;0;0;1;0;422148,087000000000000;5313281,666000000200000;7,956982608000033;47,968105574000049
157381;08;3;11;000;2018;08;18;4;2;0;3;0;1;1;0;0;0;0;0;409803,311800000020000;5317052,269799999900000;7,790837564000071;48,000402203000078
157382;08;3;11;000;2018;08;10;4;2;1;1;0;1;1;0;0;0;0;0;414848,512999999980000;5312890,122899999800000;7,859283677000065;47,963653866000072
157383;08;3;36;050;2018;08;14;4;3;5;3;0;1;1;0;0;0;0;0;399415,596399999980000;5273710,781299999900000;7,661672754000051;47,608994652000035
157384;08;2;26;081;2018;08;11;4;3;0;1;0;1;0;0;0;0;0;0;494570,235600000010000;5470927,139600000300000;8,925177136000059;49,391014149000057
157386;08;2;22;000;2018;08;16;4;3;0;7;0;1;0;0;0;0;1;1;463745,768199999990000;5485438,559500000400000;8,499093274000074;49,520482893000064
157387;08;2;21;000;2018;08;10;4;3;5;2;0;1;1;0;0;0;0;0;477687,136999999990000;5472891,958999999800000;8,692417659000057;49,408302803000026
157388;08;2;21;000;2018;08;14;4;2;5;3;0;1;1;0;0;0;0;0;477541,337999999990000;5473451,616100000200000;8,690376194000066;49,413331467000035
157389;08;2;26;095;2018;08;13;4;3;4;6;0;1;1;0;0;0;0;0;473130,069100000020000;5461744,260800000300000;8,630352112000026;49,307846565000034
157392;08;2;12;000;2018;08;20;4;3;0;7;1;1;0;0;0;0;0;0;456415,175700000020000;5428755,140599999600000;8,403988426000069;49,010149233000050
157393;08;2;12;000;2018;08;15;4;3;5;3;0;1;0;0;0;0;0;0;454610,288400000020000;5428822,116600000300000;8,379301041000076;49,010621565000065
157394;08;2;12;000;2018;08;12;4;3;5;3;0;1;0;0;0;0;0;0;455218,689499999980000;5429522,923600000300000;8,387543025000070;49,016969834000065
157398;08;1;36;033;2018;08;11;4;2;0;1;0;1;0;0;0;0;0;0;580355,038999999990000;5415751,083999999800000;10,096195072000057;48,889497768000069