OBJECTID_1;ULAND;UREGBEZ;UKREIS;UGEMEINDE;UJAHR;UMONAT;USTUNDE;UWOCHENTAG;UKATEGORIE;UART;UTYP1;ULICHTVERH;IstRad;IstPKW;IstFuss;IstKrad;IstGkfz;IstSonstig;STRZUSTAND;LINREFX;LINREFY;XGCSWGS84;YGCSWGS84
157399;08;1;36;088;2018;08;12;4;3;6;7;0;0;0;1;0;0;1;0;580231,952300000000000;5409883,760599999700000;10,093365977000076;48,836741898000071
157400;08;1;36;088;2018;08;05;4;3;4;6;2;1;0;0;0;0;1;0;579824,303500000040000;5410004,334699999500000;10,087835251000058;48,837878918000058
157401;08;1;35;019;2018;08;17;4;2;5;3;0;1;1;0;0;0;0;0;585711,557500000000000;5391051,037999999700000;10,164103861000058;48,666625437000050
157404;08;1;15;045;2018;08;12;4;2;5;2;0;1;0;0;0;0;1;0;499886,453500000000000;5395805,319799999700000;8,998456379000061;48,715277511000068
157405;08;1;17;026;2018;08;14;4;3;0;1;0;1;0;0;0;0;0;0;547911,395999999950000;5395891,449000000000000;9,651325106000058;48,714211435000038
157406;08;1;16;035;2018;08;15;4;2;5;3;0;1;1;0;0;0;0;0;527591,527600000030000;5392415,923399999700000;9,374865574000069;48,684176337000054
157408;08;1;11;000;2018;08;07;4;2;3;6;0;1;0;0;0;0;0;0;517191,637999999980000;5410082,973000000200000;9,234309763000056;48,843480659000079
157410;08;1;11;000;2018;08;16;4;3;3;7;0;1;1;0;0;0;0;0;514538,784400000000000;5404057,253100000300000;9,197939977000033;48,789341994000040
157411;08;3;36;081;2018;08;11;3;3;6;7;0;0;1;1;0;0;0;0;410923,286399999980000;5277931,494699999700000;7,813893655000072;47,648647535000066
157412;08;4;36;064;2018;08;07;3;3;5;3;0;1;0;0;0;0;0;0;544972,621500000010000;5291556,850100000400000;9,600291312000024;47,775805155000057
157413;08;2;26;084;2018;08;20;1;2;6;4;2;0;1;1;0;0;0;0;469244,864999999990000;5469749,500000000000000;8,576287216000026;49,379669038000031
157415;08;2;22;000;2018;08;14;1;3;2;3;0;1;1;0;0;0;0;0;462921,394700000000000;5486131,986300000000000;8,487638619000052;49,526670008000053
157417;08;2;15;106;2018;08;11;1;3;0;7;0;1;0;0;0;0;1;0;465823,022100000000000;5452655,462000000300000;8,530608895000057;49,225728527000058
157420;08;3;17;153;2018;08;13;1;3;0;1;0;1;0;0;0;0;0;0;416214,121999999970000;5388852,508000000400000;7,862489623000045;48,647112329000038
157421;08;4;17;002;2018;08;16;3;3;5;3;0;1;1;0;0;0;0;0;490197,916600000000000;5344041,629400000000000;8,867958887000043;48,249513358000058
157423;08;1;19;067;2018;08;11;1;2;0;1;0;1;0;0;0;0;0;0;538350,435500000020000;5405943,948599999800000;9,522292949000075;48,805301292000081
157424;08;4;15;061;2018;08;18;3;3;5;2;0;1;1;0;0;0;0;0;514306,612000000020000;5371719,855000000400000;9,193662067000048;48,498436156000025
157428;08;3;36;050;2018;08;10;3;3;1;7;0;1;1;0;0;0;0;0;399584,244599999980000;5274220,733300000400000;7,663799215000040;47,613608003000081
157435;08;3;26;074;2018;08;08;3;3;5;3;0;1;1;0;0;0;0;0;458858,608699999980000;5324670,114500000100000;8,447682584000063;48,073977577000051
157437;08;4;35;059;2018;08;15;7;3;0;1;0;1;0;0;0;0;0;1;510963,579099999970000;5290627,037600000400000;9,146321496000041;47,768915595000067
157438;08;3;15;015;2018;08;22;3;2;6;4;2;0;1;1;0;0;0;0;394667,806500000010000;5320241,423800000000000;7,587209163000068;48,026772220000055
157439;08;4;16;041;2018;08;20;7;3;0;7;1;1;0;0;0;0;0;0;504443,271300000020000;5373876,394600000200000;9,060169658000064;48,517984407000029
157442;08;3;35;055;2018;08;00;7;2;0;7;2;1;0;0;0;0;0;0;495318,187500000000000;5285392,715800000400000;8,937572112000055;47,721895609000057
157443;08;4;35;045;2018;08;01;7;2;0;1;2;1;0;0;0;0;0;0;536062,136000000060000;5288114,745000000100000;9,481074064000040;47,745396081000081
157444;08;3;11;000;2018;08;21;3;3;3;6;2;1;1;0;0;0;0;0;415040,428399999980000;5318407,768699999900000;7,860762181000041;48,013312944000063
157448;08;2;12;000;2018;08;07;3;3;1;5;0;1;1;0;0;0;0;0;455965,991700000010000;5427912,565800000000000;8,397937682000077;49,002538291000064
157455;08;2;22;000;2018;08;09;3;2;3;6;0;1;0;0;0;0;0;0;463764,968400000010000;5479881,064700000000000;8,499868166000056;49,470497168000065
157459;08;2;22;000;2018;08;08;3;3;0;3;1;1;1;0;0;0;0;0;464145,989899999990000;5485253,797700000000000;8,504639507000036;49,518844866000052
157460;08;2;21;000;2018;08;00;7;3;0;7;2;1;0;0;0;0;0;0;478206,424999999990000;5472912,253600000400000;8,699574814000073;49,408504170000072
157464;08;1;25;034;2018;08;23;3;3;1;5;2;1;1;0;0;0;0;0;498363,025599999990000;5444788,151899999900000;8,977549230000022;49,155911062000030
157465;08;2;15;102;2018;08;18;7;3;6;4;0;0;0;1;1;0;0;0;456072,643199999990000;5436362,564899999600000;8,398479851000047;49,078554117000067
157466;08;1;18;073;2018;08;10;3;2;0;3;0;1;1;0;0;0;0;0;498054,469600000010000;5422445,184799999900000;8,973424804000047;48,954923358000030
157467;08;2;15;108;2018;08;10;7;3;5;3;0;1;1;0;0;0;0;1;449386,900000000020000;5424472,369599999900000;8,308418761000041;48,971089376000066
157469;08;1;35;016;2018;08;07;3;3;5;3;0;1;1;0;0;0;0;0;592234,505200000010000;5386298,728199999800000;10,251616671000022;48,622953829000039
157471;08;1;18;003;2018;08;02;7;2;1;5;2;1;1;0;0;0;0;0;510805,000899999980000;5416496,558699999900000;9,147434274000034;48,901319950000072
157474;08;1;18;051;2018;08;10;3;3;5;3;0;1;1;0;0;0;0;0;509393,899900000020000;5415168,679999999700000;9,128149314000041;48,889397682000038
157477;08;1;15;045;2018;08;09;3;3;5;7;0;1;1;0;0;0;0;0;499821,191999999980000;5395636,576700000100000;8,997569247000058;48,713759472000049
157479;08;1;15;045;2018;08;07;3;3;5;3;0;1;0;0;0;0;1;0;500645,841000000010000;5393557,661999999500000;9,008776444000034;48,695057080000026
157483;08;1;11;000;2018;08;17;3;3;5;3;0;1;1;0;0;0;0;0;506848,784999999970000;5398413,847000000100000;9,093149874000062;48,738706300000047
157484;08;3;35;002;2018;08;10;6;3;0;1;0;1;0;0;0;0;0;0;506029,598899999980000;5284248,525399999700000;9,080383593000022;47,711589430000060
157492;08;4;16;022;2018;08;22;2;3;0;7;2;1;0;0;0;0;0;0;510540,544100000000000;5375623,741499999500000;9,142781376000073;48,533631356000058
157495;08;4;15;061;2018;08;14;2;3;5;3;0;1;1;0;0;0;0;0;515938,449399999980000;5371273,348500000300000;9,215734306000059;48,494379947000027
157497;08;3;11;000;2018;08;16;6;3;5;3;0;1;0;0;0;0;0;0;411568,149800000010000;5315131,936700000400000;7,814887038000052;47,983374861000073
157498;08;3;37;116;2018;08;21;2;3;0;1;1;1;0;0;0;0;0;0;418273,200599999980000;5273153,732099999700000;7,912634787000059;47,606636040000069
157499;08;3;36;036;2018;08;17;2;3;6;4;0;0;1;1;0;0;0;0;412574,857800000000000;5280842,618700000500000;7,835298109000064;47,675060822000034
157501;08;3;35;063;2018;08;11;2;3;0;7;0;1;0;0;0;0;0;0;498322,463600000020000;5287494,370199999800000;8,977623410000035;47,740820275000033
157502;08;3;11;000;2018;08;17;6;3;0;3;0;1;1;0;0;0;0;1;415102,369699999980000;5315677,859600000100000;7,862132810000048;47,988764531000072
157503;08;3;35;043;2018;08;15;2;3;1;2;0;1;1;0;0;0;0;0;511053,594999999970000;5280939,377000000300000;9,147276947000023;47,681748458000072
157505;08;3;35;043;2018;08;13;2;3;0;7;0;1;0;0;0;0;0;0;511869,717100000010000;5280412,361300000000000;9,158136502000048;47,676992079000058
157506;08;2;36;040;2018;08;17;6;3;6;4;0;0;1;1;0;0;0;0;489277,316799999970000;5422251,969499999700000;8,853537608000067;48,953095336000047
157508;08;3;26;074;2018;08;18;2;3;2;6;0;1;1;0;0;0;0;0;463957,339900000020000;5323220,621000000300000;8,516251851000050;48,061245452000037
157513;08;2;22;000;2018;08;16;6;3;5;3;0;1;1;0;0;0;0;0;464344,415400000000000;5484337,038599999600000;8,507463666000035;49,510610800000052
157514;08;3;16;020;2018;08;10;2;2;6;4;0;0;1;1;0;0;0;0;408821,822900000030000;5338909,799599999600000;7,773012934000064;48,196870887000046
157515;08;2;26;098;2018;08;14;6;2;6;2;0;0;1;1;0;0;0;0;478350,754299999970000;5459793,760800000300000;8,702277301000038;49,290509169000075
157519;08;2;15;103;2018;08;17;6;3;0;1;0;1;0;0;0;0;0;0;466752,850299999990000;5442570,151300000000000;8,544212700000060;49,135061853000082
157525;08;1;15;028;2018;08;16;6;3;0;7;0;1;0;0;0;0;0;0;500935,725099999980000;5405960,948900000200000;9,012743916000034;48,806636769000079
157528;08;2;26;041;2018;08;15;2;3;5;3;0;1;1;0;0;0;0;0;476157,183399999980000;5466143,870799999700000;8,671732157000065;49,347546557000044
157529;08;1;19;067;2018;08;07;6;3;0;3;0;1;0;0;0;0;0;0;538336,596400000040000;5405932,134300000000000;9,522103380000033;48,805195870000034
157530;08;2;22;000;2018;08;17;2;3;3;2;0;1;1;0;0;0;0;0;462852,265000000010000;5480389,112999999900000;8,487223456000038;49,475011663000032
157531;08;1;18;019;2018;08;08;6;3;5;3;0;1;1;0;0;0;0;0;503724,673000000010000;5403875,820399999600000;9,050708498000063;48,787868640000056
157533;08;2;21;000;2018;08;08;2;3;5;3;0;1;1;0;0;0;0;0;477355,432900000010000;5474688,723000000200000;8,687742681000032;49,424452139000039
157537;08;1;11;000;2018;08;08;6;3;6;4;0;0;1;1;0;0;0;0;514847,143500000010000;5409424,157800000200000;9,202332327000022;48,837614594000058
157540;08;2;12;000;2018;08;12;2;3;5;2;0;1;1;0;0;0;0;0;459117,328900000020000;5430679,786500000400000;8,440743857000030;49,027646670000081
157543;08;2;15;017;2018;08;09;2;2;3;2;0;1;1;0;0;0;0;0;456272,528100000000000;5420961,307000000000000;8,402875818000041;48,940032316000043
157544;08;3;17;141;2018;08;16;2;3;2;6;0;1;1;0;0;0;0;0;415743,987199999970000;5375725,700500000300000;7,858770201000027;48,528980425000043
157546;08;4;21;000;2018;08;17;2;2;5;3;0;1;1;0;0;0;0;0;572513,783000000050000;5361476,207999999600000;9,979739647000031;48,402271015000053
157547;08;4;36;064;2018;08;19;5;3;0;1;0;1;0;0;0;0;0;1;545358,836800000050000;5293129,578800000300000;9,605610520000028;47,789927960000057
157548;08;1;28;014;2018;08;20;2;2;5;3;0;1;1;0;0;0;0;0;548288,728499999970000;5482446,533300000200000;9,666805148000037;49,492732689000036
157551;08;1;18;051;2018;08;06;2;3;6;6;0;1;0;1;0;0;0;0;510263,098000000000000;5415152,402999999900000;9,140006260000064;48,889237472000048
157552;08;4;35;016;2018;08;17;5;3;0;3;0;1;1;0;0;0;0;1;537767,698899999960000;5278396,762699999800000;9,502983872000073;47,657862763000026
157553;08;1;16;016;2018;08;19;2;3;0;1;0;1;0;0;0;0;0;0;532972,866999999970000;5384347,947200000300000;9,447333285000070;48,611336585000060
157556;08;1;11;000;2018;08;14;2;3;5;3;0;1;1;0;0;0;0;0;517152,694200000030000;5402807,916000000200000;9,233474935000061;48,778036500000042
157557;08;1;11;000;2018;08;08;2;2;6;2;0;0;1;1;0;0;0;0;513638,243699999990000;5408631,394000000300000;9,185831527000062;48,830510761000028
157561;08;4;35;036;2018;08;15;1;2;1;5;0;1;1;0;0;0;0;0;520892,036599999990000;5281905,205600000000000;9,278408335000052;47,690195447000065
157563;08;4;35;024;2018;08;06;1;3;6;7;0;0;0;1;1;0;0;0;526737,842500000030000;5278739,906100000300000;9,356114623000053;47,661500139000054
157566;08;3;11;000;2018;08;16;5;3;5;2;0;1;1;0;0;0;0;0;413146,915400000000000;5315621,308600000100000;7,835941198000057;47,987993254000060
157568;08;3;11;000;2018;08;11;5;3;5;3;0;1;1;0;0;0;0;0;414925,972499999970000;5317194,767300000400000;7,859468363000076;48,002386295000065
157570;08;4;15;061;2018;08;21;1;3;0;7;1;1;0;0;0;0;0;0;515054,645000000020000;5373873,938000000100000;9,203865497000038;48,517797519000055
157575;08;2;12;000;2018;08;00;1;3;4;6;2;1;1;0;0;0;0;0;456750,617299999980000;5428667,768500000200000;8,408584558000030;49,009386912000082
157576;08;2;15;009;2018;08;19;5;2;4;2;0;1;1;0;0;0;0;0;469754,693800000010000;5440264,261800000400000;8,585536883000032;49,114475064000032
157577;08;2;26;032;2018;08;19;1;3;2;3;0;1;1;0;0;0;0;0;466809,456000000010000;5462225,923999999600000;8,543362433000027;49,311868226000058
157579;08;2;12;000;2018;08;15;5;2;3;6;0;1;1;0;0;0;1;0;456093,294600000020000;5428020,747600000400000;8,399666455000045;49,003520468000033
157580;08;2;12;000;2018;08;09;1;2;0;7;0;1;0;0;0;0;0;0;455451,476100000030000;5427858,628899999900000;8,390909212000054;49,002016202000050
157581;08;2;26;103;2018;08;18;5;3;5;2;0;1;1;0;0;0;0;0;473572,792399999980000;5456245,273600000000000;8,636805955000057;49,258402539000031
157582;08;2;12;000;2018;08;20;1;3;1;5;0;1;1;0;0;0;0;0;461044,142700000030000;5427534,490799999800000;8,467402466000067;48,999478813000053
157583;08;1;15;045;2018;08;18;1;2;6;4;0;0;1;1;0;0;0;0;498352,956499999970000;5396887,617900000000000;8,977604754000026;48,725011758000051
157584;08;2;26;096;2018;08;20;5;2;0;1;2;1;0;0;0;0;0;1;475492,257700000020000;5488597,207100000200000;8,661188648000064;49,549482516000069
157586;08;2;26;096;2018;08;10;5;2;5;2;0;1;0;0;0;0;1;0;474805,456999999990000;5486082,799999999800000;8,651854740000033;49,526838222000038
157588;08;2;22;000;2018;08;21;5;3;4;2;2;1;1;0;0;0;0;1;462433,633800000010000;5485630,678000000300000;8,480946643000038;49,522130986000036
157589;08;2;22;000;2018;08;13;5;3;5;3;0;1;1;0;0;0;0;0;462955,992000000030000;5486394,872600000400000;8,488091984000050;49,529036636000058
157592;08;2;22;000;2018;08;22;5;3;1;5;2;1;1;0;0;0;0;1;461960,788999999990000;5485098,941100000400000;8,474464905000048;49,517318827000054
157593;08;4;36;009;2018;08;18;7;2;0;1;0;1;0;0;0;0;0;0;559664,176100000040000;5308078,457700000100000;9,798654823000049;47,923249624000050
157594;08;2;22;000;2018;08;07;5;3;0;7;0;0;0;1;0;1;0;0;463837,968999999980000;5478133,524000000200000;8,501035347000027;49,454783176000035
157595;08;4;35;059;2018;08;22;7;3;6;7;2;0;1;1;0;0;0;0;512009,311600000020000;5290309,403699999700000;9,160269158000062;47,766039038000031
157601;08;2;15;089;2018;08;18;5;3;5;3;0;1;1;0;0;0;0;0;471093,769399999990000;5429173,792600000300000;8,604678433000061;49,014777378000076
157603;08;2;12;000;2018;08;14;5;2;4;6;0;1;1;0;0;0;0;0;456656,732599999990000;5428550,983500000100000;8,407313268000053;49,008329830000037
157605;08;4;16;011;2018;08;16;7;3;1;5;0;1;1;0;0;0;0;0;504073,254200000020000;5366682,344399999800000;9,055088845000057;48,453266223000071
157606;08;3;11;000;2018;08;15;7;3;6;4;0;0;1;1;0;0;0;0;410413,824800000000000;5315671,423200000100000;7,799308371000052;47,988067037000064
157609;08;1;18;048;2018;08;07;5;3;5;3;0;1;1;0;0;0;0;0;514421,191100000000000;5415347,077800000100000;9,196736353000063;48,890905898000028
157610;08;3;37;053;2018;08;13;7;2;0;7;0;1;0;0;0;0;0;0;455889,725099999980000;5272209,522400000100000;8,413174515000037;47,601792936000038
157613;08;1;16;033;2018;08;11;5;3;6;7;0;0;1;1;0;0;0;0;533316,662600000040000;5387816,787600000400000;9,452276075000043;48,642523790000041
157614;08;1;16;033;2018;08;16;5;3;5;3;0;1;1;0;0;0;0;1;534846,786899999950000;5387374,755900000200000;9,473009718000071;48,638463897000065
157616;08;3;11;000;2018;08;18;7;3;0;4;0;1;0;1;0;0;0;0;413555,446400000020000;5316392,513700000000000;7,841260109000075;47,994985871000040
157617;08;1;16;078;2018;08;09;5;2;6;7;0;0;1;1;0;1;0;0;512332,489599999970000;5392864,115100000100000;9,167567242000075;48,688696337000067
157619;08;1;15;028;2018;08;09;5;3;5;3;0;1;1;0;0;0;0;0;499682,001899999970000;5404999,325799999800000;8,995669835000058;48,797986701000070
157621;08;1;11;000;2018;08;11;5;2;6;2;0;0;1;1;0;0;0;0;515382,656800000000000;5406817,780500000300000;9,209532316000036;48,814155030000052
157622;08;2;12;000;2018;08;14;7;3;5;2;0;1;1;0;0;0;0;0;459586,565300000020000;5429386,836199999800000;8,447291288000031;49,016047300000025
157626;08;2;15;046;2018;08;19;4;3;7;7;0;1;0;0;0;0;1;0;451264,234999999990000;5413470,867999999800000;8,335383382000032;48,872280336000074
157627;08;2;22;000;2018;08;17;7;3;3;2;0;1;1;0;0;0;0;0;461552,535199999980000;5481188,293499999700000;8,469205473000045;49,482118956000079
157628;08;4;21;000;2018;08;13;4;3;5;3;0;1;1;0;0;0;0;0;572278,077999999980000;5360861,724999999600000;9,976449700000046;48,396770658000037
157631;08;2;22;000;2018;08;19;7;3;6;7;0;0;1;1;0;0;0;0;461487,427600000000000;5481649,185600000400000;8,468261765000023;49,486260309000045
157632;08;4;25;039;2018;08;05;5;2;6;4;1;1;0;1;0;0;0;0;566084,666699999940000;5352977,553299999800000;9,891551483000058;48,326528005000057
157635;08;4;15;059;2018;08;21;5;3;0;7;2;1;0;0;0;0;0;0;515212,388199999990000;5366196,529299999600000;9,205722090000052;48,448724913000035
157637;08;3;35;063;2018;08;12;5;3;0;7;0;1;0;0;0;0;0;0;498394,215299999980000;5293177,536100000100000;8,978559499000028;47,791955053000038
157639;08;3;11;000;2018;08;17;5;3;1;5;0;1;0;0;0;0;0;0;411357,740999999980000;5317011,167999999600000;7,811679803000061;48,000249917000076
157640;08;3;11;000;2018;08;14;5;3;0;1;0;1;0;0;0;0;0;0;413372,439100000020000;5316663,933199999900000;7,838752731000056;47,997402614000066
157641;08;3;11;000;2018;08;16;5;2;0;1;0;1;0;0;0;0;0;0;415051,655000000030000;5315484,301500000100000;7,861491528000045;47,987016658000073
157642;08;2;12;000;2018;08;14;5;3;5;2;0;1;1;0;0;0;0;0;459726,367199999980000;5426989,950400000400000;8,449440919000040;48,994495993000044
157644;08;2;31;000;2018;08;15;5;3;6;7;0;0;1;1;0;0;0;0;478224,475500000000000;5415431,784199999600000;8,702931232000026;48,891453086000070
157645;08;2;25;067;2018;08;05;5;3;0;1;1;1;0;0;0;0;0;1;509626,551600000010000;5463132,832499999600000;9,132466595000039;49,320852194000054
157648;08;1;25;027;2018;08;11;5;3;0;1;0;1;0;0;0;0;0;0;519055,539700000020000;5446790,799800000200000;9,261436246000073;49,173631859000068
157650;08;1;19;091;2018;08;14;5;3;0;7;0;1;0;0;0;0;0;0;528376,748099999970000;5406420,259800000100000;9,386498449000044;48,810121462000041
157657;08;4;25;020;2018;08;10;4;2;0;1;0;1;0;0;0;0;0;0;558471,965399999990000;5361641,767599999900000;9,790063586000031;48,405219334000037
157659;08;3;35;022;2018;08;16;4;3;5;2;0;1;1;0;0;0;0;0;484615,882500000010000;5300370,835099999800000;8,794335834000037;47,856494304000080
157660;08;3;17;001;2018;08;20;4;3;2;3;2;1;1;0;0;0;0;0;432306,170300000000000;5386480,766699999600000;8,081316360000074;48,627728688000047
157664;08;3;27;049;2018;09;14;2;3;4;7;0;1;0;0;0;0;0;0;473350,812500000000000;5324714,302799999700000;8,642230634000043;48,075145578000047
157666;08;4;35;016;2018;09;17;2;3;5;3;0;1;1;0;0;0;0;0;531813,112199999970000;5280090,485299999800000;9,423807471000032;47,673422217000052
157668;08;4;21;000;2018;09;11;2;3;0;1;0;1;0;0;0;0;0;1;570711,836899999990000;5360581,018000000200000;9,955246190000025;48,394423223000047
157669;08;4;21;000;2018;09;12;2;3;0;1;0;1;0;0;0;0;0;0;572528,873700000000000;5356350,538599999600000;9,979058906000034;48,356162476000065
157672;08;3;35;063;2018;09;12;2;3;0;7;0;1;0;0;0;0;0;0;498391,689200000020000;5293173,003300000000000;8,978525787000024;47,791914262000034
157673;08;3;11;000;2018;08;17;4;3;5;3;0;1;1;0;0;0;0;0;415456,030499999990000;5315638,939199999900000;7,866879563000055;47,988461276000066
157674;08;3;26;012;2018;09;05;2;3;5;3;2;1;0;0;0;0;1;0;462778,608000000010000;5311139,014700000200000;8,501480638000032;47,952481542000044
157675;08;3;11;000;2018;08;09;4;2;3;2;0;1;0;0;0;0;0;0;413176,961799999990000;5320342,616800000000000;7,835387909000076;48,030466980000028
157677;08;2;15;099;2018;08;11;4;2;5;3;0;1;0;0;0;0;1;0;461988,602699999990000;5444740,468899999700000;8,478697233000048;49,154307606000032
157680;08;2;31;000;2018;08;18;4;3;3;2;0;1;1;0;0;0;0;0;478688,343100000000000;5415348,916799999800000;8,709263700000065;48,890723766000065
157681;08;3;17;031;2018;09;14;2;3;5;3;0;1;1;0;0;0;0;0;417295,316100000000000;5358708,824000000000000;7,883140703000038;48,376124084000026
157684;08;3;17;096;2018;09;14;2;2;5;3;0;1;1;0;0;0;0;0;421200,387500000010000;5369406,974299999900000;7,933854880000069;48,472853362000080
157685;08;2;26;085;2018;08;15;4;2;0;1;0;1;0;0;0;0;0;0;490143,492399999990000;5455511,567900000100000;8,864557006000041;49,252294162000055
157687;08;3;15;074;2018;09;17;2;3;5;3;0;1;1;0;0;0;0;0;395481,737199999970000;5295782,014899999800000;7,604054327000029;47,806902531000048
157688;08;3;11;000;2018;09;13;2;3;2;5;0;1;0;0;0;1;0;0;409620,700399999970000;5315817,756600000000000;7,788650050000058;47,989271741000039
157689;08;2;22;000;2018;08;20;4;3;5;3;2;1;1;0;0;0;0;1;461237,666600000000000;5482431,328900000100000;8,464736804000040;49,493279361000077
157690;08;2;12;000;2018;09;07;2;3;5;3;0;1;1;0;0;0;0;1;457841,457999999980000;5428685,898000000000000;8,423498619000043;49,009625479000078
157691;08;2;21;000;2018;08;18;4;3;5;3;0;1;1;0;0;0;0;0;474681,316999999980000;5474356,927899999500000;8,650889809000034;49,421362265000027
157692;08;2;35;080;2018;09;20;2;3;0;3;1;1;1;0;0;0;0;0;483101,099099999990000;5388667,343100000200000;8,770558736000055;48,650834965000058
157693;08;2;12;000;2018;08;01;4;3;1;5;2;1;1;0;0;0;0;0;453207,558100000020000;5428952,705699999800000;8,360105049000026;49,011691443000075
157694;08;3;17;057;2018;08;18;4;3;2;6;0;1;1;0;0;0;0;0;412503,342899999990000;5380107,873499999800000;7,813965137000025;48,567951985000036
157696;08;2;26;096;2018;09;10;2;3;2;6;0;1;1;0;0;0;0;0;475889,044200000000000;5486186,263000000300000;8,666821455000047;49,527812917000062
157698;08;2;21;000;2018;09;15;2;2;0;3;0;1;0;0;0;0;0;0;478102,995000000000000;5472967,919200000400000;8,698145979000060;49,409001161000049
157699;08;1;28;131;2018;08;10;4;3;0;3;0;1;1;0;0;0;0;0;537222,449299999980000;5511409,905399999600000;9,516749439000023;49,754017117000046
157701;08;1;26;066;2018;08;14;4;3;4;2;0;1;1;0;0;0;0;0;535739,362700000060000;5449592,599399999700000;9,490575600000057;49,198089034000077
157702;08;1;18;079;2018;08;13;4;2;5;3;0;1;1;0;0;0;0;0;507993,363000000010000;5420770,446000000500000;9,109153297000034;48,939809328000081
157707;08;2;15;066;2018;09;13;2;3;5;3;0;1;1;0;0;0;0;0;460171,879200000020000;5454042,670900000300000;8,452861019000068;49,237864814000034
157709;08;4;35;035;2018;08;13;3;3;8;1;0;1;0;0;0;0;0;0;545055,349999999980000;5284578,634999999800000;9,600672757000041;47,713015717000076
157713;08;4;36;052;2018;08;17;3;2;4;2;0;1;0;0;0;0;0;0;566627,609000000050000;5293114,836900000500000;9,889549490000036;47,787945992000061
157714;08;1;21;000;2018;09;08;2;3;3;2;0;1;1;0;0;0;0;0;516177,367499999990000;5444134,761300000400000;9,221842188000039;49,149822649000043
157717;08;1;19;091;2018;09;18;2;3;0;7;0;0;1;1;0;0;0;0;527024,296800000010000;5403075,631500000100000;9,367858084000034;48,780094304000045
157718;08;1;18;003;2018;09;13;2;3;6;4;0;0;1;1;0;0;0;0;511022,989000000000000;5416411,417500000400000;9,150406413000042;48,900550200000055
157720;08;4;35;059;2018;08;15;3;3;5;3;0;1;0;0;0;0;0;0;511788,712100000000000;5290498,264100000300000;9,157330304000027;47,767742386000066
157721;08;4;21;000;2018;08;17;3;2;3;6;0;1;0;0;0;0;0;0;570895,747399999990000;5361728,649100000000000;9,957924094000077;48,404725857000074
157722;08;1;17;026;2018;09;08;2;3;0;2;0;1;0;0;0;0;1;0;547931,546899999960000;5394741,642000000000000;9,651465492000057;48,703866808000043
157723;08;4;15;014;2018;08;16;3;3;5;1;0;1;1;0;0;0;0;0;526813,845699999950000;5373327,631600000000000;9,363067356000045;48,512490715000069
157725;08;3;36;050;2018;08;20;3;3;6;4;1;0;1;1;0;0;0;0;398971,217000000000000;5272321,227900000300000;7,656081958000073;47,596426030000032
157726;08;3;35;063;2018;09;09;1;3;0;7;0;1;0;0;0;0;0;1;496919,812900000020000;5287985,892300000400000;8,958910032000063;47,745237616000054
157727;08;3;35;077;2018;08;19;3;3;0;1;0;1;0;0;0;0;0;0;494716,496700000020000;5293987,774700000000000;8,929444611000065;47,799225501000080
157728;08;3;35;043;2018;08;17;3;3;6;4;0;0;1;1;0;0;0;0;512506,019700000000000;5280150,455900000400000;9,166606224000077;47,674623547000067
157731;08;3;35;043;2018;08;08;3;2;1;5;0;1;1;0;0;0;0;0;511614,621099999990000;5280512,045300000300000;9,154740603000050;47,677893636000078
157733;08;3;17;096;2018;08;20;3;3;5;3;1;1;1;0;0;0;0;0;422719,145800000000000;5368934,360399999700000;7,954487165000046;48,468790719000026
157735;08;3;17;065;2018;08;15;3;2;5;3;0;1;1;0;0;0;0;0;414768,754399999980000;5354002,313299999600000;7,849981821000029;48,333453650000081
157736;08;3;16;017;2018;08;15;3;3;5;3;0;1;1;0;0;0;0;0;409122,466900000000000;5341270,474100000200000;7,776552045000074;48,218147805000058
157738;08;3;36;091;2018;08;17;3;2;5;3;0;1;1;0;0;0;0;0;394772,242800000010000;5272470,926599999900000;7,600206748000062;47,597104682000065
157742;08;2;15;090;2018;09;16;1;3;6;7;0;0;1;1;0;0;0;0;465558,472100000010000;5434189,332499999600000;8,528553991000024;49,059609262000038
157749;08;1;25;108;2018;09;15;1;2;0;1;0;1;0;0;0;0;0;1;492054,929999999990000;5434677,899000000200000;8,891234072000032;49,064915788000064
157750;08;2;26;036;2018;08;11;3;3;6;7;0;0;1;1;0;0;0;0;468536,359999999990000;5479858,559000000400000;8,565724657000033;49,470560734000060
157751;08;2;15;100;2018;08;17;3;3;0;1;0;1;0;0;0;0;0;0;474842,423100000010000;5450211,577399999800000;8,654632936000041;49,204182429000070
157754;08;2;15;017;2018;08;15;3;3;1;5;0;1;1;0;0;0;0;0;456466,072600000010000;5421768,947700000400000;8,405432333000022;48,947310873000049
157755;08;4;21;000;2018;09;17;7;3;6;4;0;0;0;1;1;0;0;0;573106,951899999990000;5360924,389600000300000;9,987656666000021;48,397238771000048
157756;08;2;12;000;2018;08;04;3;3;5;3;2;1;0;0;0;0;1;0;454247,806900000030000;5428569,318099999800000;8,374372949000076;49,008320857000058
157757;08;2;12;000;2018;08;19;3;3;0;1;0;1;0;0;0;0;0;0;456895,959299999990000;5428134,463600000400000;8,410628553000038;49,004599935000044