OBJECTID_1;ULAND;UREGBEZ;UKREIS;UGEMEINDE;UJAHR;UMONAT;USTUNDE;UWOCHENTAG;UKATEGORIE;UART;UTYP1;ULICHTVERH;IstRad;IstPKW;IstFuss;IstKrad;IstGkfz;IstSonstig;STRZUSTAND;LINREFX;LINREFY;XGCSWGS84;YGCSWGS84
157758;08;4;16;036;2018;09;16;7;2;0;7;0;1;0;0;0;0;0;0;497919,370700000030000;5372667,423899999800000;8,971830667000063;48,507120323000038
157760;08;3;17;073;2018;08;13;3;3;8;7;0;1;0;0;0;0;0;0;410484,840000000030000;5348084,152300000200000;7,793447882000066;48,279629172000057
157761;08;4;36;011;2018;09;21;7;2;0;7;2;1;0;0;0;0;0;0;547628,180700000030000;5297435,556699999600000;9,636380983000038;47,828504702000032
157763;08;3;26;075;2018;09;16;7;2;5;1;0;1;1;0;0;0;0;0;460157,255799999980000;5316944,521300000100000;8,465834941000026;48,004554950000056
157764;08;1;28;061;2018;08;09;3;2;6;4;0;0;0;1;0;0;1;0;543771,317900000020000;5496638,132799999800000;9,606006784000044;49,620718104000048
157773;08;1;18;078;2018;08;13;3;2;0;4;0;0;1;1;0;0;0;0;513440,195400000030000;5419615,433400000400000;9,183494066000037;48,929324847000032
157774;08;2;12;000;2018;09;10;7;3;5;3;0;1;1;0;0;0;0;0;460412,171500000000000;5427284,622700000200000;8,458787022000024;48,997190990000036
157775;08;1;18;071;2018;08;17;3;3;5;3;0;1;1;0;0;0;0;0;508558,298300000020000;5418650,875500000100000;9,116823258000068;48,920734734000064
157776;08;2;36;043;2018;09;12;7;2;6;7;0;0;1;1;0;0;0;0;468192,046199999980000;5406784,989400000300000;8,566740717000073;48,813236282000048
157777;08;2;26;085;2018;09;07;7;3;6;7;0;0;1;1;0;0;0;0;490963,464199999990000;5455432,156299999900000;8,875826394000058;49,251592499000026
157781;08;1;15;021;2018;08;10;3;3;6;2;0;0;1;1;0;0;0;0;490368,772000000000000;5382421,031299999900000;8,869378743000027;48,594796274000032
157787;08;2;22;000;2018;09;15;7;3;5;3;0;1;1;0;0;0;0;0;461823,871700000020000;5480127,094899999900000;8,473053720000053;49,472591145000081
157788;08;2;26;105;2018;09;13;7;3;2;3;0;1;1;0;0;0;0;0;471710,569699999990000;5476866,389499999600000;8,609749161000025;49,443803279000065
157789;08;1;11;000;2018;08;07;3;3;0;7;1;1;0;0;0;0;0;0;516788,411199999970000;5403197,842500000300000;9,228532440000038;48,781554173000075
157790;08;2;22;000;2018;09;18;7;3;0;4;0;0;0;1;0;0;1;0;461393,334800000010000;5481905,473500000300000;8,466937669000060;49,488559502000044
157791;08;1;11;000;2018;08;14;3;3;2;6;0;1;1;0;0;0;0;0;512110,684899999990000;5401013,794300000200000;9,164792854000041;48,762015277000046
157792;08;4;37;031;2018;08;16;2;3;5;3;0;1;1;0;0;0;0;0;514900,792699999990000;5343819,232499999900000;9,200716202000024;48,247413131000030
157794;08;2;15;009;2018;09;12;7;3;0;7;0;1;0;0;0;0;0;0;469696,946699999970000;5440432,033599999700000;8,584732977000044;49,115981361000081
157795;08;4;37;100;2018;08;13;2;3;5;3;0;1;1;0;0;0;0;0;537493,330199999970000;5317997,328900000100000;9,502760206000062;48,014169018000075
157796;08;2;12;000;2018;09;13;7;3;5;3;0;1;0;0;0;0;1;0;454351,985400000010000;5428553,924100000400000;8,375799155000038;49,008190102000071
157797;08;4;36;064;2018;08;21;2;3;4;2;2;1;1;0;0;0;0;0;545415,202300000000000;5292445,687800000400000;9,606291481000028;47,783771008000031
157798;08;2;11;000;2018;09;11;7;3;6;7;0;0;1;1;0;0;0;0;444052,659999999970000;5401088,124099999700000;8,238735115000054;48,760287464000044
157800;08;1;36;035;2018;09;01;7;2;1;5;2;1;1;0;0;0;0;0;580075,854900000030000;5431451,828200000300000;10,095475803000056;49,030746987000043
157801;08;4;26;021;2018;08;08;2;2;5;7;0;1;1;0;0;0;0;0;559097,137600000020000;5326934,909599999900000;9,793663855000034;48,092940700000042
157806;08;1;18;070;2018;09;14;7;2;1;6;0;1;1;0;0;0;0;0;519609,649399999990000;5423467,993700000500000;9,267908013000067;48,963816196000039
157807;08;4;21;000;2018;08;18;2;3;5;3;0;1;1;0;0;0;0;0;570886,505299999960000;5360601,177699999900000;9,957608846000028;48,394584953000049
157809;08;1;16;049;2018;09;18;7;3;5;2;0;1;1;0;0;0;0;0;525490,476499999990000;5386337,779099999900000;9,345946387000026;48,629586755000048
157814;08;1;11;000;2018;08;11;2;3;3;6;0;1;1;0;0;0;0;0;520421,043599999980000;5402399,807300000500000;9,277941499000065;48,774266508000039
157815;08;3;35;043;2018;08;13;2;3;0;7;0;1;0;0;0;0;0;0;512826,985300000000000;5278356,682799999600000;9,170829464000065;47,658477476000030
157818;08;3;35;043;2018;08;11;2;3;5;3;0;1;0;0;0;0;0;0;513229,647500000020000;5279036,173000000400000;9,176212656000075;47,664583200000038
157821;08;3;17;096;2018;08;13;6;3;5;3;0;1;1;0;0;0;0;1;422158,213099999990000;5368882,358599999900000;7,946909460000029;48,468253786000048
157822;08;3;35;081;2018;08;18;2;2;8;7;0;1;0;0;0;0;0;0;490739,459299999990000;5296931,003100000300000;8,876272853000046;47,825662158000057
157823;08;3;17;089;2018;08;17;6;2;6;2;0;0;1;1;0;0;0;1;431945,305300000010000;5375494,469100000300000;8,078218259000039;48,528866566000033
157824;08;3;35;043;2018;08;14;2;3;0;1;0;1;0;0;0;0;0;0;512288,800500000010000;5280213,225100000400000;9,163714190000064;47,675192489000040
157829;08;2;22;000;2018;08;16;2;3;1;5;0;1;1;0;0;0;0;0;464227,598999999990000;5486469,230600000400000;8,505656768000051;49,529781851000052
157831;08;3;36;050;2018;08;08;6;2;0;7;0;1;0;0;0;0;0;0;402228,963400000010000;5276569,196200000100000;7,698457790000020;47,635137969000027
157832;08;2;22;000;2018;08;12;2;3;0;1;0;1;0;0;0;0;0;0;462632,049999999990000;5485868,009999999800000;8,483665558000041;49,524277919000042
157833;08;3;11;000;2018;08;14;6;3;6;7;0;1;0;1;0;0;0;1;414878,690100000010000;5318679,699500000100000;7,858539856000050;48,015737539000042
157842;08;2;26;098;2018;08;14;6;3;6;7;0;0;1;1;0;0;0;0;477994,995000000000000;5459883,253999999700000;8,697380006000060;49,291301455000053
157843;08;2;25;109;2018;08;07;6;3;0;1;0;1;0;0;0;0;0;0;526546,239199999950000;5492857,555100000500000;9,367279687000064;49,587716455000077
157846;08;2;12;000;2018;08;08;2;3;3;1;0;1;1;0;0;0;0;0;455110,590399999990000;5430586,978299999600000;8,385946939000064;49,026533219000044
157848;08;1;36;028;2018;08;10;2;3;0;1;0;1;0;0;0;0;0;0;565750,504700000050000;5406077,106999999800000;9,895436952000068;48,804204427000059
157850;08;2;16;043;2018;08;15;6;3;5;3;0;1;1;0;0;0;0;1;442486,643300000000000;5412126,436099999600000;8,215881907000039;48,859435169000051
157851;08;2;15;009;2018;08;17;6;3;0;1;1;1;0;0;0;0;0;1;469291,940999999990000;5440859,196999999700000;8,579150507000065;49,119803680000075
157853;08;2;15;007;2018;08;03;6;3;6;7;2;0;1;1;0;0;0;0;479712,522300000010000;5432849,031299999900000;8,722362827000040;49,048181457000055
157854;08;1;27;079;2018;08;16;2;2;5;3;0;1;1;0;0;0;0;0;562497,669299999950000;5421804,064600000200000;9,853546174000030;48,946001101000036
157855;08;2;12;000;2018;08;17;6;3;6;7;0;1;0;1;0;0;0;0;460312,318800000010000;5430688,639499999600000;8,457089122000070;49,027804367000044
157857;08;2;15;017;2018;08;17;6;3;1;6;0;1;1;0;0;0;0;0;456327,332200000000000;5421198,817599999700000;8,403598702000068;48,942172648000053
157858;08;1;21;000;2018;08;08;2;3;5;3;0;1;1;0;0;0;0;0;516121,521100000010000;5442602,221699999600000;9,221015050000062;49,136038425000038
157859;08;1;19;008;2018;08;12;2;3;0;1;0;1;0;0;0;0;0;1;531532,164200000000000;5421630,777700000400000;9,430647816000032;48,946796383000049
157861;08;1;17;007;2018;08;13;2;3;0;1;0;1;0;0;0;0;0;0;559444,008999999960000;5384265,639000000400000;9,806418936000057;48,608641478000038
157863;08;1;15;045;2018;08;17;2;3;2;6;0;1;1;0;0;0;0;0;501084,876099999990000;5395279,453999999900000;9,014747092000050;48,710545853000042
157864;08;4;37;088;2018;08;12;1;2;5;3;0;1;1;0;0;0;0;0;520283,841100000020000;5303035,517799999600000;9,271291049000070;47,880333220000068
157865;08;1;25;096;2018;08;12;6;3;1;5;0;1;1;0;0;0;0;0;514631,254100000020000;5451281,477699999700000;9,200900353000066;49,214148123000029
157869;08;4;17;002;2018;08;14;1;2;5;3;0;1;0;0;0;0;0;0;486355,679000000000000;5344641,087000000300000;8,816182093000066;48,254835444000037
157870;08;1;17;051;2018;08;08;6;3;5;3;0;1;1;0;0;0;0;0;543620,778399999950000;5394762,148199999700000;9,592880936000029;48,704367652000030
157871;08;3;17;145;2018;08;10;1;3;6;6;0;0;0;1;0;0;1;0;441759,455100000020000;5349170,567300000200000;8,214788516000056;48,293052458000034
157873;08;3;16;009;2018;08;19;1;3;5;3;0;1;1;0;0;0;0;0;416789,982900000000000;5325046,376299999700000;7,882927046000020;48,073260167000058
157874;08;3;16;009;2018;08;10;1;3;0;1;0;1;0;0;0;0;0;0;417430,924000000000000;5324721,120000000100000;7,891592680000031;48,070417680000048
157876;08;1;17;026;2018;08;15;6;2;0;3;0;1;1;0;0;0;0;1;548652,347300000020000;5394699,603600000000000;9,661256678000029;48,703432844000076
157878;08;1;16;033;2018;08;17;6;3;4;6;0;1;1;0;0;0;0;1;533373,500600000030000;5387106,044400000000000;9,452990376000059;48,636126982000064
157879;08;3;15;108;2018;08;15;1;3;3;1;0;1;1;0;0;0;0;0;404979,666399999990000;5304540,891300000300000;7,728951039000037;47,887162887000045
157881;08;3;15;073;2018;08;14;1;3;0;7;0;1;0;0;0;0;0;0;412574,946300000010000;5313911,823599999800000;7,828624932000025;47,972537931000033
157885;08;1;11;000;2018;08;16;6;2;6;4;0;1;0;1;0;0;0;1;513970,247600000000000;5403310,145399999800000;9,190174215000070;48,782634119000079
157886;08;2;26;107;2018;08;17;1;3;3;6;0;1;1;0;0;0;0;0;475142,070000000010000;5484634,699000000000000;8,656597288000057;49,513826976000075
157888;08;2;26;096;2018;08;11;1;3;5;3;0;1;1;0;0;0;0;0;474512,424699999970000;5487723,157399999900000;8,647699584000065;49,541580343000078
157890;08;2;26;084;2018;08;20;1;3;5;3;0;1;1;0;0;0;0;0;468511,581999999990000;5470851,148400000300000;8,566097846000048;49,389540631000045
157892;08;2;22;000;2018;09;07;6;3;4;2;0;1;1;0;0;0;0;0;462477,880500000030000;5482486,140499999700000;8,481856776000029;49,493850333000069
157897;08;1;36;019;2018;09;08;6;2;5;1;0;1;1;0;0;0;0;0;581779,898700000020000;5424892,660199999800000;10,117462596000053;48,971530851000068
157898;08;1;35;020;2018;09;14;6;3;0;1;0;1;0;0;0;0;0;0;587122,093100000060000;5386459,506799999600000;10,182291182000029;48,625132877000055
157904;08;1;16;058;2018;09;18;6;3;5;2;0;1;1;0;0;0;0;0;533684,966000000010000;5395401,853000000100000;9,457893636000051;48,710738058000061
157906;08;1;15;003;2018;09;15;6;3;6;7;0;1;0;1;0;0;0;0;498436,370700000030000;5392352,345400000000000;8,978756135000026;48,684212303000038
157907;08;1;11;000;2018;09;07;6;2;6;4;0;1;0;0;0;0;1;0;513796,553699999990000;5402677,320399999600000;9,187788531000024;48,776945157000057
157908;08;1;11;000;2018;09;14;6;3;4;7;0;1;0;0;0;0;0;0;513819,349200000000000;5404031,251699999900000;9,188144325000053;48,789124492000042
157910;08;1;11;000;2018;09;17;6;3;1;1;0;1;1;0;0;0;0;0;507989,101199999980000;5397748,123200000300000;9,108646307000072;48,732703858000036
157911;08;1;11;000;2018;09;17;6;3;7;7;0;1;0;0;0;0;1;0;515359,091000000010000;5396512,134999999800000;9,208826551000072;48,721446843000081
157913;08;2;37;004;2018;09;07;5;3;6;7;0;0;1;1;0;0;0;0;453574,567199999990000;5372585,905500000300000;8,371481638000034;48,504674524000052
157915;08;4;36;049;2018;09;04;5;3;0;1;2;1;0;0;0;0;0;0;578209,808700000050000;5283033,782700000300000;10,042347544000052;47,695953396000050
157917;08;4;16;041;2018;09;15;5;3;0;1;0;1;0;0;0;0;0;0;504226,643700000020000;5373725,627299999800000;9,057234615000027;48,516629544000068
157918;08;2;26;038;2018;09;07;2;3;5;3;0;1;0;0;0;0;1;0;471494,474999999980000;5479804,021999999900000;8,606556757000021;49,470216273000062
157919;08;1;35;019;2018;09;05;2;2;6;4;2;0;1;1;0;0;0;0;584908,496599999950000;5392756,334200000400000;10,153549441000052;48,682073078000030
157922;08;4;21;000;2018;09;22;2;2;0;1;2;1;0;0;0;0;0;0;571188,391500000030000;5363315,425200000400000;9,962146912000037;48,418966352000041
157926;08;3;11;000;2018;09;13;5;3;0;1;0;1;0;0;0;0;0;0;413867,282499999970000;5320302,532399999900000;7,844653717000028;48,030199892000041
157928;08;3;11;000;2018;09;11;5;3;6;2;0;1;0;1;0;0;0;0;413159,043999999990000;5315405,741999999600000;7,836147320000066;47,986055804000046
157929;08;2;12;000;2018;09;08;5;1;5;3;0;1;1;0;0;0;0;0;455240,737000000020000;5434276,696499999600000;8,387319551000076;49,059731820000081
157930;08;2;12;000;2018;09;16;5;3;0;4;0;0;0;1;0;0;1;0;453506,299999999990000;5425842,149000000200000;8,364546164000046;48,983734363000053
157932;08;2;26;095;2018;09;15;5;3;5;3;0;1;1;0;0;0;0;0;474033,386899999980000;5460696,659599999900000;8,642846849000023;49,298462507000067
157933;08;2;22;000;2018;09;10;5;3;6;3;0;0;1;1;0;0;0;0;461733,745100000000000;5481782,509899999900000;8,471649582000055;49,487475072000052
157934;08;2;21;000;2018;09;14;5;3;5;5;0;1;1;0;0;0;0;0;477181,004599999990000;5468104,289900000200000;8,685715558000027;49,365219547000038
157936;08;2;21;000;2018;09;17;5;3;0;7;0;1;0;0;0;0;0;1;477532,707999999980000;5470163,337000000300000;8,690443181000035;49,383753535000039
157938;08;2;21;000;2018;09;14;5;3;1;5;0;1;1;0;0;0;0;0;477478,789500000010000;5469889,932900000400000;8,689715782000064;49,381292305000045
157939;08;1;17;060;2018;09;15;2;3;5;3;0;1;1;0;0;0;0;0;542056,417400000030000;5388742,854600000200000;9,571007408000071;48,650327491000041
157941;08;1;16;078;2018;09;16;2;3;3;2;0;1;0;0;0;1;0;0;513531,917299999970000;5393691,959800000300000;9,183891456000026;48,696118816000080
157947;08;1;15;045;2018;09;22;2;3;5;3;2;1;1;0;0;0;0;0;499679,239899999990000;5395264,820200000000000;8,995639810000057;48,710415068000032
157949;08;1;36;028;2018;09;13;5;2;6;1;0;0;1;1;0;0;0;0;569016,869399999970000;5404887,417500000400000;9,939714590000051;48,793149388000074
157950;08;1;28;007;2018;09;11;5;3;0;1;0;1;0;0;0;0;0;0;556222,447399999950000;5482204,177299999600000;9,776315272000034;49,489869627000076
157951;08;1;15;041;2018;09;10;2;2;0;1;0;1;0;0;0;0;0;0;495738,039300000000000;5402100,618700000500000;8,941995159000044;48,771895551000057
157960;08;1;19;085;2018;09;17;5;3;0;7;0;1;1;0;0;0;0;1;528483,566899999980000;5413407,333200000200000;9,388439060000053;48,872969899000054
157965;08;4;35;030;2018;09;16;1;3;5;3;0;1;0;0;0;0;0;0;540507,239500000030000;5271700,000699999700000;9,538847349000037;47,597443743000042
157967;08;4;35;029;2018;09;19;1;2;5;2;1;1;1;0;0;0;0;0;544688,541199999980000;5271736,307000000000000;9,594469851000042;47,597495648000063
157968;08;3;36;006;2018;09;11;1;3;6;7;0;0;1;1;0;0;0;0;391372,252199999990000;5287220,435999999800000;7,551326341000049;47,729213489000074
157970;08;1;17;024;2018;09;20;5;2;4;6;1;1;1;0;0;0;0;0;560123,425799999970000;5385448,038999999900000;9,815806303000045;48,619212626000035
157971;08;3;36;050;2018;09;19;1;3;0;1;0;1;0;0;0;0;0;0;399138,820200000020000;5274060,913700000400000;7,657910556000047;47,612101190000033
157973;08;3;35;022;2018;09;17;1;3;8;1;0;1;0;0;0;0;0;0;484074,846000000020000;5300195,011099999800000;8,787109458000032;47,854899169000078
157975;08;3;15;076;2018;09;12;1;3;5;3;0;1;1;0;0;0;0;0;392533,163699999980000;5297646,289699999600000;7,564223505000030;47,823185447000071
157976;08;1;15;004;2018;09;17;5;3;5;3;0;1;1;0;0;0;0;0;488254,920900000030000;5374506,456700000000000;8,840933633000077;48,523558511000033
157978;08;3;11;000;2018;09;17;1;3;0;1;0;1;0;0;0;0;0;0;414104,365200000000000;5316411,078700000400000;7,848612793000029;47,995226849000062
157979;08;1;11;000;2018;09;07;5;2;5;7;0;1;0;0;0;0;0;0;513231,684000000010000;5402736,493999999900000;9,180101885000056;48,777489748000050
157981;08;4;36;052;2018;09;13;4;2;8;1;0;1;0;0;0;0;0;0;560805,417000000020000;5292237,423999999600000;9,811702571000069;47,780628294000053
157982;08;3;11;000;2018;09;16;1;3;0;1;0;1;0;0;0;0;0;0;412806,406800000000000;5314671,206600000200000;7,831571388000043;47,979400430000055
157984;08;1;19;001;2018;09;14;4;3;0;1;0;1;0;0;0;0;0;0;547674,098000000000000;5412109,974999999600000;9,649980932000062;48,860121305000064
157986;08;4;36;052;2018;09;06;4;3;1;5;1;1;1;0;0;0;0;0;565678,204900000010000;5293331,119599999900000;9,876908213000036;47,789989298000080
157988;08;4;35;029;2018;09;17;4;3;6;4;0;0;1;1;0;0;0;0;544940,201499999970000;5270711,877999999600000;9,597712412000021;47,588261117000059
157990;08;2;22;000;2018;09;22;1;2;0;7;2;1;0;0;0;0;0;0;459885,163799999980000;5488096,002999999600000;8,445485389000055;49,544141693000029
157991;08;4;35;016;2018;09;08;4;3;3;2;0;1;1;0;0;0;0;0;531159,537099999960000;5279592,580400000300000;9,415065399000071;47,668974162000040
157992;08;4;26;021;2018;09;09;4;2;5;3;0;1;1;0;0;0;0;0;559741,623799999940000;5327885,804800000000000;9,802451425000072;48,101434996000080
157993;08;2;16;007;2018;09;14;1;3;6;4;0;1;0;1;0;0;0;0;436626,265000000010000;5394138,914800000400000;8,138765003000060;48,697067420000053
157994;08;4;16;041;2018;09;16;4;2;1;5;0;1;1;0;0;0;0;0;504055,523700000020000;5372462,587000000300000;9,054905137000048;48,505267883000045
157995;08;2;15;106;2018;09;18;1;3;0;7;0;1;0;0;0;0;0;0;465463,207200000000000;5453103,053299999800000;8,525628784000048;49,229734403000066
157998;08;2;15;084;2018;09;14;1;3;5;3;0;1;1;0;0;0;0;0;473826,109000000000000;5447881,788999999900000;8,640832860000046;49,183183105000069
157999;08;4;15;061;2018;09;11;4;3;0;1;0;1;0;0;0;0;0;0;516305,176600000010000;5371460,474200000100000;9,220705397000074;48,496053984000071
158000;08;2;12;000;2018;09;18;1;3;1;5;0;1;1;0;0;0;0;0;454684,579099999970000;5428853,478299999600000;8,380313394000041;49,010909126000058
158001;08;4;15;091;2018;09;15;4;3;9;7;0;0;1;1;0;0;0;0;516038,355800000020000;5357417,235600000200000;9,216556227000069;48,369721670000047
158002;08;2;12;000;2018;09;15;1;2;6;7;0;0;1;1;0;0;0;0;453313,048899999990000;5428940,869599999900000;8,361548922000054;49,011592968000059
158003;08;2;12;000;2018;09;12;1;3;6;4;0;0;1;1;0;0;0;0;451382,700599999980000;5426864,481999999800000;8,335401519000072;48,992766772000039
158004;08;3;36;081;2018;09;11;4;3;3;6;0;1;1;0;0;0;0;0;410556,468999999980000;5277793,881000000100000;7,809038508000072;47,647358995000047
158006;08;1;21;000;2018;09;16;1;3;6;4;0;1;0;1;0;0;0;0;516677,924500000020000;5443475,645100000300000;9,228679043000057;49,143880300000035
158008;08;1;19;085;2018;09;17;1;3;6;4;0;1;0;1;0;0;0;0;529144,888000000040000;5413430,139000000400000;9,397459098000070;48,873144318000072
158009;08;3;17;065;2018;09;14;4;3;3;6;0;1;1;0;0;0;0;0;414631,407000000010000;5354981,544999999900000;7,847930530000042;48,342243136000036
158011;08;3;17;065;2018;09;12;4;3;0;7;0;1;0;0;0;0;0;0;415671,408000000000000;5354695,188400000300000;7,862020034000068;48,339807091000068
158013;08;1;19;055;2018;09;18;1;3;3;6;0;1;1;0;0;0;0;0;544061,393000000040000;5404787,346699999600000;9,599941971000021;48,794518520000054
158014;08;3;17;065;2018;09;13;4;2;0;6;0;0;1;1;0;0;0;0;415493,549799999980000;5352360,170400000200000;7,860088651000069;48,318780104000041
158016;08;1;19;024;2018;09;11;1;2;0;6;0;1;0;0;0;0;1;0;541619,788399999960000;5432888,818400000200000;9,569565889000046;49,047467855000036
158017;08;3;16;020;2018;09;11;4;3;5;3;0;1;1;0;0;0;0;0;408447,915299999990000;5336036,284199999600000;7,768601789000059;48,170970336000039
158018;08;1;18;054;2018;09;16;1;3;6;4;0;1;0;1;0;0;0;0;518816,970900000010000;5423178,851300000200000;9,257065147000049;48,961239832000047
158019;08;1;18;079;2018;09;13;1;3;0;7;0;1;0;0;0;0;0;0;508541,824599999990000;5422662,935300000000000;9,116682482000044;48,956826223000064
158022;08;1;16;072;2018;09;17;1;2;0;1;0;1;0;0;0;0;0;0;530335,263099999980000;5393659,142300000400000;9,412232990000064;48,695232850000082
158023;08;3;11;000;2018;09;14;4;2;4;1;0;1;0;0;0;0;1;0;413744,314599999980000;5316483,969800000100000;7,843772863000027;47,995834059000060
158024;08;1;16;033;2018;09;17;1;3;5;3;0;1;1;0;0;0;0;0;535640,577900000030000;5387543,131600000000000;9,483798712000066;48,639933830000075
158025;08;3;11;000;2018;09;18;4;3;4;6;0;1;1;0;0;0;0;0;413721,359600000030000;5316084,723399999600000;7,843545485000050;47,992239596000047
158026;08;4;25;130;2018;09;13;7;3;6;7;0;0;1;1;0;0;0;0;573614,998299999980000;5378036,950100000000000;9,997532349000039;48,551108515000067
158027;08;3;11;000;2018;09;07;4;3;0;3;0;1;0;0;0;0;0;0;409724,460599999990000;5317350,867900000000000;7,789717907000068;48,003077015000031
158028;08;4;35;016;2018;09;17;7;2;5;3;0;1;0;0;0;0;0;0;535254,877199999990000;5277842,654400000300000;9,469475044000035;47,653019039000071
158030;08;2;12;000;2018;09;23;4;3;5;2;2;1;1;0;0;0;0;0;455764,975900000020000;5428832,905600000200000;8,395089147000022;49,010802470000044
158031;08;4;36;064;2018;09;18;7;3;0;7;0;1;0;0;0;0;0;0;544991,886599999970000;5290462,297299999700000;9,600435079000022;47,765956060000065
158032;08;2;36;076;2018;09;12;4;3;6;7;0;0;1;1;0;0;0;0;470331,345700000010000;5423322,796699999800000;8,594678933000068;48,962109084000076
158033;08;4;25;020;2018;09;18;7;3;2;7;0;1;1;0;0;0;0;0;558002,892899999980000;5362804,258899999800000;9,783886897000059;48,415720099000055
158034;08;2;26;063;2018;09;04;4;3;5;3;2;1;1;0;0;0;0;0;471090,025499999990000;5471355,245400000400000;8,601590509000062;49,394202754000048
158035;08;4;16;036;2018;09;17;7;2;0;7;0;1;0;0;0;0;0;0;497956,142100000000000;5369536,828900000100000;8,972343830000057;48,478956325000070
158040;08;3;37;066;2018;09;19;7;3;6;4;0;0;1;1;0;0;0;0;430472,852699999990000;5268325,617399999900000;8,075691031000076;47,564622771000074
158041;08;3;36;006;2018;09;13;7;3;0;1;0;1;0;0;0;0;0;0;391388,628299999980000;5285343,913900000000000;7,552012542000057;47,712337400000081
158042;08;2;22;000;2018;09;20;4;3;6;2;0;0;0;1;0;0;1;0;461634,503399999990000;5482429,504200000300000;8,470216593000032;49,493288173000053
158043;08;3;36;105;2018;09;19;7;3;4;6;0;1;0;0;0;0;0;0;400034,725600000010000;5267259,955299999600000;7,671377456000073;47,551062539000043
158044;08;2;21;000;2018;09;11;4;3;3;2;0;1;1;0;0;0;0;0;477634,490200000000000;5472239,897099999700000;8,691728658000045;49,402435671000035
158047;08;3;17;096;2018;09;20;7;3;0;7;1;1;0;0;0;0;0;0;421723,761000000000000;5369307,615000000200000;7,940953370000045;48,472025004000045
158049;08;2;21;000;2018;09;17;4;2;0;7;0;1;0;0;0;0;0;0;475395,056700000020000;5473978,265700000300000;8,660754603000044;49,417985565000038
158051;08;3;15;006;2018;09;17;7;2;5;3;0;1;1;0;0;0;0;0;403493,303200000020000;5306775,644799999900000;7,708573872000045;47,907042851000028
158053;08;3;15;108;2018;09;13;7;3;6;7;0;0;1;1;0;0;0;0;405053,834900000020000;5304056,230800000000000;7,730049494000070;47,882814268000061
158057;08;2;12;000;2018;09;14;7;3;5;3;0;1;0;0;0;0;1;0;451477,097499999970000;5427019,438400000300000;8,336673328000074;48,994168034000040
158058;08;1;25;001;2018;09;08;4;3;5;3;0;1;1;0;0;0;0;0;521894,799799999980000;5435195,551199999600000;9,299760221000042;49,069234334000043
158059;08;2;12;000;2018;09;17;7;3;6;6;0;0;1;1;0;0;0;0;455010,153600000020000;5426969,186200000300000;8,384974095000075;48,993983566000054
158060;08;1;17;026;2018;09;08;4;3;0;7;0;0;0;1;0;0;1;0;548349,276700000050000;5394409,311900000100000;9,657103794000022;48,700845094000044
158061;08;2;12;000;2018;09;22;7;3;0;7;2;1;0;0;0;0;0;0;460610,275900000010000;5427161,189500000300000;8,461507189000031;48,996093353000049
158064;08;2;31;000;2018;09;19;7;3;4;6;0;1;1;0;0;0;0;0;476122,509199999970000;5413392,520300000000000;8,674375101000067;48,873031136000066
158067;08;2;31;000;2018;09;22;7;3;0;7;1;1;0;0;1;0;1;1;475919,396000000010000;5414706,247000000400000;8,671527857000058;48,884841118000054
158068;08;1;11;000;2018;09;08;4;3;5;3;0;1;1;0;0;0;0;0;511174,469400000000000;5395549,950899999600000;9,151905435000060;48,712880072000075
158073;08;1;11;000;2018;09;14;4;3;0;7;0;0;0;1;0;1;0;0;515396,965800000010000;5395502,900000000400000;9,209303837000050;48,712366830000065
158076;08;2;16;043;2018;09;18;7;3;0;7;0;1;0;0;0;0;0;0;442716,883600000000000;5410602,573800000400000;8,219233802000076;48,845749314000045
158077;08;2;15;099;2018;09;14;7;3;5;3;0;1;1;0;0;0;0;0;463034,213600000020000;5445983,219999999700000;8,492922428000043;49,165550015000065
158081;08;4;21;000;2018;09;08;3;3;5;3;0;1;1;0;0;0;0;0;570793,075900000050000;5361066,016400000100000;9,956425266000053;48,398776818000044
158083;08;3;17;110;2018;09;16;3;3;8;7;0;1;0;0;0;0;0;0;427488,666399999990000;5382269,415300000500000;8,016682781000043;48,589307985000062
158084;08;2;15;109;2018;09;12;7;3;0;7;0;1;1;0;0;0;0;0;460984,699900000010000;5432801,606700000400000;8,466083200000071;49,046853765000037
158092;08;3;11;000;2018;09;16;3;3;6;7;0;0;1;1;0;0;0;0;414293,647600000030000;5316704,753899999900000;7,851090844000055;47,997893971000053
158094;08;1;19;085;2018;09;02;7;3;0;1;2;1;0;0;0;0;0;0;529449,508299999990000;5413055,927000000100000;9,401586264000059;48,869763664000061
158098;08;1;19;067;2018;09;15;7;2;1;1;0;1;1;0;0;0;0;0;538105,214599999950000;5405828,013399999600000;9,518942679000077;48,804273474000070
158099;08;2;26;082;2018;09;07;3;3;5;3;1;1;1;0;0;0;0;1;474854,080100000020000;5480158,897599999800000;8,652903694000031;49,473556705000078
158101;08;1;18;071;2018;09;17;7;3;6;4;0;0;1;1;0;0;0;0;509684,417499999980000;5418704,449000000000000;9,132196344000022;48,921200072000033
158103;08;1;17;018;2018;09;08;7;3;6;4;0;0;1;1;0;0;0;0;538538,229300000010000;5395738,885200000400000;9,523894824000024;48,713488838000046
158104;08;2;22;000;2018;09;18;3;3;0;6;0;1;1;0;0;0;0;0;461379,672499999990000;5481676,878499999600000;8,466771367000035;49,486502543000029