OBJECTID_1;ULAND;UREGBEZ;UKREIS;UGEMEINDE;UJAHR;UMONAT;USTUNDE;UWOCHENTAG;UKATEGORIE;UART;UTYP1;ULICHTVERH;IstRad;IstPKW;IstFuss;IstKrad;IstGkfz;IstSonstig;STRZUSTAND;LINREFX;LINREFY;XGCSWGS84;YGCSWGS84
158105;08;2;21;000;2018;09;10;3;3;0;1;0;1;0;0;0;0;0;1;477389,019499999990000;5471895,923999999600000;8,688364885000055;49,399332612000080
158106;08;1;17;026;2018;09;03;7;3;6;4;2;0;1;1;0;0;0;0;548307,089900000020000;5394874,399400000500000;9,656584901000031;48,705032053000082
158109;08;2;16;043;2018;09;21;3;3;5;3;2;1;0;0;0;0;0;0;440317,157000000010000;5412313,094999999700000;8,186279692000028;48,860909221000043
158110;08;1;11;000;2018;09;09;7;3;5;2;0;1;1;0;0;0;0;0;515531,425300000000000;5407734,461600000000000;9,211593433000076;48,822397645000081
158112;08;2;12;000;2018;09;21;3;3;0;1;2;1;0;0;0;0;0;0;456086,879399999980000;5431570,846800000400000;8,399194496000064;49,035453477000033
158113;08;2;11;000;2018;09;06;3;3;5;3;1;1;1;0;0;0;0;0;439975,465499999990000;5403396,084099999600000;8,182926394000049;48,780667915000038
158114;08;1;11;000;2018;09;14;7;3;6;4;0;0;1;1;1;0;0;0;515211,915800000020000;5402862,298899999800000;9,207060116000037;48,778576208000061
158118;08;1;11;000;2018;09;15;7;3;6;7;0;0;1;1;0;0;0;0;514011,261000000000000;5402783,660000000100000;9,190714575000072;48,777896980000037
158120;08;3;37;060;2018;09;07;6;3;0;7;0;1;0;0;0;0;0;0;468274,876500000010000;5277728,023500000100000;8,577536196000040;47,652170354000077
158123;08;1;36;065;2018;09;11;6;2;0;1;0;1;0;0;0;0;0;1;556274,446000000000000;5404175,254200000300000;9,766137782000044;48,788027226000054
158125;08;4;21;000;2018;09;18;6;3;5;3;0;1;1;0;0;0;0;0;572237,837900000040000;5361420,832899999800000;9,976002364000067;48,401804586000026
158126;08;4;17;031;2018;09;14;6;3;0;7;0;1;0;0;0;0;0;0;497088,808100000020000;5355240,143199999800000;8,960706860000073;48,350332301000037
158127;08;1;18;046;2018;09;16;3;3;0;7;0;1;1;1;0;0;0;0;513614,340399999990000;5412361,350999999800000;9,185629811000069;48,864065265000079
158128;08;1;18;080;2018;09;09;3;3;6;7;0;0;1;1;0;0;0;0;509275,737700000000000;5408250,941399999900000;9,126380618000042;48,827168753000080
158133;08;3;36;081;2018;09;13;6;3;3;2;0;1;1;0;0;0;0;0;410551,895000000020000;5277793,746399999600000;7,808977645000027;47,647357152000041
158135;08;4;35;005;2018;09;18;6;2;0;1;0;1;0;0;0;0;0;0;525811,248299999980000;5286588,124699999600000;9,344238255000050;47,732152144000054
158136;08;3;26;012;2018;09;15;6;3;0;1;0;1;0;0;0;0;0;0;462379,994699999980000;5310765,973899999600000;8,496174705000044;47,949102029000073
158137;08;1;11;000;2018;09;08;3;3;5;3;0;1;1;0;0;0;0;0;511561,692099999990000;5402061,536500000400000;9,157352059000061;48,771451152000054
158140;08;1;11;000;2018;09;14;3;3;5;3;0;1;1;0;0;0;0;0;509082,628199999980000;5396973,783099999700000;9,123500432000071;48,725722898000072
158142;08;1;11;000;2018;09;18;3;3;5;2;0;1;1;0;0;0;0;0;513002,790700000010000;5407086,091300000400000;9,177124043000049;48,816623081000046
158143;08;2;26;076;2018;09;14;6;3;3;6;0;1;0;0;0;0;1;0;474580,382099999990000;5465462,293800000100000;8,650066652000021;49,341352144000041
158144;08;1;11;000;2018;09;08;3;3;5;2;0;1;1;0;0;0;0;0;511278,344500000010000;5408758,100900000000000;9,153679711000052;48,831697944000041
158146;08;2;22;000;2018;09;09;6;3;5;3;0;1;1;0;0;0;0;1;462080,276900000000000;5479025,317300000200000;8,476698300000066;49,462697265000031
158147;08;1;11;000;2018;09;07;3;2;0;1;0;1;0;0;0;0;0;0;511022,959399999990000;5398571,569799999700000;9,149926601000061;48,740065297000058
158149;08;1;11;000;2018;09;18;3;3;0;6;0;1;1;0;0;0;0;0;511840,477100000020000;5403152,579699999700000;9,161177663000046;48,781260859000042
158150;08;2;22;000;2018;09;21;6;3;0;7;2;1;0;0;0;0;0;0;461582,697400000000000;5482214,808600000100000;8,469522113000039;49,491353824000043
158151;08;3;35;026;2018;09;14;2;3;5;3;0;1;1;0;0;0;0;0;482861,238100000020000;5282296,356999999800000;8,771592171000066;47,693825323000056
158156;08;2;25;058;2018;09;06;4;3;0;3;1;1;1;0;0;0;0;0;509184,384299999980000;5465340,876600000100000;9,126433002000056;49,340720533000081
158158;08;2;26;038;2018;09;13;4;3;1;7;0;1;1;0;0;0;0;0;471855,308200000030000;5479786,813099999900000;8,611538206000034;49,470078317000059
158160;08;2;22;000;2018;09;12;4;2;5;2;0;1;1;0;0;0;0;0;464422,912499999980000;5483579,608000000000000;8,508616201000052;49,503802708000080
158161;08;2;15;007;2018;09;15;4;3;3;2;0;1;1;0;0;0;0;0;477075,674400000020000;5431392,344700000200000;8,686360112000045;49,034985504000076
158162;08;2;15;017;2018;09;08;4;3;5;3;0;1;1;0;0;0;0;0;456583,181999999970000;5421622,200000000200000;8,407047314000067;48,945999078000057
158164;08;2;15;046;2018;09;15;4;3;0;1;0;1;0;0;0;0;0;0;450406,128000000030000;5415330,930599999600000;8,323456465000049;48,888943886000050
158165;08;2;11;000;2018;09;18;4;3;6;6;0;0;1;1;0;0;0;0;443971,853200000010000;5401036,111600000400000;8,237642775000040;48,759812333000070
158166;08;2;11;000;2018;09;07;4;3;6;4;0;0;1;1;0;0;0;0;443414,354999999980000;5402124,674999999800000;8,229908082000065;48,769553722000069
158167;08;3;17;122;2018;09;14;4;3;5;2;0;1;1;0;0;0;0;0;417757,748000000020000;5367942,298999999600000;7,887573506000024;48,459238119000076
158169;08;1;36;035;2018;09;15;4;2;9;1;0;1;0;0;0;0;0;0;580294,580100000020000;5431802,022400000100000;10,098536845000069;49,033868161000044
158175;08;3;25;049;2018;09;16;6;3;3;6;0;1;1;0;0;0;0;0;472735,263800000020000;5334346,751600000100000;8,633350859000075;48,161780929000031
158179;08;1;17;030;2018;09;16;4;3;0;1;0;1;0;0;0;0;0;0;548271,968400000010000;5389500,735500000400000;9,655480025000031;48,656695833000072
158180;08;3;17;047;2018;09;13;6;2;5;3;0;1;1;0;0;0;0;0;418010,799999999990000;5362598,078499999800000;7,892041484000060;48,411200864000079
158181;08;3;11;000;2018;09;09;6;2;0;1;0;1;0;0;0;0;0;0;410750,563199999980000;5314824,868400000000000;7,803996485000027;47,980499148000035
158182;08;1;17;026;2018;09;15;4;3;6;4;0;0;1;1;0;0;0;0;547765,939099999960000;5394907,842799999800000;9,649234002000071;48,705374572000039
158187;08;2;15;109;2018;09;19;6;2;4;2;1;1;0;0;0;0;0;0;461547,250999999990000;5434795,246399999600000;8,473591927000030;49,064822209000056
158188;08;2;36;071;2018;09;07;6;3;5;2;0;1;1;0;0;0;0;0;469411,407599999980000;5422095,165500000100000;8,582203694000043;48,951021154000045
158191;08;2;26;095;2018;09;17;6;3;5;3;0;1;1;0;0;0;0;0;473916,900599999990000;5461807,941300000100000;8,641172116000064;49,308453484000040
158192;08;2;26;098;2018;09;13;6;3;1;7;0;1;1;0;0;0;0;0;477772,033500000020000;5460586,796000000100000;8,694274676000021;49,297621764000041
158195;08;1;15;045;2018;09;18;4;3;4;2;0;1;1;0;0;0;0;0;501390,066700000020000;5396376,848199999900000;9,018899350000027;48,720417474000044
158196;08;2;22;000;2018;09;08;6;3;6;7;0;0;1;1;0;0;0;0;461555,891200000010000;5479195,700299999700000;8,469445423000025;49,464196809000043
158197;08;1;15;003;2018;09;19;4;3;5;2;0;1;1;0;0;0;0;0;500731,187600000000000;5391801,308400000400000;9,009933126000021;48,679256641000052
158198;08;2;22;000;2018;09;14;6;3;5;3;0;1;1;0;0;0;0;0;465180,679300000020000;5482062,535699999900000;8,519215627000051;49,490201348000028
158199;08;1;15;003;2018;09;05;4;3;8;1;2;1;0;0;0;0;0;0;500572,202700000020000;5390270,234299999700000;9,007771210000044;48,665483064000057
158201;08;1;15;003;2018;09;05;4;2;8;1;2;1;0;0;0;0;0;0;500572,931600000010000;5390271,563900000400000;9,007781111000043;48,665495025000041
158202;08;1;11;000;2018;09;16;4;3;5;2;0;1;1;0;0;0;0;0;510773,635400000030000;5396757,567800000300000;9,146488068000053;48,723750884000026
158203;08;2;22;000;2018;09;07;6;3;5;3;1;1;1;0;0;0;0;0;464685,810400000020000;5485749,277099999600000;8,512053058000049;49,523333132000062
158204;08;2;21;000;2018;09;14;6;3;5;3;0;1;0;0;0;0;1;0;473804,202500000010000;5472841,465400000100000;8,638895856000033;49,407693856000037
158206;08;2;21;000;2018;09;19;6;3;5;2;1;1;1;0;0;0;0;0;477505,706000000010000;5471870,563000000100000;8,689974524000036;49,399108817000069
158207;08;1;11;000;2018;09;13;4;3;6;4;0;1;0;1;0;0;0;0;515811,297800000000000;5406055,927600000100000;9,215341585000033;48,807290755000054
158208;08;2;21;000;2018;09;13;6;3;6;7;0;1;0;1;0;0;0;0;479018,510499999970000;5473202,878600000400000;8,710753930000067;49,411146844000029
158211;08;1;11;000;2018;09;18;4;3;4;6;0;1;0;0;0;0;0;0;507967,498399999980000;5406394,744800000500000;9,108520026000065;48,810488785000075
158213;08;1;11;000;2018;09;23;4;3;0;6;2;1;1;0;0;0;0;1;517896,381400000010000;5402587,478199999800000;9,243587990000037;48,776032517000033
158214;08;2;12;000;2018;09;15;6;3;0;1;0;1;0;0;0;0;0;0;454617,698500000000000;5428534,654600000000000;8,379434503000027;49,008036369000081
158216;08;1;11;000;2018;09;18;4;3;2;6;0;1;0;0;0;0;0;0;518918,329000000030000;5402645,033900000200000;9,257500244000028;48,776520044000051
158217;08;2;12;000;2018;09;18;6;2;5;2;0;1;1;0;0;0;0;0;457789,352799999990000;5428491,146900000100000;8,422806389000073;49,007870103000073
158221;08;4;35;024;2018;09;07;3;2;6;2;0;0;1;1;0;0;0;0;527779,867600000000000;5279563,252000000300000;9,370045155000071;47,668864302000031
158222;08;2;25;058;2018;09;07;6;2;5;3;1;1;1;0;0;0;0;1;508804,645100000020000;5465069,707299999900000;9,121199503000071;49,338286947000029
158224;08;3;26;003;2018;09;14;3;3;8;1;0;1;0;0;0;0;0;0;464391,593100000000000;5319096,181200000500000;8,522423109000044;48,024163053000052
158225;08;4;35;030;2018;09;18;3;3;1;1;0;1;1;0;0;0;0;0;539957,334000000030000;5272948,332700000100000;9,531646350000074;47,608709644000044
158226;08;1;21;000;2018;09;08;6;3;5;2;0;1;1;0;0;0;0;0;516256,607399999980000;5443395,434100000200000;9,222898972000053;49,143170072000032
158229;08;1;19;079;2018;09;06;6;3;4;1;1;1;0;0;0;0;0;0;522636,368499999980000;5408119,859799999700000;9,308408148000069;48,825646301000063
158230;08;1;18;048;2018;09;15;6;3;3;7;0;1;1;0;0;0;0;0;513730,781000000020000;5415705,390700000300000;9,187329757000043;48,894144870000048
158231;08;4;26;021;2018;09;07;3;3;0;1;0;1;0;0;0;0;0;0;558536,807900000010000;5327766,655899999700000;9,786253549000037;48,100474969000061
158232;08;1;18;081;2018;09;17;6;3;0;7;0;1;0;0;0;0;0;0;519141,899900000020000;5415460,382600000100000;9,261141764000058;48,891797304000079
158233;08;4;26;087;2018;09;08;3;3;0;1;0;1;0;0;0;0;0;0;570737,925999999980000;5324455,232200000400000;9,949566450000077;48,069447994000029
158237;08;1;16;078;2018;09;13;6;3;5;3;0;1;1;0;0;0;0;0;510130,932099999980000;5394427,269000000300000;9,137692105000042;48,702798200000075
158238;08;4;16;036;2018;09;14;3;2;0;7;0;1;0;0;0;0;0;0;495858,740700000020000;5368966,104899999700000;8,943968809000069;48,473811526000077
158239;08;1;15;045;2018;09;14;6;3;3;3;0;1;1;0;0;0;0;0;498880,736399999990000;5395643,266200000400000;8,984784480000030;48,713818672000059
158240;08;1;11;000;2018;09;14;6;3;0;7;0;1;1;0;0;0;1;0;515952,378399999990000;5405686,014499999600000;9,217248640000037;48,803959465000048
158243;08;3;36;081;2018;09;13;3;3;2;1;0;1;1;0;0;0;0;0;412233,339900000020000;5277999,053500000400000;7,831320420000054;47,649434283000062
158244;08;1;11;000;2018;09;08;6;2;5;3;0;1;0;0;0;0;0;0;511746,461000000010000;5407641,303999999500000;9,160026289000030;48,821642724000071
158246;08;1;11;000;2018;09;17;6;3;2;6;0;1;1;0;0;0;0;0;512502,374799999990000;5408125,654600000000000;9,170339096000021;48,825985116000027
158248;08;1;11;000;2018;09;11;6;3;0;7;0;0;1;1;0;0;0;0;512862,574800000000000;5402485,992200000200000;9,175069977000021;48,775243994000050
158251;08;3;35;043;2018;09;16;5;3;8;1;0;1;0;0;0;0;0;0;513036,545199999990000;5284278,714700000400000;9,173797270000023;47,711757609000074
158256;08;4;35;036;2018;09;17;5;2;5;1;0;1;1;0;0;0;0;0;520936,180999999980000;5281879,202999999700000;9,278995351000049;47,689960058000054
158257;08;3;17;096;2018;09;07;3;3;5;3;0;1;1;0;0;0;0;0;423119,712799999980000;5370488,173000000400000;7,959619647000068;48,482816289000027
158259;08;4;21;000;2018;09;20;5;3;5;2;2;1;0;0;0;0;1;0;573559,065199999950000;5361891,471500000000000;9,993933130000073;48,405885278000028
158260;08;3;16;056;2018;09;14;3;2;3;6;0;1;0;0;0;0;0;0;419127,701500000020000;5326256,098299999700000;7,914075379000053;48,084442940000031
158261;08;4;21;000;2018;09;12;5;2;6;7;0;0;0;1;0;0;1;0;572277,206299999960000;5360242,098000000200000;9,976331273000028;48,391197052000052
158262;08;3;11;000;2018;09;08;3;3;8;7;0;1;0;0;0;0;0;0;416718,774199999990000;5315259,141800000300000;7,883874101000060;47,985210496000036
158263;08;3;11;000;2018;09;11;3;3;3;2;0;1;1;0;0;0;0;0;411681,578500000000000;5317865,310600000400000;7,815844277000053;48,007977971000059
158264;08;4;25;072;2018;09;15;5;3;0;3;0;1;1;0;0;0;0;0;582849,182900000010000;5372196,215300000300000;10,121477508000055;48,497421230000043
158265;08;4;17;002;2018;09;10;5;3;6;7;0;0;1;1;0;0;0;0;488122,737000000020000;5344710,781999999700000;8,839986047000025;48,255498063000061
158266;08;3;11;000;2018;09;06;3;3;3;7;1;1;1;0;0;0;0;0;412796,105800000020000;5316040,295599999800000;7,831155329000069;47,991714441000056
158271;08;4;15;061;2018;09;07;5;2;6;4;0;1;0;1;0;0;0;0;515553,792599999990000;5371375,113099999700000;9,210531625000044;48,495305097000028
158275;08;4;15;061;2018;09;00;5;2;0;7;2;1;0;0;0;0;0;1;517974,751500000010000;5373453,610100000200000;9,243390251000051;48,513939308000033
158277;08;4;15;053;2018;09;12;5;3;4;6;0;1;1;0;0;0;0;0;536756,189499999980000;5361973,797899999700000;9,496687535000035;48,409846939000033
158282;08;2;15;009;2018;09;14;3;3;5;3;0;1;1;0;0;0;0;0;470399,749699999990000;5442102,641599999700000;8,594241205000060;49,131043050000073
158283;08;3;36;050;2018;09;10;5;3;6;6;0;1;0;1;0;0;0;0;399505,747299999990000;5274132,955799999600000;7,662775102000069;47,612806244000069
158284;08;2;15;017;2018;09;13;3;3;6;4;0;0;1;1;0;0;0;0;456845,940000000000000;5420865,080000000100000;8,410715847000063;48,939207000000067
158285;08;3;35;043;2018;09;17;5;3;0;1;0;1;0;0;0;0;0;1;513794,059000000010000;5280246,230200000100000;9,183768528000030;47,675459093000029
158286;08;2;12;000;2018;09;10;3;3;5;3;0;1;0;0;0;0;0;0;456712,100299999990000;5427715,622499999600000;8,408159393000062;49,000819537000041
158288;08;2;12;000;2018;09;18;3;3;2;2;0;1;1;0;0;0;0;0;455909,299200000010000;5428494,915300000500000;8,397099353000044;49,007772541000065
158289;08;2;12;000;2018;09;17;3;2;1;5;0;1;1;0;0;0;0;0;454865,531200000030000;5427621,167000000400000;8,382924739000032;48,999837643000035
158290;08;3;25;053;2018;09;07;5;2;4;1;0;1;1;0;0;0;0;0;450943,390599999980000;5336276,654500000200000;8,340092331000051;48,177834711000060
158291;08;2;11;000;2018;09;10;3;2;6;2;0;1;0;1;0;0;0;0;445002,368599999990000;5399913,143000000200000;8,251813431000073;48,749802867000028
158294;08;3;17;096;2018;09;07;5;3;0;2;0;1;0;0;0;0;1;0;421030,566999999980000;5365625,882000000200000;7,932271130000061;48,438821490000066
158295;08;2;16;043;2018;09;10;3;2;6;7;0;0;1;1;0;0;0;0;441806,556400000000000;5412422,643899999600000;8,206568636000043;48,862036124000042
158297;08;1;36;088;2018;09;17;3;3;5;2;0;1;1;0;0;0;0;0;580280,945799999990000;5409520,838100000300000;10,093962427000065;48,833471355000029
158300;08;1;35;019;2018;09;16;3;3;5;3;0;1;1;0;0;0;0;0;583715,734000000050000;5392418,645999999700000;10,137279781000075;48,679196899000033
158301;08;1;27;014;2018;09;17;3;2;5;3;0;1;1;0;0;0;0;0;576954,042800000050000;5442501,855899999800000;10,054878595000048;49,130528056000060
158302;08;3;11;000;2018;09;11;5;3;0;1;0;1;0;0;0;0;0;0;412474,372399999990000;5317999,950500000300000;7,826444100000060;48,009298163000039
158304;08;2;36;070;2018;09;16;5;3;5;3;0;1;1;0;0;0;0;1;470918,902699999980000;5415833,843999999600000;8,603239805000044;48,894770040000026
158317;08;1;19;091;2018;09;18;3;3;5;3;0;1;1;0;0;0;0;0;526962,555300000010000;5407233,657700000300000;9,367290659000048;48,817501535000076
158318;08;1;35;019;2018;09;17;5;3;5;3;0;1;1;0;0;0;0;0;585335,670599999950000;5392577,760200000400000;10,159314838000057;48,680408684000042
158320;08;1;19;055;2018;09;15;5;3;0;7;0;1;0;0;0;0;1;0;543684,896900000050000;5404725,589599999600000;9,594809305000069;48,793989554000063
158321;08;1;18;067;2018;09;07;3;3;5;3;0;1;1;0;0;0;0;0;506314,133600000000000;5413254,178000000300000;9,086106379000057;48,872214252000049
158323;08;1;18;048;2018;09;14;3;3;3;6;0;1;1;0;0;0;0;0;513180,031000000020000;5415953,002600000200000;9,179823874000022;48,896384282000042
158330;08;1;18;046;2018;09;16;5;3;6;4;0;0;0;1;1;0;0;0;513251,291600000000000;5412179,255699999600000;9,180673816000024;48,862435038000058
158331;08;1;16;035;2018;09;14;5;2;6;4;0;0;1;1;0;0;0;0;526735,458400000000000;5392523,384899999900000;9,363241999000024;48,685180311000067
158334;08;1;17;051;2018;09;16;3;3;6;4;0;0;1;1;0;0;0;0;542913,686400000010000;5394803,714100000400000;9,583275192000031;48,704790614000046
158335;08;1;16;019;2018;09;18;5;3;5;3;0;1;1;0;0;0;0;0;525057,390699999990000;5396126,416699999900000;9,340661986000043;48,717662544000063
158338;08;1;16;019;2018;09;16;5;3;3;6;0;1;0;0;0;0;1;0;521647,664800000030000;5397709,444000000100000;9,294389638000041;48,732031072000041
158340;08;1;16;077;2018;09;17;3;3;5;2;0;1;1;0;0;0;0;0;515365,525900000010000;5388496,112999999900000;9,208615985000051;48,649334148000037
158341;08;1;15;003;2018;09;09;5;3;0;7;0;1;0;0;0;0;1;1;498813,720099999980000;5391763,637400000400000;8,983884589000070;48,678917049000063
158343;08;1;15;003;2018;09;08;5;3;0;7;0;1;0;0;0;0;1;1;498818,101299999980000;5391753,027999999900000;8,983944137000037;48,678821614000071
158345;08;1;11;000;2018;09;16;5;3;5;3;0;1;1;0;0;0;0;0;508703,374599999980000;5399416,031999999700000;9,118395150000026;48,747698806000074
158346;08;1;15;028;2018;09;17;3;3;5;6;0;1;0;0;0;0;0;0;501579,461699999990000;5403550,659699999700000;9,021501885000021;48,784952658000066
158348;08;1;11;000;2018;09;16;3;3;5;3;0;1;0;0;1;0;0;0;516387,364500000030000;5406451,293600000400000;9,223203036000029;48,810832484000059
158349;08;1;11;000;2018;09;07;5;2;5;3;0;1;0;0;1;0;0;0;512068,804599999970000;5401032,396200000300000;9,164223528000036;48,762183433000075
158351;08;1;11;000;2018;09;18;3;3;6;4;0;0;1;1;0;0;0;0;515896,071999999990000;5403240,618200000400000;9,216387210000050;48,781962423000039
158352;08;1;11;000;2018;09;13;5;3;3;6;0;1;1;0;0;0;0;0;518374,805799999970000;5401434,742300000000000;9,250048272000072;48,765648685000031
158355;08;1;19;001;2018;09;17;4;3;8;1;0;1;0;0;0;0;0;0;547500,424499999960000;5411026,760599999700000;9,647487577000049;48,850390824000044
158359;08;1;36;010;2018;09;13;4;2;6;4;0;0;1;1;0;0;0;0;599341,991299999990000;5412459,114500000100000;10,354345090000038;48,857139428000039
158360;08;4;37;076;2018;09;17;4;2;5;3;0;1;1;0;0;0;0;0;524967,903100000000000;5322093,467799999800000;9,335045230000048;48,051634159000059
158361;08;2;12;000;2018;09;13;2;2;3;2;0;1;0;0;0;0;0;0;455903,050200000000000;5426230,531100000300000;8,397259725000026;48,987403683000082
158362;08;4;37;100;2018;09;14;4;3;7;7;0;1;0;0;0;0;0;0;536272,251700000020000;5319228,656399999700000;9,486491206000039;48,025317553000036
158367;08;4;17;031;2018;09;14;4;3;0;7;0;1;0;0;0;0;0;0;496893,174999999990000;5356874,136300000400000;8,958054282000035;48,365031787000078
158368;08;4;35;059;2018;09;09;2;3;1;1;0;1;1;0;0;0;0;0;512172,654800000020000;5290237,884200000200000;9,162447027000042;47,765392475000056
158371;08;4;26;021;2018;09;07;2;2;5;3;0;1;0;0;0;0;0;0;558660,624300000020000;5327492,743300000200000;9,787878806000038;48,097999412000036
158372;08;4;16;041;2018;09;19;4;3;0;1;0;1;0;0;0;0;0;0;507219,678000000010000;5376881,093000000300000;9,097819062000042;48,544989901000065
158373;08;4;15;061;2018;09;07;4;3;6;4;0;1;0;1;0;0;0;0;515892,620100000000000;5370555,155700000000000;9,215086662000033;48,487919993000048
158374;08;4;15;080;2018;09;12;2;3;0;7;0;1;0;0;0;0;0;0;510740,303499999980000;5374596,914599999800000;9,145460833000072;48,524390298000071
158375;08;4;15;061;2018;09;05;4;3;5;3;2;1;1;0;0;0;0;0;513751,127500000000000;5371987,200799999800000;9,186151576000043;48,500853698000071
158376;08;4;16;022;2018;09;16;2;3;0;7;0;1;0;0;0;0;0;0;511204,120000000000000;5375913,528099999800000;9,151777883000023;48,536226868000028
158377;08;3;37;060;2018;09;18;4;3;5;3;0;1;1;0;0;0;0;0;467180,340299999980000;5277164,216699999800000;8,563003684000023;47,647042922000026
158378;08;3;37;096;2018;09;07;2;3;4;3;0;1;1;0;0;0;0;0;419299,554000000000000;5267204,238800000400000;7,927381694000076;47,553241418000027
158379;08;3;36;050;2018;09;18;4;3;7;7;0;0;0;1;1;0;0;0;399328,982800000000000;5272999,028300000400000;7,660684112000070;47,602578738000034
158382;08;3;35;100;2018;09;16;4;3;0;1;0;1;0;0;0;0;0;0;488082,312600000000000;5286032,074500000100000;8,841070798000033;47,727555249000034
158383;08;3;26;074;2018;09;16;2;2;3;6;0;1;0;0;0;0;1;0;458526,857100000020000;5324159,632700000000000;8,443278623000026;48,069363459000044
158384;08;3;25;049;2018;09;15;4;3;5;3;0;1;1;0;0;0;0;0;472361,421600000000000;5333657,010400000000000;8,628368455000043;48,155559355000037
158385;08;2;37;028;2018;09;12;2;2;6;4;0;0;1;1;0;0;0;0;456759,304200000010000;5368233,360100000200000;8,415045381000027;48,465746557000045
158386;08;3;17;122;2018;09;19;2;3;0;7;0;1;0;0;0;0;0;0;417776,987399999980000;5367884,892099999800000;7,887844972000039;48,458724272000040
158388;08;3;17;096;2018;09;19;4;3;5;2;0;1;0;0;0;0;0;0;421745,495999999980000;5368260,048100000200000;7,941443389000028;48,462604935000059
158389;08;3;17;096;2018;09;12;2;3;8;1;0;1;0;0;0;0;0;0;422223,575599999980000;5368779,847699999800000;7,947812631000033;48,467339794000054
158390;08;3;17;001;2018;09;07;4;3;5;3;0;1;1;0;0;0;0;0;429096,897200000010000;5390256,572700000400000;8,037122715000066;48,661336089000031
158397;08;3;15;006;2018;09;11;4;3;5;3;0;1;0;0;0;0;0;0;403415,503800000010000;5306732,820600000200000;7,707542648000072;47,906645934000039
158400;08;3;11;000;2018;09;16;4;3;0;2;0;1;1;0;0;0;0;0;412979,631700000030000;5316383,983000000000000;7,833545023000056;47,994831025000053
158401;08;3;11;000;2018;09;08;2;3;4;6;0;1;0;0;0;0;0;0;412034,550200000000000;5316697,517000000000000;7,820815275000030;47,997522028000049
158404;08;3;11;000;2018;09;10;4;3;0;1;0;1;0;0;0;0;0;0;415112,856600000000000;5315353,579500000000000;7,862337451000030;47,985848883000074
158405;08;2;31;000;2018;09;11;2;3;6;7;0;0;1;1;0;0;0;0;480302,815400000020000;5414347,908800000300000;8,731336513000031;48,881772426000055
158407;08;3;11;000;2018;09;11;4;3;0;7;0;1;0;0;0;0;0;0;414296,220099999980000;5319412,250400000300000;7,850584187000038;48,022249220000049
158408;08;2;22;000;2018;09;16;2;3;5;3;0;1;1;0;0;0;0;0;463496,554999999990000;5483073,080199999700000;8,495868855000026;49,499191703000065
158410;08;2;22;000;2018;09;17;2;3;6;7;0;1;0;1;0;0;0;0;462210,567600000010000;5478768,368200000400000;8,478520792000040;49,460394251000025
158412;08;4;16;025;2018;09;08;2;2;6;2;0;0;1;1;0;0;0;0;504543,619300000020000;5361775,661700000100000;9,061397105000026;48,409120012000074
158413;08;4;16;022;2018;09;10;2;3;3;1;0;1;1;0;0;0;0;0;510501,565400000020000;5376234,526999999800000;9,142268771000033;48,539126829000054
158418;08;3;36;050;2018;09;16;2;3;0;1;0;1;0;0;0;0;0;0;401978,356199999980000;5277006,516800000300000;7,695024598000032;47,639033960000063
158419;08;3;35;043;2018;09;17;2;3;0;7;0;1;0;0;0;0;0;0;512915,377199999990000;5279728,017400000200000;9,172047199000076;47,670814540000038
158421;08;4;35;034;2018;09;10;2;2;6;7;0;0;1;1;0;0;0;0;526421,156899999940000;5281439,283800000300000;9,352060174000030;47,685800888000074
158423;08;3;17;065;2018;09;19;2;3;5;2;0;1;1;0;0;0;0;0;414137,992099999970000;5354631,597699999800000;7,841344535000076;48,339028551000069
158424;08;3;17;065;2018;09;09;2;3;2;6;0;1;1;0;0;0;0;0;415846,451400000020000;5354445,524600000100000;7,864431573000047;48,337584736000053
158425;08;3;15;004;2018;09;12;2;2;5;3;0;1;1;0;0;0;0;0;394795,833199999990000;5294092,292100000200000;7,595306060000041;47,791592067000067
158426;08;3;15;050;2018;09;07;2;3;5;3;0;1;1;0;0;0;0;0;399824,860999999980000;5302941,784000000000000;7,660387193000076;47,871995175000052
158427;08;3;11;000;2018;09;17;2;3;5;3;0;1;1;0;0;0;0;0;404524,275399999980000;5316115,375799999600000;7,720293859000037;47,991208260000064
158430;08;3;11;000;2018;09;23;2;2;0;7;2;1;0;0;0;0;0;0;416214,597000000010000;5315474,348700000000000;7,877076518000024;47,987080538000043
158431;08;1;11;000;2018;09;09;5;2;0;7;0;1;0;0;0;0;0;0;510554,420700000020000;5396073,019100000200000;9,143489920000036;48,717596416000049
158432;08;1;11;000;2018;09;19;5;3;4;6;0;1;1;0;0;0;0;0;513479,236500000000000;5401360,443400000200000;9,183426309000026;48,765105580000068
158433;08;3;11;000;2018;09;09;2;3;5;2;0;1;1;0;0;0;0;0;412564,909999999970000;5315346,054600000400000;7,828198539000027;47,985437950000062
158434;08;3;11;000;2018;09;08;2;3;3;2;0;1;1;0;0;0;0;0;416066,083999999970000;5315553,666899999600000;7,875070982000068;47,987774569000067
158435;08;3;35;080;2018;09;12;4;3;0;1;0;1;0;0;0;0;0;0;476038,197099999990000;5293415,078999999900000;8,680050503000075;47,793648455000039