OBJECTID_1;ULAND;UREGBEZ;UKREIS;UGEMEINDE;UJAHR;UMONAT;USTUNDE;UWOCHENTAG;UKATEGORIE;UART;UTYP1;ULICHTVERH;IstRad;IstPKW;IstFuss;IstKrad;IstGkfz;IstSonstig;STRZUSTAND;LINREFX;LINREFY;XGCSWGS84;YGCSWGS84
158437;08;4;37;031;2018;09;13;4;3;0;7;0;1;0;0;0;0;0;0;515423,760000000010000;5345463,046000000100000;9,207820536000043;48,262189560000081
158438;08;2;31;000;2018;09;08;2;2;5;3;0;1;1;0;0;0;0;0;477483,543999999990000;5414644,338499999600000;8,692866740000056;48,884343009000077
158440;08;2;36;071;2018;09;14;2;3;0;1;0;1;0;0;0;0;0;0;468499,443399999990000;5422458,007100000000000;8,569719865000025;48,954239287000064
158441;08;4;36;081;2018;09;18;4;3;0;1;0;1;0;0;0;0;0;0;562111,579299999980000;5281831,246399999600000;9,827651990000049;47,686882780000076
158442;08;4;35;059;2018;09;10;4;3;0;1;0;1;0;0;0;0;0;0;514942,517700000030000;5288631,104799999900000;9,199356075000026;47,750877187000071
158443;08;2;26;041;2018;09;08;2;3;0;7;0;1;1;0;0;0;0;0;476926,429400000020000;5465864,083399999900000;8,682339163000052;49,345059479000042
158445;08;4;35;053;2018;09;18;4;3;0;7;0;1;0;0;0;0;0;0;507324,264399999990000;5293623,801400000200000;9,097801333000064;47,795930669000029
158448;08;4;35;016;2018;09;18;4;3;0;1;0;1;0;0;0;0;0;0;536634,133999999960000;5278022,418999999800000;9,487856444000045;47,654559830000039
158453;08;2;16;043;2018;09;12;2;3;2;6;0;1;0;0;0;0;1;0;442495,006200000000000;5413111,106800000200000;8,215857543000027;48,868293044000040
158454;08;2;15;106;2018;09;18;2;3;1;6;0;1;1;0;0;0;0;0;464517,788000000000000;5453491,307400000300000;8,512609353000073;49,233172668000066
158456;08;2;15;017;2018;09;15;2;3;3;6;0;1;0;0;0;0;0;0;456801,976000000020000;5420894,025999999600000;8,410112468000023;48,939464308000026
158458;08;4;35;029;2018;09;18;4;3;0;1;0;1;0;0;0;0;0;0;544624,340800000010000;5270804,745600000000000;9,593521090000024;47,589118492000068
158459;08;2;12;000;2018;09;09;2;3;0;7;0;1;0;0;0;0;0;0;457629,208700000020000;5428765,911500000400000;8,420587997000041;49,010330675000034
158460;08;4;37;076;2018;09;10;4;2;6;4;0;0;1;1;0;0;0;0;524991,872199999980000;5321982,714700000400000;9,335360397000045;48,050636780000048
158461;08;3;17;057;2018;09;18;2;3;5;3;0;1;1;0;0;0;0;0;413735,714800000020000;5379607,169499999800000;7,830770367000071;48,563619283000037
158462;08;4;26;021;2018;09;17;4;3;1;3;0;1;1;0;0;0;0;0;558864,223899999980000;5326997,730600000400000;9,790544838000074;48,093527409000046
158466;08;1;27;014;2018;09;20;2;3;8;1;2;1;0;0;0;0;0;0;578595,493099999960000;5443743,799200000200000;10,077617444000055;49,141490106000049
158471;08;1;21;000;2018;09;13;2;2;0;3;0;1;1;0;0;0;0;0;515758,777000000000000;5444952,108000000000000;9,216134033000060;49,157185823000077
158473;08;1;19;079;2018;09;11;2;2;7;1;0;1;0;0;0;0;0;0;523169,138700000010000;5410349,420199999600000;9,315792777000070;48,845683194000060
158474;08;4;21;000;2018;09;16;4;2;0;1;0;1;0;0;0;0;0;0;572069,212900000040000;5361944,168899999900000;9,973814290000064;48,406531427000061
158477;08;1;19;020;2018;09;12;2;3;6;7;0;0;1;1;0;0;0;0;519622,154199999990000;5408368,031499999600000;9,267353505000074;48,827981349000027
158479;08;4;15;092;2018;09;19;4;3;5;3;1;1;1;0;0;0;0;0;519115,370999999980000;5364492,510999999900000;9,258425125000031;48,433288427000036
158480;08;1;19;020;2018;09;09;2;3;0;1;0;1;0;0;0;0;0;0;521072,394600000000000;5406447,481399999900000;9,287014245000023;48,810656973000050
158482;08;4;15;061;2018;09;16;4;3;6;7;0;0;1;1;0;0;0;0;510321,686999999980000;5366372,105000000400000;9,139588123000067;48,450403693000055
158483;08;1;18;011;2018;09;17;2;3;0;7;0;1;1;0;0;0;0;0;505021,318399999990000;5407831,550200000400000;9,068409681000048;48,823444930000051
158485;08;1;17;026;2018;09;13;2;3;0;1;0;1;0;0;0;0;0;0;547636,758000000030000;5394352,020999999700000;9,647414158000061;48,700384553000049
158486;08;3;37;126;2018;09;18;4;3;4;2;0;1;1;0;0;0;0;0;440794,226900000010000;5274968,633500000500000;8,211994255000036;47,625413450000053
158487;08;3;35;043;2018;09;13;4;3;0;1;0;1;0;0;0;0;0;0;514693,927800000000000;5282207,731100000400000;9,195822817000021;47,693088130000035
158488;08;3;35;035;2018;09;07;4;3;0;7;0;1;1;0;0;0;0;0;484462,798000000010000;5289766,603199999800000;8,792669396000065;47,761079793000079
158489;08;1;16;049;2018;09;17;2;3;0;7;0;1;0;0;0;0;1;0;524185,392300000010000;5386510,350399999900000;9,328244695000024;48,631191052000077
158491;08;3;26;012;2018;09;17;4;2;5;3;0;1;1;0;0;0;0;0;463238,423799999990000;5309254,883999999600000;8,507799833000036;47,935556691000045
158492;08;1;16;019;2018;09;09;2;3;6;4;0;0;1;1;0;0;0;0;525943,716499999980000;5396834,143100000000000;9,352756108000051;48,723992914000064
158493;08;1;16;019;2018;09;18;2;3;6;7;0;1;0;1;0;0;0;0;522640,387800000030000;5398760,325199999800000;9,307947355000067;48,741449413000055
158494;08;3;16;056;2018;09;07;4;3;0;1;0;1;0;0;0;0;0;0;423829,187199999990000;5328748,747999999700000;7,976749651000034;48,107445022000036
158495;08;1;15;003;2018;09;22;2;3;5;3;2;1;0;0;0;0;1;0;497686,985500000010000;5391781,422600000200000;8,968577994000043;48,679073889000051
158496;08;3;15;007;2018;09;11;4;3;4;2;0;1;1;0;0;0;0;0;400514,404400000000000;5294984,478199999800000;7,671434437000073;47,800526253000044
158498;08;3;11;000;2018;09;13;4;3;6;4;0;0;0;1;0;1;0;0;414864,756400000010000;5316784,476599999700000;7,858729264000033;47,998687417000042
158500;08;1;11;000;2018;09;18;2;2;6;7;0;1;0;1;0;0;0;0;515387,995500000020000;5408145,951999999600000;9,209654861000047;48,826102914000046
158502;08;2;26;103;2018;09;07;2;3;5;3;0;1;0;0;0;0;0;0;470536,447300000000000;5457206,823800000400000;8,595007161000069;49,266912954000077
158503;08;1;11;000;2018;09;13;2;3;0;7;0;0;0;1;0;0;1;0;512227,143400000000000;5402880,768100000000000;9,166433024000071;48,778808182000034
158504;08;4;17;008;2018;09;11;1;3;6;7;0;0;1;1;0;0;0;0;493953,052000000030000;5350659,462200000000000;8,918448484000066;48,309099231000062
158505;08;3;11;000;2018;09;13;4;3;0;1;0;1;0;0;0;0;0;0;414664,448600000000000;5316317,055499999800000;7,856137566000029;47,994456072000048
158506;08;3;11;000;2018;09;07;4;3;3;6;0;1;0;0;0;0;1;0;412003,871099999990000;5316713,908300000200000;7,820400748000054;47,997665251000058
158507;08;4;36;081;2018;09;14;1;2;8;1;0;1;0;0;0;0;0;0;562109,724000000050000;5281947,351300000200000;9,827643796000075;47,687927524000031
158508;08;2;12;000;2018;09;11;4;3;3;6;0;1;0;0;0;0;0;0;455245,730700000010000;5428769,498100000400000;8,387995918000058;49,010194672000068
158509;08;4;35;059;2018;09;18;1;3;2;6;1;1;1;0;0;0;0;0;516167,881799999970000;5291000,116999999600000;9,215792324000063;47,772162811000044
158511;08;4;35;029;2018;09;13;1;3;0;1;0;1;0;0;0;0;0;0;543390,253999999960000;5271751,401200000200000;9,577201781000042;47,597719654000059
158513;08;2;22;000;2018;09;09;4;3;5;2;0;1;0;0;0;0;0;0;464669,696200000010000;5481540,422600000200000;8,512206914000046;49,485475650000069
158514;08;4;17;079;2018;09;14;1;3;0;7;0;0;1;1;0;0;1;0;499903,094999999970000;5346800,218700000100000;8,998693986000035;48,274407570000051
158517;08;4;15;053;2018;09;16;1;2;4;6;0;1;1;0;0;0;0;0;532628,170000000040000;5364379,278599999800000;9,441094498000041;48,431714527000054
158518;08;2;26;084;2018;09;08;4;2;6;4;0;0;0;1;0;0;1;0;469406,099300000000000;5470031,969399999800000;8,578486743000042;49,382217906000051
158521;08;2;12;000;2018;09;18;4;3;0;7;0;1;0;0;0;0;0;0;458872,152799999980000;5430769,921400000300000;8,437380988000029;49,028441143000066
158522;08;4;35;018;2018;09;15;1;2;6;6;0;1;0;1;0;0;0;0;524663,281700000050000;5279821,157800000200000;9,328545600000041;47,671311202000027
158523;08;2;12;000;2018;09;15;4;3;0;4;0;0;0;1;0;0;1;0;455755,214299999990000;5428668,156000000400000;8,394973622000066;49,009319831000028
158525;08;1;18;079;2018;09;18;4;3;6;4;0;0;1;1;0;0;0;0;510351,840900000010000;5422706,580900000400000;9,141408588000047;48,957191186000045
158529;08;1;35;031;2018;09;19;4;3;9;7;2;1;0;0;0;0;0;0;595810,554600000030000;5378811,907499999700000;10,298404158000039;48,555080256000053
158530;08;3;17;146;2018;09;10;1;2;4;6;0;1;1;0;0;0;0;0;431066,214500000000000;5355387,782800000200000;8,069621633000054;48,347904820000053
158531;08;1;21;000;2018;09;11;4;2;5;3;0;1;0;0;0;0;1;0;515683,212899999980000;5442991,296000000100000;9,215021328000034;49,139549625000029
158532;08;3;11;000;2018;09;10;1;2;0;7;0;1;0;0;0;0;0;0;413076,944599999990000;5318255,463200000100000;7,834469939000030;48,011678823000068
158535;08;1;19;020;2018;09;12;4;3;2;6;0;1;0;0;0;0;0;0;519731,648400000010000;5409706,508100000200000;9,268909789000077;48,840018518000079
158537;08;3;11;000;2018;09;11;1;3;0;3;0;1;1;0;0;0;0;0;412873,002400000000000;5314356,293100000400000;7,832527477000042;47,976576746000035
158539;08;1;18;048;2018;09;07;4;3;5;2;0;1;1;0;0;0;0;0;514762,309499999970000;5415617,930700000400000;9,201399705000029;48,893334385000060
158540;08;2;12;000;2018;09;18;1;3;4;6;0;1;1;0;0;0;0;0;463141,623700000000000;5428345,451399999700000;8,496004050000067;49,006902420000074
158541;08;1;18;048;2018;09;19;4;3;3;3;0;1;1;0;0;0;0;0;513507,428000000010000;5415702,793999999800000;9,184282471000074;48,894126420000077
158542;08;1;17;001;2018;09;16;4;3;5;3;0;1;0;0;0;0;0;0;543965,618000000020000;5401383,645899999900000;9,598273978000066;48,763907407000033
158543;08;2;36;040;2018;09;14;1;3;5;3;0;1;1;0;0;0;0;0;486974,074100000030000;5419908,578200000300000;8,822152409000069;48,931970744000068
158545;08;1;15;045;2018;09;19;4;3;0;7;1;1;0;0;0;0;0;0;500416,507600000010000;5397103,360399999700000;9,005663572000060;48,726954625000076
158546;08;2;15;009;2018;09;20;1;2;4;2;1;1;1;0;0;0;0;0;469600,421500000000000;5436225,454800000400000;8,583726799000033;49,078137466000044
158549;08;1;11;000;2018;09;11;4;3;6;7;0;0;0;1;0;0;1;0;513442,378399999990000;5404183,085400000200000;9,183017030000030;48,790498636000052
158550;08;1;36;019;2018;09;21;1;3;0;2;2;1;1;0;0;0;0;0;583206,454099999970000;5422765,178799999900000;10,136516541000049;48,952206044000036
158552;08;1;11;000;2018;09;15;4;3;6;4;0;0;1;1;0;0;0;0;511798,550899999970000;5401251,398799999600000;9,160552406000022;48,764158751000082
158553;08;1;35;032;2018;09;13;1;3;0;1;0;1;0;0;0;0;0;0;580540,606499999990000;5394645,464100000400000;10,094588065000039;48,699643637000065
158554;08;1;11;000;2018;09;15;4;3;5;3;0;1;1;0;0;0;0;0;512572,462200000010000;5409231,502399999600000;9,171327914000074;48,835931732000063
158555;08;1;28;007;2018;09;23;1;3;8;1;2;1;0;0;0;0;0;0;556634,155299999980000;5483017,855000000400000;9,782116153000061;49,497149561000072
158558;08;1;11;000;2018;09;08;4;3;0;7;0;1;0;0;0;0;0;0;513049,816200000000000;5403480,592299999700000;9,177650042000039;48,784187436000082
158559;08;1;17;024;2018;09;14;1;3;0;1;0;1;0;0;0;0;0;0;566090,589000000040000;5388861,439000000200000;9,897308374000033;48,649314507000042
158560;08;3;26;003;2018;09;08;3;3;4;1;0;1;1;0;0;0;0;0;464979,309799999990000;5319034,048200000100000;8,530310316000055;48,023636548000070
158561;08;1;16;081;2018;09;11;1;3;2;6;0;1;0;0;0;0;0;0;517755,548300000020000;5385411,476700000500000;9,240932595000061;48,621521086000030
158562;08;1;16;033;2018;09;11;1;3;0;1;0;1;1;0;0;0;0;0;533268,901500000040000;5388561,225399999900000;9,451687537000055;48,649223216000053
158564;08;4;36;064;2018;09;17;3;3;1;1;0;1;1;0;0;0;0;0;545957,218200000000000;5291708,553700000000000;9,613448923000021;47,777100553000025
158565;08;1;16;077;2018;09;17;1;3;0;7;0;1;0;0;0;0;0;0;516118,996900000030000;5391551,499300000300000;9,218964731000028;48,676801664000038
158566;08;4;35;059;2018;09;09;3;3;0;1;0;1;0;0;0;0;0;0;511720,603300000020000;5290915,167999999600000;9,156432586000051;47,771494728000050
158567;08;1;16;019;2018;09;11;1;3;2;6;0;1;0;0;0;0;0;0;523434,194000000020000;5398579,112599999600000;9,318733976000033;48,739789887000029
158568;08;4;26;071;2018;09;12;3;3;0;1;0;1;0;0;0;0;0;0;565978,131300000010000;5332405,536399999600000;9,886910155000066;48,141478704000065
158569;08;1;15;001;2018;09;10;1;2;0;7;0;1;0;0;0;0;0;0;489432,210499999990000;5391841,986300000000000;8,856436606000045;48,679533561000028
158571;08;4;17;079;2018;09;17;3;3;6;4;0;0;1;1;0;0;0;0;502125,242000000030000;5340455,860999999600000;9,028610586000070;48,217325097000071
158573;08;1;11;000;2018;09;15;1;3;5;3;0;1;1;0;0;0;0;0;510755,145100000020000;5397032,316100000400000;9,146243824000067;48,726222844000063
158574;08;4;16;041;2018;09;08;3;3;6;7;0;0;1;1;0;0;0;0;503026,172499999990000;5374542,665900000400000;9,040984505000040;48,523986858000058
158575;08;1;11;000;2018;09;06;1;2;0;3;1;1;1;0;0;0;0;0;512788,600900000020000;5402089,818400000200000;9,174050818000069;48,771681567000030
158577;08;3;35;043;2018;09;13;3;3;3;2;0;1;1;0;0;0;0;0;512988,009499999990000;5280451,280399999600000;9,173036250000052;47,677320760000043
158579;08;4;36;055;2018;09;12;7;3;5;3;0;1;1;0;0;0;0;0;575455,553199999970000;5296979,186999999900000;10,008066668000026;47,821736251000061
158581;08;4;35;029;2018;09;12;7;3;0;1;0;1;0;0;0;0;0;0;544626,349999999980000;5270804,768199999800000;9,593547814000033;47,589118557000063
158582;08;4;35;029;2018;09;17;3;2;3;6;0;1;0;0;0;0;1;0;543638,718800000030000;5272788,824500000100000;9,580610099000069;47,607037038000044
158584;08;4;36;064;2018;09;13;3;2;6;4;0;1;0;1;0;0;0;0;546415,435999999990000;5292574,931599999800000;9,619657590000031;47,784862509000050
158585;08;4;16;041;2018;09;16;7;3;1;6;0;1;1;0;0;0;0;0;503137,905499999990000;5376809,731900000000000;9,042514816000050;48,544381617000056
158587;08;3;17;065;2018;09;10;3;3;4;6;0;1;1;0;0;0;0;0;416288,040500000000000;5354727,361899999900000;7,870333156000072;48,340178501000025
158589;08;4;15;060;2018;09;09;7;2;1;7;0;1;1;0;0;0;0;0;512527,098400000020000;5378966,947700000400000;9,169791558000043;48,563671274000058
158590;08;3;15;006;2018;09;13;3;3;5;3;0;1;1;0;0;0;0;0;403154,523500000010000;5307117,912600000400000;7,703964739000071;47,910070492000045
158591;08;3;37;060;2018;09;12;7;1;9;7;0;1;0;0;0;0;0;0;469683,416900000010000;5278372,883700000100000;8,596247639000069;47,658040019000055
158593;08;3;35;075;2018;09;14;7;3;6;4;0;0;1;1;0;0;0;0;490313,214700000010000;5289527,062500000000000;8,870743249000043;47,759038987000054
158594;08;3;35;043;2018;09;13;7;3;0;1;0;1;0;0;0;0;0;0;512918,848400000020000;5279034,315499999600000;9,172072923000030;47,664572770000063
158595;08;3;11;000;2018;09;12;3;3;4;6;0;1;0;0;0;0;0;0;413707,534500000010000;5317468,699799999600000;7,843081883000025;48,004687088000026
158596;08;3;35;075;2018;09;14;7;3;5;3;0;1;1;0;0;0;0;0;489509,487499999990000;5288901,298600000300000;8,860033754000028;47,753396070000065
158597;08;2;31;000;2018;09;08;3;2;6;4;0;0;1;1;0;0;0;0;481468,356499999990000;5417389,273000000000000;8,747095992000027;48,909167546000049
158598;08;3;15;074;2018;09;10;7;3;6;7;0;0;1;1;0;0;0;0;397098,295999999970000;5295755,704300000300000;7,625644857000054;47,806926364000049
158599;08;2;36;040;2018;09;16;3;3;6;4;0;0;1;1;0;0;0;0;488669,852000000010000;5422187,427000000100000;8,845242002000020;48,952503901000057
158600;08;2;26;098;2018;09;07;3;3;6;7;0;1;0;1;0;0;0;0;477416,357800000000000;5460281,501299999700000;8,689400013000068;49,294862587000068
158605;08;2;26;084;2018;09;10;3;3;3;2;0;1;1;0;0;0;0;0;469244,256700000030000;5469749,886699999700000;8,576278806000062;49,379672485000071
158606;08;2;31;000;2018;09;18;7;3;5;3;0;1;1;0;0;0;0;0;479926,728999999990000;5414230,581000000200000;8,726212633000046;48,880704915000081
158607;08;2;21;000;2018;09;09;3;3;6;7;0;0;1;1;0;0;0;0;475211,429799999980000;5470069,953700000400000;8,658466746000045;49,382823510000037
158609;08;2;12;000;2018;09;16;3;3;7;7;0;1;0;0;0;0;1;0;459596,776300000030000;5430503,398000000000000;8,447319728000025;49,026091626000039
158610;08;2;12;000;2018;09;17;3;3;5;3;0;1;1;0;0;0;0;0;457895,511000000000000;5428009,008000000400000;8,424307930000055;49,003540442000030
158611;08;1;36;088;2018;09;19;3;3;6;7;0;0;1;1;0;0;0;1;580987,477100000020000;5413146,522300000300000;10,104305214000021;48,865989661000071
158612;08;2;21;000;2018;09;14;7;3;0;3;0;1;0;0;0;0;1;0;474657,830000000020000;5471854,000099999800000;8,650725723000051;49,398847934000059
158614;08;4;25;072;2018;09;10;3;3;5;3;0;1;1;0;0;0;0;0;582469,119599999980000;5371435,268799999700000;10,116183585000044;48,490626748000068
158616;08;2;15;059;2018;09;10;7;3;1;5;0;1;1;0;0;0;0;0;483870,659800000020000;5437055,389000000400000;8,779099394000070;49,086142377000044
158618;08;1;18;019;2018;09;11;7;2;1;5;0;1;1;0;0;0;0;0;504817,030900000010000;5405520,155199999900000;9,065599368000051;48,802653461000034
158619;08;1;27;076;2018;09;20;3;3;6;4;2;0;1;1;0;0;0;0;556353,115600000020000;5439700,666000000200000;9,772123664000048;49,107567124000070
158620;08;1;35;019;2018;09;22;7;2;0;1;2;1;0;0;0;0;0;0;585925,927000000030000;5392437,586400000400000;10,167302811000070;48,679066959000068
158624;08;1;25;008;2018;09;10;3;2;6;7;0;0;1;1;0;0;0;0;523212,634199999970000;5431573,278099999800000;9,317594690000021;49,036602289000029
158626;08;1;18;048;2018;09;17;3;3;3;6;0;1;0;0;1;0;0;0;515686,762600000020000;5416354,632199999900000;9,214040066000052;48,899938826000039
158627;08;1;18;080;2018;09;11;7;3;0;6;0;1;0;0;0;0;1;0;509417,179100000010000;5408682,133000000400000;9,128317636000077;48,831045564000078
158629;08;1;18;048;2018;09;08;3;3;0;7;0;1;0;0;0;0;0;0;514519,201799999980000;5414640,379800000200000;9,198048316000040;48,884546339000053
158631;08;1;15;003;2018;09;11;3;3;6;2;0;0;1;1;0;0;0;0;500516,048400000030000;5391859,907599999600000;9,007010550000075;48,679784021000046
158632;08;1;16;016;2018;09;00;7;2;1;5;2;1;1;0;0;0;0;0;533444,007199999990000;5385654,471400000200000;9,453830240000059;48,623064987000078
158633;08;1;15;046;2018;09;12;3;3;6;4;0;0;1;1;0;0;0;0;509037,587699999970000;5390440,239600000000000;9,122745025000029;48,666947325000081
158638;08;1;11;000;2018;09;17;7;2;5;3;0;1;1;0;0;0;0;0;511847,351100000030000;5400380,948200000500000;9,161191409000026;48,756327288000080
158639;08;1;11;000;2018;09;13;3;3;6;7;0;0;0;1;0;0;1;0;514647,725199999990000;5406240,527300000200000;9,199501028000043;48,808979904000068
158640;08;1;11;000;2018;09;21;7;2;0;1;2;1;0;0;0;0;0;0;513965,651399999970000;5405105,789200000500000;9,190172685000050;48,798787645000061
158644;08;2;22;000;2018;09;11;3;3;5;3;0;1;1;0;0;0;0;0;466913,967599999970000;5483155,098700000000000;8,543056530000058;49,500125455000045
158648;08;2;12;000;2018;09;13;2;3;0;1;0;1;0;0;0;0;0;0;456176,012899999970000;5425561,027700000400000;8,401062686000046;48,981400831000030
158651;08;4;25;033;2018;09;15;6;3;3;6;0;1;0;0;0;0;0;0;554676,302999999960000;5345588,293999999800000;9,736698398000044;48,261144339000055
158653;08;4;17;010;2018;09;17;6;3;0;7;0;1;0;0;0;0;0;0;507578,419300000010000;5343210,871100000100000;9,102071942000066;48,242069698000080
158654;08;4;37;100;2018;09;07;2;3;5;3;0;1;1;0;0;0;0;0;537466,671899999960000;5317697,188500000200000;9,502376520000041;48,011470272000054
158655;08;4;16;041;2018;09;13;6;3;0;7;0;1;0;0;0;0;0;0;504269,613699999990000;5374165,183299999700000;9,057820988000060;48,520583661000046
158658;08;4;35;016;2018;09;22;2;2;0;1;2;1;0;0;0;0;0;0;530083,206400000020000;5282236,746000000300000;9,400910568000029;47,692815930000052
158659;08;4;36;064;2018;09;18;2;3;0;1;0;1;0;0;0;0;0;0;545472,459799999950000;5290158,549499999700000;9,606816369000057;47,763189496000052
158660;08;3;36;069;2018;09;16;6;3;9;7;0;1;0;0;0;0;0;0;407471,782699999980000;5267755,779000000100000;7,770093412000051;47,556625216000043
158661;08;3;36;050;2018;09;17;6;3;2;6;0;1;1;0;0;0;0;0;399493,499799999990000;5274487,172700000000000;7,662530917000026;47,615990646000057
158662;08;4;36;064;2018;09;14;2;3;8;1;0;1;0;0;0;0;0;0;545978,912000000010000;5292091,220999999900000;9,613779002000058;47,780541870000036
158663;08;3;35;063;2018;09;15;6;3;5;3;0;1;1;0;0;0;0;0;497061,975800000010000;5288229,487999999900000;8,960804852000024;47,747430052000027
158664;08;4;35;016;2018;09;13;2;3;6;4;0;1;0;1;0;0;0;0;533167,261599999970000;5278790,995699999900000;9,441747950000035;47,661662085000046
158665;08;4;35;024;2018;09;16;6;2;5;3;0;1;0;0;0;0;0;0;528633,953600000010000;5279587,682500000100000;9,381423458000029;47,669046860000037
158666;08;4;21;000;2018;09;13;2;2;4;2;0;1;1;0;0;0;0;0;572417,053799999990000;5360407,163700000400000;9,978248532000066;48,392665816000033
158669;08;4;21;000;2018;09;07;2;3;0;7;0;0;1;1;0;0;0;0;574216,616400000060000;5361469,293200000200000;10,002741922000041;48,402010625000059
158672;08;3;26;074;2018;09;12;6;3;5;3;0;1;1;0;0;0;0;0;465173,277000000000000;5323905,265999999800000;8,532515259000036;48,067472604000045
158673;08;3;11;000;2018;09;15;7;3;5;7;0;1;1;0;0;0;0;0;413036,494000000010000;5316644,617999999800000;7,834254247000047;47,997183259000053
158674;08;3;11;000;2018;09;17;7;3;6;4;0;0;1;1;0;0;0;0;413689,729300000010000;5316268,143199999800000;7,843084726000029;47,993885255000066
158675;08;3;11;000;2018;09;11;7;3;0;6;0;1;1;0;0;0;0;0;414903,379000000020000;5317120,287300000000000;7,859180303000073;48,001713311000060
158677;08;2;31;000;2018;09;18;7;3;6;2;0;0;1;1;0;0;0;0;476330,386999999990000;5413907,505900000200000;8,677180143000044;48,877671747000079
158678;08;2;22;000;2018;09;20;7;3;5;3;1;1;0;0;0;0;0;0;461661,581200000020000;5483397,330000000100000;8,470496576000073;49,501994948000061
158682;08;1;27;014;2018;09;20;7;3;4;6;2;1;1;0;0;0;0;1;582002,686899999970000;5441833,271700000400000;10,123935452000069;49,123862040000063
158686;08;4;35;013;2018;09;07;3;3;5;3;0;1;0;0;0;0;0;0;539983,373000000020000;5275138,079099999700000;9,532192693000070;47,628410061000068
158687;08;1;19;053;2018;09;15;7;3;0;1;0;1;0;0;0;0;0;0;532252,486799999960000;5428582,394100000200000;9,441036621000023;49,009291699000073
158688;08;1;19;086;2018;09;13;7;2;5;2;0;1;1;0;0;0;0;0;534898,054899999990000;5406288,854199999900000;9,475306221000039;48,808607371000051
158689;08;1;19;075;2018;09;13;3;3;6;7;0;0;0;1;0;0;1;0;536664,104300000010000;5427837,847400000300000;9,501293776000068;49,002347960000066
158690;08;4;36;081;2018;09;08;3;3;6;4;0;0;1;1;0;0;0;0;562605,559600000040000;5281770,055800000200000;9,834224903000063;47,686284600000079
158691;08;1;18;048;2018;09;15;7;3;0;7;0;1;0;0;0;0;0;0;511131,265499999980000;5415381,303500000400000;9,151855748000060;48,891281618000050
158693;08;4;35;016;2018;09;13;3;3;5;2;0;1;1;0;0;0;0;0;533318,599500000010000;5278654,353099999900000;9,443753108000067;47,660424872000078
158694;08;4;26;021;2018;09;16;3;3;6;4;0;0;1;1;0;0;0;0;559001,501700000020000;5327310,197200000300000;9,792431486000055;48,096325717000070
158696;08;4;26;070;2018;09;16;3;2;6;4;0;0;1;1;0;0;0;0;565920,686899999970000;5339643,271999999900000;9,887260718000050;48,206594132000077
158699;08;4;16;041;2018;09;12;3;3;6;2;0;0;1;1;0;0;0;0;504325,692700000010000;5374695,834499999900000;9,058585940000057;48,525357206000081
158702;08;3;35;063;2018;09;07;3;2;0;2;0;1;0;0;0;0;0;0;497693,470399999990000;5287380,736399999800000;8,969233898000027;47,739795901000036
158704;08;3;35;043;2018;09;08;3;3;5;2;0;1;1;0;0;0;0;0;511316,465499999990000;5280673,719399999800000;9,150772507000056;47,679353613000046
158706;08;4;36;064;2018;09;16;3;3;5;2;0;1;1;0;0;0;0;0;547345,253900000010000;5293912,477900000300000;9,632216056000061;47,796828689000051
158707;08;1;11;000;2018;09;18;7;3;6;4;0;0;1;1;0;0;0;0;516543,675700000020000;5405585,068599999900000;9,225297135000062;48,803035912000041
158708;08;1;11;000;2018;09;16;7;3;8;7;0;1;0;0;0;0;0;0;514903,582200000000000;5404036,384999999800000;9,202905771000076;48,789145631000054
158710;08;3;27;050;2018;09;07;3;3;5;7;0;1;1;0;0;0;0;0;486545,873700000000000;5314828,363199999600000;8,819685514000071;47,986615851000067
158711;08;1;11;000;2018;09;13;7;3;0;1;0;1;0;0;0;0;0;0;512823,821999999990000;5403722,848799999800000;9,174581107000051;48,786371455000051
158712;08;4;37;076;2018;09;15;6;2;5;3;0;1;1;0;0;0;0;1;524353,674000000000000;5320778,120000000100000;9,326728154000023;48,039823755000043
158714;08;3;16;012;2018;09;17;6;2;5;3;0;1;1;0;0;0;0;0;403383,788500000020000;5332941,166500000300000;7,701208666000071;48,142381158000035
158715;08;3;16;011;2018;09;18;3;3;5;6;0;1;1;0;0;0;0;0;415159,907000000010000;5327814,706000000200000;7,860498167000060;48,097947240000053
158717;08;3;11;000;2018;09;10;3;3;5;3;0;1;1;0;0;0;0;0;414529,894600000000000;5316021,279299999600000;7,854393239000046;47,991777475000049
158719;08;3;11;000;2018;09;10;3;3;5;2;0;1;1;0;0;0;0;0;415349,194299999970000;5315304,973500000300000;7,865513802000066;47,985442975000069
158720;08;3;11;000;2018;09;16;3;3;0;7;0;1;1;0;0;0;0;0;413983,502400000000000;5315225,601099999600000;7,847230567000054;47,984546780000073
158721;08;3;11;000;2018;09;18;3;2;0;1;0;1;0;0;0;0;0;0;415342,385400000030000;5317630,553200000000000;7,864963792000026;48,006361655000035
158723;08;2;12;000;2018;09;19;3;3;6;4;0;0;0;1;0;0;1;0;453208,810400000020000;5428879,505400000100000;8,360130612000035;49,011033099000031
158726;08;4;35;034;2018;09;07;6;3;4;2;0;1;0;0;0;0;1;0;529012,445199999960000;5284942,685899999900000;9,386821256000076;47,717211448000057
158727;08;2;15;066;2018;09;17;3;3;6;3;0;0;1;1;0;0;0;0;460164,826799999980000;5454039,342899999600000;8,452764472000069;49,237834421000059