OBJECTID_1;ULAND;UREGBEZ;UKREIS;UGEMEINDE;UJAHR;UMONAT;USTUNDE;UWOCHENTAG;UKATEGORIE;UART;UTYP1;ULICHTVERH;IstRad;IstPKW;IstFuss;IstKrad;IstGkfz;IstSonstig;STRZUSTAND;LINREFX;LINREFY;XGCSWGS84;YGCSWGS84
158729;08;2;12;000;2018;09;08;3;3;5;2;0;1;1;0;0;0;0;0;459357,614599999970000;5428249,393600000100000;8,444274119000056;49,005800764000071
158730;08;4;26;021;2018;09;12;6;3;0;1;0;1;0;0;0;0;0;0;559089,602799999990000;5326644,753300000000000;9,793522511000049;48,090331101000061
158731;08;3;37;066;2018;09;07;6;3;0;7;0;1;0;0;0;0;0;0;431098,591499999980000;5269516,626299999700000;8,083821771000032;47,575404668000033
158734;08;3;36;091;2018;09;21;6;3;6;4;2;0;1;1;0;0;0;0;395074,208600000010000;5272739,050499999900000;7,604158263000045;47,599565437000081
158735;08;2;26;103;2018;09;20;3;3;4;2;2;1;1;0;0;0;0;0;473077,729200000000000;5456890,521200000300000;8,629958963000036;49,264184966000073
158736;08;3;35;043;2018;09;13;6;3;6;4;0;0;0;1;0;0;1;0;512113,387899999970000;5281507,611600000400000;9,161413234000065;47,686842241000079
158739;08;2;22;000;2018;09;17;3;2;6;4;0;0;1;1;0;0;0;0;461874,845800000010000;5488108,080299999600000;8,472986696000021;49,544378845000040
158742;08;3;27;050;2018;09;15;6;3;3;5;0;1;1;0;0;0;0;0;485819,273600000010000;5314247,579800000400000;8,809966730000042;47,981374750000043
158743;08;2;22;000;2018;09;06;3;3;6;7;2;0;1;1;0;0;0;0;461719,352100000020000;5486827,086500000200000;8,470961762000059;49,532847278000077
158745;08;3;16;011;2018;09;11;6;3;6;4;0;0;1;1;0;0;0;0;414615,795500000010000;5330132,829300000300000;7,852727567000045;48,118726559000038
158747;08;2;22;000;2018;09;12;3;2;5;3;0;1;1;0;0;0;0;0;461226,424899999980000;5481885,907100000400000;8,464635082000029;49,488372871000081
158749;08;2;22;000;2018;09;18;3;3;3;6;0;1;1;0;0;0;0;0;461873,546900000020000;5481589,193000000000000;8,473598413000048;49,485745088000044
158751;08;2;26;018;2018;09;07;3;3;4;6;0;1;0;0;0;0;0;0;473500,847899999990000;5472421,581500000300000;8,634742277000044;49,403903951000075
158752;08;3;11;000;2018;09;11;6;3;6;7;0;0;0;1;0;0;1;0;413678,668100000010000;5316389,737599999600000;7,842912035000040;47,994977547000076
158753;08;3;11;000;2018;09;18;6;3;5;3;0;1;1;0;0;0;0;1;413852,513400000000000;5316236,635499999900000;7,845272573000045;47,993623784000079
158754;08;3;11;000;2018;09;11;6;3;1;3;0;1;1;0;0;0;0;0;414041,597000000010000;5315684,173000000400000;7,847917165000069;47,988679622000063
158755;08;2;21;000;2018;09;14;3;3;0;7;0;1;0;0;0;0;0;0;476775,434499999970000;5472524,573099999700000;8,679871548000051;49,404964113000062
158756;08;3;11;000;2018;09;15;6;3;5;1;0;1;1;0;0;0;0;0;414848,501099999990000;5318633,398099999900000;7,858144308000021;48,015317018000076
158757;08;2;12;000;2018;09;07;6;3;5;3;0;1;1;0;0;0;0;0;457119,582200000000000;5428397,996000000300000;8,413658200000043;49,006986022000035
158759;08;2;12;000;2018;09;18;3;3;5;3;0;1;1;0;0;0;0;0;451642,842400000020000;5431416,704500000000000;8,338415019000024;49,033734423000055
158763;08;2;12;000;2018;09;14;3;3;0;7;0;1;0;0;0;0;0;0;460180,621500000010000;5427851,152700000400000;8,455566063000049;49,002272155000071
158765;08;2;12;000;2018;09;12;3;3;0;7;0;1;1;0;0;0;0;0;458870,657699999980000;5427258,392799999600000;8,437716383000065;48,996854272000064
158766;08;2;11;000;2018;09;10;3;3;6;5;0;0;1;1;0;0;0;0;444451,858000000010000;5401031,775999999600000;8,244174037000050;48,759816351000040
158769;08;1;35;019;2018;09;12;3;3;6;6;0;1;1;1;0;0;0;0;585566,804099999950000;5391139,099399999700000;10,162156509000056;48,667437335000045
158770;08;1;27;076;2018;09;08;3;2;5;3;0;1;1;0;0;0;0;0;551665,977100000020000;5439203,048299999900000;9,707844416000057;49,103502818000038
158771;08;2;26;068;2018;09;21;6;3;6;7;2;0;1;1;0;0;0;0;468738,372500000000000;5460748,242800000100000;8,570015453000053;49,298678463000044
158772;08;2;26;032;2018;09;07;6;3;2;7;0;1;1;0;0;0;0;0;466876,865999999980000;5462634,983199999700000;8,544255888000066;49,315551309000057
158773;08;1;26;066;2018;09;09;3;3;4;6;0;1;0;0;0;0;0;0;536552,947500000010000;5449917,246299999800000;9,501772352000046;49,200961247000066
158775;08;1;21;000;2018;09;16;3;3;6;3;0;1;0;1;0;0;0;0;515873,359999999990000;5444681,934000000400000;9,217694894000033;49,154752572000064
158778;08;2;16;043;2018;09;15;6;3;6;4;0;1;0;1;0;0;0;0;441335,097699999980000;5412226,068599999900000;8,200169419000076;48,860223528000063
158779;08;2;15;105;2018;09;11;6;3;5;3;0;1;1;0;0;0;0;0;457002,355800000020000;5441671,819400000400000;8,410644916000024;49,126376395000079
158781;08;1;18;048;2018;09;07;3;3;0;3;0;1;1;0;0;0;0;0;515972,772000000000000;5415755,671000000100000;9,217919107000057;48,894543435000060
158782;08;2;12;000;2018;09;08;6;3;5;3;0;1;1;0;0;0;0;0;454075,624000000010000;5425691,121899999700000;8,372343983000064;48,982418453000037
158783;08;1;18;079;2018;09;17;3;3;6;4;0;1;0;1;0;0;0;0;509516,523300000000000;5423020,321300000000000;9,130005319000077;48,960026910000067
158785;08;1;18;019;2018;09;10;3;2;1;4;0;0;1;1;0;0;1;0;505803,036499999990000;5405980,455199999700000;9,079033500000037;48,806785857000079
158786;08;1;36;045;2018;09;15;6;2;5;3;0;1;1;0;0;0;0;1;593171,446200000010000;5405055,555499999800000;10,268561445000046;48,791511542000080
158787;08;1;35;019;2018;09;12;6;3;2;6;0;1;1;0;0;0;0;0;583934,917600000040000;5393183,301599999900000;10,140412057000049;48,686045034000074
158789;08;1;36;009;2018;09;06;6;2;5;2;2;1;1;0;0;0;0;0;566704,467199999960000;5408057,587399999600000;9,908748917000025;48,821916760000079
158791;08;1;17;019;2018;09;20;6;2;6;4;2;0;1;1;0;0;0;0;551987,647000000000000;5394088,042000000400000;9,706507806000047;48,697662525000055
158792;08;1;16;035;2018;09;16;6;3;6;4;0;0;1;1;0;0;0;0;526636,158300000010000;5391259,700100000000000;9,361811458000034;48,673816524000074
158794;08;1;16;033;2018;09;08;3;3;5;3;0;1;1;0;0;0;0;0;532213,513799999960000;5388575,007399999500000;9,437360191000039;48,649402493000082
158796;08;1;16;033;2018;09;11;3;3;5;3;0;1;1;0;0;0;0;0;533090,546600000000000;5387955,742100000400000;9,449217734000058;48,643785822000041
158797;08;1;16;033;2018;09;11;6;2;6;4;0;0;1;1;0;0;0;0;533394,089900000020000;5387844,196000000500000;9,453329332000067;48,642766221000045
158799;08;1;15;045;2018;09;14;6;3;5;2;0;1;1;0;0;0;0;0;500966,508700000010000;5395094,508100000200000;9,013137650000033;48,708882262000031
158800;08;1;11;000;2018;09;12;3;2;6;7;0;0;1;1;0;0;0;0;515814,195200000020000;5405966,169900000100000;9,215377588000024;48,806483234000041
158801;08;1;15;045;2018;09;08;6;3;6;4;0;0;1;1;0;0;0;0;497452,286399999980000;5396702,314000000200000;8,965359273000047;48,723341725000068
158802;08;1;15;021;2018;09;13;6;3;5;2;0;1;1;0;0;0;0;0;489755,321000000000000;5381899,206600000200000;8,861071854000045;48,590092082000069
158803;08;1;11;000;2018;09;12;3;1;0;7;0;1;0;0;0;0;0;0;515815,103200000010000;5399941,588200000100000;9,215158196000061;48,752286683000079
158805;08;1;15;003;2018;09;08;6;3;5;3;0;1;1;0;0;0;0;0;499448,537699999990000;5391882,432199999700000;8,992508320000070;48,679986625000026
158808;08;1;11;000;2018;09;12;6;3;5;2;0;1;1;0;0;0;0;0;512696,633500000000000;5408010,617600000500000;9,172982207000075;48,824946319000048
158811;08;1;11;000;2018;09;11;6;3;5;2;0;1;1;0;0;0;0;0;518508,616199999990000;5402974,907200000200000;9,251938487000075;48,779499868000073
158814;08;3;35;043;2018;09;19;2;3;0;1;1;1;0;0;0;0;0;0;511093,877199999990000;5281259,299999999800000;9,147821793000048;47,684626325000067
158815;08;3;36;105;2018;09;07;5;3;0;1;1;1;0;0;0;0;0;0;400849,932500000000000;5267059,010300000200000;7,682254595000075;47,549379922000071
158816;08;3;35;043;2018;09;16;2;2;6;2;0;0;0;1;0;0;1;0;511621,433299999980000;5280529,210900000300000;9,154831818000048;47,678047964000029
158817;08;4;36;064;2018;09;13;5;3;3;6;0;1;0;0;0;0;0;0;544863,645600000050000;5291277,764200000100000;9,598807963000070;47,773301803000038
158818;08;4;36;064;2018;09;20;5;3;4;6;2;1;1;0;0;0;0;0;546052,795999999970000;5292966,332000000400000;9,614858075000029;47,788409972000068
158819;08;3;17;065;2018;09;17;2;3;5;3;0;1;1;0;0;0;0;0;412469,361800000010000;5355846,332999999600000;7,818579797000041;48,349725780000028
158821;08;3;16;056;2018;09;14;2;3;1;5;0;1;1;0;0;0;0;0;421088,046199999980000;5326765,067800000300000;7,940299412000059;48,089267100000029
158822;08;4;26;013;2018;09;17;5;2;1;2;0;1;1;0;0;0;0;0;545594,988999999940000;5323214,017000000000000;9,611947663000024;48,060574770000073
158824;08;4;21;000;2018;09;06;5;3;5;3;2;1;1;0;0;0;0;0;572095,964000000040000;5355918,513000000300000;9,973141973000054;48,352325846000042
158825;08;3;15;059;2018;09;09;2;3;4;1;0;1;1;0;0;0;0;0;399195,131400000010000;5321363,070600000200000;7,647650982000073;48,037591626000051
158828;08;2;15;017;2018;09;09;2;2;4;2;0;1;1;0;0;0;0;0;455427,714400000000000;5422192,190700000200000;8,391205394000053;48,951044057000047
158829;08;4;25;072;2018;09;20;5;1;8;1;2;1;0;0;0;0;0;0;577572,667099999960000;5370226,186200000300000;10,049699705000023;48,480374674000075
158830;08;3;35;063;2018;09;17;5;3;0;7;0;1;0;0;0;0;0;0;497534,577400000010000;5288880,116999999600000;8,967105974000049;47,753286118000062
158831;08;2;12;000;2018;09;10;2;3;5;3;0;1;1;0;0;0;0;0;453389,737900000010000;5428833,873599999600000;8,362609874000043;49,010636332000047
158832;08;3;35;043;2018;09;13;5;3;5;3;0;1;1;0;0;0;0;0;513823,802000000030000;5283136,138000000300000;9,184256329000050;47,701460783000073
158833;08;2;12;000;2018;09;08;2;3;5;3;0;1;0;0;0;0;1;0;453761,698399999990000;5426802,959599999700000;8,367927294000026;48,992396111000062
158834;08;3;35;043;2018;09;17;5;2;6;4;0;1;0;1;0;0;0;0;515036,811400000010000;5280747,310899999900000;9,200342000000035;47,679939926000031
158835;08;2;37;028;2018;09;15;2;3;6;6;0;0;1;1;0;0;0;0;456628,075900000000000;5368395,142799999600000;8,413253461000068;48,467192915000055
158836;08;3;35;043;2018;09;16;5;3;5;3;0;1;0;0;0;0;1;0;511465,984300000010000;5280204,624099999700000;9,152752262000035;47,675130216000071
158837;08;3;35;043;2018;09;17;5;2;0;7;0;1;0;0;0;0;0;0;512733,110200000000000;5278172,085799999500000;9,169573866000064;47,656818385000065
158838;08;2;31;000;2018;09;15;2;3;6;4;0;0;1;1;0;0;0;0;477001,844800000020000;5415878,493900000100000;8,686226815000055;48,895427357000074
158840;08;3;27;050;2018;09;15;5;3;0;7;0;1;0;0;0;0;0;0;485877,268300000000000;5314506,863599999800000;8,810735375000036;47,983708852000063
158842;08;3;25;053;2018;09;18;5;3;1;5;0;1;1;0;0;0;0;0;456647,069599999990000;5341582,200299999700000;8,416271552000069;48,225980370000059
158844;08;2;26;065;2018;09;19;2;3;6;4;0;0;1;1;0;0;0;0;478700,782799999990000;5458318,923200000100000;8,707169431000068;49,277255226000079
158846;08;3;17;096;2018;09;08;5;3;6;4;0;0;1;1;0;0;0;0;423620,944000000020000;5368458,287200000100000;7,966772222000031;48,464618618000031
158852;08;3;11;000;2018;09;07;5;3;5;2;0;1;1;0;0;0;0;0;413333,640799999990000;5317069,566399999900000;7,838150815000063;48,001046163000069
158853;08;3;11;000;2018;09;11;5;3;0;7;0;1;0;1;0;0;0;0;411024,423300000020000;5316399,068900000300000;7,807339334000062;47,994697633000044
158855;08;2;21;000;2018;09;17;2;3;6;5;0;0;1;1;0;0;0;0;476937,440899999990000;5472018,071800000000000;8,682134025000039;49,400414372000057
158856;08;3;36;050;2018;09;05;5;2;0;1;2;1;0;0;0;0;0;0;400762,606099999980000;5272909,865199999900000;7,679771800000026;47,601997750000066
158857;08;2;15;100;2018;09;11;2;3;0;7;0;1;0;0;0;0;0;0;475199,250400000020000;5451986,327899999900000;8,659421773000076;49,220161075000078
158858;08;3;11;000;2018;09;16;5;2;5;2;0;1;1;0;0;0;0;0;414409,183699999990000;5317394,491100000200000;7,852501699000072;48,004113897000082
158859;08;1;15;003;2018;09;12;2;1;5;3;0;1;1;0;0;0;0;0;496701,772300000010000;5392851,149500000300000;8,955185465000056;48,688692841000034
158860;08;1;21;000;2018;09;19;2;3;6;4;0;0;1;1;0;0;0;0;516159,550099999990000;5444477,661100000100000;9,221611615000029;49,152907609000067
158863;08;3;15;064;2018;09;07;5;2;6;4;0;0;1;1;0;0;0;0;422403,472300000020000;5313252,774799999800000;7,960408753000024;47,967876692000061
158865;08;2;12;000;2018;09;17;5;2;3;2;0;1;1;0;0;0;0;0;456394,014399999990000;5427463,434600000300000;8,403837782000039;48,998528685000053
158867;08;1;18;046;2018;09;17;2;3;3;2;0;1;1;0;0;0;0;0;513612,336000000010000;5412377,309999999600000;9,185603012000058;48,864208873000052
158868;08;1;16;033;2018;09;13;2;3;5;3;0;1;1;0;0;0;0;0;533431,336400000030000;5387523,558600000100000;9,453809065000030;48,639879809000035
158870;08;1;16;080;2018;09;11;2;3;0;5;0;1;1;0;0;0;0;0;518035,090900000010000;5397195,691499999700000;9,245239778000041;48,727524412000037
158871;08;2;26;076;2018;09;18;5;3;5;3;0;1;1;0;0;0;0;0;474651,978999999990000;5466481,191999999800000;8,650987435000047;49,350520019000044
158872;08;1;16;056;2018;09;12;2;3;5;3;0;1;1;0;0;0;0;0;530352,717799999980000;5395858,148000000000000;9,412631870000041;48,715013917000078
158874;08;1;16;019;2018;09;17;2;3;5;3;0;1;1;0;0;0;0;0;521144,986700000010000;5398085,429600000400000;9,287573028000054;48,735430670000028
158875;08;2;22;000;2018;09;21;5;3;0;7;2;1;1;0;0;0;0;0;460691,441799999970000;5482588,568500000100000;8,457178782000028;49,494658499000082
158876;08;2;22;000;2018;09;07;5;3;3;2;0;1;0;0;0;1;0;0;464457,849999999980000;5485299,911200000000000;8,508943858000066;49,519277999000053
158877;08;2;26;012;2018;09;07;5;3;5;3;0;1;1;0;0;0;0;0;476467,680500000020000;5477239,212399999600000;8,675349831000062;49,447359552000080
158878;08;1;16;019;2018;09;07;2;3;5;3;0;1;1;0;0;0;0;0;525862,603299999960000;5396703,435700000300000;9,351645038000072;48,722820457000068
158879;08;2;21;000;2018;09;19;5;3;0;7;1;1;0;0;0;0;0;0;477169,418999999990000;5471603,741800000000000;8,685355086000072;49,396696278000036
158880;08;2;21;000;2018;09;09;5;2;5;3;0;1;0;0;0;0;0;0;477134,223500000020000;5472182,054100000300000;8,684836752000024;49,401896793000049
158881;08;1;16;019;2018;09;18;2;3;5;3;0;1;1;0;0;0;0;0;521798,199499999990000;5398303,574599999900000;9,296468177000065;48,737370570000053
158882;08;1;15;028;2018;09;18;2;3;4;6;0;1;0;0;0;0;0;0;501389,549799999980000;5404335,673499999600000;9,018919188000041;48,792015055000036
158889;08;2;22;000;2018;09;07;2;3;5;2;0;1;1;0;0;0;0;0;462220,193900000010000;5487901,895999999700000;8,477780083000027;49,542545984000071
158891;08;4;36;064;2018;09;14;1;3;6;4;0;0;1;1;0;0;0;0;545438,577200000060000;5290747,690600000300000;9,606425851000040;47,768492419000040
158892;08;2;12;000;2018;09;16;5;3;5;3;0;1;1;0;0;0;0;0;460435,414999999980000;5431023,149000000200000;8,458740309000064;49,030821246000073
158894;08;3;35;026;2018;09;13;1;2;0;1;0;1;0;0;0;0;0;0;482935,342200000010000;5282259,358199999700000;8,772581194000054;47,693494384000076
158895;08;2;15;101;2018;09;19;5;3;7;7;1;1;0;0;0;0;0;0;465349,732399999980000;5428617,921799999700000;8,526173028000073;49,009481301000051
158896;08;4;36;094;2018;09;15;1;2;6;6;0;0;1;1;0;0;0;0;571989,379900000060000;5280671,363900000200000;9,959067087000051;47,675423168000066
158897;08;2;11;000;2018;09;15;5;3;4;6;0;1;0;0;0;0;0;0;442132,758399999990000;5403137,926799999500000;8,212325555000064;48,778550187000064
158898;08;3;25;060;2018;09;00;1;3;0;7;2;1;0;0;0;0;0;1;469667,014099999970000;5338229,506699999800000;8,591813646000048;48,196573809000029
158899;08;3;17;057;2018;09;16;5;3;5;2;0;1;1;0;0;0;0;0;412819,858799999990000;5380471,362800000200000;7,818178428000067;48,571265453000080
158900;08;2;16;043;2018;09;17;5;2;5;3;0;1;1;0;0;0;0;0;441964,638400000000000;5413303,197300000100000;8,208598875000064;48,869971484000075
158901;08;3;11;000;2018;09;00;1;3;0;7;2;1;0;0;0;0;0;1;414010,794300000010000;5315228,531100000300000;7,847595663000050;47,984576806000064
158902;08;2;22;000;2018;09;20;1;3;0;7;2;1;0;0;0;0;0;1;466242,611700000010000;5474702,225800000100000;8,534505699000022;49,424058290000062
158907;08;1;26;066;2018;09;11;5;3;5;3;0;1;1;0;0;0;0;0;536122,940300000020000;5448796,830500000200000;9,495769023000037;49,190908630000081
158915;08;1;19;020;2018;09;10;5;3;5;3;0;1;0;0;0;0;0;0;519030,813100000030000;5409697,797399999600000;9,259358261000045;48,839962040000046
158917;08;2;12;000;2018;09;18;1;2;0;1;1;1;0;0;0;0;0;1;455695,544100000000000;5428529,762000000100000;8,394172812000022;49,008070682000039
158923;08;1;16;080;2018;09;01;1;3;0;1;2;1;0;0;0;0;0;0;519972,859200000010000;5396439,353699999900000;9,271552476000068;48,720661345000053
158924;08;1;16;035;2018;09;06;5;3;5;3;0;1;1;0;0;0;0;0;526512,773999999980000;5392314,647599999800000;9,360203163000051;48,683312023000042
158925;08;1;16;019;2018;09;15;5;2;6;4;0;0;1;1;0;0;0;0;522389,495999999980000;5396872,707000000400000;9,304432318000067;48,724477642000068
158927;08;1;11;000;2018;09;11;1;2;0;7;0;1;0;0;0;0;0;0;515455,885799999990000;5396802,949300000400000;9,210153491000028;48,724060613000063
158928;08;1;15;045;2018;09;07;5;3;0;1;0;1;0;0;0;0;0;0;499731,538400000020000;5395263,971400000200000;8,996350720000066;48,710407457000031
158929;08;1;11;000;2018;09;19;1;2;0;1;1;1;0;0;0;0;0;1;517517,836200000020000;5399178,120099999900000;9,238290526000071;48,745372999000040
158931;08;4;35;036;2018;09;13;7;3;0;6;0;1;1;0;0;0;0;0;519582,129200000020000;5283404,272599999800000;9,261019944000054;47,703724433000048
158932;08;1;15;003;2018;09;17;5;3;1;2;0;1;1;0;0;0;0;0;501114,722000000010000;5392096,375000000000000;9,015144206000059;48,681910527000070
158933;08;4;36;064;2018;09;17;7;2;5;2;0;1;1;0;0;0;0;0;545902,574600000050000;5293179,074900000400000;9,612875068000051;47,790334746000042
158934;08;1;15;003;2018;09;14;5;3;5;7;0;1;1;0;0;0;0;0;500571,730099999990000;5391844,713999999700000;9,007766968000055;48,679647289000059
158939;08;3;17;122;2018;09;14;6;3;6;7;0;0;1;1;0;0;0;0;417378,538899999990000;5367984,915099999900000;7,882436840000025;48,459571752000045
158940;08;3;15;006;2018;09;07;6;2;6;2;0;0;1;1;0;0;0;0;403037,821999999990000;5307740,661999999500000;7,702263323000068;47,915654496000059
158942;08;3;15;108;2018;09;15;6;3;0;1;0;1;0;0;0;0;0;0;405109,443600000000000;5303880,054700000200000;7,730831813000066;47,881237758000054
158943;08;2;31;000;2018;10;15;3;2;6;4;0;0;1;1;0;0;0;0;478040,916900000010000;5415286,097900000400000;8,700434931000075;48,890136063000057
158944;08;3;11;000;2018;09;08;6;3;0;7;0;1;0;0;0;0;0;0;413994,730900000020000;5317877,432799999600000;7,846849537000026;48,008402495000041
158945;08;2;31;000;2018;10;22;3;3;6;4;2;0;1;1;0;0;0;0;475766,449199999970000;5415317,454699999700000;8,669405375000054;48,890333362000035
158946;08;3;11;000;2018;09;08;6;3;2;6;0;1;1;0;0;0;0;0;413462,619599999980000;5316995,049599999600000;7,839894567000044;48,000393332000044
158948;08;2;22;000;2018;10;08;3;3;5;3;0;1;0;0;0;1;0;0;460256,908799999980000;5488722,793399999800000;8,450560615000029;49,549803772000075
158949;08;3;15;047;2018;09;17;6;3;3;7;0;1;1;0;0;0;0;0;415714,444900000000000;5321764,494699999700000;7,869137904000070;48,043597264000027
158950;08;3;36;091;2018;09;09;6;3;5;2;0;1;1;0;0;0;0;0;396064,723100000000000;5273647,002399999600000;7,617115962000071;47,607892199000048
158953;08;2;16;007;2018;10;09;3;2;0;7;0;1;0;0;0;0;0;0;436646,151699999990000;5394036,304100000300000;8,139050967000060;48,696146449000025
158957;08;3;11;000;2018;09;09;6;3;5;3;0;1;1;0;0;0;0;0;412406,837699999970000;5314338,498300000100000;7,826286009000057;47,976353023000058
158959;08;1;35;019;2018;10;10;3;3;0;7;0;0;1;1;0;0;0;0;585157,890499999980000;5390137,818699999700000;10,156397815000048;48,658487396000055
158961;08;2;12;000;2018;09;18;6;3;3;2;0;1;0;0;0;0;0;0;457515,950100000020000;5428082,650700000100000;8,419110791000037;49,004176859000040
158962;08;1;35;019;2018;10;07;3;3;5;3;0;1;1;0;0;0;0;0;586562,486099999980000;5392062,129800000200000;10,175869959000067;48,675602078000054
158963;08;2;31;000;2018;09;14;6;3;0;2;0;0;1;1;0;0;0;0;476766,465900000010000;5415359,058899999600000;8,683045036000067;48,890745921000075
158966;08;2;26;103;2018;09;00;6;2;5;2;2;1;1;0;0;0;0;0;473458,001700000020000;5456465,985600000200000;8,635213767000039;49,260382880000066
158967;08;2;26;063;2018;09;13;6;3;5;3;0;1;1;0;0;0;0;0;469999,137999999980000;5470926,519999999600000;8,586589714000070;49,390293690000078
158969;08;1;27;025;2018;10;09;3;3;5;3;0;1;1;0;0;0;0;0;556064,420000000040000;5427745,506500000100000;9,766513304000057;49,000060145000077
158971;08;2;22;000;2018;09;22;6;3;6;4;2;0;1;1;0;0;0;0;462727,967000000000000;5478157,450799999800000;8,485717898000075;49,454931301000045
158973;08;2;22;000;2018;09;19;6;2;6;2;2;0;1;1;0;0;0;0;464224,929599999970000;5483940,298100000200000;8,505849133000027;49,507035286000075
158975;08;2;21;000;2018;09;10;6;3;1;7;0;1;0;0;0;0;1;0;477402,773500000010000;5472182,807599999900000;8,688538126000026;49,401913600000057
158976;08;1;19;020;2018;10;11;3;3;2;2;0;1;1;0;0;0;0;0;519792,608400000030000;5406592,331100000100000;9,269590251000068;48,812002096000072
158980;08;2;21;000;2018;09;14;6;2;1;2;0;1;1;0;0;0;0;0;477253,981499999990000;5468108,128499999600000;8,686720429000047;49,365256803000079
158981;08;2;15;099;2018;09;09;6;3;5;3;0;1;1;0;0;0;0;0;463442,518500000010000;5446666,376899999600000;8,498461051000049;49,171719473000053
158982;08;4;36;009;2018;10;07;2;3;6;4;2;0;0;1;0;0;1;0;556178,606499999990000;5308212,893600000100000;9,752019382000071;47,924774063000029
158984;08;2;15;007;2018;09;11;6;3;4;6;0;1;1;0;0;0;0;0;477966,959600000000000;5431768,595200000300000;8,698533626000028;49,038402538000071
158985;08;4;36;064;2018;10;05;2;3;6;6;2;1;0;1;0;0;0;1;546934,686400000010000;5292929,576600000300000;9,626627636000023;47,788015614000074
158986;08;2;12;000;2018;09;19;6;3;1;5;2;1;1;0;0;0;0;0;456419,686899999970000;5427875,362499999800000;8,404144544000076;49,002235843000051
158987;08;2;11;000;2018;09;08;6;3;6;4;0;0;1;1;0;0;0;0;440809,919600000020000;5404107,443300000400000;8,194181634000074;48,787146597000060
158988;08;2;11;000;2018;09;05;6;3;5;3;2;1;1;0;0;0;0;1;440144,065699999980000;5403465,284699999700000;8,185211116000062;48,781306624000081
158989;08;3;17;057;2018;09;14;6;3;1;5;0;1;1;0;0;0;0;0;413487,332799999970000;5379982,192499999900000;7,827326531000040;48,566958162000049
158990;08;1;18;048;2018;09;12;6;3;0;7;0;1;1;0;0;0;0;0;514510,668699999980000;5415758,838800000000000;9,197971639000059;48,894607900000040
158993;08;1;28;020;2018;09;15;6;2;8;1;0;1;0;0;0;0;0;0;574752,590699999940000;5480415,458100000400000;10,031801712000060;49,471783162000065
158994;08;1;26;069;2018;09;20;6;3;6;4;2;0;1;1;0;0;0;1;536543,042999999950000;5447494,025200000000000;9,501416065000058;49,179165027000067
158995;08;4;35;059;2018;10;07;2;3;5;3;1;1;1;0;0;0;0;1;512661,871500000010000;5290863,321800000000000;9,168993942000043;47,771010432000026
158996;08;1;25;006;2018;09;16;6;3;6;4;0;0;1;1;0;0;0;0;510826,409400000000000;5456624,398099999900000;9,148800923000067;49,262287880000031
158999;08;3;37;126;2018;10;15;2;3;5;2;0;1;1;0;0;0;0;0;441141,033799999980000;5274567,400799999900000;8,216663607000044;47,621835196000063
159001;08;3;36;105;2018;10;10;2;3;5;3;0;1;1;0;0;0;0;0;400648,875999999990000;5267114,421099999900000;7,679570680000040;47,549847641000042
159003;08;1;16;080;2018;09;18;6;3;0;7;1;1;0;0;0;0;0;0;518241,170199999990000;5397715,441399999900000;9,248065000000054;48,732194061000030
159004;08;1;15;045;2018;09;16;6;3;5;3;0;1;1;0;0;0;0;0;501359,944499999980000;5394396,530600000200000;9,018483282000034;48,702602468000066
159013;08;3;17;056;2018;10;15;2;3;0;3;0;1;1;0;0;0;0;0;435014,676800000020000;5382915,915300000500000;8,118627614000047;48,595949594000047
159015;08;3;15;052;2018;10;12;2;3;6;3;0;0;1;1;0;0;0;1;433152,764700000000000;5306098,167999999600000;8,105512516000033;47,904725612000050
159016;08;3;15;006;2018;10;13;2;3;5;2;0;1;1;0;0;0;0;1;402774,591200000020000;5307461,985000000300000;7,698804051000025;47,913107935000028
159019;08;3;15;064;2018;10;11;2;3;5;2;0;1;1;0;0;0;0;0;422226,396000000010000;5313457,418999999800000;7,957999764000022;47,969696125000041
159020;08;4;15;080;2018;09;17;5;3;1;5;0;1;1;0;0;0;0;0;511187,882400000000000;5373421,097799999600000;9,151491033000070;48,513804432000029
159024;08;2;12;000;2018;10;12;2;3;5;3;0;1;1;0;0;0;0;0;453054,941600000020000;5430638,880599999800000;8,357823025000073;49,026847029000066
159027;08;2;22;000;2018;10;09;2;3;0;7;0;1;0;0;0;0;0;0;463322,979799999970000;5478253,799200000200000;8,493918663000045;49,455834125000081
159028;08;2;22;000;2018;10;08;2;3;6;7;0;0;0;1;0;0;1;0;464477,159800000020000;5484221,178100000100000;8,509307713000055;49,509576486000071
159029;08;3;35;075;2018;09;19;5;3;5;3;1;1;1;0;0;0;0;0;488960,948199999980000;5288898,989900000400000;8,852715130000036;47,753366139000036
159032;08;3;35;043;2018;09;18;5;3;5;3;0;1;1;0;0;0;0;0;512750,506300000010000;5278135,709800000300000;9,169804477000071;47,656490742000074
159034;08;3;27;050;2018;09;07;5;3;4;2;0;1;1;0;0;0;0;0;487494,636999999990000;5314494,504800000200000;8,832410666000044;47,983631326000079
159039;08;3;26;074;2018;09;07;5;3;5;3;0;0;1;1;0;0;0;0;458703,060600000030000;5322629,507700000000000;8,445791592000035;48,055608868000036