OBJECTID_1;ULAND;UREGBEZ;UKREIS;UGEMEINDE;UJAHR;UMONAT;USTUNDE;UWOCHENTAG;UKATEGORIE;UART;UTYP1;ULICHTVERH;IstRad;IstPKW;IstFuss;IstKrad;IstGkfz;IstSonstig;STRZUSTAND;LINREFX;LINREFY;XGCSWGS84;YGCSWGS84
159043;08;2;12;000;2018;10;13;2;3;5;3;0;1;1;0;0;0;0;0;457025,624699999990000;5428506,979899999700000;8,412361971000053;49,007959811000035
159044;08;3;17;065;2018;09;13;5;3;5;3;0;1;0;0;0;0;1;0;414121,950200000020000;5353505,041500000300000;7,841357741000024;48,328893201000028
159045;08;2;11;000;2018;10;15;2;3;5;3;0;1;1;0;0;0;0;0;440796,849999999980000;5404104,423000000400000;8,194004157000052;48,787118185000054
159046;08;3;17;096;2018;09;10;5;2;1;1;0;1;1;0;0;0;0;0;422819,513400000000000;5369652,636900000300000;7,955712195000046;48,475263905000077
159048;08;3;36;050;2018;09;16;5;3;1;1;0;1;1;0;0;0;0;0;400471,541000000030000;5275386,712600000200000;7,675337974000058;47,624233332000074
159050;08;1;27;076;2018;10;07;2;3;0;7;0;1;0;0;0;0;0;0;553691,871599999950000;5441127,201999999600000;9,735853566000060;49,120636486000080
159051;08;3;11;000;2018;09;12;5;2;6;3;0;0;0;1;0;0;1;0;410400,979100000000000;5315677,218000000300000;7,799135035000063;47,988117363000072
159052;08;2;12;000;2018;09;16;5;3;5;3;0;1;0;0;0;0;1;0;453110,431900000030000;5431175,064500000300000;8,358520044000045;49,031674228000043
159056;08;2;12;000;2018;09;11;5;3;5;3;0;1;1;0;0;0;0;0;457110,113100000020000;5428408,715499999900000;8,413527595000062;49,007081788000050
159059;08;2;35;046;2018;09;08;5;3;5;3;0;1;1;0;0;0;0;0;479118,091599999990000;5377162,486200000200000;8,717059521000067;48,547215302000041
159060;08;1;19;093;2018;10;17;2;2;6;4;0;1;0;1;0;0;0;0;523189,174999999990000;5405349,316300000100000;9,315783152000051;48,800702727000044
159061;08;2;26;095;2018;09;14;5;2;0;2;0;1;1;0;0;0;0;0;474837,305600000020000;5459871,185399999800000;8,653955973000052;49,291071018000082
159064;08;2;26;098;2018;09;15;5;3;5;3;0;1;1;0;0;0;0;0;477738,324499999990000;5460183,996299999800000;8,693833489000042;49,293997343000058
159067;08;2;26;012;2018;09;20;5;3;0;7;2;1;0;0;0;0;0;0;479975,210900000010000;5477522,964499999800000;8,723724479000055;49,450037555000051
159071;08;2;15;096;2018;09;11;5;3;6;7;0;0;0;1;0;0;1;0;463140,920300000000000;5416814,700299999700000;8,497038281000073;48,903179360000081
159072;08;1;16;070;2018;10;07;2;3;0;6;0;1;1;0;0;0;0;0;539572,012699999960000;5385395,281600000300000;9,536958124000023;48,620375687000035
159073;08;1;15;045;2018;10;17;2;3;1;5;0;1;1;0;0;0;0;0;500338,738200000020000;5394780,109100000000000;9,004604175000054;48,706054561000030
159074;08;2;12;000;2018;09;12;5;3;5;3;0;1;1;0;0;0;0;0;457010,234400000020000;5427077,477500000000000;8,412302853000028;48,995100165000053
159076;08;1;11;000;2018;10;00;2;3;6;3;2;0;1;1;0;0;0;0;510975,833099999990000;5395743,783499999900000;9,149210345000029;48,714627326000027
159077;08;1;28;131;2018;09;09;5;3;5;3;0;1;0;0;0;1;0;0;537318,526199999960000;5512167,246199999900000;9,518155770000021;49,760822732000065
159079;08;1;11;000;2018;10;12;2;3;5;3;0;1;1;0;0;0;0;0;508420,716000000010000;5406772,970900000100000;9,114700752000033;48,813885290000030
159082;08;1;11;000;2018;10;19;2;3;6;3;1;0;1;1;0;0;0;0;515971,275100000030000;5405707,737900000100000;9,217506829000058;48,804154400000073
159084;08;4;26;108;2018;09;06;1;3;1;1;2;1;1;0;0;0;0;0;571307,774899999960000;5337929,917799999900000;9,959470309000039;48,190599063000036
159085;08;1;25;026;2018;09;12;5;3;5;3;0;1;1;0;0;0;0;0;490260,855300000000000;5442425,726400000000000;8,866486907000024;49,134585115000050
159087;08;1;19;093;2018;09;06;5;3;0;1;2;1;0;0;0;0;0;0;523650,323099999980000;5405815,519100000200000;9,322089678000054;48,804879212000060
159089;08;3;35;043;2018;09;09;1;3;5;3;0;1;1;0;0;0;0;0;514472,933599999990000;5279615,357900000200000;9,192791736000061;47,669767882000031
159090;08;1;18;046;2018;09;15;5;3;1;5;0;1;1;0;0;0;0;0;514743,772500000020000;5412979,106200000300000;9,201051641000049;48,869596629000057
159091;08;3;25;057;2018;09;18;1;3;5;3;0;1;1;0;0;0;0;0;473747,056600000010000;5357063,708300000100000;8,645546652000064;48,366198902000065
159092;08;1;17;026;2018;09;13;5;3;6;4;0;1;0;1;0;0;0;0;548335,699999999950000;5394602,123700000300000;9,656941861000064;48,702580583000042
159093;08;3;15;015;2018;09;05;1;1;0;1;2;1;0;0;0;0;0;0;393912,565200000010000;5320894,849399999700000;7,576920726000026;48,032524367000065
159097;08;2;15;109;2018;09;21;1;2;5;3;2;1;1;0;0;0;0;0;460608,590399999990000;5432943,750400000300000;8,460922630000027;49,048108443000046
159098;08;1;16;078;2018;09;13;5;2;5;3;0;1;1;0;0;0;0;0;510507,983499999970000;5394067,353299999600000;9,142807532000063;48,699554140000032
159099;08;1;15;029;2018;09;17;5;3;5;2;0;1;1;0;0;0;0;0;497244,247900000020000;5398544,112499999800000;8,962518304000071;48,739909724000029
159100;08;2;31;000;2018;09;18;1;3;0;7;0;1;1;0;0;0;0;0;478782,676700000010000;5415936,780100000100000;8,710520064000036;48,896015227000078
159103;08;2;22;000;2018;09;10;1;3;3;6;0;1;1;0;0;0;0;0;461408,364000000000000;5482069,383399999700000;8,467129173000046;49,490034739000066
159105;08;2;12;000;2018;09;11;1;3;5;3;0;1;0;0;0;0;1;0;460412,759000000020000;5427287,018000000200000;8,458794820000037;48,997212574000059
159106;08;1;11;000;2018;09;17;5;2;5;2;0;1;1;0;0;0;0;0;508718,260699999980000;5406801,954599999800000;9,118754292000062;48,814141920000054
159107;08;1;28;115;2018;09;15;1;3;0;3;0;1;1;0;0;0;0;0;549913,871000000040000;5494154,449400000300000;9,690727594000066;49,597903456000040
159108;08;1;28;139;2018;09;16;1;3;1;1;0;1;1;0;0;0;0;0;550601,937200000040000;5491029,278500000000000;9,699846404000027;49,569738365000035
159110;08;4;36;093;2018;09;15;4;3;6;4;0;0;0;1;0;0;1;0;543859,046100000040000;5311960,186099999600000;9,587499104000074;47,959449184000050
159111;08;1;28;128;2018;09;14;1;3;8;1;0;1;0;0;0;0;0;0;543284,803300000030000;5504827,576500000400000;9,600176676000046;49,694409796000059
159112;08;2;15;108;2018;09;13;4;3;5;3;0;1;1;0;0;0;0;0;450803,005100000010000;5425595,932400000300000;8,327631197000073;48,981310230000076
159114;08;1;19;079;2018;09;18;1;2;8;1;0;1;0;0;0;0;0;0;522312,816700000020000;5412236,012000000100000;9,304224194000028;48,862685820000081
159117;08;1;19;067;2018;09;16;1;3;0;7;0;0;1;1;0;0;0;0;540230,790400000060000;5407802,911000000300000;9,548082481000051;48,821904710000069
159119;08;1;18;070;2018;09;09;1;3;9;1;0;1;0;0;0;0;0;0;520240,138400000000000;5422724,946300000000000;9,276484733000075;48,957111733000033
159120;08;4;36;064;2018;09;09;4;3;5;3;0;1;1;0;0;0;0;0;545099,566899999980000;5292275,632700000000000;9,602060332000065;47,782263195000041
159121;08;1;18;081;2018;09;18;1;3;1;5;1;1;0;0;0;1;0;0;519082,303900000000000;5415687,226400000000000;9,260339335000026;48,893839759000059
159123;08;1;17;049;2018;09;17;1;3;6;4;0;0;1;1;0;0;0;0;555990,712999999990000;5392503,759999999800000;9,760689607000074;48,683064994000063
159125;08;4;37;104;2018;09;07;4;2;6;7;0;0;0;1;0;0;1;0;516401,143700000020000;5325065,490799999800000;9,220202695000069;48,078651213000057
159127;08;1;11;000;2018;09;03;1;2;6;4;2;0;1;1;0;0;0;0;513098,688900000010000;5402995,914699999600000;9,178299909000032;48,779826291000063
159129;08;1;11;000;2018;09;13;1;3;3;6;0;1;1;0;0;0;0;0;514936,441100000000000;5406674,947399999900000;9,203449104000072;48,812881012000048
159132;08;1;11;000;2018;09;11;1;3;0;7;0;1;0;0;0;0;1;1;515417,449000000020000;5406446,332299999900000;9,209992274000058;48,810812675000079
159134;08;4;36;011;2018;09;19;7;3;0;1;0;1;0;0;0;0;0;0;548785,744399999970000;5297518,496199999900000;9,651856020000025;47,829164123000055
159135;08;3;35;063;2018;09;16;4;3;5;3;0;1;1;0;0;0;0;0;494961,245100000000000;5288831,185399999800000;8,932772787000033;47,752830877000065
159136;08;4;35;059;2018;09;11;7;3;5;3;0;1;1;0;0;0;0;0;511497,867099999970000;5290884,377200000000000;9,153458966000073;47,771221701000059
159139;08;3;35;063;2018;09;07;4;3;0;1;0;1;0;0;0;0;0;0;497774,829000000030000;5287577,661399999600000;8,970318109000061;47,741568038000025
159141;08;3;35;075;2018;09;16;4;3;5;2;0;1;1;0;0;0;0;0;488915,570200000020000;5289571,920699999700000;8,852092533000075;47,759420083000066
159142;08;4;16;023;2018;09;14;7;3;5;3;0;1;0;0;0;0;1;0;508485,811700000020000;5374785,881000000100000;9,114931140000067;48,526124835000076
159143;08;3;17;011;2018;09;07;4;3;1;7;0;1;1;0;0;0;0;0;428284,654900000020000;5354554,342400000400000;8,032227179000074;48,340097987000036
159145;08;3;15;111;2018;09;19;4;2;0;1;0;1;0;0;0;0;0;1;406401,558000000020000;5297252,368999999900000;7,749543895000045;47,821809620000067
159147;08;3;35;063;2018;09;16;7;3;0;1;0;1;0;0;0;0;0;0;496611,831400000020000;5288551,674800000200000;8,954797126000074;47,750326746000042
159148;08;3;35;043;2018;09;14;7;3;6;4;0;1;0;1;0;0;0;0;512659,080299999970000;5279163,479399999600000;9,168616694000036;47,665740082000070
159149;08;3;15;050;2018;09;19;4;3;5;2;1;1;1;0;0;0;0;0;399898,569000000020000;5303146,594300000000000;7,661325135000027;47,873848923000025
159150;08;2;37;028;2018;09;10;7;2;6;4;0;0;1;1;0;0;0;0;456559,142999999980000;5367719,417000000400000;8,412391146000061;48,461109339000075
159151;08;3;17;009;2018;09;09;7;3;6;2;0;0;1;1;0;0;0;0;425194,194800000000000;5362339,878899999900000;7,989143631000047;48,409772026000041
159155;08;3;36;091;2018;09;15;4;3;5;2;0;1;1;0;0;0;0;0;396331,598300000010000;5272363,087600000200000;7,620969341000034;47,596385869000073
159157;08;3;11;000;2018;09;10;4;3;3;6;0;1;1;0;0;0;0;0;414249,874499999980000;5317829,438099999900000;7,850279360000059;48,008005051000055
159159;08;3;36;050;2018;09;08;4;3;5;2;0;1;0;0;0;0;1;0;399334,442300000000000;5273361,663200000300000;7,660673448000068;47,605841613000052
159162;08;2;12;000;2018;09;09;4;3;5;3;0;1;1;0;0;0;0;0;455135,872199999980000;5428789,865399999500000;8,386491468000031;49,010369900000057
159164;08;2;26;040;2018;09;05;4;3;5;3;2;1;1;0;0;0;0;0;474790,412300000030000;5495507,627000000300000;8,651043089000041;49,611609759000032
159167;08;2;26;032;2018;09;12;4;3;5;3;0;1;1;0;0;0;0;0;467261,964500000000000;5463628,121500000400000;8,549472836000064;49,324505199000043
159168;08;2;15;102;2018;09;18;7;3;5;3;0;1;1;0;0;0;0;0;455527,635499999970000;5436377,225300000000000;8,391015604000074;49,078646856000034
159169;08;2;25;033;2018;09;07;4;3;6;1;0;0;1;1;0;0;0;0;510572,215600000000000;5460738,126899999600000;9,145415991000050;49,299295926000070
159170;08;1;15;045;2018;09;19;7;2;5;3;1;1;1;0;0;0;0;0;500518,512999999980000;5396597,108000000000000;9,007049981000023;48,722400278000066
159173;08;2;22;000;2018;09;17;4;3;2;5;0;1;1;0;0;0;0;0;462644,625000000000000;5483013,142000000000000;8,484109432000025;49,498600724000028
159175;08;2;22;000;2018;09;09;4;3;0;7;0;1;0;0;0;0;0;0;461754,022899999980000;5478471,071600000400000;8,472249653000063;49,457691637000039
159178;08;1;16;033;2018;09;10;7;3;5;3;0;1;1;0;0;0;0;0;533403,822999999970000;5387590,128999999700000;9,453440968000052;48,640480140000079
159181;08;1;15;028;2018;09;17;7;3;5;2;0;1;1;0;0;0;0;0;501607,022300000010000;5403735,259300000000000;9,021877801000073;48,786613237000040
159182;08;2;12;000;2018;09;13;4;3;3;1;0;1;1;0;0;0;0;0;453357,272100000000000;5428923,992700000300000;8,362155581000025;49,011444504000053
159183;08;1;11;000;2018;09;17;7;3;0;1;0;1;0;0;0;0;0;0;508192,142300000010000;5406752,855600000400000;9,111586895000073;48,813707391000037
159187;08;1;27;014;2018;09;19;4;3;6;1;2;0;0;1;1;0;0;0;578426,283199999950000;5443549,589499999800000;10,075260056000047;49,139765049000061
159188;08;1;21;000;2018;09;16;4;2;1;2;0;1;1;0;0;0;0;0;516662,296399999990000;5442325,049300000100000;9,228417194000031;49,133530738000047
159190;08;1;21;000;2018;09;16;4;3;6;7;0;1;0;1;0;0;0;0;516032,553300000030000;5443251,372600000400000;9,219821195000066;49,141880081000068
159191;08;4;36;081;2018;09;08;6;3;5;2;0;1;1;0;0;0;0;0;562419,944999999950000;5281818,928999999500000;9,831758831000059;47,686742254000080
159192;08;1;21;000;2018;09;14;4;3;5;3;0;1;1;0;0;0;0;0;515778,129599999990000;5444405,725399999900000;9,216378046000045;49,152270445000056
159194;08;1;19;008;2018;09;15;4;3;3;6;0;1;1;0;0;0;0;0;531729,509700000050000;5421826,864500000100000;9,433358240000075;48,948550177000072
159196;08;4;25;141;2018;09;06;6;3;5;2;1;1;1;0;0;0;0;0;567931,847300000020000;5362919,570600000200000;9,918074978000050;48,415765073000046
159197;08;1;18;050;2018;09;18;4;3;5;3;1;1;1;0;0;0;0;0;506464,751600000020000;5416698,623399999900000;9,088214854000057;48,903198180000061
159199;08;4;25;141;2018;09;14;6;2;0;1;0;1;0;0;0;0;0;0;565743,904199999990000;5363637,600800000100000;9,888622033000047;48,422456182000076
159202;08;1;16;019;2018;09;17;4;3;0;1;0;1;0;0;0;0;0;0;523699,358300000020000;5395860,995099999900000;9,322184235000066;48,715327939000076
159203;08;3;37;125;2018;09;17;6;2;0;1;0;1;0;0;0;0;0;0;444963,740700000020000;5273995,345700000400000;8,267606321000073;47,617024481000044
159206;08;3;35;043;2018;09;12;6;3;6;7;0;0;1;1;0;0;0;0;512962,680999999980000;5280169,403199999600000;9,172690437000028;47,674785034000081
159209;08;2;12;000;2018;10;23;7;3;1;5;2;1;1;0;0;0;0;0;455640,442700000010000;5428668,248999999800000;8,393404257000043;49,009312428000044
159210;08;2;25;058;2018;10;11;7;3;5;3;0;1;1;0;0;0;0;0;508878,988499999980000;5465409,897400000100000;9,122230446000060;49,341345902000057
159212;08;1;15;028;2018;10;15;3;2;9;1;0;1;0;0;0;0;0;0;499777,802600000000000;5405130,227699999700000;8,996974278000039;48,799164327000028
159215;08;2;15;108;2018;10;12;7;3;0;7;0;1;0;0;0;0;0;0;447624,816999999980000;5423074,263000000300000;8,284523398000033;48,958366607000073
159216;08;2;15;108;2018;10;14;7;3;0;1;0;1;0;0;0;0;0;0;447813,072999999970000;5423720,805999999900000;8,287011983000070;48,964198169000042
159217;08;1;18;067;2018;10;13;7;2;5;3;0;1;1;0;0;0;0;0;505586,744100000010000;5414924,205000000100000;9,076209736000067;48,887244457000065
159219;08;4;36;010;2018;10;14;2;3;6;4;0;0;1;1;0;0;0;0;566912,956800000040000;5306379,718500000400000;9,895410484000024;47,907251654000049
159220;08;3;15;113;2018;10;11;3;3;6;4;0;1;0;1;0;0;0;0;435996,494599999980000;5306052,716099999800000;8,143566913000029;47,904606796000053
159223;08;3;11;000;2018;10;12;3;3;5;3;0;1;1;0;0;0;0;0;413903,108899999990000;5317132,783400000100000;7,845770807000065;48,001691775000040
159226;08;2;22;000;2018;10;16;2;2;5;3;0;1;1;0;0;0;0;0;463313,360300000000000;5483718,476400000000000;8,493279004000044;49,504985653000062
159227;08;1;17;060;2018;10;08;7;2;5;3;0;1;1;0;0;0;0;0;542440,291300000040000;5388626,072200000300000;9,576207088000047;48,649250997000081
159228;08;1;26;020;2018;10;11;7;3;1;3;0;1;1;0;0;0;0;0;551349,782499999970000;5470327,937900000300000;9,707501274000038;49,383483749000050
159238;08;1;16;078;2018;10;00;7;3;3;7;2;1;1;0;0;0;0;0;511953,402200000010000;5392389,566800000100000;9,162402701000076;48,684434643000031
159239;08;1;16;077;2018;10;14;7;2;8;1;0;1;0;0;0;0;0;0;515137,435799999980000;5388686,972000000100000;9,205526231000022;48,651056703000052
159240;08;1;15;003;2018;10;16;7;3;6;6;0;0;1;1;0;0;0;0;500416,166299999980000;5392581,669300000200000;9,005654372000038;48,686277146000066
159241;08;3;27;007;2018;10;16;2;3;0;1;0;1;0;0;0;0;0;0;487457,179699999980000;5329446,141800000300000;8,831470347000050;48,118151492000038
159242;08;1;11;000;2018;10;20;7;3;5;2;2;1;1;0;0;0;0;0;515912,720600000000000;5405462,854299999800000;9,216699913000070;48,801952963000076
159243;08;1;11;000;2018;10;11;2;3;5;2;0;1;1;0;0;0;0;0;512146,585700000000000;5402539,686700000400000;9,165326420000042;48,775741417000063
159244;08;3;11;000;2018;10;08;3;3;5;1;0;1;1;0;0;0;0;0;414361,151900000000000;5316877,304300000000000;7,851961124000070;47,999455173000058
159245;08;1;11;000;2018;10;15;7;3;6;7;0;0;1;1;0;0;0;0;509579,149199999990000;5402666,733300000400000;9,130384269000047;48,776929149000068
159246;08;1;16;019;2018;10;11;3;3;6;6;0;0;1;1;0;0;0;0;521917,428900000000000;5398846,912600000400000;9,298118646000035;48,742254203000073
159247;08;4;37;104;2018;10;17;6;2;5;3;0;1;0;0;0;0;1;0;515996,422499999990000;5326537,821499999600000;9,214824078000049;48,091908041000067
159249;08;1;18;048;2018;10;16;3;3;6;7;0;1;0;1;0;0;0;0;514416,885000000010000;5414974,017000000000000;9,196664447000046;48,887550041000054
159250;08;4;26;128;2018;10;19;6;3;6;4;1;1;0;1;0;0;0;0;559170,501099999990000;5330768,334200000400000;9,795180889000051;48,127419943000064
159251;08;4;21;000;2018;10;20;6;3;5;3;2;1;0;0;0;0;1;0;572185,648999999980000;5360524,836400000400000;9,975143290000062;48,393750846000046
159252;08;3;15;132;2018;10;17;2;2;6;7;0;0;1;1;0;0;0;0;410312,567300000000000;5324986,469300000000000;7,796001172000047;48,071843122000075
159254;08;2;22;000;2018;10;13;1;2;4;6;0;1;0;0;1;0;0;0;464270,141000000000000;5484109,518000000200000;8,506458289000022;49,508559998000067
159257;08;4;15;061;2018;10;16;6;2;0;1;0;1;0;0;0;0;0;0;515114,800999999980000;5371695,026899999900000;9,204601183000023;48,498193868000044
159259;08;3;36;091;2018;10;11;6;3;5;2;0;1;1;0;0;0;0;0;396609,356600000000000;5272045,362700000400000;7,624737973000038;47,593572215000052
159265;08;3;35;043;2018;10;16;6;3;0;4;0;1;0;1;0;0;0;0;513557,240999999980000;5279452,788800000200000;9,180588954000029;47,668324987000062
159267;08;3;35;063;2018;10;06;6;2;0;7;1;1;0;0;0;0;0;0;497427,282699999980000;5287235,241600000300000;8,965684162000059;47,738485791000073
159272;08;2;22;000;2018;10;09;1;3;0;7;0;1;0;0;0;0;0;0;462410,173699999980000;5478349,004599999600000;8,481314970000028;49,456634658000041
159273;08;1;27;014;2018;10;14;2;2;0;1;0;1;0;0;0;0;0;0;575548,607100000020000;5442319,754599999600000;10,035582234000060;49,129064646000074
159274;08;3;17;059;2018;10;15;6;3;5;3;0;1;1;0;0;0;0;0;413328,985999999980000;5349054,776300000000000;7,831575851000025;48,288755583000068
159277;08;3;11;000;2018;10;05;6;3;5;2;2;1;1;0;0;0;0;0;409694,522999999990000;5314729,582999999600000;7,789868107000075;47,979493829000035
159278;08;3;35;075;2018;10;12;2;3;5;3;0;1;1;0;0;0;0;0;489101,516200000010000;5288444,906800000000000;8,854601986000034;47,749282895000078
159281;08;3;11;000;2018;10;21;6;2;6;7;2;1;0;1;0;0;0;0;414584,776599999980000;5317323,154600000000000;7,854869554000061;48,003495687000054
159282;08;4;16;041;2018;10;09;2;1;4;6;0;1;1;0;0;0;0;0;503092,076599999970000;5374541,868300000200000;9,041877061000037;48,523979361000045
159285;08;2;12;000;2018;10;06;6;3;0;1;1;1;0;0;0;0;0;0;456875,004299999970000;5428119,774600000100000;8,410343606000026;49,004466342000057
159286;08;2;37;019;2018;10;07;6;3;6;4;0;0;1;1;0;0;0;0;463230,499300000020000;5368621,965499999900000;8,502548980000029;48,469654119000040
159288;08;2;26;063;2018;10;09;6;3;5;3;0;1;1;0;0;0;0;0;469999,137999999980000;5470926,519999999600000;8,586589714000070;49,390293690000078
159289;08;1;36;035;2018;10;16;1;3;4;6;0;1;1;0;0;0;0;0;581020,346099999970000;5429556,444199999800000;10,108015831000046;49,013576727000043
159290;08;3;35;063;2018;10;12;1;3;5;2;0;1;1;0;0;0;0;0;497563,344700000020000;5287907,620199999800000;8,967495240000062;47,744536108000034
159291;08;3;25;049;2018;10;14;2;3;5;3;0;1;1;0;0;0;0;0;473368,439399999970000;5333025,333700000300000;8,641948193000076;48,149919285000067
159292;08;2;25;074;2018;10;11;6;3;0;1;0;1;0;0;0;0;0;0;501707,038899999990000;5465671,536799999900000;9,023500686000034;49,343761607000033
159294;08;2;21;000;2018;10;23;6;3;0;4;2;0;0;1;1;0;0;0;477407,023800000020000;5474521,612900000100000;8,688463599000045;49,422950932000049
159297;08;2;26;056;2018;10;05;6;2;8;7;2;1;0;0;0;0;0;0;487272,072800000020000;5471528,792299999900000;8,824588580000068;49,396317169000042
159300;08;1;36;088;2018;10;06;6;2;6;6;1;1;0;1;0;0;0;0;577371,278700000020000;5412164,553799999900000;10,054819825000038;48,857619200000045
159301;08;1;27;014;2018;10;13;1;3;6;6;0;0;1;1;0;0;0;0;574862,692900000020000;5443651,111800000100000;10,026428886000076;49,141122762000066
159302;08;3;11;000;2018;10;08;2;2;0;7;0;1;0;0;0;0;0;0;413524,337899999980000;5316959,548899999800000;7,840728932000047;48,000082343000031
159304;08;2;21;000;2018;10;16;1;3;0;7;0;1;0;0;0;0;0;0;476995,778200000000000;5472946,333999999800000;8,682884294000075;49,408766154000034
159306;08;1;25;063;2018;10;15;6;3;5;3;0;1;1;0;0;0;0;0;526082,294200000000000;5463513,765999999800000;9,358928287000026;49,323797317000071
159307;08;1;19;085;2018;10;17;6;3;6;4;0;1;0;1;0;0;0;0;529246,062400000050000;5413698,354199999900000;9,398857994000025;48,875552309000057
159308;08;1;27;076;2018;10;14;1;2;8;1;0;1;0;0;0;0;0;0;553479,609000000050000;5440818,183000000200000;9,732903773000032;49,117875459000061
159309;08;1;11;000;2018;10;18;3;3;1;1;2;1;1;0;0;0;0;0;506377,646499999970000;5399784,409599999900000;9,086763180000048;48,751040891000059
159314;08;1;16;004;2018;10;07;6;3;6;4;1;0;1;1;0;0;0;0;528368,266399999960000;5397402,184399999700000;9,385760993000076;48,728997286000038
159315;08;2;25;067;2018;10;12;1;2;0;4;0;1;0;0;0;0;1;0;510328,973999999990000;5462478,285299999600000;9,142115338000053;49,314953000000060
159317;08;1;11;000;2018;10;11;6;3;1;5;0;1;1;0;0;1;0;0;515379,104999999980000;5396550,514399999800000;9,209100097000032;48,721791610000025
159319;08;1;11;000;2018;10;18;6;2;5;2;1;1;0;0;0;0;1;0;518198,420999999970000;5401758,542999999600000;9,247662338000055;48,768566746000033
159326;08;4;36;081;2018;10;18;5;2;5;2;1;1;1;0;0;0;0;0;562033,352599999980000;5281872,216400000300000;9,826615536000077;47,687258890000066
159327;08;2;26;028;2018;10;17;2;3;0;3;0;1;1;0;0;0;0;0;472932,914999999980000;5483941,330000000100000;8,626126856000042;49,507495776000042
159328;08;4;36;082;2018;10;16;5;3;5;3;0;1;0;0;0;0;1;0;547125,492600000000000;5295904,782300000100000;9,629498244000047;47,814769475000048
159330;08;4;36;005;2018;10;12;5;1;0;7;0;1;0;0;0;0;0;0;540831,708899999970000;5309001,488099999700000;9,546668639000075;47,933030448000068
159332;08;1;18;046;2018;10;12;1;3;0;1;0;1;0;0;0;0;0;0;513488,963700000020000;5410860,588100000300000;9,183870872000057;48,850567451000074
159334;08;4;21;000;2018;10;18;5;3;6;4;2;0;1;1;0;0;0;0;571810,709500000000000;5361851,113800000400000;9,970305936000045;48,405723879000050
159335;08;1;18;048;2018;10;17;2;3;6;4;0;0;1;1;0;0;0;0;514774,258399999990000;5415333,544300000200000;9,201552437000032;48,890775837000035
159338;08;3;37;070;2018;10;14;5;2;0;1;0;1;0;0;0;0;0;0;467056,068399999990000;5274364,079400000200000;8,561559843000055;47,621842374000039
159339;08;3;37;066;2018;10;16;5;3;0;7;0;1;0;0;0;0;0;0;430281,172900000010000;5268375,022599999800000;8,073135300000047;47,565046692000067
159341;08;3;35;043;2018;10;07;5;3;5;3;0;1;1;0;0;0;0;0;512060,917599999990000;5280895,190800000000000;9,160697135000021;47,681332875000066
159342;08;2;37;028;2018;10;07;5;2;6;4;0;0;0;1;0;0;1;0;456975,988100000020000;5368643,472500000100000;8,417934305000074;48,469450783000070
159343;08;1;16;033;2018;10;17;1;3;4;6;0;1;1;0;0;0;0;0;533263,120699999970000;5388102,355800000000000;9,451572197000075;48,645095583000057
159344;08;3;27;049;2018;10;15;2;3;1;7;0;1;1;0;0;0;0;0;472964,454399999990000;5324906,552199999800000;8,637031660000048;48,076858958000059
159345;08;3;17;096;2018;10;06;5;3;5;2;2;1;0;0;0;0;1;0;421983,946899999980000;5369557,831600000200000;7,944426271000054;48,474308016000066
159349;08;1;16;015;2018;10;19;3;2;0;1;2;1;0;0;0;0;0;0;522943,250000000000000;5394203,546600000000000;9,311813243000074;48,700445913000067
159350;08;3;11;000;2018;10;07;5;3;5;3;0;1;0;0;0;0;1;0;414526,144499999990000;5315641,897099999700000;7,854418524000039;47,988364278000063
159352;08;3;36;050;2018;10;18;2;3;6;4;0;0;1;1;0;0;0;0;401933,799600000030000;5277399,990000000200000;7,694343369000023;47,642566666000050
159353;08;2;35;018;2018;10;09;5;3;0;4;0;0;1;1;0;0;0;0;462936,532400000030000;5405093,098899999600000;8,495310289000031;48,797725488000026
159354;08;1;11;000;2018;10;00;1;3;6;4;2;0;1;1;0;0;0;0;516211,928200000020000;5405027,728799999700000;9,220757321000065;48,798030902000050
159355;08;3;15;074;2018;10;13;2;3;0;1;0;1;0;0;0;0;0;0;399080,404500000000000;5293129,402300000200000;7,652721177000046;47,783616591000055
159356;08;2;35;079;2018;10;17;5;3;5;3;0;1;1;0;0;0;0;0;466957,817700000010000;5400218,304499999600000;8,550457598000037;48,754100087000040
159357;08;3;37;123;2018;10;02;1;3;6;6;2;0;1;1;0;0;0;0;451312,114200000010000;5277241,459599999700000;8,351720102000058;47,646738611000046
159358;08;2;26;041;2018;10;12;5;3;2;6;0;1;0;0;0;0;1;0;475991,892999999980000;5465636,512000000100000;8,669487049000054;49,342976417000045
159359;08;2;26;096;2018;10;17;5;3;0;7;0;1;0;0;0;0;0;0;476203,504499999980000;5488445,945100000100000;8,671030360000032;49,548150343000032
159361;08;4;37;076;2018;10;17;7;3;4;6;0;1;1;0;0;0;0;0;523771,301800000020000;5322144,743800000300000;9,318991106000055;48,052141188000064
159363;08;2;22;000;2018;10;13;5;2;1;3;0;1;1;0;0;0;0;0;462560,931199999990000;5484639,835500000000000;8,482799427000032;49,513226790000033
159365;08;2;26;062;2018;10;05;2;3;6;4;0;0;1;1;0;0;0;0;470207,631600000020000;5469158,068400000200000;8,589595165000048;49,374397082000030
159366;08;2;21;000;2018;10;05;5;2;6;4;2;0;0;1;1;0;0;0;477916,903200000000000;5473467,667200000000000;8,695552911000050;49,413489592000076