OBJECTID_1;ULAND;UREGBEZ;UKREIS;UGEMEINDE;UJAHR;UMONAT;USTUNDE;UWOCHENTAG;UKATEGORIE;UART;UTYP1;ULICHTVERH;IstRad;IstPKW;IstFuss;IstKrad;IstGkfz;IstSonstig;STRZUSTAND;LINREFX;LINREFY;XGCSWGS84;YGCSWGS84
159367;08;2;15;110;2018;10;17;1;2;3;6;0;1;0;0;0;0;0;0;459999,414899999970000;5417246,610600000200000;8,454130412000041;48,906869632000053
159370;08;2;16;033;2018;10;16;5;3;5;2;0;1;1;0;0;0;0;0;447573,950499999980000;5413664,710099999800000;8,285037549000037;48,873722936000036
159371;08;3;37;065;2018;10;08;7;2;5;3;0;1;1;0;0;0;0;0;449205,797399999980000;5274417,617900000000000;8,324004193000064;47,621170229000029
159372;08;2;16;015;2018;10;06;5;3;4;2;1;1;1;0;0;0;0;0;449733,223200000010000;5405619,284699999700000;8,315469323000059;48,801531323000063
159373;08;2;16;007;2018;10;10;5;3;8;1;0;1;0;0;0;0;0;0;436538,282300000020000;5393523,917799999900000;8,137663966000048;48,691526532000069
159376;08;1;11;000;2018;10;22;3;3;0;5;2;1;1;0;0;0;0;0;515273,456999999990000;5403557,336299999600000;9,207923616000073;48,784827187000076
159378;08;3;36;050;2018;10;11;7;3;0;1;0;1;0;0;0;0;0;0;399206,480300000000000;5272991,450600000100000;7,659056555000063;47,602491537000049
159379;08;2;15;009;2018;10;12;2;3;1;5;0;1;1;0;0;0;0;0;470905,442800000020000;5440919,445399999600000;8,601258393000023;49,120424114000059
159380;08;2;12;000;2018;10;07;5;3;1;5;0;1;1;0;0;0;0;0;455689,376200000000000;5428125,668499999700000;8,394132577000050;49,004435377000050
159382;08;3;35;035;2018;10;12;1;2;0;1;0;1;0;0;0;0;0;0;481060,952099999990000;5290247,103500000200000;8,747254162000047;47,765312104000031
159383;08;2;12;000;2018;10;16;5;3;5;3;0;1;1;0;0;0;0;1;455004,361500000000000;5429774,623599999600000;8,384584006000068;49,019218298000055
159384;08;1;18;081;2018;10;13;5;3;5;3;0;1;1;0;0;0;0;0;519790,471399999980000;5413531,088499999600000;9,269896340000059;48,874421578000067
159388;08;3;35;001;2018;10;16;7;2;6;4;0;0;1;1;0;0;0;0;488836,054799999980000;5298829,000000000000000;8,850793204000070;47,842709004000028
159393;08;3;27;050;2018;10;16;7;3;0;7;0;1;0;0;0;0;0;0;485887,068800000010000;5314276,525600000300000;8,810874285000068;47,981636679000076
159398;08;1;18;021;2018;10;11;5;2;0;6;0;1;1;0;0;0;0;0;521379,203700000010000;5427674,068099999800000;9,292304629000057;49,001593373000048
159400;08;3;25;049;2018;10;12;2;3;5;7;0;1;1;0;0;0;0;0;473022,625200000010000;5334322,349999999600000;8,637216688000024;48,161573654000051
159403;08;1;18;046;2018;10;07;5;3;2;6;2;1;0;0;0;0;1;0;513646,426700000010000;5412626,156999999700000;9,186076132000039;48,866446697000072
159404;08;1;18;079;2018;10;14;5;3;1;5;0;1;1;0;0;0;0;0;509780,564599999980000;5422546,239199999700000;9,133600990000048;48,955758108000055
159405;08;1;15;045;2018;10;10;3;3;5;3;0;1;1;0;0;0;0;0;501369,812700000010000;5394643,625599999900000;9,018618222000043;48,704825333000031
159406;08;1;18;079;2018;10;15;5;3;2;5;0;1;1;0;0;0;0;0;509806,875999999990000;5421609,080000000100000;9,133937830000036;48,947327318000077
159407;08;1;18;048;2018;10;10;3;3;0;7;0;1;1;0;0;0;0;0;513857,237800000000000;5415704,573599999800000;9,189054976000023;48,894134704000066
159410;08;3;16;011;2018;10;11;7;3;5;2;0;1;1;0;0;0;0;0;414495,845800000010000;5329829,054999999700000;7,851177115000041;48,115977952000037
159411;08;3;15;132;2018;10;07;2;2;3;6;0;1;1;0;0;0;0;0;409576,496800000020000;5324879,582000000400000;7,786144781000076;48,070777713000041
159412;08;1;16;081;2018;10;21;5;3;5;3;2;1;1;0;0;0;0;0;518089,842999999990000;5386465,174999999800000;9,245514715000070;48,630990704000055
159417;08;3;27;050;2018;10;01;7;2;6;4;2;0;0;1;0;0;1;0;486449,161299999980000;5314294,213499999600000;8,818406222000021;47,981807975000038
159419;08;4;35;016;2018;10;05;4;3;1;5;2;1;1;0;0;0;0;0;535813,920999999970000;5281438,446499999600000;9,477214174000039;47,685341101000063
159420;08;3;25;049;2018;10;19;7;2;6;2;1;0;1;1;0;0;0;0;472136,787499999980000;5335546,145100000300000;8,625224272000025;48,172545597000067
159423;08;4;16;025;2018;10;17;4;3;3;6;0;1;1;0;0;0;0;0;503736,131200000000000;5361264,476099999600000;9,050481118000050;48,404526413000042
159425;08;4;16;041;2018;10;14;4;3;6;7;0;0;1;1;0;0;0;0;505092,450200000020000;5373921,113400000100000;9,068961214000069;48,518381783000052
159429;08;4;36;010;2018;10;18;2;2;6;2;0;0;1;1;0;0;0;0;566789,040599999950000;5306603,537300000000000;9,893787151000026;47,909278097000026
159430;08;3;11;000;2018;10;10;4;3;3;2;0;1;0;0;1;0;0;0;414654,729799999970000;5319656,315899999800000;7,855342731000064;48,024492676000079
159431;08;1;19;085;2018;10;17;2;3;0;1;0;1;0;0;0;0;0;0;529584,415599999950000;5414513,776100000400000;9,403531340000029;48,882871451000028
159432;08;3;11;000;2018;10;18;4;2;5;2;0;1;1;0;0;0;0;0;410390,690400000020000;5316439,570700000000000;7,798838020000062;47,994973453000057
159434;08;2;22;000;2018;10;12;4;3;5;3;0;1;1;0;0;0;0;0;464345,404299999990000;5484336,754300000100000;8,507477351000034;49,510608301000048
159435;08;2;22;000;2018;10;16;4;3;0;1;0;1;0;0;0;0;0;0;466068,848200000010000;5481806,422899999700000;8,531500990000041;49,487948046000042
159436;08;2;21;000;2018;10;13;4;3;6;4;0;1;0;1;0;0;0;0;477642,978899999990000;5471986,132100000000000;8,691859941000075;49,400153402000058
159438;08;4;15;061;2018;10;07;2;3;6;6;1;0;0;1;0;0;1;0;516349,129900000000000;5371475,896599999600000;9,221300945000053;48,496191587000055
159439;08;2;12;000;2018;10;16;4;3;0;7;0;0;0;1;0;0;1;0;456347,403300000010000;5427647,205099999900000;8,403180821000035;49,000178430000062
159440;08;1;18;048;2018;10;13;2;3;6;4;0;0;0;1;0;0;1;0;513563,514299999980000;5415607,032200000200000;9,185044475000041;48,893263747000049
159441;08;2;12;000;2018;10;16;4;3;0;7;0;1;0;0;0;0;0;0;455928,490100000000000;5428731,508299999900000;8,397336071000041;49,009902091000072
159445;08;4;35;059;2018;10;18;1;2;0;1;0;1;0;0;0;0;0;0;507717,693499999990000;5297700,078499999800000;9,103127400000062;47,832602234000035
159446;08;3;17;057;2018;10;15;2;3;0;7;0;1;0;0;0;0;0;0;412647,701300000020000;5380740,223100000100000;7,815788688000055;48,573659706000058
159447;08;4;35;016;2018;10;08;3;3;6;4;0;1;0;1;0;0;0;0;534035,693100000030000;5278344,154099999900000;9,453279241000075;47,657596540000043
159448;08;4;26;087;2018;10;11;3;3;6;4;0;0;1;1;0;0;0;0;570864,873499999990000;5324528,148699999800000;9,951282405000029;48,070089845000041
159449;08;4;36;082;2018;10;10;2;2;5;3;0;1;1;0;0;0;0;0;547596,133299999990000;5295986,329900000200000;9,635793580000041;47,815468508000038
159450;08;4;15;078;2018;10;17;3;3;3;6;0;1;0;0;0;0;0;0;527822,169899999980000;5372693,650700000100000;9,376677787000062;48,506743432000064
159451;08;1;15;003;2018;10;07;2;3;4;2;0;1;1;0;0;0;0;0;500782,483899999990000;5391744,055200000300000;9,010629874000074;48,678741522000053
159452;08;3;35;075;2018;10;13;3;3;4;6;0;1;1;0;0;0;0;0;487560,022899999980000;5290031,504499999800000;8,833991416000060;47,763530465000031
159453;08;1;16;033;2018;10;10;3;3;5;3;0;1;1;0;0;0;0;0;533381,464700000010000;5387765,272099999700000;9,453151588000026;48,642056904000071
159457;08;2;15;064;2018;10;16;1;3;6;4;0;0;1;1;0;0;0;0;478223,040400000000000;5451564,501299999700000;8,700968462000049;49,216481646000034
159458;08;3;11;000;2018;10;11;3;3;6;4;0;1;0;1;0;0;0;0;413194,399800000010000;5316329,720099999600000;7,836434218000022;47,994372106000071
159461;08;4;36;064;2018;10;17;5;3;5;3;0;1;1;0;0;0;0;0;545859,631700000030000;5291847,419599999700000;9,612161055000058;47,778356887000029
159463;08;4;36;064;2018;10;09;5;3;6;2;0;0;1;1;0;0;0;0;546361,797099999970000;5292900,506500000100000;9,618976318000023;47,787795569000082
159466;08;4;26;001;2018;10;17;5;3;5;3;0;1;0;0;1;0;0;0;566836,800999999980000;5344939,287999999700000;9,900425059000042;48,254139759000054
159467;08;4;21;000;2018;10;15;6;3;5;3;0;1;1;0;0;0;0;0;570034,476000000020000;5354609,109000000200000;9,945102450000036;48,340779221000048
159468;08;4;26;021;2018;10;16;5;3;6;4;0;0;1;1;0;0;0;0;552440,174000000000000;5326717,319899999500000;9,704242756000042;48,091565841000033
159469;08;4;26;021;2018;10;08;5;3;5;3;0;1;1;0;0;0;0;0;559051,280099999970000;5326606,405700000000000;9,793002617000070;48,089989672000058
159472;08;4;21;000;2018;10;13;5;3;5;3;0;1;1;0;0;0;0;0;572282,425500000010000;5360859,548399999700000;9,976508049000074;48,396750580000059
159475;08;4;16;041;2018;10;17;5;3;0;7;0;1;0;0;0;0;1;1;504284,110700000020000;5373927,579800000400000;9,058014872000058;48,518445994000047
159476;08;3;37;116;2018;10;07;6;2;6;4;2;0;1;1;0;0;0;0;417684,320000000010000;5275137,067300000200000;7,904428600000074;47,624403886000039
159477;08;4;16;036;2018;10;17;5;3;0;6;0;0;1;1;1;0;0;0;495298,714299999990000;5369534,546900000400000;8,936385270000073;48,478921538000066
159480;08;4;15;050;2018;10;23;5;3;5;3;2;1;1;0;0;0;0;0;520692,785700000010000;5376725,871199999900000;9,280356288000064;48,543293685000037
159482;08;3;35;043;2018;10;22;5;3;0;7;2;1;0;0;0;0;0;0;513120,304699999980000;5278776,075500000300000;9,174748458000067;47,662245155000051
159483;08;3;35;043;2018;10;07;5;2;5;3;1;1;1;0;0;0;0;0;513635,147699999970000;5279955,296000000100000;9,181642391000025;47,672844738000038
159485;08;3;35;043;2018;10;09;5;2;5;3;0;1;0;0;0;0;0;0;512846,402000000000000;5280169,587000000300000;9,171141367000075;47,674789009000051
159490;08;3;35;066;2018;10;12;6;3;3;6;0;1;1;0;0;0;0;0;504287,061999999980000;5282603,599000000400000;9,057136802000059;47,696802881000053
159493;08;3;17;096;2018;10;13;5;2;5;3;0;1;1;0;0;0;0;0;420290,804899999990000;5368782,894299999800000;7,921669598000051;48,467125209000073
159496;08;3;15;022;2018;10;06;5;3;2;1;2;1;1;0;0;0;0;0;398383,598999999990000;5301180,032599999600000;7,641533362000075;47,855921996000063
159498;08;3;36;050;2018;10;16;5;3;4;2;0;1;1;0;0;0;0;0;402366,873299999980000;5276714,126199999800000;7,700260845000059;47,636462489000053
159500;08;3;11;000;2018;10;10;5;3;1;5;0;1;1;0;0;0;0;0;411339,222100000010000;5316767,566399999900000;7,811481935000074;47,998056091000080
159501;08;2;26;036;2018;10;12;7;2;6;4;0;0;1;1;0;0;0;0;468231,904400000000000;5481333,739900000400000;8,561404075000041;49,483813552000072
159502;08;3;11;000;2018;10;14;5;2;5;3;0;1;0;0;0;0;1;0;410429,757800000020000;5316476,808400000400000;7,799353805000067;47,995313888000055
159503;08;3;27;050;2018;10;16;6;3;5;3;0;1;1;0;0;0;0;0;486913,894600000000000;5315008,910500000200000;8,824612265000042;47,988247902000069
159504;08;3;11;000;2018;10;11;5;3;0;7;0;1;0;0;0;0;0;0;410229,564200000020000;5315751,758200000000000;7,796822557000041;47,988763830000039
159508;08;2;12;000;2018;10;15;5;2;6;4;0;0;1;1;0;0;0;0;455143,358200000020000;5430632,913499999800000;8,386390070000061;49,026948793000031
159509;08;3;26;003;2018;10;16;6;3;0;1;0;1;0;0;0;0;0;0;464972,501999999980000;5320002,792500000400000;8,530139801000075;48,032351812000059
159511;08;2;22;000;2018;10;09;5;3;1;5;0;1;1;0;0;0;0;0;461512,728300000020000;5482238,377299999800000;8,468553707000069;49,491561377000039
159512;08;2;15;102;2018;10;18;7;2;6;4;2;0;0;1;1;0;0;0;456240,110999999980000;5438370,030299999800000;8,400555604000033;49,096623169000054
159514;08;2;21;000;2018;10;09;5;3;3;6;0;1;1;0;0;0;0;0;476952,717100000010000;5472843,719200000200000;8,682296657000052;49,407841521000080
159515;08;3;25;011;2018;10;15;6;2;5;3;0;1;1;0;0;0;0;0;474152,955000000020000;5339696,536999999500000;8,652089644000057;48,209970727000041
159516;08;2;21;000;2018;10;06;5;2;5;3;2;1;1;0;0;0;0;0;477816,311300000000000;5472734,396300000100000;8,694207100000028;49,406890273000045
159517;08;3;25;061;2018;10;16;6;3;5;3;0;1;0;0;0;0;1;0;475061,954900000010000;5354215,218000000300000;8,663468184000067;48,340625855000042
159518;08;2;12;000;2018;10;07;5;3;0;7;0;1;0;0;0;0;0;0;459559,687500000000000;5431975,535400000400000;8,446665566000036;49,039331285000060
159519;08;2;12;000;2018;10;11;5;3;5;3;0;1;1;0;0;0;0;0;455209,564200000020000;5433326,179600000400000;8,386998017000053;49,051179642000079
159520;08;2;12;000;2018;10;12;5;3;0;7;0;1;0;0;0;0;0;0;455511,990500000010000;5428763,686900000100000;8,391637379000031;49,010161654000058
159521;08;2;12;000;2018;10;17;5;3;5;3;0;1;1;0;0;0;0;0;457475,563399999980000;5427666,986499999600000;8,418602134000025;49,000435116000062
159522;08;1;36;050;2018;10;17;7;3;0;7;0;1;0;0;0;0;0;0;581121,179200000010000;5404250,514800000000000;10,104368181000041;48,785959596000055
159523;08;2;11;000;2018;10;15;5;2;0;4;0;1;0;1;0;0;0;0;440945,861299999990000;5403913,169099999600000;8,196060081000042;48,785412011000062
159524;08;1;15;045;2018;10;19;5;2;6;4;2;0;1;1;0;0;0;0;502194,831300000020000;5394431,750400000300000;9,029830584000024;48,702916929000025
159527;08;3;17;057;2018;10;20;6;3;0;7;2;1;0;0;0;0;0;0;414216,358799999990000;5384280,412600000400000;7,836318941000059;48,605718320000051
159528;08;1;35;015;2018;10;13;5;3;0;7;0;1;0;0;0;0;0;0;581110,809200000020000;5382505,942900000100000;10,099958607000076;48,590380716000027
159531;08;1;11;000;2018;10;16;7;3;6;7;0;0;1;1;0;0;0;0;517541,846200000030000;5408340,563600000000000;9,239008231000071;48,827796501000080
159533;08;1;26;086;2018;10;06;5;3;4;6;2;1;1;0;0;0;0;0;543036,617699999940000;5460580,951200000000000;9,591916470000058;49,296457648000057
159536;08;1;16;033;2018;10;18;7;3;5;3;0;1;1;0;0;0;0;0;532321,341900000000000;5388856,438199999700000;9,438846089000037;48,651928649000070
159537;08;1;25;107;2018;10;12;5;3;1;7;0;0;1;1;0;0;0;0;533789,435599999970000;5436599,008600000300000;9,462721535000071;49,081320925000057
159538;08;1;19;006;2018;10;14;5;3;0;2;0;1;0;0;0;0;1;0;536671,930900000040000;5421755,741100000200000;9,500852377000058;48,947637056000076
159539;08;3;16;017;2018;10;17;6;3;5;3;0;1;1;0;0;0;0;0;409125,089700000010000;5341270,714100000400000;7,776587295000070;48,218150340000079
159542;08;1;16;078;2018;10;08;5;3;6;4;0;0;1;1;0;0;0;0;510252,151200000020000;5394201,145100000300000;9,139334005000023;48,700761996000040
159543;08;3;17;065;2018;10;13;7;3;6;4;0;0;1;1;0;0;0;0;413648,483200000020000;5355556,106800000200000;7,834550743000023;48,347277592000069
159545;08;1;16;004;2018;10;18;5;3;0;1;2;1;0;0;0;0;0;0;528109,041800000010000;5396644,715800000400000;9,382184417000076;48,722194962000060
159547;08;3;11;000;2018;10;16;6;3;7;1;0;1;0;0;0;0;0;0;411327,772000000000000;5317050,434000000400000;7,811270019000062;48,000598968000077
159553;08;1;15;037;2018;10;06;5;3;6;4;2;0;1;1;0;0;0;0;491838,285700000010000;5385235,439799999800000;8,889253285000052;48,620136180000031
159554;08;2;37;004;2018;10;17;7;3;3;2;0;1;1;0;0;0;0;0;453464,309599999980000;5372867,854199999900000;8,369957600000021;48,507202732000053
159556;08;2;12;000;2018;10;19;6;3;5;2;2;1;1;0;0;0;0;0;459789,243100000020000;5426406,360500000400000;8,450358172000051;48,989250575000028
159559;08;2;12;000;2018;10;14;6;3;5;3;0;1;1;0;0;0;0;0;454665,503399999990000;5428513,619199999600000;8,380090505000055;49,007850667000071
159560;08;1;11;000;2018;10;16;5;2;0;3;0;1;1;0;0;0;0;0;517005,281900000000000;5410103,482699999600000;9,231770736000044;48,843670294000049
159561;08;1;11;000;2018;10;16;5;3;1;7;0;1;1;0;0;0;0;0;512556,582100000000000;5401808,129700000400000;9,170884494000063;48,769152239000050
159562;08;2;12;000;2018;10;19;7;3;4;6;1;1;1;0;0;0;0;0;455928,394900000010000;5428096,177400000400000;8,397403736000058;49,004187215000059
159564;08;4;35;059;2018;10;17;4;3;0;7;0;1;0;0;0;0;0;0;511920,307399999990000;5290433,061800000300000;9,159084758000063;47,767153306000068
159566;08;4;26;021;2018;10;08;4;2;5;3;0;1;1;0;0;0;0;0;558750,176600000010000;5327061,331399999600000;9,789022091000049;48,094110100000080
159569;08;2;31;000;2018;10;06;6;2;0;1;2;1;0;0;0;0;0;0;482910,101900000010000;5413991,354500000400000;8,766913665000061;48,878642330000048
159570;08;4;21;000;2018;10;15;4;3;5;3;0;1;1;0;0;0;0;0;574241,344300000000000;5362348,566599999600000;10,003231525000047;48,409916925000061
159571;08;2;26;006;2018;10;13;6;3;0;7;0;1;0;0;0;0;0;0;483731,304799999980000;5466283,861399999800000;8,776005893000047;49,349054876000025
159572;08;4;17;079;2018;10;05;4;3;0;7;2;1;0;0;0;0;0;0;499820,003099999970000;5339988,161600000200000;8,997577031000049;48,213120810000078
159574;08;1;19;079;2018;10;11;7;3;4;6;0;1;1;0;0;0;0;0;522924,185699999970000;5416168,044499999800000;9,312780255000064;48,898034792000033
159576;08;4;15;061;2018;10;16;4;3;3;2;0;1;1;0;0;0;0;0;515147,223999999990000;5371595,073400000100000;9,205036447000055;48,497293871000068
159578;08;4;15;061;2018;10;17;4;3;5;2;0;1;1;0;0;0;0;0;516521,843100000000000;5372578,525299999900000;9,223682403000055;48,506106681000063
159579;08;2;22;000;2018;10;16;6;3;5;3;0;1;1;0;0;0;0;0;463304,049999999990000;5481696,975999999800000;8,493338148000021;49,486802729000033
159580;08;3;36;081;2018;10;18;4;3;0;1;1;1;0;0;0;0;1;1;409926,340000000030000;5277957,565000000400000;7,800616369000068;47,648744063000038
159581;08;3;35;075;2018;10;12;7;3;5;3;0;1;1;0;0;0;0;0;487571,795900000030000;5290496,552500000200000;8,834135221000054;47,767714970000043
159583;08;3;17;146;2018;10;16;4;2;4;2;0;1;1;0;0;0;0;0;430421,053699999990000;5355138,881099999900000;8,060956440000041;48,345595092000053
159584;08;3;17;096;2018;10;13;4;2;5;3;0;1;1;0;0;0;0;0;420766,573600000000000;5368419,312400000200000;7,928173639000022;48,463914953000028
159585;08;1;15;029;2018;10;19;7;3;6;4;2;0;1;1;0;0;0;0;496589,325900000000000;5399206,814199999900000;8,953605057000061;48,745868158000064
159586;08;3;17;065;2018;10;14;4;3;3;2;0;1;1;0;0;0;0;0;413814,645200000030000;5354687,482300000300000;7,836970663000045;48,339487193000082
159587;08;3;17;114;2018;10;16;4;2;4;6;0;1;1;0;0;0;0;0;404587,538600000030000;5347233,405399999600000;7,714171858000043;48,271115811000072
159588;08;2;22;000;2018;10;16;6;3;5;3;0;1;1;0;0;0;0;0;463684,129299999970000;5478024,197399999900000;8,498922772000071;49,453790655000034
159591;08;3;15;098;2018;10;16;4;3;6;4;0;1;0;1;0;0;0;0;407169,564000000010000;5312479,509200000200000;7,756526741000073;47,958892750000075
159592;08;3;15;111;2018;10;13;7;2;0;7;0;1;0;0;0;0;0;0;401954,753000000030000;5300249,216199999700000;7,689472462000026;47,848104133000049
159593;08;3;36;091;2018;10;15;4;2;6;7;0;1;0;1;0;0;0;0;396173,341100000020000;5274552,513899999700000;7,618346155000040;47,616054848000033
159597;08;4;36;006;2018;10;16;6;3;6;4;0;0;1;1;0;0;0;0;556587,176199999990000;5283706,123200000300000;9,754288111000051;47,704258173000028
159598;08;2;12;000;2018;10;07;4;3;5;2;0;1;1;0;0;0;0;0;457430,469199999990000;5428823,137699999800000;8,417864420000058;49,010831754000037
159599;08;2;31;000;2018;10;17;4;3;4;2;0;1;1;0;0;0;0;0;478725,452500000010000;5415103,026399999900000;8,709782746000030;48,888513091000050
159600;08;2;22;000;2018;10;22;6;3;0;7;2;1;0;0;0;0;0;0;462566,948199999980000;5478131,499900000200000;8,483498697000073;49,454687985000078
159601;08;2;26;054;2018;10;16;4;3;5;3;0;1;1;0;0;0;0;0;480013,949900000010000;5454790,623499999800000;8,725399331000062;49,245562148000033
159602;08;2;22;000;2018;10;11;6;3;1;7;0;1;1;0;0;0;0;0;469355,952300000000000;5476433,656800000000000;8,577301722000073;49,439796824000041
159603;08;2;26;082;2018;10;11;4;3;0;7;0;1;0;0;0;0;0;0;475531,886000000000000;5479753,346300000300000;8,662284549000049;49,469936579000034
159604;08;2;36;046;2018;10;17;7;3;5;3;0;1;1;0;0;0;0;0;484129,174999999990000;5418249,044099999600000;8,783374835000075;48,916975691000061
159608;08;2;21;000;2018;10;15;6;3;4;6;0;1;0;0;0;0;0;0;477741,514399999990000;5473455,542799999900000;8,693135641000026;49,413374143000055
159609;08;2;22;000;2018;10;16;4;3;0;7;0;1;1;0;0;0;0;0;466022,378000000030000;5481665,202999999700000;8,530871521000051;49,486675236000053
159610;08;2;16;015;2018;10;11;6;2;6;4;0;0;0;1;0;0;1;0;449742,296399999990000;5405874,215200000400000;8,315561669000033;48,803825229000040
159611;08;2;26;018;2018;10;18;4;3;4;6;1;1;1;0;0;0;0;0;473275,023300000000000;5471872,625599999900000;8,631666568000071;49,398956326000075
159613;08;2;21;000;2018;10;07;4;3;1;5;2;1;1;0;0;0;0;0;475927,705699999990000;5472971,287499999600000;8,668159539000044;49,408949291000056
159616;08;2;12;000;2018;10;13;4;3;1;5;0;1;1;0;0;0;0;0;455196,087699999970000;5433681,869300000400000;8,386774237000054;49,054378097000040
159619;08;2;12;000;2018;10;14;6;3;5;3;0;1;1;0;0;0;0;0;454471,769600000000000;5433017,078700000400000;8,376935924000065;49,048345205000032
159623;08;1;15;028;2018;10;15;4;2;0;7;0;1;0;0;0;0;0;0;501389,495600000020000;5404339,120400000400000;9,018918462000045;48,792046063000043
159624;08;1;15;003;2018;10;15;4;2;9;1;0;1;0;0;0;0;0;0;500409,697300000000000;5389928,000599999900000;9,005563850000044;48,662404409000033
159627;08;4;25;072;2018;10;07;4;3;6;4;0;0;0;1;0;0;1;1;583017,371000000040000;5372680,012799999700000;10,123849910000047;48,501750627000035
159628;08;1;27;014;2018;10;13;4;3;6;4;0;0;1;1;0;0;0;0;579035,074000000020000;5442661,837500000400000;10,083431249000057;49,131702765000057
159630;08;2;25;058;2018;10;17;4;1;5;3;0;1;0;0;0;0;1;0;507426,664400000010000;5464985,937699999700000;9,102229515000033;49,337551767000036
159631;08;1;18;011;2018;10;12;6;3;6;4;0;0;1;1;0;0;0;0;502290,291700000000000;5409402,183199999900000;9,031211371000040;48,837590232000082
159633;08;4;17;025;2018;10;16;7;3;6;4;0;0;1;1;0;0;0;0;485065,798499999980000;5356746,835000000000000;8,798376210000072;48,363717472000076
159636;08;1;21;000;2018;10;07;4;3;5;3;1;1;1;0;0;0;0;0;516397,958900000030000;5443380,768799999700000;9,224836470000071;49,143034395000029
159638;08;1;36;065;2018;10;00;6;3;0;1;2;0;0;1;1;0;0;0;558526,964500000000000;5405590,560999999800000;9,797002873000054;48,800550100000066
159639;08;1;18;048;2018;10;19;4;3;5;3;1;1;1;0;0;0;0;0;512121,426800000020000;5416019,727300000400000;9,165382683000075;48,897006137000062
159640;08;1;36;088;2018;10;14;6;3;0;1;0;1;0;0;0;0;0;0;580419,892499999960000;5409636,778099999800000;10,095878194000022;48,834496165000076
159641;08;1;18;079;2018;10;17;4;3;5;3;0;1;1;0;0;0;0;0;509721,837600000030000;5421704,451399999700000;9,132778694000024;48,948186591000081
159642;08;1;36;065;2018;10;17;6;3;6;4;0;0;1;1;0;0;0;0;558328,444800000060000;5405146,457899999800000;9,794236689000059;48,796574023000062
159643;08;1;18;046;2018;10;09;4;2;5;3;0;1;0;0;0;0;0;0;513413,885000000010000;5412404,279000000100000;9,182898048000027;48,864455804000045
159644;08;1;27;076;2018;10;11;6;3;6;4;0;0;1;1;0;0;0;0;551965,742699999940000;5439587,945000000300000;9,712000525000065;49,106939616000034
159645;08;1;15;041;2018;10;07;4;2;0;1;0;1;0;0;0;0;0;0;495364,608100000010000;5402413,227500000000000;8,936909279000076;48,774705100000062
159647;08;1;16;016;2018;10;07;4;3;5;3;1;1;1;0;0;0;0;0;533436,944900000000000;5385319,692599999700000;9,453707416000043;48,620053719000055
159648;08;4;36;081;2018;10;14;6;3;5;3;0;1;1;0;0;0;0;0;562786,550799999970000;5281530,952399999800000;9,836601963000021;47,684115895000048
159649;08;1;15;028;2018;10;07;4;3;6;4;0;0;1;1;0;0;0;0;500719,662000000010000;5404869,400100000200000;9,009799376000046;48,796817563000047
159650;08;1;15;003;2018;10;23;4;3;3;6;2;1;0;0;0;0;1;0;500562,102599999980000;5392873,608500000100000;9,007637578000072;48,688903347000064
159652;08;1;15;003;2018;10;19;4;2;0;1;2;1;0;0;0;0;0;0;501190,311500000010000;5391618,909500000100000;9,016169763000050;48,677615051000032
159653;08;1;21;000;2018;10;12;6;3;0;7;0;1;1;0;0;0;0;0;516249,779199999990000;5442908,200000000200000;9,222785703000056;49,138787422000064
159654;08;1;11;000;2018;10;07;4;3;5;2;0;1;1;0;0;0;0;0;511304,633299999990000;5400763,062099999700000;9,153817881000066;48,759774862000029
159657;08;1;25;087;2018;10;12;6;2;6;4;0;0;1;1;0;0;0;0;506097,676299999990000;5457715,603600000000000;9,083824742000047;49,272168902000033
159658;08;3;11;000;2018;10;11;7;3;6;2;0;0;1;1;0;0;0;0;411853,373599999990000;5319017,665599999900000;7,817910244000075;48,018367410000053
159661;08;1;11;000;2018;10;18;4;3;6;4;1;0;1;1;0;0;0;0;517579,514499999990000;5402478,923200000100000;9,239270507000072;48,775065002000076
159666;08;2;12;000;2018;10;18;7;3;0;2;1;1;1;0;0;0;0;0;454143,532599999980000;5425695,825500000300000;8,373271512000031;48,982465808000029
159667;08;4;35;030;2018;10;13;3;3;0;7;0;1;0;0;0;0;0;0;540546,558399999980000;5271665,602199999600000;9,539367184000071;47,597131787000080
159668;08;4;21;000;2018;10;17;3;3;5;3;0;1;1;0;0;0;0;0;572645,010499999970000;5360770,956500000300000;9,981390361000024;48,395912000000067
159670;08;4;26;021;2018;10;17;3;2;5;3;0;1;1;0;0;0;0;0;559162,341999999950000;5326761,267000000000000;9,794515385000068;48,091372530000058
159672;08;4;21;000;2018;10;07;3;3;0;1;0;1;0;0;0;0;0;0;571848,908500000020000;5356622,478000000100000;9,969927945000052;48,358686408000040
159673;08;4;16;041;2018;10;07;3;3;0;2;1;1;1;0;0;0;0;0;505098,152000000000000;5375273,636800000400000;9,069054966000067;48,530549519000033
159675;08;4;16;041;2018;10;13;3;3;0;1;0;1;0;0;0;0;0;0;504460,818399999990000;5374449,989600000000000;9,060413412000060;48,523144552000076
159676;08;4;16;031;2018;10;18;3;3;4;2;1;1;1;0;0;0;0;0;502510,099999999980000;5362242,446999999700000;9,033921327000030;48,413330845000075