OBJECTID_1;ULAND;UREGBEZ;UKREIS;UGEMEINDE;UJAHR;UMONAT;USTUNDE;UWOCHENTAG;UKATEGORIE;UART;UTYP1;ULICHTVERH;IstRad;IstPKW;IstFuss;IstKrad;IstGkfz;IstSonstig;STRZUSTAND;LINREFX;LINREFY;XGCSWGS84;YGCSWGS84
159679;08;3;35;043;2018;10;11;3;3;5;3;0;1;1;0;0;0;0;0;511950,879800000000000;5280374,724299999900000;9,159216773000026;47,676651939000067
159681;08;3;35;043;2018;10;16;3;3;0;7;0;1;0;0;0;0;0;0;511056,835100000030000;5281209,623800000200000;9,147326964000058;47,684179991000065
159682;08;1;15;045;2018;10;12;6;3;6;3;0;0;1;1;0;0;0;0;497739,169600000020000;5396589,341900000300000;8,969260582000061;48,722326529000043
159683;08;3;35;075;2018;10;07;3;3;3;6;0;1;1;0;0;0;0;0;488832,800600000020000;5291287,570000000300000;8,850943986000061;47,774855249000041
159686;08;1;11;000;2018;10;14;7;3;6;7;0;1;0;1;0;0;0;0;512166,309699999980000;5402500,559799999900000;9,165593723000029;48,775389048000079
159687;08;3;11;000;2018;10;22;3;3;0;1;2;1;0;0;0;0;0;0;413090,392999999980000;5317210,024000000200000;7,834862077000025;48,002276599000027
159688;08;3;11;000;2018;10;13;3;3;5;3;0;1;1;0;0;0;0;0;414764,534999999970000;5318147,161299999800000;7,857115247000024;48,010931940000035
159689;08;1;16;080;2018;10;19;7;3;0;7;2;1;1;0;0;0;0;0;519662,000500000020000;5396370,941399999900000;9,267322805000049;48,720055794000075
159690;08;3;11;000;2018;10;13;3;3;1;1;0;1;1;0;0;0;0;0;417750,440300000020000;5314546,325199999800000;7,897834230000058;47,978931822000050
159693;08;2;12;000;2018;10;09;3;3;3;2;0;1;1;0;0;0;0;0;456905,342799999980000;5427301,659599999900000;8,410845217000031;48,997109403000081
159696;08;3;16;011;2018;10;10;7;3;4;2;0;1;1;0;0;0;0;0;415515,943000000030000;5328452,728400000400000;7,865152847000047;48,103733732000080
159697;08;2;22;000;2018;10;16;3;2;6;4;0;0;1;1;0;0;0;0;461716,071500000020000;5484119,032100000400000;8,471179164000034;49,508489698000062
159699;08;2;12;000;2018;10;09;3;3;1;6;0;1;1;0;0;0;0;0;454780,625600000030000;5428518,239699999800000;8,381664089000026;49,007900675000030
159701;08;2;16;049;2018;10;15;3;3;5;3;0;1;1;0;0;0;0;0;438580,542200000030000;5401240,564199999900000;8,164262197000028;48,761142810000081
159703;08;1;11;000;2018;10;05;6;3;6;2;2;0;1;1;0;0;0;0;517532,395100000020000;5404593,537700000200000;9,238719388000050;48,794089142000075
159706;08;1;36;088;2018;10;17;3;2;8;1;1;1;0;0;0;0;0;0;581742,754199999970000;5408848,260599999700000;10,113744019000023;48,827231349000044
159711;08;1;19;084;2018;10;14;3;3;0;6;0;1;0;0;0;0;1;0;546134,208100000050000;5414077,990500000300000;9,629209602000060;48,877940588000058
159713;08;1;15;045;2018;10;15;7;2;0;7;0;0;1;1;0;0;0;0;500111,470900000010000;5395678,373800000200000;9,001515370000050;48,714135497000029
159714;08;1;11;000;2018;10;15;6;3;0;1;0;1;1;0;0;0;0;0;512021,962999999990000;5401005,624099999700000;9,163585362000049;48,761943499000040
159715;08;4;16;006;2018;10;09;3;2;4;2;0;1;1;0;0;0;0;0;498142,632600000010000;5359817,011900000300000;8,974910391000037;48,391512551000062
159716;08;4;35;057;2018;10;11;5;3;6;4;0;0;0;1;0;0;1;0;544130,805999999980000;5279604,436999999900000;9,587844370000028;47,668325718000062
159717;08;4;15;061;2018;10;16;3;3;5;3;0;1;1;0;0;0;0;0;515096,858200000020000;5371183,200799999800000;9,204339797000046;48,493589733000078
159719;08;4;26;097;2018;10;14;5;3;2;6;0;1;1;0;0;0;0;0;535337,429699999980000;5333636,170800000400000;9,475146175000077;48,154990570000052
159720;08;4;15;014;2018;10;15;3;3;5;7;0;1;1;0;0;0;0;0;526189,733699999980000;5374693,553100000100000;9,354702644000042;48,524805159000039
159721;08;4;26;021;2018;10;22;5;3;0;1;2;1;0;0;0;0;0;0;561444,341200000020000;5329261,529099999900000;9,825518136000028;48,113649158000044
159722;08;3;35;043;2018;10;18;3;3;5;3;0;1;1;0;0;0;0;0;513638,519700000000000;5279593,910899999600000;9,181676026000048;47,669593047000035
159723;08;4;35;016;2018;10;11;3;2;6;4;0;0;0;1;0;0;1;0;530680,402499999970000;5279853,222600000000000;9,408701490000055;47,671342195000079
159724;08;4;26;021;2018;10;11;5;2;3;2;0;1;1;0;0;0;0;0;559032,978400000020000;5326580,646400000000000;9,792753305000076;48,089759632000039
159727;08;4;25;002;2018;10;06;5;3;0;7;2;1;0;0;0;0;0;0;553412,074200000030000;5353392,436400000000000;9,720653225000035;48,331458340000040
159731;08;3;15;015;2018;10;18;3;3;6;7;1;1;0;1;0;0;0;0;394216,155000000030000;5321449,832000000400000;7,580854755000075;48,037566450000043
159733;08;3;36;050;2018;10;16;3;3;5;3;0;1;1;0;0;0;0;0;399258,331999999990000;5274473,963999999700000;7,659405391000064;47,615835305000076
159735;08;4;16;041;2018;10;11;5;3;0;1;0;1;0;0;0;0;1;0;504500,002700000010000;5373795,684999999600000;9,060937029000058;48,517257910000069
159737;08;2;12;000;2018;10;19;3;3;5;2;2;1;1;0;0;0;0;0;457393,499000000010000;5428607,730100000300000;8,417381491000072;49,008891581000057
159739;08;2;36;040;2018;10;07;3;3;6;7;0;0;1;1;0;0;0;0;492469,908999999990000;5418116,508100000200000;8,897221908000063;48,915941071000077
159741;08;2;26;054;2018;10;15;3;3;4;6;0;1;1;0;0;0;0;0;479816,143900000020000;5454670,579800000400000;8,722687633000021;49,244475847000047
159742;08;3;35;061;2018;10;15;5;2;0;7;0;1;0;0;0;0;0;0;491541,554999999990000;5278045,633999999600000;8,887356518000047;47,655750622000028
159744;08;3;35;075;2018;10;17;5;2;0;7;0;1;0;0;0;0;0;0;487498,173499999980000;5290724,236600000400000;8,833146121000027;47,769762137000043
159745;08;2;22;000;2018;10;08;3;2;0;2;0;1;0;0;0;0;0;0;461882,792900000000000;5485250,881099999900000;8,473372714000050;49,518680541000037
159746;08;4;35;016;2018;10;16;5;3;2;2;0;1;1;0;0;0;0;0;533754,364500000030000;5278711,561700000400000;9,449561071000062;47,660917011000038
159747;08;2;21;000;2018;10;18;3;3;3;2;0;1;1;0;0;0;0;0;477119,285099999980000;5468337,593500000400000;8,684852100000057;49,367315777000044
159749;08;2;21;000;2018;10;14;3;3;1;5;0;1;1;0;0;0;0;0;483165,696000000000000;5473467,336299999600000;8,767914323000071;49,413654491000045
159750;08;2;21;000;2018;10;12;3;3;5;5;0;1;1;0;0;0;0;0;475549,554300000020000;5474062,738199999600000;8,662879525000051;49,418751609000026
159752;08;2;21;000;2018;10;11;3;3;5;3;0;1;1;0;0;0;0;0;476560,550600000020000;5472652,033900000200000;8,676902105000067;49,406102364000049
159754;08;2;15;090;2018;10;08;3;3;5;2;0;1;1;0;0;0;0;0;465670,445300000020000;5433378,094999999700000;8,530155441000034;49,052318248000063
159755;08;3;11;000;2018;10;21;5;3;5;3;2;1;1;0;0;0;0;0;412445,956599999980000;5318483,737599999600000;7,825964392000060;48,013646070000050
159757;08;3;15;047;2018;10;17;5;3;5;3;0;1;1;0;0;0;0;0;416010,697999999970000;5322009,292000000400000;7,873063905000038;48,045838358000026
159758;08;2;12;000;2018;10;14;3;3;5;2;0;1;1;0;0;0;0;0;456029,162499999980000;5426965,295099999800000;8,398903889000053;48,994021977000045
159759;08;2;15;017;2018;10;09;5;2;2;2;0;1;1;0;0;0;0;0;453645,153500000010000;5419377,699300000400000;8,367179779000026;48,925596185000074
159761;08;2;12;000;2018;10;17;3;3;5;3;0;1;1;0;0;0;0;0;455767,587100000000000;5428834,821399999800000;8,395124644000021;49,010819890000050
159762;08;2;12;000;2018;10;16;3;3;5;3;0;1;1;0;0;0;0;0;455376,427000000030000;5428774,312800000400000;8,389782523000065;49,010247446000051
159765;08;1;25;074;2018;10;11;3;3;1;5;0;1;1;0;0;0;0;0;509848,246800000020000;5439240,678799999900000;9,134931014000074;49,105932588000030
159767;08;1;19;091;2018;10;16;3;3;5;3;0;1;1;0;0;0;0;0;528309,584000000030000;5405772,001000000200000;9,385538972000063;48,804292974000077
159769;08;2;26;098;2018;10;16;5;3;5;3;0;1;1;0;0;0;0;0;477751,434400000030000;5460121,703599999700000;8,694017256000052;49,293437496000081
159772;08;1;18;073;2018;10;19;3;2;0;7;2;1;0;0;0;0;0;0;497160,037399999970000;5419790,951299999800000;8,961225709000075;48,931043198000054
159773;08;1;11;000;2018;10;18;6;3;6;4;1;0;0;1;0;0;1;0;513604,176299999990000;5408716,108799999600000;9,185370147000072;48,831273589000034
159775;08;1;18;081;2018;10;10;3;3;6;4;0;0;1;1;0;0;0;0;520519,922299999980000;5415203,997000000400000;9,279928217000077;48,889446838000026
159777;08;2;22;000;2018;10;04;5;2;5;2;2;1;1;0;0;0;0;0;460719,071799999980000;5485398,404799999700000;8,457280809000054;49,519933133000052
159780;08;2;22;000;2018;10;08;5;3;5;3;0;1;1;0;0;0;0;0;462241,713700000020000;5478770,250500000100000;8,478950398000052;49,460413119000066
159782;08;2;12;000;2018;10;16;5;3;5;3;0;1;1;0;0;0;0;0;451632,437199999990000;5431409,225300000000000;8,338273565000065;49,033666332000053
159786;08;2;11;000;2018;10;18;5;3;6;4;0;0;1;1;0;0;0;0;440784,872399999990000;5404125,157100000400000;8,193838123000035;48,787303549000058
159787;08;1;16;056;2018;10;18;3;3;5;3;2;1;1;0;0;0;0;0;532071,868499999980000;5395856,051900000300000;9,436002119000023;48,714908996000077
159789;08;1;36;038;2018;10;06;5;3;6;1;2;0;1;1;0;0;0;0;591563,935900000040000;5413986,316800000100000;10,248674790000052;48,872071306000066
159790;08;1;16;019;2018;10;15;3;3;6;4;0;1;0;1;0;0;0;0;523202,157400000030000;5398282,517099999800000;9,315561341000034;48,737130433000061
159791;08;1;35;016;2018;10;14;5;3;0;2;0;1;0;0;0;0;1;0;592089,503999999960000;5386245,756299999500000;10,249637739000036;48,622498760000042
159792;08;1;15;028;2018;10;10;3;3;5;3;0;1;1;0;0;0;0;0;500252,496999999970000;5404966,230000000400000;9,003438219000032;48,797689003000073
159793;08;1;15;024;2018;10;11;3;3;0;1;0;1;0;0;0;0;0;0;501377,299699999970000;5386261,135800000300000;9,018692074000057;48,629415280000046
159795;08;1;15;051;2018;10;17;3;3;4;6;0;1;1;0;0;0;0;0;502916,010899999990000;5385066,864199999700000;9,039566348000051;48,618666087000065
159796;08;1;27;076;2018;10;12;5;3;0;3;0;1;0;0;0;0;1;0;553004,239999999990000;5438967,951999999600000;9,726146771000060;49,101274318000037
159797;08;1;15;024;2018;10;12;3;3;5;3;0;1;1;0;0;0;0;0;500791,090199999980000;5387082,672399999600000;9,010737879000033;48,636806997000065
159800;08;1;11;000;2018;10;11;3;3;6;3;0;0;1;1;0;0;0;0;508360,278600000020000;5407000,659300000400000;9,113882159000070;48,815934366000079
159801;08;1;11;000;2018;10;16;3;3;3;7;0;1;1;0;0;0;0;0;511610,518300000000000;5402085,314399999600000;9,158017241000039;48,771664147000081
159802;08;1;19;093;2018;10;18;5;2;0;7;0;1;0;0;0;0;0;0;524955,979599999960000;5403748,727300000400000;9,339745299000072;48,786235755000064
159804;08;1;18;048;2018;10;15;5;3;1;7;0;1;1;0;0;0;0;0;516591,632999999970000;5417417,596599999800000;9,226429785000050;48,909477355000035
159805;08;1;11;000;2018;10;16;3;3;2;6;0;1;1;0;0;0;0;0;509328,952899999970000;5402358,686599999700000;9,126971803000060;48,774161780000043
159806;08;1;18;011;2018;10;16;5;3;1;1;0;1;1;0;0;0;0;0;505465,483799999990000;5408374,124800000300000;9,074468150000030;48,828322118000074
159807;08;1;18;019;2018;10;11;5;3;5;2;0;1;1;0;0;0;0;0;505611,670400000000000;5405353,259800000100000;9,076418650000051;48,801145417000043
159808;08;1;11;000;2018;10;08;3;2;5;3;0;1;1;0;0;0;0;0;518498,673100000010000;5403249,641800000300000;9,251815507000060;48,781971641000041
159809;08;4;25;031;2018;10;07;5;3;6;2;2;0;1;1;0;0;0;0;569427,163399999960000;5368871,239299999500000;9,939267494000035;48,469139014000064
159810;08;4;36;055;2018;10;18;2;2;5;3;0;1;1;0;0;0;0;0;575504,587900000040000;5298141,734799999700000;10,008924333000039;47,832188851000069
159813;08;4;21;000;2018;10;18;2;2;6;4;1;0;1;1;0;0;0;0;572722,083899999970000;5360574,329400000200000;9,982397363000075;48,394134407000081
159814;08;1;15;045;2018;10;18;5;3;0;7;1;1;0;0;0;0;0;0;500612,634499999990000;5394237,309500000400000;9,008326204000070;48,701171283000065
159815;08;4;25;141;2018;10;15;2;3;0;3;0;1;1;0;0;0;0;0;568052,949700000000000;5363055,214200000300000;9,919733425000061;48,416972168000029
159816;08;4;21;000;2018;10;10;2;3;0;1;0;1;0;0;0;0;0;0;570709,741799999960000;5358039,865899999600000;9,954790243000048;48,371564948000071
159817;08;1;15;045;2018;10;07;5;3;5;3;0;1;1;0;0;0;0;0;500530,741600000010000;5396240,681699999600000;9,007215789000043;48,719193837000034
159818;08;4;15;061;2018;10;13;2;2;0;7;0;1;0;0;0;0;0;0;516830,124000000010000;5374139,892000000000000;9,227919048000047;48,520145033000063
159820;08;1;15;037;2018;10;17;5;2;5;3;0;1;0;0;0;0;0;0;491905,543300000020000;5385230,364900000400000;8,890166004000037;48,620091399000046
159822;08;3;37;096;2018;10;15;2;3;6;4;0;0;1;1;0;0;0;0;419835,135000000010000;5267402,344200000200000;7,934462887000052;47,555089987000031
159823;08;3;36;069;2018;10;13;2;2;5;3;0;1;0;0;0;0;0;0;408875,282400000030000;5268408,706700000000000;7,788609321000024;47,562697380000031
159825;08;3;35;043;2018;10;07;2;3;5;2;0;1;0;0;1;0;0;0;512938,598000000000000;5280341,553999999500000;9,172374703000060;47,676334470000029
159826;08;1;11;000;2018;10;19;5;3;5;3;2;1;1;0;0;0;0;0;512199,226399999990000;5406479,175200000400000;9,166159895000021;48,811179641000081
159827;08;3;17;145;2018;10;17;2;3;0;7;0;1;0;0;0;0;0;0;442271,174300000010000;5349851,967199999800000;8,221593781000024;48,299229151000077
159828;08;3;17;065;2018;10;19;2;3;1;5;2;1;1;0;0;0;0;0;415082,046299999990000;5354078,783499999900000;7,854192750000038;48,334183670000073
159829;08;1;11;000;2018;10;18;5;3;5;3;0;1;1;0;0;0;0;0;508982,331999999990000;5396798,680999999900000;9,122132850000071;48,724149129000068
159830;08;3;16;011;2018;10;17;2;3;5;3;0;1;1;0;0;0;0;0;415015,783700000030000;5329706,635999999900000;7,858185893000041;48,114946380000049
159833;08;3;11;000;2018;10;07;2;2;0;1;0;1;0;0;0;0;0;0;414536,255999999990000;5313159,506799999600000;7,855047888000058;47,966035477000048
159834;08;4;36;055;2018;10;15;4;3;6;4;0;1;0;1;0;0;0;0;580102,408500000020000;5298748,966300000400000;10,070463954000047;47,837095103000081
159836;08;4;35;030;2018;10;11;4;3;5;3;0;1;1;0;0;0;0;0;541426,365699999970000;5271863,666400000500000;9,551088907000064;47,598858225000072
159837;08;4;21;000;2018;10;17;4;2;3;2;0;1;1;0;0;0;0;0;571619,497899999960000;5360640,819400000400000;9,967516175000071;48,394858707000026
159838;08;2;12;000;2018;10;08;2;3;5;2;0;1;1;0;0;0;0;0;455225,444399999980000;5430516,463000000500000;8,387525745000062;49,025907279000080
159839;08;1;11;000;2018;10;17;6;3;6;4;0;0;1;1;0;0;0;0;518310,218700000030000;5403843,086100000000000;9,249276611000028;48,787315765000073
159840;08;2;36;071;2018;10;13;2;2;5;3;0;1;1;0;0;0;0;0;468631,303000000010000;5419595,229899999700000;8,571741331000055;48,928494002000036
159841;08;4;21;000;2018;10;15;4;3;0;7;0;1;0;0;0;0;0;0;572822,509599999990000;5360790,748300000100000;9,983791332000067;48,396069556000043
159842;08;2;26;098;2018;10;17;2;3;3;2;0;1;1;0;0;0;0;0;476931,084199999980000;5459914,815800000000000;8,682747166000070;49,291546112000049
159843;08;2;26;032;2018;10;18;2;3;0;7;0;1;1;0;0;0;0;0;467009,003700000000000;5463615,901800000100000;8,545992820000038;49,324381663000054
159847;08;2;26;095;2018;10;16;2;2;6;4;0;0;1;1;0;0;0;0;474037,726000000020000;5461216,802000000100000;8,642872721000060;49,303141357000072
159848;08;4;16;041;2018;10;09;4;3;1;7;0;1;1;0;0;0;0;0;502645,528200000000000;5375702,659400000200000;9,035836671000027;48,534424289000071
159851;08;2;15;007;2018;10;07;2;3;5;3;1;1;1;0;0;0;0;0;479043,064000000010000;5431297,424900000000000;8,713281553000059;49,034201673000041
159852;08;2;12;000;2018;10;18;2;3;5;2;1;1;1;0;0;0;0;0;458375,467599999970000;5430831,011199999600000;8,430580533000068;49,028957328000047
159856;08;4;15;014;2018;10;17;4;3;3;2;0;1;1;0;0;0;0;0;526339,067400000060000;5373864,958200000200000;9,356672778000075;48,517344709000042
159859;08;2;12;000;2018;10;11;2;3;0;3;0;1;0;0;0;0;0;0;453291,882900000030000;5429289,578999999900000;8,361219361000053;49,014728020000064
159861;08;2;12;000;2018;10;18;2;3;6;4;0;0;1;1;0;0;0;0;453048,041600000000000;5429007,418499999700000;8,357917447000034;49,012171469000066
159862;08;3;35;043;2018;10;07;4;3;7;7;0;1;0;1;0;0;0;0;512649,846699999990000;5279010,476400000000000;9,168489274000024;47,664363591000040
159863;08;2;12;000;2018;10;08;2;3;5;2;0;1;1;0;0;0;0;0;453516,281399999980000;5428912,213499999600000;8,364331259000039;49,011350549000042
159867;08;2;12;000;2018;10;10;2;3;1;5;0;1;0;0;0;1;0;0;456863,320599999980000;5428115,701100000200000;8,410184294000032;49,004428884000049
159870;08;3;16;009;2018;10;13;4;3;5;3;0;1;1;0;0;0;0;0;417502,541099999970000;5324172,624400000100000;7,892659739000067;48,065493013000037
159872;08;2;11;000;2018;10;14;2;3;0;7;0;1;0;1;0;0;0;0;443890,815000000000000;5401516,443699999700000;8,236474724000061;48,764125713000055
159873;08;3;36;091;2018;10;08;4;3;0;1;0;1;0;0;0;0;0;0;396837,725900000020000;5272364,466900000300000;7,627699694000057;47,596479008000074
159874;08;1;35;019;2018;10;20;2;3;0;7;2;1;0;0;0;0;0;0;583841,445700000040000;5392229,971300000300000;10,138948962000029;48,677483024000026
159875;08;3;11;000;2018;10;17;4;3;0;7;0;1;0;0;0;0;0;0;414053,090199999980000;5317336,395800000100000;7,847740266000074;48,003543525000055
159880;08;1;27;056;2018;10;16;2;3;5;3;0;1;1;0;0;0;0;0;555781,761000000060000;5435451,389999999700000;9,763709510000069;49,069398349000039
159881;08;1;25;065;2018;10;15;2;3;5;3;0;1;1;0;0;0;0;0;516438,282799999990000;5449011,728099999900000;9,225619394000034;49,193685390000041
159883;08;2;36;043;2018;10;15;4;3;8;7;0;1;0;0;0;0;0;0;467518,785700000010000;5407983,377299999800000;8,557475567000040;48,823981708000076
159884;08;1;19;076;2018;10;18;2;2;0;4;1;1;0;1;0;0;0;0;542768,450199999960000;5406671,609299999700000;9,582534440000075;48,811558612000056
159890;08;2;22;000;2018;10;10;4;3;0;6;0;1;0;0;0;0;0;0;463057,793200000010000;5477853,053200000000000;8,490297064000060;49,452213528000073
159891;08;1;17;049;2018;10;15;2;2;2;6;0;1;0;0;0;0;0;0;555089,824600000050000;5391908,529900000400000;9,748371912000039;48,677790854000079
159892;08;2;22;000;2018;10;07;4;2;5;3;0;1;1;0;0;0;0;0;463325,255999999990000;5485592,345599999700000;8,493269210000051;49,521840816000065
159896;08;1;11;000;2018;10;10;2;3;5;3;0;1;1;0;0;0;0;0;513114,485200000000000;5402306,954599999800000;9,178492953000045;48,773628126000062
159897;08;2;21;000;2018;10;13;4;3;5;3;0;1;1;0;0;0;0;0;475653,930200000000000;5473094,993099999600000;8,664377982000076;49,410051109000051
159899;08;2;21;000;2018;10;17;4;3;5;5;0;1;1;0;0;0;0;0;476825,948199999980000;5472684,578999999900000;8,680558483000027;49,406405266000036
159901;08;2;21;000;2018;10;20;4;3;0;4;2;0;0;1;1;0;0;0;479594,891999999990000;5473592,202800000100000;8,718679680000037;49,414668364000079
159903;08;2;21;000;2018;10;16;4;3;5;2;0;1;0;0;0;0;1;0;477034,556600000010000;5473903,637600000000000;8,683363466000060;49,417378404000033
159904;08;4;36;069;2018;10;15;1;3;0;1;0;1;0;0;0;0;0;0;552965,804499999970000;5293826,227699999700000;9,707252908000044;47,795614831000080
159905;08;2;21;000;2018;10;08;4;3;4;3;0;1;1;0;0;0;0;0;476724,969999999970000;5474174,693000000000000;8,679079207000029;49,419804733000035
159906;08;4;35;024;2018;10;15;1;3;5;3;0;1;1;0;0;0;0;0;526383,403000000050000;5278840,371000000300000;9,351400090000027;47,662418632000026
159907;08;4;21;000;2018;10;13;1;2;8;1;0;1;0;0;0;0;0;0;572152,056600000010000;5361923,250900000300000;9,974929927000062;48,406333785000072
159909;08;4;26;073;2018;10;19;1;3;0;3;1;1;0;0;0;0;0;0;567397,729999999980000;5337699,118999999900000;9,906829732000062;48,188949887000035
159910;08;2;16;043;2018;10;15;4;3;0;7;0;1;0;0;0;0;1;1;443300,435999999990000;5412703,730000000400000;8,226895844000069;48,864702850000072
159912;08;1;36;065;2018;10;10;4;3;6;7;0;0;1;1;0;0;0;0;558826,179800000040000;5405816,650999999600000;9,801109473000054;48,802555547000054
159918;08;3;35;043;2018;10;13;1;3;5;3;0;1;1;0;0;0;0;0;511622,145499999980000;5280527,197100000500000;9,154841253000029;47,678029831000060
159920;08;1;21;000;2018;10;13;4;3;0;7;0;1;0;0;0;0;0;0;515505,318800000010000;5441690,543600000400000;9,212532340000053;49,127853424000079
159921;08;3;17;089;2018;10;15;1;3;0;7;0;1;0;0;0;0;0;0;434829,536900000010000;5374104,906299999900000;8,117496617000029;48,516673187000038
159922;08;3;15;084;2018;10;18;1;2;6;4;1;0;1;1;0;0;0;0;421472,648300000000000;5309176,989600000000000;7,948684249000053;47,931098412000040
159924;08;3;11;000;2018;10;18;1;3;6;4;1;1;0;1;0;0;0;0;411505,686200000000000;5315935,541100000000000;7,813884489000031;47,990594866000038
159927;08;2;26;095;2018;10;19;1;3;0;3;1;1;0;0;0;0;0;0;473939,054300000020000;5461171,610700000100000;8,641518407000035;49,302730660000066
159928;08;1;19;079;2018;10;21;4;2;6;4;2;0;1;1;0;0;0;0;524883,740899999980000;5409342,838000000500000;9,339101068000048;48,836561897000081
159930;08;2;25;009;2018;10;13;1;3;6;6;0;0;1;1;0;0;0;0;519088,643600000010000;5468671,954199999600000;9,262934418000043;49,370453916000031
159935;08;2;22;000;2018;10;14;1;3;6;7;0;0;1;1;0;0;0;0;462060,634100000020000;5485421,460000000000000;8,475813260000052;49,520225957000036
159939;08;1;11;000;2018;10;18;4;3;6;4;2;0;1;1;0;0;0;0;514274,090900000010000;5409638,530000000300000;9,194530457000042;48,839556488000028
159940;08;2;16;043;2018;10;16;1;3;0;7;0;1;0;0;0;0;0;0;441914,597499999970000;5412296,231999999800000;8,208059502000026;48,860909180000078
159943;08;1;11;000;2018;10;07;4;3;2;2;0;1;1;0;0;0;0;0;511797,375200000010000;5406148,291299999700000;9,160676982000041;48,808210809000059
159946;08;1;21;000;2018;10;15;1;2;5;3;0;1;0;0;0;0;0;0;516156,875000000000000;5444507,302199999800000;9,221576118000030;49,153174310000054
159947;08;1;11;000;2018;10;16;4;2;5;3;0;1;0;0;0;0;1;0;516662,932600000000000;5404476,554399999800000;9,226876225000069;48,793060685000057
159948;08;1;21;000;2018;10;13;1;3;6;7;0;0;1;1;0;0;0;0;513593,262700000020000;5443531,750400000300000;9,186385916000063;49,144461004000050
159949;08;1;19;091;2018;10;13;1;3;5;3;0;1;1;0;0;0;0;0;528509,780000000030000;5405592,734699999900000;9,388252862000059;48,802671194000027
159951;08;1;19;020;2018;10;00;1;3;0;7;2;1;0;1;0;0;0;0;520340,505999999990000;5406280,294900000100000;9,277037475000043;48,809177384000066
159952;08;1;11;000;2018;10;15;4;3;1;5;0;1;1;0;0;0;0;0;512691,542299999970000;5401941,618999999900000;9,172725299000035;48,770350362000045
159953;08;1;18;003;2018;10;13;1;3;5;3;0;1;1;0;0;0;0;0;510728,486700000010000;5417259,592100000000000;9,146410291000052;48,908185327000069
159954;08;4;37;104;2018;10;17;3;2;8;1;0;1;0;0;0;0;0;0;516241,285900000020000;5324875,880500000000000;9,218049243000053;48,076949382000066
159955;08;1;18;003;2018;10;15;1;3;0;7;0;1;0;0;0;0;0;0;509716,453500000000000;5416990,176099999800000;9,132592831000068;48,905778437000038
159956;08;1;17;018;2018;10;19;1;2;0;7;2;1;1;0;0;0;0;0;538371,797200000030000;5396179,685600000400000;9,521673416000056;48,717464406000033
159959;08;1;16;019;2018;10;15;1;3;0;1;0;1;0;0;0;0;0;0;522689,182600000000000;5398518,154699999800000;9,308597700000064;48,739269098000079
159960;08;1;11;000;2018;10;20;1;2;6;4;2;0;0;1;0;0;1;0;509110,353500000030000;5406844,094200000200000;9,124096040000040;48,814515377000077
159962;08;1;11;000;2018;10;10;1;3;6;4;0;0;1;1;0;0;0;0;510893,637899999970000;5406243,123599999600000;9,148370892000060;48,809080409000046
159963;08;4;36;055;2018;10;17;3;3;0;7;0;1;0;0;0;0;0;0;576095,975899999960000;5298974,974899999800000;10,016971905000048;47,839614986000072
159965;08;4;37;104;2018;10;15;3;3;6;4;0;0;1;1;0;0;0;0;516241,879900000000000;5325897,549399999900000;9,218096068000023;48,086141315000077
159967;08;4;36;087;2018;10;11;7;2;0;1;0;1;0;0;0;0;0;0;546036,606099999980000;5305042,889899999800000;9,615926796000053;47,897062900000037
159968;08;4;16;041;2018;10;13;3;3;0;7;0;1;1;0;0;0;0;0;505015,808699999990000;5375055,931800000400000;9,067936999000040;48,528591633000076
159969;08;4;26;021;2018;10;20;7;3;0;3;2;1;1;0;0;0;0;0;559007,506700000030000;5327322,283200000400000;9,792513801000041;48,096433888000035
159972;08;1;11;000;2018;10;13;3;3;1;5;0;1;1;0;0;0;0;0;512642,376400000010000;5401432,331100000100000;9,172040528000025;48,765769840000075
159973;08;1;11;000;2018;10;07;6;3;5;3;2;1;1;0;0;0;0;0;516820,437199999990000;5407072,049599999600000;9,229127071000050;48,816405132000057
159974;08;1;11;000;2018;10;07;3;3;2;2;0;1;1;0;0;0;0;0;512588,629000000020000;5401239,795599999800000;9,171303233000060;48,764038891000041
159975;08;4;36;064;2018;10;18;2;3;3;6;2;1;0;0;0;0;0;0;545393,943500000050000;5290086,487800000200000;9,605761126000061;47,762546688000043
159976;08;1;11;000;2018;10;07;6;3;3;6;1;1;0;0;0;0;1;0;519463,486199999980000;5401648,217799999800000;9,264873206000061;48,767535992000035
159977;08;4;21;000;2018;10;07;2;3;6;4;0;0;1;1;0;0;0;0;574302,072000000040000;5361617,395999999700000;10,003922548000048;48,403332768000041
159979;08;4;21;000;2018;10;19;2;3;2;7;2;1;0;0;1;0;0;0;570669,245800000030000;5360707,199099999900000;9,954692147000060;48,395563037000045
159980;08;4;25;081;2018;10;12;2;3;2;3;0;1;1;0;0;0;0;0;547912,372199999980000;5342642,903400000200000;9,645235463000063;48,235194670000055
159981;08;4;35;057;2018;10;16;5;3;6;2;0;0;1;1;0;0;0;0;544231,194699999990000;5278822,504599999600000;9,589102362000062;47,661283627000046
159983;08;3;35;075;2018;10;19;2;3;0;7;2;1;0;0;0;0;0;0;487774,969500000010000;5294698,270700000200000;8,836728381000057;47,805523760000028
159984;08;4;37;104;2018;10;07;5;3;6;4;0;0;0;1;1;0;0;1;516890,034300000000000;5326446,362200000300000;9,226821131000065;48,091062124000075