OBJECTID_1;ULAND;UREGBEZ;UKREIS;UGEMEINDE;UJAHR;UMONAT;USTUNDE;UWOCHENTAG;UKATEGORIE;UART;UTYP1;ULICHTVERH;IstRad;IstPKW;IstFuss;IstKrad;IstGkfz;IstSonstig;STRZUSTAND;LINREFX;LINREFY;XGCSWGS84;YGCSWGS84
159988;08;3;17;001;2018;10;11;2;2;3;6;0;1;1;0;0;0;0;0;432255,706799999990000;5385530,084400000100000;8,080786917000069;48,619171791000042
159989;08;4;21;000;2018;10;06;5;3;0;7;2;1;0;0;0;0;1;0;571316,530900000010000;5360791,039699999600000;9,963449477000040;48,396244324000065
159992;08;4;16;041;2018;10;08;5;3;0;7;0;1;0;0;0;0;0;1;504438,863599999980000;5374629,428999999500000;9,060117986000023;48,524759009000036
159994;08;2;37;028;2018;10;08;2;3;0;7;0;1;0;0;0;0;0;0;457061,146300000020000;5367670,306400000100000;8,419186239000055;48,460702008000055
159995;08;4;16;009;2018;10;17;5;3;0;7;0;1;0;0;0;0;0;0;507060,096499999990000;5384338,809700000100000;9,095783570000037;48,612083314000074
159997;08;3;36;069;2018;10;16;5;2;6;7;0;0;1;1;0;0;0;0;408774,092400000020000;5267984,543100000400000;7,787352502000033;47,558867449000047
159998;08;2;31;000;2018;10;06;2;3;5;2;2;1;1;0;0;0;1;0;478694,934699999980000;5416147,686900000100000;8,709311965000040;48,897909462000030
160001;08;3;35;075;2018;10;13;5;3;0;3;0;1;0;0;0;1;0;0;488248,317300000000000;5288702,601900000100000;8,843212433000076;47,751586534000069
160002;08;2;22;000;2018;10;09;2;3;6;7;0;1;0;1;0;0;0;0;464023,359699999970000;5479677,495299999600000;8,503452962000040;49,468681519000029
160003;08;3;35;022;2018;10;07;5;3;8;1;2;1;0;0;0;0;0;0;482789,076000000000000;5300231,735799999900000;8,769919712000046;47,855196437000075
160004;08;2;22;000;2018;10;17;2;3;1;6;0;1;1;0;0;0;0;0;461315,644900000010000;5482384,438099999900000;8,465818135000063;49,492862581000054
160005;08;3;35;079;2018;10;16;5;2;6;4;0;0;1;1;0;0;0;0;501182,679500000030000;5300036,643600000100000;9,015809912000066;47,853670555000065
160009;08;2;22;000;2018;10;11;2;3;5;2;0;1;1;0;0;0;0;0;461613,708999999970000;5479886,977000000000000;8,470176263000042;49,470418155000061
160011;08;2;21;000;2018;10;08;2;2;5;3;0;1;0;0;0;0;0;0;478103,255300000020000;5472966,729500000400000;8,698149633000071;49,408990469000059
160013;08;2;21;000;2018;10;18;2;3;0;7;1;1;0;0;0;0;0;0;476619,181099999990000;5472486,219499999700000;8,677720038000075;49,404613145000042
160014;08;3;16;055;2018;10;15;5;2;4;6;0;1;0;0;0;0;0;0;427699,471000000020000;5333102,132000000200000;8,027994915000022;48,147057861000064
160016;08;3;15;074;2018;10;16;5;3;6;4;0;0;1;1;0;0;0;0;397350,141699999980000;5295899,481499999800000;7,628973471000052;47,808259844000077
160019;08;2;15;021;2018;10;11;2;3;3;6;0;1;1;0;0;0;0;0;469949,178000000010000;5443870,870099999900000;8,587933117000034;49,146926688000065
160020;08;3;11;000;2018;10;17;5;3;3;2;0;1;1;0;0;0;0;0;413076,735099999990000;5315062,182000000000000;7,835113988000046;47,982954181000025
160021;08;2;12;000;2018;10;16;2;3;6;7;0;1;0;1;0;0;0;0;454330,935799999980000;5429644,827499999700000;8,375388583000074;49,018001287000061
160024;08;3;11;000;2018;10;05;5;3;6;4;2;0;0;1;0;0;1;0;414185,609899999980000;5316350,712799999900000;7,849713680000036;47,994694745000061
160025;08;1;28;126;2018;10;18;2;3;6;4;0;0;1;1;0;0;0;0;565425,607599999990000;5481787,517699999700000;9,903307394000024;49,485199794000039
160027;08;3;11;000;2018;10;14;5;3;5;2;0;1;0;0;1;0;0;0;411451,858200000020000;5318080,468299999800000;7,812720491000050;48,009881579000080
160028;08;1;21;000;2018;10;10;2;3;0;7;0;0;1;1;0;0;1;0;516400,178799999990000;5442985,524799999800000;9,224850823000054;49,139478988000064
160030;08;1;21;000;2018;10;10;2;3;6;2;0;0;1;1;0;0;0;0;516485,280000000030000;5443055,973299999700000;9,226020455000025;49,140110417000074
160032;08;1;19;020;2018;10;07;2;3;6;4;1;0;1;1;0;0;0;0;519429,615200000000000;5410094,294599999700000;9,264812012000050;48,843516483000030
160033;08;1;19;085;2018;10;07;2;2;5;3;2;1;1;0;0;0;0;0;528114,715500000050000;5412593,411000000300000;9,383353103000047;48,865664999000046
160034;08;1;18;048;2018;10;13;2;3;5;3;0;1;0;0;0;0;0;0;514907,082999999980000;5415977,161000000300000;9,203387922000047;48,896562455000037
160036;08;1;18;051;2018;10;14;2;3;6;2;0;0;1;1;0;0;0;0;509250,759599999990000;5414916,621600000200000;9,126190928000028;48,887132376000068
160038;08;2;22;000;2018;10;07;5;3;3;5;1;1;1;0;0;0;0;1;465151,489100000010000;5484763,465900000200000;8,518574295000065;49,514493222000056
160042;08;2;21;000;2018;10;07;5;3;2;6;1;1;1;0;0;0;0;1;477641,400900000010000;5473869,839800000200000;8,691732120000040;49,417097006000063
160044;08;2;16;007;2018;10;11;5;3;5;2;0;1;1;0;0;0;0;0;435721,593799999970000;5394446,496199999900000;8,126424327000052;48,699741575000075
160045;08;1;17;024;2018;10;17;2;3;5;1;1;1;1;0;0;0;0;0;561602,790999999970000;5385927,928999999500000;9,835948684000073;48,623385429000052
160046;08;1;17;025;2018;10;15;2;2;5;3;0;1;1;0;0;0;0;0;557881,721000000020000;5389539,923600000300000;9,785963588000072;48,656231943000080
160047;08;2;16;043;2018;10;12;5;3;6;4;0;0;1;1;0;0;0;0;441260,707799999970000;5411815,013299999800000;8,199214284000050;48,856519063000064
160048;08;1;16;019;2018;10;21;2;3;6;7;2;1;0;1;0;0;0;0;523295,452300000000000;5398038,217699999900000;9,316816369000037;48,734929260000058
160050;08;1;16;019;2018;10;16;2;3;5;3;0;1;1;0;0;0;0;0;521402,846299999980000;5401005,013100000100000;9,291231624000034;48,761686130000044
160055;08;1;11;000;2018;10;19;2;3;4;7;2;1;1;0;0;0;0;0;512603,772999999990000;5408801,417500000400000;9,171741367000038;48,832062124000061
160056;08;1;36;019;2018;10;08;5;2;1;7;1;0;1;1;0;0;1;1;581825,348600000030000;5424635,038700000400000;10,118031698000038;48,969207800000049
160059;08;1;11;000;2018;10;08;2;3;5;7;0;1;1;0;0;0;0;0;511483,368699999990000;5403023,816300000100000;9,156312972000023;48,780109208000056
160060;08;1;35;020;2018;10;15;5;2;6;4;0;0;1;1;0;0;0;0;586556,707000000050000;5386163,578700000400000;10,174558521000051;48,622549704000050
160062;08;1;16;019;2018;10;07;6;3;6;4;2;1;0;1;0;0;0;0;524942,140600000040000;5397364,800699999600000;9,339170059000026;48,728807536000033
160066;08;1;21;000;2018;10;16;5;3;6;7;0;1;0;1;0;0;0;0;516290,793000000010000;5443624,024700000000000;9,223376939000048;49,145225412000059
160067;08;4;37;053;2018;10;16;1;3;5;3;0;1;1;0;0;0;0;0;529700,611000000030000;5318469,990700000000000;9,398300820000031;48,018831307000028
160071;08;4;16;036;2018;10;12;1;3;0;1;0;0;1;1;0;0;0;0;494699,384800000000000;5367698,283200000400000;8,928298818000030;48,462396934000026
160072;08;3;36;050;2018;10;15;1;3;0;1;0;1;0;0;0;0;0;0;399784,215399999990000;5273727,523799999600000;7,666572219000045;47,609202366000034
160073;08;1;15;003;2018;10;08;5;3;8;1;1;1;0;0;0;0;0;0;500821,801700000010000;5391064,393699999900000;9,011162647000049;48,672627151000029
160074;08;3;35;075;2018;10;16;1;3;2;6;0;1;1;0;0;0;0;0;489066,320000000010000;5288387,626000000200000;8,854133870000055;47,748766912000065
160075;08;3;35;043;2018;10;17;1;3;5;3;0;1;1;0;0;0;0;0;512016,593200000000000;5280323,646400000000000;9,160090837000041;47,676191139000025
160080;08;2;15;105;2018;10;11;1;2;5;3;0;1;0;0;0;0;0;0;457199,246999999970000;5442201,048000000400000;8,413287324000066;49,131150520000062
160081;08;2;37;004;2018;10;17;1;3;9;7;0;1;0;0;0;0;0;0;453837,588400000010000;5371734,842000000200000;8,375136370000064;48,497037860000034
160088;08;4;21;000;2018;10;18;4;3;5;3;2;1;0;0;1;0;0;1;571374,767200000000000;5360580,003200000200000;9,964200230000074;48,394339399000046
160089;08;1;26;069;2018;10;15;1;2;5;3;0;1;0;0;0;0;1;0;535491,630200000010000;5447747,530000000300000;9,487012302000039;49,181507039000053
160090;08;1;21;000;2018;10;14;1;3;5;3;0;1;1;0;0;0;0;0;514258,236700000010000;5440842,308799999800000;9,195408636000025;49,120253439000066
160091;08;4;15;050;2018;10;08;4;3;0;1;0;1;0;0;0;0;0;0;520828,547299999980000;5377307,894600000200000;9,282224743000029;48,548525202000064
160094;08;1;18;048;2018;10;20;1;3;0;7;2;1;0;0;0;0;1;0;515607,786499999990000;5415390,176300000400000;9,212925624000036;48,891264848000048
160095;08;3;15;047;2018;10;07;4;3;5;3;2;1;1;0;0;0;0;0;415217,865300000000000;5321967,862099999600000;7,862436351000042;48,045360858000038
160097;08;1;16;049;2018;10;14;1;3;5;2;0;1;1;0;0;0;0;0;524606,011000000060000;5386129,501000000200000;9,333930634000069;48,627748504000067
160099;08;1;16;081;2018;10;16;1;3;1;5;0;1;1;0;0;0;0;0;515006,364400000020000;5385909,442800000300000;9,203646038000045;48,626072860000079
160101;08;1;16;077;2018;10;18;1;3;5;3;0;1;1;0;0;0;0;0;515801,340000000030000;5390425,440999999600000;9,214606602000060;48,666679688000045
160102;08;4;36;055;2018;10;07;7;3;5;3;1;1;1;0;0;0;0;0;576323,515000000010000;5297974,593000000300000;10,019835939000075;47,830588556000066
160103;08;2;22;000;2018;10;15;4;2;5;3;0;1;1;0;0;0;0;0;463918,917299999970000;5483158,555300000100000;8,501693853000063;49,499985779000042
160104;08;4;17;031;2018;10;14;7;3;5;3;0;1;1;0;0;0;0;0;497606,016899999990000;5353959,328400000000000;8,967695047000063;48,338811439000040
160107;08;2;26;018;2018;10;20;4;3;5;3;2;1;1;0;0;0;0;1;473434,908999999990000;5472367,360999999600000;8,633837038000024;49,403413373000035
160108;08;3;37;065;2018;10;19;7;3;5;2;2;1;1;0;0;0;0;0;448530,539400000010000;5275350,612400000000000;8,314908486000036;47,629511200000081
160109;08;3;36;091;2018;10;20;7;3;0;7;2;1;0;0;0;0;0;0;395649,956300000020000;5271390,689899999600000;7,612135975000058;47,587529618000076
160110;08;3;26;074;2018;10;11;7;3;6;4;0;0;1;1;0;0;0;0;459889,663300000010000;5322904,120699999900000;8,461689408000041;48,058155183000054
160111;08;3;11;000;2018;10;20;7;3;0;7;2;1;0;0;0;0;0;0;417580,184200000020000;5315144,930200000300000;7,895438313000057;47,984294686000055
160112;08;2;21;000;2018;10;19;4;3;1;2;2;1;1;0;0;0;0;1;476972,821000000000000;5475674,440999999600000;8,682409507000045;49,433304115000055
160115;08;2;21;000;2018;10;08;4;3;4;7;0;1;1;0;0;0;0;0;477690,415099999980000;5472522,913200000300000;8,692483580000044;49,404983412000036
160117;08;2;15;009;2018;10;10;4;3;5;3;0;1;0;0;0;0;1;0;470377,494300000020000;5442507,807300000500000;8,593906368000035;49,134686517000034
160118;08;1;35;019;2018;10;09;7;2;0;1;0;1;0;0;0;0;0;0;584773,395999999950000;5392789,808000000200000;10,151721245000033;48,682392514000071
160119;08;2;12;000;2018;10;08;4;3;5;2;0;1;1;0;0;0;0;0;454755,355300000000000;5428027,793899999900000;8,381373212000028;49,003487223000036
160121;08;1;36;019;2018;10;11;4;3;6;2;0;0;0;1;0;0;1;0;582471,673199999960000;5424536,560100000400000;10,126841099000046;48,968236175000072
160124;08;1;19;084;2018;10;10;7;3;6;4;0;0;1;1;0;0;0;0;546460,209200000040000;5413961,718899999700000;9,633642332000022;48,876870349000058
160125;08;1;35;019;2018;10;09;4;3;5;3;0;1;1;0;0;0;0;0;584152,758299999990000;5391471,132100000000000;10,143022705000021;48,670615886000064
160127;08;1;15;045;2018;10;15;6;3;5;3;0;1;1;0;0;0;0;0;501108,125200000010000;5394970,584599999700000;9,015062296000053;48,707767201000081
160128;08;4;25;072;2018;10;07;4;2;5;3;0;1;1;0;0;0;0;0;583019,857899999940000;5372046,157200000200000;10,123757532000070;48,496048976000054
160129;08;1;19;008;2018;10;22;7;3;0;4;2;0;0;1;0;0;1;0;532497,542400000030000;5419974,094899999900000;9,443699864000053;48,931843815000036
160131;08;1;16;015;2018;10;16;7;3;0;1;0;1;0;0;0;0;0;0;523415,314200000020000;5394488,724899999800000;9,318244964000030;48,702993820000074
160137;08;1;18;076;2018;10;07;4;3;4;6;1;1;1;0;0;0;0;0;501435,080599999990000;5426778,995500000200000;9,019617940000046;48,993910224000047
160140;08;4;36;081;2018;10;14;6;3;0;1;0;1;0;0;0;0;0;0;557174,557999999960000;5276483,651999999800000;9,761171482000066;47,639226532000066
160141;08;4;36;064;2018;10;16;6;3;5;3;0;1;1;0;0;0;0;0;545902,323600000000000;5293179,546600000000000;9,612871767000058;47,790339008000046
160142;08;4;35;059;2018;10;20;6;3;6;4;2;0;1;1;0;0;0;0;510588,677000000030000;5291480,462200000000000;9,141338820000044;47,776600567000060
160146;08;1;16;077;2018;10;13;4;3;1;5;0;1;1;0;0;0;0;0;516426,286100000030000;5388918,346400000200000;9,223034447000032;48,653105617000051
160147;08;4;16;023;2018;10;13;6;3;1;6;0;1;0;0;0;0;1;0;508294,822099999990000;5374577,785899999600000;9,112340258000074;48,524255293000067
160151;08;4;16;041;2018;10;17;6;2;6;7;0;0;1;1;0;0;0;0;504476,920800000020000;5373812,260499999900000;9,060624642000050;48,517407194000043
160154;08;3;36;094;2018;10;14;6;2;6;7;0;0;1;1;0;0;0;0;415760,559000000010000;5291684,489000000100000;7,875633219000065;47,773016017000032
160155;08;4;36;049;2018;10;06;3;2;5;2;2;1;0;0;0;0;0;0;579860,680000000050000;5285509,310600000400000;10,064799308000033;47,718021522000072
160157;08;4;35;059;2018;10;15;3;3;6;4;0;0;1;1;0;0;0;0;511808,987900000010000;5290437,802899999500000;9,157599257000072;47,767198014000030
160158;08;3;26;074;2018;10;23;6;3;6;4;2;0;1;1;0;0;0;0;465394,481499999990000;5323099,716799999600000;8,535549624000055;48,060237288000053
160161;08;4;21;000;2018;10;08;3;3;5;3;0;1;1;0;0;0;0;0;572950,979100000000000;5361295,094300000000000;9,985614256000076;48,400591411000050
160162;08;3;17;096;2018;10;15;6;3;6;4;0;0;1;1;0;0;0;0;422754,967699999980000;5370005,407200000200000;7,954773825000075;48,478429126000037
160164;08;3;17;096;2018;10;18;6;2;6;4;2;0;1;1;0;0;0;0;422734,401499999980000;5368861,941900000000000;7,954706899000030;48,468141193000065
160165;08;3;35;075;2018;10;13;3;3;5;3;0;1;1;0;0;0;0;0;488395,591200000020000;5290206,189600000200000;8,845137171000033;47,765117784000040
160167;08;3;17;096;2018;10;19;6;2;6;4;2;0;1;1;0;0;0;0;421267,685300000010000;5370237,877200000000000;7,934608749000063;48,480335664000052
160168;08;3;35;043;2018;10;17;3;3;5;3;0;1;0;0;1;0;0;0;513322,362499999990000;5279077,539300000300000;9,177448831000049;47,664953498000045
160169;08;3;16;009;2018;10;07;6;3;6;4;1;0;1;1;0;0;0;1;416802,342899999990000;5324661,006099999900000;7,883167964000052;48,069795235000072
160170;08;3;35;075;2018;10;13;3;3;5;3;0;1;1;0;0;0;0;0;489066,320000000010000;5288387,626000000200000;8,854133870000055;47,748766912000065
160171;08;3;16;042;2018;10;14;6;2;5;3;0;1;0;0;0;0;1;0;427845,044799999970000;5329285,791799999800000;8,030598095000073;48,112743770000066
160173;08;3;16;020;2018;10;18;6;3;4;2;1;1;1;0;0;0;0;0;408265,918400000020000;5337955,222900000400000;7,765740157000039;48,188204589000065
160174;08;3;15;006;2018;10;11;3;3;5;3;0;1;1;0;0;0;0;0;403078,308299999980000;5307666,752899999700000;7,702821665000045;47,914995805000046
160175;08;3;36;091;2018;10;13;3;3;6;7;0;1;0;1;0;0;0;0;396718,396400000030000;5272919,518899999600000;7,625982063000038;47,601452829000038
160176;08;3;11;000;2018;10;17;6;3;1;7;2;1;1;0;0;0;0;0;411837,758800000010000;5315499,747499999600000;7,818423868000025;47,986720645000048
160177;08;3;11;000;2018;10;16;3;2;0;7;0;0;0;1;0;0;1;0;410904,056999999970000;5316567,485799999900000;7,805691299000046;47,996195822000061
160178;08;3;11;000;2018;10;10;6;3;3;2;0;1;1;0;0;0;0;0;413417,366600000010000;5317240,873800000200000;7,839238430000023;48,002598476000060
160179;08;3;36;081;2018;10;06;6;3;3;6;2;1;1;0;0;0;0;0;410291,482299999970000;5277791,441300000100000;7,805511439000043;47,647300371000028
160180;08;3;11;000;2018;10;13;3;3;0;1;0;1;0;0;0;0;0;0;414536,189799999990000;5313158,800800000300000;7,855047142000046;47,966029117000062
160182;08;1;11;000;2018;10;16;6;2;6;4;0;1;0;1;0;0;0;0;510755,025800000000000;5406555,689799999800000;9,146491198000035;48,811894633000065
160183;08;3;11;000;2018;10;17;6;3;3;2;0;1;1;0;0;0;0;0;413149,446400000020000;5315620,527800000300000;7,835975271000052;47,987986574000047
160184;08;3;11;000;2018;10;17;3;3;0;7;0;1;1;0;0;0;0;0;411698,972599999980000;5321276,495799999700000;7,815374500000075;48,038664757000049
160187;08;2;12;000;2018;10;08;3;3;5;3;0;1;1;0;0;0;0;0;453133,024700000010000;5430176,946499999600000;8,358944456000074;49,022697864000065
160188;08;2;12;000;2018;10;13;6;3;5;3;0;1;1;0;0;0;0;0;454345,605900000020000;5429763,903599999800000;8,375575813000069;49,019073468000045
160189;08;2;31;000;2018;10;17;3;2;6;4;0;0;1;1;0;0;0;0;477236,895599999990000;5415439,855600000400000;8,689458099000035;48,891490200000078
160191;08;2;26;103;2018;10;15;6;3;0;3;0;1;1;0;0;0;0;0;473189,836000000010000;5456805,310999999800000;8,631505522000055;49,263423424000052
160192;08;2;36;074;2018;10;18;3;3;2;6;2;1;0;0;0;0;0;0;472664,470299999990000;5421654,952300000000000;8,626664364000021;48,947213582000074
160193;08;2;26;085;2018;10;11;6;3;5;3;0;1;1;0;0;0;0;0;493336,522999999990000;5454046,781000000400000;8,908458258000053;49,239161188000026
160195;08;2;26;041;2018;10;06;3;3;6;2;2;0;1;1;0;0;0;0;476903,227599999980000;5466371,727400000200000;8,681990313000028;49,349624825000035
160196;08;2;22;000;2018;10;17;6;3;0;7;0;1;1;0;0;0;0;0;462836,236199999980000;5480611,892300000400000;8,486981278000030;49,477014473000054
160197;08;2;22;000;2018;10;12;6;3;0;7;0;1;0;0;0;0;0;0;462007,860800000020000;5483017,168999999800000;8,475315497000054;49,498597397000026
160198;08;2;22;000;2018;10;13;3;3;0;5;0;1;1;0;0;0;0;0;461705,400299999980000;5483777,378300000000000;8,471064900000044;49,505416040000057
160200;08;2;22;000;2018;10;17;3;3;1;5;0;1;1;0;0;0;0;0;461816,785399999990000;5481071,967100000000000;8,472864704000074;49,481089342000075
160204;08;2;16;043;2018;10;08;3;3;5;3;1;1;0;0;0;0;1;0;442060,691600000020000;5411438,926599999900000;8,210172498000077;48,853211394000027
160205;08;2;16;043;2018;10;16;6;2;6;7;0;0;1;1;0;0;0;0;441638,577300000000000;5409948,886800000400000;8,204631123000070;48,839768942000035
160208;08;1;35;016;2018;10;07;3;3;4;2;1;1;1;0;0;0;0;0;590929,560000000060000;5385883,627000000300000;10,233821946000035;48,619411415000059
160209;08;2;15;007;2018;10;16;6;3;6;7;0;0;1;1;0;0;0;0;478770,771699999980000;5430839,417600000300000;8,709580268000025;49,030072375000032
160210;08;2;12;000;2018;10;08;6;3;5;3;0;1;1;0;0;0;0;0;452394,476800000000000;5427359,444000000100000;8,349173556000039;48,997297814000035
160211;08;1;25;065;2018;10;07;3;3;6;2;1;0;1;1;0;0;0;0;516321,970199999980000;5449027,258000000400000;9,224023619000036;49,193828193000058
160213;08;1;18;048;2018;10;16;3;3;5;3;0;1;0;0;0;0;0;0;514504,663200000010000;5415930,327499999700000;9,197895794000033;48,896150706000071
160216;08;1;19;091;2018;10;18;6;3;5;3;1;1;1;0;0;0;0;0;526772,497300000050000;5406603,358199999700000;9,364660571000059;48,811839754000061
160217;08;1;19;020;2018;10;13;6;3;3;2;0;1;1;0;0;0;0;0;519954,069499999980000;5407503,995299999600000;9,271833786000059;48,820198084000026
160222;08;1;16;033;2018;10;07;6;3;5;3;1;1;1;0;0;0;0;0;533117,844000000040000;5388204,190999999600000;9,449608162000061;48,646019397000032
160223;08;1;17;019;2018;10;17;3;3;6;4;0;0;1;1;0;0;0;0;552257,408999999990000;5394760,502999999600000;9,710258663000047;48,703689039000039
160224;08;1;16;035;2018;10;07;6;2;1;5;0;1;1;0;0;0;0;0;527021,242500000050000;5392217,639899999800000;9,367104739000070;48,682417543000042
160229;08;1;15;051;2018;10;17;6;3;5;3;0;1;1;0;0;0;0;0;502238,764399999990000;5384814,754300000100000;9,030375664000076;48,616400842000075
160231;08;1;11;000;2018;10;15;6;3;0;4;0;0;0;1;1;0;0;0;513567,584800000010000;5408609,899199999900000;9,184868039000037;48,830318945000045
160232;08;4;15;061;2018;10;17;2;2;6;4;2;0;1;1;0;0;0;0;515525,939499999980000;5370033,582499999600000;9,210104753000053;48,483236898000030
160233;08;3;36;081;2018;10;11;2;3;2;6;0;1;1;0;0;0;0;0;411037,273500000010000;5277879,994500000000000;7,815421599000047;47,648199928000054
160237;08;3;27;050;2018;10;09;2;2;6;4;0;0;0;1;0;0;1;0;485359,257600000010000;5314380,244300000400000;8,803797656000029;47,982557990000032
160238;08;3;17;096;2018;10;07;2;3;0;7;0;1;0;0;0;0;0;0;423800,789899999970000;5370592,834900000100000;7,968815657000050;48,483840652000026
160239;08;1;25;005;2018;10;06;3;2;5;3;2;1;1;0;0;0;0;1;515665,456100000010000;5451839,905399999600000;9,215122579000024;49,219145728000058
160244;08;2;12;000;2018;10;09;2;3;1;5;0;1;1;0;0;0;0;0;455619,311500000010000;5427050,824000000000000;8,393292073000055;48,994761996000079
160246;08;2;12;000;2018;10;09;2;2;6;2;0;0;1;1;0;0;0;0;455420,571200000010000;5427472,986300000000000;8,390529018000052;48,998545075000038
160250;08;2;21;000;2018;10;15;2;3;5;3;0;1;0;0;0;0;0;0;475933,726000000020000;5473313,275000000400000;8,668221798000047;49,412025646000075
160251;08;2;16;007;2018;10;16;2;3;1;5;0;1;0;0;0;0;1;0;435863,099600000020000;5394941,535199999800000;8,128270330000021;48,704209036000066
160252;08;2;15;066;2018;10;16;2;3;5;3;1;1;1;0;0;0;0;0;460557,936500000010000;5453354,649600000100000;8,458231921000049;49,231701164000071
160254;08;2;15;017;2018;10;15;2;2;5;3;0;1;1;0;0;0;0;1;456608,809499999970000;5421365,314199999900000;8,407424656000046;48,943690132000029
160255;08;3;36;050;2018;10;18;3;2;6;4;2;0;1;1;0;0;0;1;399424,367000000030000;5273722,284000000000000;7,661786779000067;47,609099484000069
160258;08;1;15;028;2018;10;07;2;3;5;3;0;1;1;0;0;0;0;0;500404,563800000000000;5404332,390399999900000;9,005508269000075;48,791986941000062
160259;08;3;17;065;2018;11;16;1;3;0;7;0;1;0;0;0;0;0;0;416475,324000000020000;5354614,666000000200000;7,872882329000049;48,339189601000044
160261;08;3;15;073;2018;11;12;1;3;4;6;0;1;1;0;0;0;0;0;412160,828199999990000;5313840,066800000100000;7,823092199000030;47,971835741000064
160264;08;2;12;000;2018;11;16;1;3;0;7;0;1;0;0;0;0;0;0;453535,980099999990000;5429213,416299999700000;8,364566141000069;49,014061364000042
160265;08;1;11;000;2018;10;10;2;2;5;3;0;1;1;0;0;0;0;0;512230,862000000020000;5402376,689000000200000;9,166468646000055;48,774273449000077
160266;08;2;12;000;2018;11;19;1;3;5;2;2;1;1;0;0;0;0;0;454189,162100000020000;5428603,359899999600000;8,373567234000063;49,008622714000069
160271;08;4;26;021;2018;11;18;7;3;0;3;2;1;1;0;0;0;0;0;559566,643000000040000;5326093,801799999500000;9,799851245000070;48,085330234000025
160273;08;4;16;041;2018;11;08;7;3;3;5;0;1;1;0;0;0;0;0;504212,552900000010000;5373785,705299999600000;9,057044413000028;48,517170123000028
160277;08;4;25;039;2018;10;19;1;3;6;4;2;0;1;1;0;0;0;1;565735,843699999970000;5353500,770399999800000;9,886927699000069;48,331271030000039
160278;08;3;17;096;2018;11;19;7;3;0;7;2;1;0;0;0;0;0;0;424741,965199999980000;5370124,378499999600000;7,981634594000070;48,479740277000076
160279;08;2;12;000;2018;10;09;3;2;5;3;0;1;0;0;0;0;0;1;456653,245400000010000;5428084,759499999700000;8,407315361000030;49,004135842000039
160281;08;3;11;000;2018;11;12;7;2;5;3;0;1;0;0;0;0;1;0;413093,040600000010000;5317208,849499999500000;7,834897802000057;48,002266394000060
160283;08;2;26;082;2018;11;19;7;3;0;1;2;1;0;0;0;0;0;0;475203,344700000020000;5479718,927699999900000;8,657752175000042;49,469613665000054
160285;08;2;22;000;2018;11;18;7;3;6;4;2;0;1;1;0;0;0;0;462120,348200000010000;5484106,186700000400000;8,476764476000028;49,508399550000036
160286;08;2;21;000;2018;11;14;7;3;1;2;0;1;1;0;0;0;0;0;477097,041099999970000;5468928,410299999600000;8,684511721000035;49,372629280000069
160290;08;2;12;000;2018;11;16;7;2;1;5;0;1;1;0;0;0;0;0;456527,816400000010000;5427854,219600000400000;8,405625134000047;49,002053285000045
160294;08;1;18;080;2018;10;06;3;3;5;2;0;1;0;0;0;0;1;0;508876,722400000030000;5408273,070899999700000;9,120944582000050;48,827373658000056
160299;08;1;17;026;2018;11;15;7;3;5;3;0;1;1;0;0;0;0;0;548054,341999999950000;5394391,628999999700000;9,653093620000050;48,700708818000066
160303;08;2;16;049;2018;10;18;1;3;6;4;2;0;1;1;0;0;0;0;438871,009000000020000;5401501,678000000300000;8,168175370000029;48,763520132000053
160305;08;1;15;051;2018;11;10;7;3;6;4;0;0;1;1;0;0;0;0;504567,276000000010000;5385384,127999999600000;9,061975278000034;48,621510381000064
160307;08;1;11;000;2018;10;07;3;3;5;3;1;1;1;0;0;0;0;0;517043,263199999990000;5410398,498499999800000;9,232300666000072;48,846323151000036
160314;08;4;15;093;2018;11;15;6;3;1;3;0;1;1;0;0;0;0;0;525319,574200000030000;5367047,471300000300000;9,342454305000047;48,456054764000044
160317;08;3;17;057;2018;11;11;6;2;0;7;0;1;0;0;0;0;0;0;412413,659999999970000;5380440,675499999900000;7,812679654000021;48,570932798000058
160318;08;1;11;000;2018;10;02;1;3;6;4;2;0;1;1;0;0;0;1;512768,207999999980000;5402425,340300000300000;9,173783692000029;48,774700318000043
160319;08;3;17;114;2018;11;08;6;2;4;6;0;1;0;0;1;0;0;1;404747,970399999990000;5346809,224299999900000;7,716428919000066;48,267324665000046
160322;08;3;11;000;2018;11;06;6;3;0;1;1;1;0;0;0;0;0;1;414518,876999999980000;5316935,637500000200000;7,854063461000067;48,000001013000031
160323;08;2;12;000;2018;11;19;6;3;5;3;2;1;1;0;0;0;0;0;457392,063000000020000;5428644,147099999700000;8,417358034000074;49,009219058000042
160324;08;2;35;046;2018;11;17;6;3;6;4;1;0;1;1;0;0;0;0;479996,471800000000000;5376923,379599999600000;8,728972523000039;48,545092877000059
160326;08;2;36;011;2018;11;17;6;3;6;7;0;0;1;1;0;0;0;0;476261,721000000020000;5421113,399000000200000;8,675824570000032;48,942490551000049
160329;08;2;36;040;2018;11;11;6;3;6;6;0;0;1;1;0;0;0;0;492366,309000000010000;5420858,456000000200000;8,895756543000061;48,940605582000046