OBJECTID_1;ULAND;UREGBEZ;UKREIS;UGEMEINDE;UJAHR;UMONAT;USTUNDE;UWOCHENTAG;UKATEGORIE;UART;UTYP1;ULICHTVERH;IstRad;IstPKW;IstFuss;IstKrad;IstGkfz;IstSonstig;STRZUSTAND;LINREFX;LINREFY;XGCSWGS84;YGCSWGS84
160330;08;2;26;096;2018;11;09;6;3;6;4;0;0;1;1;0;0;0;0;476079,392799999970000;5489646,345099999600000;8,669241731000057;49,558942571000046
160331;08;3;17;005;2018;10;20;7;3;0;7;2;1;0;0;0;0;0;0;423946,643700000020000;5377106,834800000300000;7,969601625000053;48,542451260000064
160332;08;2;26;063;2018;11;10;6;2;5;3;0;1;1;0;0;0;0;0;470685,997700000010000;5471360,758200000000000;8,596022324000046;49,394233021000048
160333;08;2;22;000;2018;11;17;6;3;6;2;2;0;1;1;0;0;0;0;461255,271200000020000;5481951,421699999800000;8,465026936000072;49,488963982000030
160334;08;3;17;001;2018;10;21;7;3;6;7;2;0;1;1;0;0;0;1;431442,989000000000000;5386584,760900000100000;8,069586394000055;48,628570089000050
160336;08;1;36;088;2018;10;10;3;3;6;7;0;0;0;1;0;0;1;0;580313,594599999950000;5410048,797899999700000;10,094510693000075;48,838215725000055
160338;08;2;21;000;2018;11;18;6;3;6;4;2;1;0;1;0;0;0;0;477181,830499999980000;5472644,480600000400000;8,685466350000070;49,406058036000047
160340;08;2;21;000;2018;10;16;3;3;5;3;1;1;1;0;0;0;0;1;477333,342100000010000;5473908,407200000200000;8,687482640000042;49,417432513000051
160341;08;3;11;000;2018;10;03;7;2;0;1;2;1;0;0;0;0;0;1;414441,926700000010000;5316735,353799999700000;7,853072038000050;47,998189090000039
160342;08;2;16;015;2018;11;10;6;3;5;3;0;1;1;0;0;0;0;0;449962,128900000010000;5405882,944899999500000;8,318554188000064;48,803921492000029
160343;08;3;11;000;2018;10;06;7;3;6;1;2;0;1;1;0;0;0;1;411227,119200000020000;5315513,137400000400000;7,810238950000041;47,986756624000066
160344;08;2;15;009;2018;11;10;6;3;5;3;0;1;1;0;0;0;0;0;469032,354700000030000;5440548,010599999700000;8,575616899000067;49,116991479000035
160345;08;2;12;000;2018;10;15;7;3;6;4;0;0;1;1;0;0;0;0;455634,758199999980000;5428685,433500000300000;8,393324651000057;49,009466595000049
160346;08;2;15;108;2018;11;16;6;3;5;3;0;1;1;0;0;0;0;0;447445,907100000010000;5423736,400500000500000;8,281994088000033;48,964307330000054
160349;08;2;11;000;2018;11;11;6;3;0;7;0;1;1;0;0;0;0;0;441869,848000000000000;5403429,110999999600000;8,208706067000037;48,781144908000044
160350;08;1;15;028;2018;10;08;3;3;4;6;0;1;1;0;0;0;0;0;497107,393500000010000;5404172,544700000400000;8,960617342000035;48,790542382000069
160357;08;1;21;000;2018;11;17;6;2;6;4;2;0;0;1;0;0;1;0;512579,792100000020000;5447805,443400000200000;9,172623216000034;49,182925832000080
160358;08;2;26;032;2018;10;08;7;2;5;3;0;1;1;0;0;0;0;0;466368,940100000010000;5464196,992300000000000;8,537135857000067;49,329573527000036
160359;08;1;21;000;2018;11;11;6;3;5;3;0;1;1;0;0;0;0;0;515564,894299999990000;5443197,220400000000000;9,213407111000038;49,141404993000037
160361;08;2;25;109;2018;10;00;7;2;8;1;2;1;0;0;0;0;0;1;527157,029699999960000;5491742,868900000100000;9,375653089000025;49,577663275000077
160363;08;4;36;064;2018;10;13;2;3;6;4;0;0;1;1;0;0;0;0;545461,254900000060000;5291873,495799999700000;9,606846330000053;47,778619732000038
160364;08;2;22;000;2018;10;14;7;3;5;3;0;1;1;0;0;0;0;0;466016,577500000010000;5477276,596699999600000;8,531168266000066;49,447201223000036
160365;08;1;17;026;2018;11;10;6;3;6;4;0;0;1;1;0;0;0;0;548000,463899999970000;5394780,340900000200000;9,652406619000033;48,704209624000043
160366;08;2;22;000;2018;10;00;7;3;5;3;2;1;1;0;0;0;0;0;461386,762099999990000;5481880,528800000400000;8,466849357000058;49,488334720000069
160368;08;1;15;003;2018;10;17;7;2;6;4;1;0;1;1;0;0;0;1;500451,369100000010000;5391578,238800000400000;9,006131570000036;48,677250144000027
160373;08;1;21;000;2018;10;20;7;3;6;7;2;0;1;1;0;0;0;0;516446,209399999990000;5442269,581600000200000;9,225452699000073;49,133037609000041
160376;08;1;16;033;2018;10;14;7;3;0;7;0;0;1;1;0;0;0;0;534486,696600000020000;5387285,170900000300000;9,468114572000047;48,637677969000038
160377;08;4;21;000;2018;11;04;5;3;5;3;2;1;1;0;0;0;0;0;572974,123999999950000;5360926,656999999700000;9,985862865000058;48,397274555000081
160384;08;1;15;015;2018;10;14;7;3;5;3;0;1;1;0;0;0;0;0;492917,523200000000000;5387195,190000000400000;8,903864007000038;48,637779607000027
160389;08;4;35;016;2018;11;12;5;2;0;1;0;1;0;0;0;0;0;0;536735,697399999950000;5279484,967899999600000;9,489331865000054;47,667713197000069
160390;08;3;17;057;2018;11;21;5;2;0;7;2;1;0;0;0;0;0;1;412724,989400000020000;5380462,156600000300000;7,816894588000025;48,571169444000077
160391;08;3;11;000;2018;11;20;5;2;5;3;2;1;1;0;0;0;0;1;412804,749599999980000;5316744,684899999800000;7,831128047000050;47,998051828000030
160393;08;2;37;028;2018;11;20;5;2;6;4;2;0;1;1;0;0;0;1;456631,102000000010000;5367519,625000000000000;8,413385166000069;48,459316977000071
160395;08;4;21;000;2018;10;20;6;3;1;7;2;1;1;0;0;0;0;0;573358,227599999980000;5361442,581500000300000;9,991141365000033;48,401870829000075
160396;08;1;35;025;2018;11;13;5;3;5;2;0;1;1;0;0;0;0;0;583252,127499999940000;5398639,480899999800000;10,132237643000053;48,735211069000059
160399;08;1;18;049;2018;11;19;5;3;6;7;2;0;1;1;0;0;0;0;518915,364799999980000;5420928,693099999800000;9,258304813000052;48,940995302000033
160402;08;4;16;036;2018;10;19;6;2;0;7;2;1;0;0;0;0;0;0;495031,240500000010000;5374930,038400000000000;8,932701763000068;48,527459426000064
160404;08;1;15;028;2018;11;12;5;3;5;3;0;1;1;0;0;0;0;0;500227,903999999980000;5404081,660000000100000;9,003102849000072;48,789731474000064
160405;08;4;15;061;2018;10;17;6;3;5;3;0;1;1;0;0;0;0;0;514622,896499999970000;5371694,698599999800000;9,197942559000069;48,498202557000070
160407;08;1;11;000;2018;10;16;3;2;5;3;0;1;1;0;0;0;0;0;517298,732699999990000;5403959,707600000300000;9,235511204000034;48,788393835000079
160412;08;1;18;073;2018;10;19;3;3;6;7;2;1;0;1;0;0;0;0;497302,452999999980000;5419374,646999999900000;8,963172877000034;48,927298876000066
160413;08;3;35;043;2018;10;17;6;3;4;6;1;1;1;0;0;0;0;0;513092,324599999990000;5279842,451700000100000;9,174407755000061;47,671840623000037
160414;08;1;11;000;2018;11;20;5;3;6;2;2;0;1;1;0;0;0;1;512767,825000000010000;5407357,540000000000000;9,173931804000063;48,819069869000032
160415;08;3;35;043;2018;10;06;6;2;5;3;2;1;0;0;0;0;1;0;513215,793200000010000;5279785,500000000000000;9,176050795000037;47,671325679000063
160416;08;4;37;104;2018;10;12;4;3;6;4;0;0;1;1;0;0;0;0;516009,960499999990000;5325974,631099999900000;9,214984766000043;48,086840686000073
160417;08;3;26;074;2018;10;15;6;3;0;1;0;1;0;0;0;0;0;0;468566,298100000010000;5322213,999099999700000;8,578183303000060;48,052432800000076
160418;08;4;37;104;2018;10;21;4;3;0;1;2;1;0;0;0;0;0;0;516694,131999999980000;5325457,684100000200000;9,224151670000026;48,082172167000067
160419;08;4;36;082;2018;10;08;4;3;5;3;0;1;0;0;0;0;0;0;548337,206600000030000;5295046,843100000200000;9,645587491000072;47,806960776000039
160420;08;3;26;003;2018;10;16;6;3;0;1;0;1;0;0;0;0;0;0;464968,267200000000000;5318739,136599999900000;8,530186331000039;48,020982667000055
160424;08;3;17;065;2018;10;13;6;3;6;4;0;0;1;1;0;0;0;0;416121,200699999990000;5354633,962100000100000;7,868100762000040;48,339316249000035
160425;08;4;15;061;2018;10;01;4;2;6;4;2;0;0;1;0;0;1;0;513312,883199999980000;5372481,694500000200000;9,180234784000049;48,505311778000078
160426;08;3;11;000;2018;10;14;6;3;5;3;0;1;1;0;0;0;0;0;414588,547399999980000;5318250,610999999600000;7,854735388000051;48,011839010000074
160427;08;3;11;000;2018;10;23;6;3;0;1;2;1;0;0;0;0;0;0;415093,200200000020000;5315925,168399999800000;7,861961023000049;47,990987961000030
160428;08;4;15;059;2018;10;17;4;3;0;1;1;1;0;0;0;0;0;0;516813,109699999970000;5368810,493200000400000;9,227474046000054;48,472200426000029
160430;08;3;36;008;2018;10;14;4;3;3;6;0;1;1;0;0;0;0;0;395940,115999999980000;5276377,291899999600000;7,614809846000071;47,632431577000034
160431;08;3;35;066;2018;10;14;4;3;5;3;0;1;1;0;0;0;0;0;509201,370999999980000;5282359,015999999800000;9,122628109000061;47,694550906000075
160432;08;3;36;050;2018;10;15;6;3;2;6;0;1;1;0;0;0;0;0;401777,335000000020000;5276474,630699999600000;7,692468483000027;47,634218956000041
160436;08;2;35;046;2018;10;20;6;3;0;2;2;1;1;0;0;0;0;0;479847,693800000010000;5376916,163999999900000;8,726957105000054;48,545023201000049
160439;08;2;31;000;2018;10;16;6;3;6;4;0;0;1;1;0;0;0;0;477170,179400000020000;5415783,856800000200000;8,688528726000072;48,894582261000039
160440;08;2;12;000;2018;10;17;4;2;0;3;1;1;1;0;0;0;0;0;455868,853300000020000;5427574,269700000100000;8,396646378000071;48,999488341000074
160443;08;2;35;079;2018;10;16;4;3;8;1;0;1;0;0;0;0;0;1;466256,748399999980000;5398769,093100000200000;8,541038531000027;48,741025782000065
160444;08;2;31;000;2018;10;21;4;3;6;4;2;0;1;1;0;0;0;0;478667,837200000010000;5416246,225100000400000;8,708937103000039;48,898794946000066
160445;08;3;36;050;2018;10;11;3;3;5;3;0;1;1;0;0;0;0;0;401591,273899999970000;5276342,671799999700000;7,690021993000073;47,633003679000069
160446;08;2;21;000;2018;10;14;6;3;6;7;0;0;1;1;0;0;0;0;475669,201400000020000;5474157,669400000000000;8,664523358000054;49,419610294000051
160448;08;2;22;000;2018;10;17;4;3;4;6;2;1;1;0;0;0;0;0;462184,358400000030000;5481675,762500000200000;8,477881235000041;49,486543183000038
160449;08;2;15;084;2018;10;06;6;3;6;4;2;0;1;1;0;0;0;0;472046,456699999980000;5447006,757700000000000;8,616473239000072;49,175233553000055
160450;08;2;21;000;2018;10;18;4;3;1;6;1;1;0;0;0;0;0;0;476974,844900000030000;5472417,695899999700000;8,682626382000024;49,404010346000064
160451;08;2;21;000;2018;10;15;4;3;3;5;0;1;1;0;0;0;0;0;476953,496199999990000;5472843,717699999900000;8,682307397000045;49,407841537000081
160453;08;2;21;000;2018;10;17;4;3;0;4;1;1;0;1;0;0;0;0;478523,360099999990000;5473021,045599999800000;8,703937829000040;49,409494007000035
160454;08;1;36;065;2018;10;17;3;3;6;4;2;0;1;1;0;0;0;1;558620,672200000030000;5405067,895499999600000;9,798204226000053;48,795839864000072
160456;08;2;26;085;2018;10;14;4;2;1;7;0;1;1;0;0;0;0;0;491097,195899999990000;5455509,363099999700000;8,877662319000024;49,252288950000036
160457;08;2;12;000;2018;10;11;6;3;5;3;0;1;1;0;0;0;0;0;452332,133199999980000;5426763,420300000300000;8,348391231000051;48,991931745000045
160458;08;2;16;043;2018;10;08;4;3;1;5;0;1;1;0;0;0;0;0;442954,695400000030000;5413415,401700000300000;8,222082861000047;48,871072629000025
160459;08;2;12;000;2018;10;04;6;3;5;3;2;1;0;0;0;0;1;0;454253,618399999980000;5428582,787600000400000;8,374450894000063;49,008442447000050
160460;08;2;15;009;2018;10;12;4;3;5;3;0;1;1;0;0;0;0;0;470283,896300000020000;5441821,599000000400000;8,592673845000036;49,128509427000040
160461;08;2;12;000;2018;10;18;6;3;6;4;0;1;0;1;0;0;0;0;456337,976599999990000;5428056,598799999800000;8,403007931000047;49,003860311000039
160463;08;2;12;000;2018;10;15;6;2;0;1;0;1;0;0;0;0;0;0;456493,224800000030000;5424905,448900000200000;8,405467880000060;48,975526216000048
160464;08;1;28;007;2018;10;12;4;3;5;2;0;1;1;0;0;0;0;0;555865,401700000050000;5482564,274600000100000;9,771436582000035;49,493141331000061
160465;08;1;21;000;2018;10;13;4;3;6;4;0;0;1;1;0;0;0;0;516199,429599999970000;5443097,141499999900000;9,222103006000054;49,140488343000072
160466;08;2;12;000;2018;10;12;6;3;4;6;0;1;1;0;0;0;0;0;461212,006600000020000;5427710,014600000300000;8,469680606000054;49,001068261000057
160468;08;1;16;019;2018;10;11;3;3;5;3;0;1;1;0;0;0;0;1;522441,657599999980000;5398454,999900000200000;9,305227700000046;48,738709930000027
160470;08;1;19;008;2018;10;21;4;3;6;7;2;0;1;1;0;0;0;0;531448,630499999970000;5421345,269299999800000;9,429484955000021;48,944232361000047
160472;08;1;18;048;2018;10;13;4;3;0;7;0;1;0;0;0;0;1;0;513850,678699999990000;5415595,631799999600000;9,188961797000047;48,893154839000033
160473;08;1;16;033;2018;10;17;4;3;5;3;2;1;1;0;0;0;0;0;533130,244799999990000;5388217,295400000200000;9,449777558000051;48,646136625000054
160474;08;1;15;044;2018;10;20;4;3;6;4;2;1;0;1;0;0;0;0;504378,046199999980000;5390253,780399999600000;9,059459013000037;48,665319960000033
160475;08;1;28;014;2018;10;16;6;2;5;2;0;1;1;0;0;0;0;0;546580,180700000030000;5481392,520100000300000;9,643089701000065;49,483386172000053
160481;08;1;11;000;2018;10;06;3;3;5;3;1;1;1;0;0;0;0;1;511362,908400000010000;5409178,833700000300000;9,154843645000028;48,835481249000054
160484;08;1;17;026;2018;10;16;6;2;6;4;0;0;0;1;1;0;0;0;548008,254700000050000;5395394,275200000000000;9,652583908000054;48,709731665000049
160485;08;1;16;071;2018;10;13;6;3;0;3;0;1;0;0;0;0;1;0;528120,438199999980000;5391224,711100000000000;9,381970295000031;48,673436681000055
160486;08;3;35;043;2018;10;13;3;3;5;3;0;1;1;0;0;0;0;0;513994,960100000030000;5280230,034300000400000;9,186444458000040;47,675309050000067
160488;08;3;11;000;2018;11;08;5;3;5;3;0;1;1;0;0;0;0;1;414450,545400000000000;5318019,349899999800000;7,852931471000034;48,009740271000055
160489;08;2;15;082;2018;11;06;5;2;6;4;2;0;1;1;0;0;0;1;489730,283200000010000;5438495,079800000400000;8,859313396000061;49,099218712000038
160491;08;2;26;095;2018;11;08;5;3;5;3;0;1;1;0;0;0;0;1;474845,330100000020000;5459899,170099999800000;8,654064564000066;49,291323071000079
160495;08;2;22;000;2018;11;07;5;3;6;7;0;1;0;1;0;0;0;1;462226,170999999970000;5481011,472600000000000;8,478521974000046;49,480570841000031
160497;08;2;22;000;2018;11;16;5;3;5;3;0;1;1;0;0;0;0;0;464803,986700000010000;5477633,590499999900000;8,514408397000068;49,450343215000032
160502;08;2;12;000;2018;11;17;5;3;0;7;2;1;0;0;0;0;0;0;455214,063499999990000;5428121,834200000400000;8,387634348000063;49,004366579000077
160507;08;1;27;014;2018;11;10;5;3;6;6;0;0;1;1;0;0;0;0;579119,750000000000000;5443658,366999999600000;10,084787376000065;49,140654445000052
160508;08;4;15;061;2018;11;13;1;3;1;5;0;1;1;0;0;0;0;1;514711,230199999990000;5370007,764899999800000;9,199078863000068;48,483024229000080
160511;08;1;21;000;2018;11;16;5;3;5;3;1;1;1;0;0;0;0;0;514333,833199999990000;5441010,397199999500000;9,196450649000042;49,121763699000041
160515;08;3;36;014;2018;11;14;1;2;0;7;0;1;0;0;0;0;0;1;392215,147999999990000;5277936,234100000000000;7,564856768000027;47,645844829000055
160516;08;1;11;000;2018;11;08;5;2;6;3;0;0;1;1;0;0;0;0;515383,499100000020000;5403859,647800000400000;9,209432968000044;48,787544036000043
160517;08;3;35;063;2018;11;15;1;3;0;1;0;1;0;0;0;0;0;0;497300,410199999980000;5287513,159000000000000;8,963990166000031;47,740985861000070
160519;08;3;35;043;2018;11;00;1;3;0;7;2;1;0;0;0;0;0;0;513733,231600000000000;5279702,757600000100000;9,182941080000035;47,670570408000060
160520;08;1;11;000;2018;11;17;5;3;5;2;2;1;1;0;0;0;0;0;518202,011000000000000;5406969,270700000200000;9,247942057000046;48,815441609000061
160521;08;3;17;096;2018;11;01;1;3;0;7;2;1;0;0;0;0;0;0;422848,227100000020000;5373973,678100000100000;7,955302343000028;48,514134820000038
160523;08;3;11;000;2018;11;17;1;3;5;3;0;1;1;0;0;0;0;1;410070,459299999990000;5314841,997299999900000;7,794881121000060;47,980557979000025
160524;08;2;12;000;2018;11;16;1;3;0;2;0;1;1;0;0;0;0;0;454118,120700000030000;5428859,294700000400000;8,372566923000022;49,010919586000057
160528;08;4;36;082;2018;11;07;4;3;5;3;0;1;1;0;0;0;0;0;546621,946600000020000;5294169,105800000000000;9,622585684000057;47,799190351000050
160529;08;2;22;000;2018;11;20;1;3;5;2;2;1;1;0;0;0;0;0;462615,346299999980000;5482871,190800000000000;8,483718532000069;49,497322144000066
160530;08;4;26;019;2018;11;05;4;1;2;6;2;1;1;0;0;0;0;0;581152,692000000040000;5323036,168100000400000;10,089077572000065;48,055442584000048
160533;08;4;25;072;2018;11;14;4;3;0;2;0;1;1;0;0;0;0;0;582769,520900000000000;5372342,053100000100000;10,120428299000025;48,498743494000053
160534;08;2;21;000;2018;11;18;1;3;6;7;2;0;1;1;0;0;0;0;476442,902799999980000;5472293,130300000300000;8,675301721000039;49,402869541000030
160535;08;4;17;002;2018;11;10;4;3;3;6;0;1;1;0;0;0;0;0;488972,423799999990000;5346951,218000000300000;8,851374806000024;48,275670041000069
160538;08;4;15;061;2018;11;15;4;3;5;3;0;1;1;0;0;0;0;0;515388,786399999980000;5371232,707299999900000;9,208292917000051;48,494028028000059
160539;08;2;16;043;2018;11;15;1;1;6;4;0;0;1;1;0;0;0;0;442063,890900000000000;5412637,897699999600000;8,210046408000039;48,863996416000077
160543;08;1;19;061;2018;11;13;1;3;9;1;0;1;0;0;0;0;0;1;536667,615100000050000;5413970,316100000400000;9,500093942000035;48,877604222000059
160545;08;3;17;057;2018;11;07;4;2;1;5;0;1;1;0;0;0;0;0;413728,341100000020000;5379983,488699999600000;7,830592403000026;48,567003042000067
160547;08;3;17;116;2018;11;07;4;3;5;3;1;1;1;0;0;0;0;0;432582,127099999980000;5387693,347600000000000;8,084863664000068;48,638665714000069
160548;08;1;18;078;2018;11;16;1;3;0;7;0;1;0;0;0;0;0;1;513661,846900000000000;5420735,089200000300000;9,186557703000062;48,939392049000048
160549;08;1;18;048;2018;11;15;1;3;0;7;0;1;0;0;0;0;0;0;513544,853799999980000;5414897,342500000300000;9,184766370000034;48,886879970000052
160550;08;3;15;006;2018;11;15;4;3;3;2;0;1;0;0;0;0;0;0;403040,248299999980000;5307742,784000000000000;7,702295310000068;47,915673951000031
160552;08;3;15;006;2018;11;07;4;3;5;3;0;1;1;0;0;0;0;0;401939,357200000030000;5310504,801500000100000;7,686936214000070;47,940350694000074
160553;08;1;11;000;2018;11;11;1;3;0;7;0;1;1;0;0;0;0;1;513942,542599999990000;5402640,252500000400000;9,189774356000044;48,776608442000054
160554;08;3;11;000;2018;11;18;4;3;4;6;2;1;1;0;0;0;0;0;413847,728699999980000;5315620,594499999700000;7,845332092000035;47,988081622000038
160555;08;3;36;069;2018;11;23;4;3;6;2;2;0;1;1;0;0;0;1;408977,602799999990000;5268034,814000000200000;7,790046689000064;47,559348247000059
160556;08;4;21;000;2018;11;11;7;3;6;4;0;1;0;1;0;0;0;0;573720,104999999980000;5361347,967000000200000;9,996013298000037;48,400977535000038
160557;08;3;11;000;2018;11;14;4;2;6;4;0;0;1;1;0;0;0;0;414600,315500000030000;5317818,556800000400000;7,854979196000045;48,007954094000070
160565;08;2;36;004;2018;11;21;4;3;1;7;2;0;1;1;1;0;0;0;473431,535800000010000;5413451,288400000000000;8,637674356000048;48,873450324000032
160566;08;4;15;085;2018;11;09;7;3;0;1;0;1;0;0;0;0;0;0;534582,951499999970000;5342122,253899999900000;9,465693119000036;48,231377835000046
160568;08;2;26;085;2018;11;06;4;3;6;5;2;0;1;1;0;0;0;0;490342,733699999980000;5455424,685200000200000;8,867296963000058;49,251515812000036
160569;08;2;26;049;2018;11;20;4;3;9;1;2;1;0;0;0;0;0;0;486627,544899999980000;5462772,680400000000000;8,816000041000052;49,317542028000048
160571;08;2;22;000;2018;11;16;4;3;5;3;0;1;1;0;0;0;0;0;462632,331999999990000;5482950,197300000100000;8,483945622000022;49,498033813000063
160572;08;3;36;103;2018;11;00;7;3;0;1;2;0;0;1;1;0;0;0;413356,329900000010000;5283598,976099999600000;7,845159623000029;47,699961798000061
160574;08;2;22;000;2018;11;17;4;3;5;3;2;1;1;0;0;0;0;0;462830,525399999980000;5479074,431400000100000;8,487046865000025;49,463185401000032
160576;08;3;11;000;2018;11;18;7;3;3;2;2;1;1;0;0;0;0;1;414080,053499999980000;5317555,070399999600000;7,848057875000052;48,005514207000033
160578;08;2;21;000;2018;11;07;4;3;5;3;0;1;0;0;0;0;1;1;473946,611600000000000;5473104,997999999700000;8,640841606000038;49,410070393000069
160579;08;3;11;000;2018;11;11;7;3;0;2;0;1;1;0;0;0;0;0;417371,138500000000000;5315030,568900000300000;7,892659302000027;47,983238974000074
160581;08;2;35;085;2018;11;11;7;3;6;7;0;0;1;1;0;0;0;0;480654,634499999990000;5395995,834200000400000;8,736999681000043;48,716691250000054
160582;08;2;15;066;2018;11;11;4;2;6;7;0;0;0;1;0;0;1;0;460201,913200000010000;5453735,643799999700000;8,453304073000027;49,235105109000074
160583;08;2;15;009;2018;11;10;4;2;0;1;0;1;0;0;0;0;0;0;470729,539600000020000;5440895,513299999800000;8,598849434000044;49,120200489000069
160584;08;2;36;076;2018;11;14;7;3;5;3;0;1;1;0;0;0;0;0;471586,273999999980000;5423479,250000000000000;8,611811908000050;48,963575417000072
160585;08;2;12;000;2018;11;15;4;3;0;7;0;1;0;0;0;0;0;0;457970,661499999990000;5428959,863300000300000;8,425236965000067;49,012098651000031
160586;08;2;11;000;2018;11;17;4;3;0;7;2;1;0;0;0;0;0;0;442956,104999999980000;5402321,941999999800000;8,223644851000074;48,771286330000066
160587;08;2;21;000;2018;11;17;7;3;5;3;2;1;1;0;0;0;0;0;476460,375300000010000;5473376,683500000300000;8,675478313000042;49,412616598000056
160589;08;1;25;005;2018;11;07;4;3;3;6;0;1;1;0;0;0;0;0;515364,826100000010000;5452948,876699999900000;9,211036747000037;49,229128766000031
160592;08;1;19;079;2018;11;15;4;3;5;3;0;1;1;0;0;0;0;0;523132,890699999990000;5408697,150500000500000;9,315205457000047;48,830821168000057
160593;08;1;19;075;2018;11;09;4;3;0;1;0;1;0;0;0;0;0;0;536664,774500000060000;5427842,104899999700000;9,501303324000048;49,002386218000026
160596;08;1;35;020;2018;11;14;7;3;5;3;0;1;1;0;0;0;0;0;587170,655000000030000;5385718,949000000000000;10,182794385000022;48,618465319000052
160598;08;1;18;079;2018;11;15;4;2;5;3;0;1;0;0;0;0;0;0;508752,976000000020000;5423022,904600000000000;9,119574572000033;48,960061432000032
160599;08;1;18;079;2018;11;17;4;2;0;1;2;1;0;0;0;0;0;0;507585,052000000030000;5424026,002200000000000;9,103638267000065;48,969100389000062
160600;08;1;19;090;2018;11;11;7;3;3;6;0;1;0;0;0;0;1;0;530992,104999999980000;5406778,473799999800000;9,422146353000073;48,813218900000038
160601;08;1;17;026;2018;11;00;4;3;1;5;2;1;1;0;0;0;0;0;547888,351499999990000;5394864,939100000100000;9,650892740000074;48,704979245000061
160603;08;1;19;091;2018;11;12;7;3;0;5;0;1;1;0;0;0;0;0;528468,769600000000000;5405817,831799999800000;9,387709995000023;48,804697984000029
160609;08;1;16;049;2018;11;18;7;3;0;1;0;1;0;0;0;0;0;0;524635,051699999950000;5386153,990000000200000;9,334326196000063;48,627967665000028
160613;08;1;11;000;2018;11;16;4;2;0;7;0;1;0;0;0;0;0;0;515971,791000000030000;5405478,900000000400000;9,217504953000059;48,802095793000035
160614;08;1;11;000;2018;11;00;7;2;0;1;2;1;0;0;0;0;0;0;513016,074100000030000;5399434,758999999600000;9,177062707000061;48,747792068000081
160616;08;1;11;000;2018;11;16;4;3;0;1;0;1;0;0;0;0;0;1;513212,783600000020000;5402413,225700000300000;9,179834238000069;48,774582053000074
160617;08;1;11;000;2018;11;09;7;3;0;7;0;1;0;0;0;0;0;0;512014,845199999980000;5401001,538200000300000;9,163488389000065;48,761906879000037
160619;08;4;37;044;2018;11;12;6;3;6;7;0;0;1;1;0;0;0;0;532841,221200000030000;5322892,890800000200000;9,440756109000063;48,058469783000078
160620;08;4;36;049;2018;11;19;6;2;6;2;2;0;1;1;0;0;0;0;577819,199999999950000;5282228,446000000500000;10,036998902000050;47,688755596000078
160621;08;4;21;000;2018;11;19;3;2;9;1;2;1;0;0;0;0;0;0;570648,030400000050000;5361126,524799999800000;9,954476145000058;48,399337381000066
160622;08;4;36;081;2018;11;12;6;3;6;7;0;0;0;1;0;0;1;0;561772,161599999990000;5281170,188400000300000;9,823036087000048;47,680967935000069
160623;08;4;15;080;2018;11;17;3;3;0;1;1;1;0;0;0;0;0;0;510744,463400000010000;5374543,110899999700000;9,145515786000033;48,523906191000037
160625;08;3;37;076;2018;11;12;3;2;6;7;0;0;1;1;0;0;0;0;426792,584500000000000;5267277,602900000300000;8,026946447000057;47,554789540000058
160628;08;3;27;046;2018;11;18;3;3;5;3;1;1;1;0;0;0;0;0;480173,049000000000000;5323940,105999999700000;8,733854907000023;48,068428809000068
160630;08;4;17;051;2018;11;15;6;3;0;7;0;1;0;0;0;0;0;0;490899,380899999990000;5358110,236200000200000;8,877104528000075;48,376094498000043
160631;08;3;11;000;2018;11;07;3;3;5;3;0;1;1;0;0;0;0;0;411639,611900000020000;5318769,819500000200000;7,815095319000022;48,016108447000079
160633;08;4;16;031;2018;11;11;6;3;3;2;0;1;0;0;0;1;0;0;502510,788400000020000;5362239,333300000100000;9,033930611000073;48,413302830000077
160634;08;2;26;037;2018;11;09;3;3;5;3;0;1;1;0;0;0;0;0;465861,611399999990000;5468068,169400000000000;8,529822042000035;49,364365703000033
160635;08;4;15;014;2018;11;09;6;3;6;3;0;1;1;1;0;0;0;0;525331,497500000060000;5375211,109199999800000;9,343110729000046;48,529496421000033
160637;08;4;15;014;2018;11;14;6;3;0;1;0;1;0;0;0;0;0;0;525020,209099999980000;5375287,516499999900000;9,338899046000051;48,530196285000045
160640;08;3;36;050;2018;11;07;6;3;0;1;0;1;0;0;0;0;0;0;399457,408899999980000;5272291,622600000400000;7,662554408000062;47,596235300000046
160643;08;2;25;058;2018;11;06;3;3;3;2;2;1;1;0;0;0;0;0;510745,611299999990000;5467434,538700000400000;9,147981391000030;49,359527598000057
160645;08;3;26;074;2018;11;13;6;3;1;5;0;1;1;0;0;0;0;0;464105,798100000010000;5323564,264000000400000;8,518215466000072;48,064345500000059
160647;08;3;26;012;2018;11;16;6;3;4;2;0;1;1;0;0;0;0;0;462504,656000000020000;5311357,935700000300000;8,497792562000029;47,954435172000046
160648;08;2;21;000;2018;11;18;3;3;5;5;2;1;1;0;0;0;0;0;476945,028200000000000;5469400,508999999600000;8,682390416000033;49,376870023000038
160649;08;2;16;043;2018;11;19;3;3;3;5;2;1;1;0;0;0;0;0;441278,932900000010000;5412316,991100000200000;8,199390708000067;48,861036058000082
160650;08;3;25;049;2018;11;08;6;3;0;1;0;1;0;0;0;0;0;0;472074,826500000020000;5334153,647099999700000;8,624482344000057;48,160014946000047
160654;08;2;16;043;2018;11;17;3;2;6;4;2;0;1;1;0;0;0;0;442378,207200000000000;5412677,889100000300000;8,214326029000063;48,864385418000040