OBJECTID_1;ULAND;UREGBEZ;UKREIS;UGEMEINDE;UJAHR;UMONAT;USTUNDE;UWOCHENTAG;UKATEGORIE;UART;UTYP1;ULICHTVERH;IstRad;IstPKW;IstFuss;IstKrad;IstGkfz;IstSonstig;STRZUSTAND;LINREFX;LINREFY;XGCSWGS84;YGCSWGS84
160656;08;1;36;082;2018;11;16;3;3;4;7;0;1;1;0;0;0;0;0;586991,157099999950000;5415227,877700000100000;10,186593413000026;48,883896125000035
160660;08;1;19;020;2018;11;11;3;3;6;7;0;0;0;1;0;0;1;0;520171,068299999980000;5406754,984799999700000;9,274753094000062;48,813453127000059
160665;08;1;16;033;2018;11;07;3;3;5;3;1;1;1;0;0;0;0;1;532958,162900000000000;5388130,980600000400000;9,447434573000066;48,645369245000040
160667;08;3;11;000;2018;11;16;6;3;5;3;0;1;1;0;0;0;0;0;411595,748000000020000;5315949,315000000400000;7,815088510000066;47,990731223000068
160669;08;2;12;000;2018;11;16;6;3;2;6;1;0;0;1;1;0;1;0;459299,455499999980000;5428260,828300000200000;8,443477770000072;49,005899788000079
160670;08;1;16;049;2018;11;06;3;1;5;3;2;1;1;0;0;0;0;0;525175,926899999960000;5383960,612099999600000;9,341533233000064;48,608214375000045
160675;08;1;11;000;2018;11;08;3;3;6;7;0;1;0;1;0;0;0;0;510743,086200000020000;5401922,983799999600000;9,146207435000065;48,770219411000028
160677;08;2;36;046;2018;11;12;6;3;0;3;0;0;1;1;0;0;0;0;485873,140100000020000;5416822,019999999600000;8,807227926000053;48,904180854000060
160679;08;2;26;103;2018;11;11;6;3;3;6;0;1;1;0;0;0;0;0;471298,856499999990000;5456486,343799999900000;8,605538295000031;49,260468501000048
160680;08;1;11;000;2018;11;07;3;3;6;7;0;0;0;1;0;0;1;0;511724,619899999990000;5403408,340900000200000;9,159607867000034;48,783563862000051
160681;08;2;16;043;2018;11;14;6;3;5;3;0;1;1;0;0;0;0;0;440317,336599999980000;5412313,010599999700000;8,186282153000036;48,860908479000045
160683;08;4;36;009;2018;11;20;2;3;5;1;2;1;1;0;0;0;0;0;556604,000299999960000;5308769,923100000200000;9,757786487000033;47,929747958000064
160684;08;2;12;000;2018;11;13;6;3;0;7;0;1;0;0;0;0;0;0;455478,074399999980000;5432644,216900000300000;8,390747585000042;49,045064825000054
160685;08;4;35;016;2018;11;16;2;3;6;4;0;0;1;1;0;0;0;0;535184,538399999960000;5279750,288200000300000;9,468692005000037;47,670186648000026
160686;08;2;12;000;2018;11;13;6;3;2;6;0;1;0;0;0;0;0;0;455692,424300000010000;5427927,016499999900000;8,394195928000045;49,002648699000076
160687;08;4;35;016;2018;11;10;2;3;6;7;0;0;1;1;0;0;0;0;536666,555000000050000;5281841,076100000200000;9,488608782000028;47,688915890000033
160688;08;4;35;059;2018;11;17;2;2;5;3;1;1;1;0;0;0;0;0;512122,584199999980000;5290836,625099999800000;9,161795532000042;47,770780600000080
160690;08;4;26;097;2018;11;06;2;3;0;6;2;1;1;0;0;0;0;0;535974,769300000040000;5332941,596199999600000;9,483656787000030;48,148705998000025
160691;08;1;19;068;2018;11;17;6;3;6;7;1;0;1;1;0;0;0;0;525616,067099999990000;5413707,480899999800000;9,349353696000037;48,875795020000055
160693;08;1;19;067;2018;11;10;6;2;5;3;0;1;1;0;0;0;0;0;539267,378999999960000;5405026,390999999800000;9,534692458000052;48,796990113000049
160695;08;1;15;041;2018;11;12;6;2;6;4;0;0;1;1;0;0;0;0;494412,820200000020000;5401925,900999999600000;8,923961453000061;48,770313308000027
160696;08;1;17;026;2018;11;17;6;3;5;3;0;1;1;0;0;0;0;0;548456,405000000030000;5394049,387000000100000;9,658517414000073;48,697599079000042
160697;08;4;15;053;2018;11;07;2;3;1;5;0;1;1;0;0;0;0;0;537276,228600000030000;5362619,121600000200000;9,503771906000054;48,415621845000032
160698;08;1;17;019;2018;11;15;6;3;6;7;0;0;1;1;0;0;0;0;552923,620699999970000;5393716,222400000300000;9,719178930000055;48,694239166000045
160701;08;1;16;049;2018;11;17;6;3;5;3;2;1;1;0;0;0;0;0;524610,224999999980000;5386128,918999999800000;9,333987787000069;48,627743102000068
160703;08;1;16;019;2018;11;07;6;2;6;4;1;0;1;1;0;0;0;0;523758,259299999980000;5396169,053899999700000;9,323002701000064;48,718096969000044
160704;08;3;35;077;2018;11;16;2;3;0;1;0;1;0;0;0;0;0;0;494367,555500000020000;5293959,372200000100000;8,924785257000053;47,798966991000043
160705;08;1;11;000;2018;11;20;6;3;1;5;2;0;1;1;0;0;0;0;516624,495000000000000;5405985,069000000100000;9,226413947000026;48,806632100000058
160706;08;3;35;043;2018;11;13;2;3;0;1;0;1;0;0;0;0;0;0;514595,036700000000000;5280510,099100000200000;9,194448148000049;47,677815705000057
160709;08;3;17;096;2018;11;07;2;2;5;2;0;1;1;0;0;0;0;0;422138,928699999990000;5368919,970999999900000;7,946641612000065;48,468589720000068
160711;08;4;37;076;2018;11;10;5;3;5;3;0;1;1;0;0;0;0;1;524746,308300000030000;5321866,640599999600000;9,332058573000040;48,049602037000056
160713;08;3;15;084;2018;11;07;2;3;5;3;2;1;1;0;0;0;0;0;421921,309000000010000;5310242,849000000400000;7,954496536000022;47,940741483000068
160715;08;4;35;016;2018;11;13;5;3;5;2;0;1;0;0;0;0;1;0;536210,414600000020000;5277902,682599999900000;9,482204065000076;47,653506366000045
160716;08;3;11;000;2018;11;05;2;3;0;1;2;1;0;0;0;0;0;0;411234,079099999970000;5322207,791600000100000;7,808945865000055;48,046977454000057
160719;08;2;26;095;2018;11;16;2;3;0;7;0;1;0;0;0;0;0;0;474536,881999999980000;5461276,428299999800000;8,649734986000055;49,303698708000070
160721;08;4;26;021;2018;11;08;5;3;1;7;0;1;1;0;0;0;0;1;559120,498000000020000;5327482,924999999800000;9,794053459000054;48,097868574000074
160722;08;2;22;000;2018;11;16;2;2;6;7;0;0;0;1;0;0;1;0;461654,287900000000000;5482332,414500000000000;8,470499202000042;49,492416154000068
160724;08;4;16;041;2018;11;08;5;3;0;3;0;1;1;0;0;0;0;1;502395,826100000010000;5376154,895100000300000;9,032456775000071;48,538493760000051
160727;08;2;21;000;2018;11;07;2;3;0;1;0;1;0;0;0;0;0;0;473937,912499999980000;5472328,240799999800000;8,640772666000032;49,403083242000037
160729;08;2;21;000;2018;11;18;2;3;6;4;1;1;0;1;0;0;0;0;477777,879499999980000;5473039,865299999700000;8,693660246000036;49,409636519000060
160733;08;2;16;043;2018;11;06;2;3;4;2;2;1;1;0;0;0;0;0;441219,257199999990000;5412485,571399999800000;8,198552954000036;48,862546777000034
160734;08;2;16;043;2018;11;11;2;3;5;2;0;1;1;0;0;0;0;0;441879,796800000010000;5412988,985899999700000;8,207486684000060;48,867137219000028
160735;08;3;35;043;2018;11;07;5;3;6;2;0;1;0;1;0;0;0;1;515326,385599999980000;5280614,722600000000000;9,204195444000050;47,678740144000074
160736;08;2;12;000;2018;11;10;2;3;2;6;0;1;1;0;0;0;0;0;455142,221499999990000;5427952,425699999600000;8,386670813000023;49,002837516000056
160738;08;4;36;064;2018;11;11;5;3;0;3;0;1;1;0;0;0;0;0;546586,691699999970000;5292548,764499999600000;9,621940949000077;47,784614718000057
160739;08;1;36;065;2018;11;15;2;3;6;7;0;0;1;1;0;0;0;0;560757,378700000000000;5404863,810800000100000;9,827265239000042;48,793798987000059
160741;08;1;21;000;2018;11;17;2;3;5;3;1;1;1;0;0;0;0;0;514236,864999999990000;5443545,112499999800000;9,195211178000022;49,144566618000056
160742;08;1;18;079;2018;11;17;2;3;0;7;2;1;0;0;0;0;0;0;509694,200699999990000;5421548,848899999600000;9,132397533000074;48,946787275000077
160743;08;1;18;079;2018;11;08;2;3;2;6;1;1;1;0;0;0;0;0;509937,009900000000000;5421718,766400000100000;9,135717810000074;48,948311944000068
160746;08;3;27;050;2018;11;13;5;3;5;3;0;1;1;0;0;0;0;0;487497,337000000000000;5314332,436599999700000;8,832451568000067;47,982173223000075
160747;08;1;16;077;2018;11;09;2;3;0;3;0;1;1;0;0;0;0;0;515077,598699999970000;5391577,700400000400000;9,204819154000063;48,677063391000047
160750;08;3;27;050;2018;11;15;5;2;6;7;0;0;1;1;0;0;0;0;487250,619799999990000;5313442,263899999700000;8,829171744000064;47,974159307000036
160751;08;3;15;041;2018;11;12;5;3;6;4;0;0;1;1;0;0;0;0;421169,857000000020000;5322329,324400000300000;7,942215935000036;48,049375310000073
160753;08;3;36;050;2018;11;13;5;3;6;4;0;0;1;1;0;0;0;0;399561,027000000000000;5274935,738599999800000;7,663326414000039;47,620036119000076
160754;08;3;11;000;2018;11;17;5;3;1;5;1;1;1;0;0;0;0;0;413556,019199999980000;5315302,576299999800000;7,841487269000027;47,985181568000030
160756;08;3;16;011;2018;11;13;4;3;5;3;0;1;1;0;0;0;0;0;414953,538999999990000;5329751,233000000000000;7,857340874000045;48,115339228000039
160757;08;3;11;000;2018;11;15;4;2;6;1;0;1;0;1;0;0;0;0;418305,672000000020000;5315527,622499999600000;7,905086388000029;47,987830294000048
160758;08;3;11;000;2018;11;08;4;3;1;1;0;1;1;0;0;0;0;0;414022,772200000010000;5315230,856200000300000;7,847755688000063;47,984599331000027
160759;08;3;11;000;2018;11;15;4;3;5;3;0;1;1;0;0;0;0;0;409960,160299999990000;5316711,773400000300000;7,793011218000061;47,997361485000056
160760;08;2;12;000;2018;11;09;4;3;5;3;0;1;0;0;0;0;0;0;454984,228599999970000;5426571,560800000100000;8,384663765000028;48,990404993000027
160768;08;2;22;000;2018;11;17;1;3;6;6;2;0;1;1;0;0;0;0;468395,008800000010000;5478232,038400000000000;8,563903585000048;49,455923441000039
160771;08;2;12;000;2018;11;10;1;3;5;3;0;1;1;0;0;0;0;0;455876,354500000020000;5433246,604000000300000;8,396131844000024;49,050511964000066
160772;08;2;22;000;2018;11;17;4;3;1;5;1;1;1;0;0;0;0;0;463624,549600000030000;5485188,878600000400000;8,497441539000022;49,518229886000029
160774;08;2;26;009;2018;11;12;4;2;5;3;0;1;1;0;0;0;0;0;466573,538999999990000;5471342,759499999700000;8,539351655000075;49,393859227000064
160777;08;4;26;031;2018;11;00;1;3;8;1;2;1;0;0;0;0;0;0;582996,740299999950000;5329278,393600000100000;10,115033124000036;48,111356387000058
160779;08;1;28;139;2018;11;15;1;2;8;1;0;1;0;0;0;0;0;0;551144,963800000030000;5490992,734100000000000;9,707351344000074;49,569364027000063
160780;08;2;21;000;2018;11;07;4;3;5;3;0;1;1;0;0;0;0;0;475709,970199999980000;5469433,329599999800000;8,665374321000058;49,377117247000058
160783;08;2;16;017;2018;11;16;4;3;5;3;0;1;1;0;0;0;0;0;451324,338500000010000;5401993,387900000400000;8,337564955000062;48,769041743000059
160785;08;2;16;043;2018;11;16;4;3;5;3;0;1;1;0;0;0;0;0;441197,106399999990000;5413510,270899999900000;8,198103698000068;48,871761791000040
160788;08;4;21;000;2018;11;12;7;3;0;1;0;1;0;0;0;0;0;0;574105,450599999980000;5361129,464599999600000;10,001180205000026;48,398966884000060
160791;08;2;15;109;2018;11;08;4;3;5;3;0;1;1;0;0;0;0;0;460841,891100000010000;5432870,103799999700000;8,464122357000065;49,047460849000061
160792;08;1;28;131;2018;11;06;4;3;0;1;2;1;0;0;0;0;0;1;535496,618800000050000;5514819,560499999700000;9,493102160000035;49,784788209000055
160795;08;1;27;076;2018;11;17;4;3;5;3;2;1;1;0;0;0;0;0;553882,633999999960000;5441467,688199999700000;9,738513237000063;49,123682357000064
160796;08;4;16;041;2018;11;17;7;3;0;7;2;1;0;0;0;0;0;0;504341,309000000010000;5373711,487999999900000;9,058787194000047;48,516501560000052
160798;08;4;15;061;2018;11;05;7;3;6;7;2;0;1;1;0;0;0;0;514769,325900000000000;5371647,712000000300000;9,199923023000054;48,497776424000051
160799;08;1;25;069;2018;11;19;4;3;0;7;2;1;0;0;0;0;0;0;524695,339200000050000;5453868,003300000000000;9,339246566000043;49,237091193000026
160800;08;3;36;091;2018;11;13;7;3;5;3;0;1;0;0;1;0;0;0;397786,740700000020000;5271858,952600000400000;7,640437945000031;47,592082073000029
160802;08;1;21;000;2018;11;17;4;3;6;7;1;0;0;1;0;0;1;0;517082,555400000010000;5444400,733799999600000;9,234266313000035;49,152190638000036
160804;08;1;21;000;2018;11;20;4;3;5;3;2;1;1;0;0;0;0;0;516895,000400000020000;5443167,371299999800000;9,231642525000041;49,141101345000038
160805;08;1;19;079;2018;11;19;4;3;5;3;2;1;1;0;0;0;0;0;522308,420900000030000;5408318,369300000400000;9,303950907000058;48,827443912000035
160806;08;3;35;063;2018;11;10;7;3;0;1;0;1;0;0;0;0;0;0;497225,942900000020000;5287783,755400000100000;8,962995122000052;47,743420261000040
160808;08;3;35;043;2018;11;12;7;3;0;1;0;1;0;0;0;0;0;0;511893,542699999990000;5280847,838399999800000;9,158465786000022;47,680909916000076
160811;08;1;19;020;2018;11;14;4;3;5;2;0;1;1;0;0;0;0;0;519959,350800000010000;5407497,513299999800000;9,271905416000038;48,820139604000076
160812;08;3;11;000;2018;11;13;7;3;0;7;0;1;1;0;0;0;0;0;412637,465099999970000;5317829,359699999900000;7,828665148000027;48,007785966000029
160813;08;3;11;000;2018;11;00;7;3;6;1;2;0;1;1;0;0;0;0;414064,685000000000000;5316277,898299999500000;7,848107679000066;47,994023510000034
160814;08;1;18;079;2018;11;12;4;3;6;4;0;0;1;1;0;0;0;0;510807,690899999990000;5421799,715300000300000;9,147611516000040;48,949025530000029
160816;08;1;17;033;2018;11;11;4;3;5;3;0;1;1;0;0;0;0;0;558978,581200000020000;5387658,747200000100000;9,800588197000025;48,639207635000048
160817;08;1;16;049;2018;11;12;4;3;5;3;0;1;1;0;0;0;0;0;525363,161199999970000;5384940,583700000300000;9,344133086000056;48,617022699000074
160819;08;1;16;046;2018;11;17;4;3;5;2;2;1;1;0;0;0;0;0;527654,162099999960000;5378080,164699999600000;9,374760639000044;48,555208794000066
160821;08;1;16;056;2018;11;07;4;3;6;7;0;1;0;1;0;0;0;0;530437,486400000050000;5395809,445299999800000;9,413780638000048;48,714571663000072
160822;08;2;22;000;2018;11;03;7;3;5;3;2;1;1;0;0;0;0;0;462550,981700000000000;5481108,718200000000000;8,482996673000059;49,481465643000035
160823;08;2;21;000;2018;11;13;7;2;0;7;0;1;0;0;0;0;0;0;476734,718500000020000;5470051,143199999800000;8,679455136000058;49,382714405000058
160826;08;1;15;041;2018;11;19;4;3;6;2;2;0;1;1;0;0;0;0;495732,907000000010000;5402087,371299999800000;8,941925446000028;48,771776343000056
160827;08;2;12;000;2018;11;09;7;3;6;4;0;0;1;1;0;0;0;0;454391,175200000000000;5428677,934200000000000;8,376321079000036;49,009308479000026
160828;08;2;12;000;2018;11;18;7;3;1;5;2;1;1;0;0;0;0;0;455867,871500000010000;5427880,960400000200000;8,396599630000026;49,002246989000071
160829;08;1;15;003;2018;11;13;4;3;6;4;0;0;1;1;0;0;0;0;500493,072099999990000;5392628,422000000300000;9,006699332000039;48,686697682000045
160830;08;1;18;046;2018;11;21;7;3;6;7;2;0;1;1;0;0;0;0;513512,822400000000000;5411587,573400000100000;9,184220086000039;48,857106746000056
160831;08;1;11;000;2018;11;07;4;3;6;4;0;0;1;1;0;0;0;0;515584,538799999980000;5404008,451100000200000;9,212175573000025;48,788877648000039
160833;08;1;36;065;2018;11;11;7;2;6;4;0;0;1;1;0;0;0;0;558682,974000000050000;5403184,818000000000000;9,798783565000065;48,778895564000038
160834;08;1;11;000;2018;11;23;4;3;6;4;2;0;1;1;0;0;0;0;518096,949800000000000;5406934,860700000100000;9,246509442000047;48,815135132000080
160835;08;1;21;000;2018;11;09;7;2;5;3;0;1;1;0;0;0;0;0;515189,318099999970000;5441455,111499999600000;9,208192063000070;49,125743520000071
160836;08;1;18;071;2018;11;15;7;3;0;1;0;1;0;0;0;0;0;1;508901,709800000010000;5419302,673200000100000;9,121525139000028;48,926593278000041
160837;08;1;16;033;2018;11;11;7;3;5;3;0;1;1;0;0;0;0;0;533700,312999999970000;5387955,926300000400000;9,457495305000066;48,643754899000044
160839;08;1;11;000;2018;11;13;7;3;0;7;0;0;0;1;0;1;0;0;514308,110200000000000;5403994,286299999800000;9,194797263000055;48,788780902000042
160840;08;4;35;057;2018;11;07;3;3;0;1;0;1;0;0;0;0;0;0;544571,361500000000000;5279170,450400000400000;9,593668188000038;47,664390826000044
160843;08;4;15;061;2018;11;15;3;3;5;3;0;1;1;0;0;0;0;1;513801,624499999980000;5370316,387900000400000;9,186779942000044;48,485821350000037
160844;08;4;16;041;2018;11;06;3;3;6;4;2;1;0;1;0;0;0;1;504287,897999999990000;5374003,094300000000000;9,058066935000056;48,519125324000072
160845;08;3;36;050;2018;11;08;3;3;0;1;0;1;0;0;0;0;0;1;399876,174999999990000;5275483,331000000200000;7,667394133000073;47,625010688000032
160846;08;4;37;031;2018;11;13;6;3;6;4;0;0;1;1;0;0;0;0;515732,336699999990000;5346841,441399999900000;9,212029576000020;48,274582986000041
160850;08;4;21;000;2018;11;07;6;3;0;2;0;1;1;0;0;0;0;0;573563,173500000030000;5361886,326000000400000;9,993987730000072;48,405838514000038
160851;08;4;16;041;2018;11;14;6;3;0;7;0;1;0;0;0;0;0;0;504352,601299999980000;5374450,366999999600000;9,058947819000025;48,523148707000075
160853;08;3;37;002;2018;11;18;6;2;6;1;2;0;1;1;0;0;0;0;434895,870400000010000;5271518,076299999800000;8,134010909000040;47,593803507000075
160855;08;3;17;001;2018;11;05;3;3;1;5;2;1;1;0;0;0;0;1;431970,558299999980000;5386137,598899999600000;8,076818640000056;48,624605465000059
160857;08;3;35;043;2018;11;16;6;3;6;7;0;1;0;1;0;0;0;0;514335,749799999990000;5280065,702499999700000;9,190979125000069;47,673822983000036
160858;08;3;15;076;2018;11;13;3;3;0;7;0;1;0;0;0;0;0;1;392693,831599999980000;5296454,350700000300000;7,566664530000026;47,812491190000060
160860;08;3;17;096;2018;11;15;6;3;4;6;0;1;1;0;0;0;0;0;423085,936999999980000;5370298,321600000400000;7,959197597000070;48,481104454000047
160861;08;3;17;065;2018;11;07;6;3;5;2;1;1;1;0;0;0;0;0;414768,165700000010000;5354002,006799999600000;7,849973942000077;48,333450814000059
160864;08;3;15;047;2018;11;07;3;2;0;1;2;1;0;0;0;0;0;1;415731,167599999990000;5321796,544200000400000;7,869355918000053;48,043887769000037
160865;08;2;12;000;2018;11;16;3;3;4;6;1;1;0;0;0;0;0;0;457308,804699999980000;5428609,781999999700000;8,416223194000054;49,008904185000063
160867;08;3;36;050;2018;11;12;6;3;6;4;0;0;1;1;0;0;0;0;399376,550999999980000;5272925,566200000200000;7,661333637000041;47,601925306000055
160868;08;2;12;000;2018;11;12;3;3;5;3;0;1;1;0;0;0;0;0;454471,430999999980000;5433016,771599999600000;8,376931325000044;49,048342418000061
160874;08;2;26;032;2018;11;06;3;3;5;2;2;1;1;0;0;0;0;1;466133,908700000030000;5465223,195100000100000;8,533814067000037;49,338791012000058
160875;08;2;26;095;2018;11;09;6;3;6;4;0;1;0;1;0;0;0;0;473598,886899999980000;5461123,299900000000000;8,636842523000041;49,302281497000081
160877;08;2;25;064;2018;11;07;3;3;0;7;2;1;0;0;0;0;0;1;506329,363499999980000;5468482,601099999600000;9,087180538000041;49,369016811000051
160884;08;2;15;064;2018;11;22;6;3;6;7;2;0;1;1;0;0;0;1;477397,836899999990000;5451112,495000000100000;8,689662760000033;49,212385892000043
160885;08;2;22;000;2018;11;17;3;3;6;2;2;0;1;1;0;0;0;0;463183,255200000010000;5482927,265100000400000;8,491555792000042;49,497861237000052
160886;08;2;15;108;2018;11;17;6;3;5;3;2;1;1;0;0;0;0;0;451367,054400000020000;5425014,896800000200000;8,335408930000028;48,976128457000073
160887;08;2;22;000;2018;11;17;3;3;6;4;0;0;1;1;0;0;0;0;462174,677600000000000;5482792,205299999600000;8,477640730000076;49,496584394000081
160888;08;2;21;000;2018;11;16;3;2;5;5;0;1;1;0;0;0;0;0;475524,716100000020000;5474053,823400000100000;8,662537614000030;49,418670423000037
160890;08;2;15;017;2018;11;19;3;3;5;7;2;1;1;0;0;0;0;1;456546,076000000000000;5421232,696000000500000;8,406582123000021;48,942492798000046
160891;08;2;12;000;2018;11;15;6;3;5;3;0;1;1;0;0;0;0;0;456244,420999999970000;5427034,928000000300000;8,401838877000046;48,994663627000079
160892;08;2;12;000;2018;11;17;6;3;1;5;1;1;1;0;0;0;0;0;455604,808599999990000;5428447,968299999800000;8,392941096000072;49,007328419000032
160894;08;2;12;000;2018;11;22;6;3;6;7;2;1;0;1;0;0;0;0;455767,787799999990000;5428743,597299999600000;8,395137329000022;49,009999334000042
160895;08;2;12;000;2018;11;07;3;3;5;2;1;1;1;0;0;0;0;1;451850,833700000020000;5431108,147699999600000;8,341297041000075;49,030975241000078
160897;08;1;35;027;2018;11;15;6;3;0;6;0;1;0;0;0;0;1;0;590849,266300000020000;5377194,752600000200000;10,230833620000055;48,541273665000062
160898;08;2;12;000;2018;11;20;3;3;2;6;2;1;1;0;0;0;0;0;461135,014000000020000;5428530,751600000100000;8,468549433000021;49,008446129000049
160899;08;1;28;007;2018;11;15;6;2;5;3;0;1;0;0;0;0;1;0;554138,236700000010000;5479970,629800000200000;9,747233532000053;49,469970417000070
160900;08;1;18;048;2018;11;18;3;2;5;3;2;1;1;0;0;0;0;0;511533,306800000020000;5415395,242200000200000;9,157340876000035;48,891399654000054
160906;08;1;21;000;2018;11;18;6;3;6;2;2;0;1;1;0;0;0;0;516057,346000000020000;5442274,823099999700000;9,220122220000064;49,133095044000072
160907;08;1;35;019;2018;11;11;3;2;5;3;0;1;1;0;0;0;0;1;583720,501000000050000;5392418,707399999700000;10,137344539000026;48,679196812000043
160909;08;1;19;085;2018;11;07;6;3;0;6;0;1;1;0;0;0;0;0;529867,863400000030000;5413835,798499999600000;9,407347937000054;48,876759057000072
160912;08;1;25;110;2018;11;09;3;3;1;1;0;1;1;0;0;0;0;1;527387,391399999960000;5442303,207800000000000;9,375439367000070;49,132949802000041
160914;08;1;18;051;2018;11;07;6;3;6;2;2;0;0;1;0;0;1;0;508930,065100000010000;5415426,159500000100000;9,121827434000068;48,891720765000059
160918;08;1;17;024;2018;11;16;3;3;6;7;0;0;1;1;0;0;0;0;560716,511000000060000;5385930,504200000300000;9,823923565000030;48,623495254000034
160920;08;1;17;019;2018;11;07;3;3;5;3;0;1;1;0;0;0;0;1;551940,435300000010000;5393192,117200000200000;9,705753598000058;48,689607244000058
160921;08;1;16;049;2018;11;17;3;3;0;7;1;1;0;0;0;0;0;0;524636,470300000040000;5386210,824500000100000;9,334348826000053;48,628478895000057
160922;08;1;11;000;2018;11;08;6;3;1;5;0;1;1;0;0;0;0;0;513973,471399999980000;5408075,729000000300000;9,190380298000036;48,825504636000062
160923;08;1;16;077;2018;11;07;3;3;0;7;1;1;0;0;0;1;0;1;514595,300700000020000;5391551,350900000000000;9,198266568000065;48,676837811000041
160924;08;1;11;000;2018;11;16;6;2;5;3;1;1;1;0;0;0;0;0;510778,773999999980000;5396882,163999999900000;9,146561194000071;48,724871665000080
160925;08;1;15;003;2018;11;07;3;3;6;2;2;0;1;1;0;0;0;1;501509,560899999980000;5393267,771599999600000;9,020512622000069;48,692447706000053
160929;08;1;11;000;2018;11;07;3;3;0;7;0;1;0;0;0;0;0;1;516217,712100000000000;5404975,256099999900000;9,220834008000054;48,797558713000058
160930;08;4;26;021;2018;11;11;5;3;5;3;0;1;1;0;0;0;0;1;558819,999799999990000;5328617,299100000400000;9,790174233000073;48,108101411000064
160931;08;4;26;120;2018;11;17;5;3;0;7;2;1;0;0;0;0;0;0;560969,756900000040000;5324146,464700000400000;9,818412170000045;48,067679022000050
160932;08;1;11;000;2018;11;16;3;3;5;3;2;1;1;0;0;0;0;0;510691,598600000030000;5396548,575100000000000;9,145367207000049;48,721872193000081
160933;08;4;21;000;2018;11;18;5;2;6;4;2;0;1;1;0;0;0;0;574272,979799999970000;5361319,325500000300000;10,003476791000026;48,400655001000075
160935;08;1;11;000;2018;11;13;3;3;0;1;0;1;0;0;0;0;0;1;509568,188000000020000;5397191,321999999700000;9,130107830000043;48,727672618000042
160936;08;4;21;000;2018;11;16;5;2;6;4;1;0;0;1;0;0;1;0;572837,523000000040000;5361125,548999999600000;9,984052209000026;48,399079432000065
160941;08;4;16;015;2018;11;12;5;2;6;4;0;0;1;1;0;0;0;0;507060,386000000000000;5366448,480999999700000;9,095484405000036;48,451135851000060
160942;08;4;21;000;2018;11;11;2;2;6;4;0;0;1;1;0;0;0;0;572178,756999999980000;5361425,747999999700000;9,975205090000031;48,401855567000041
160943;08;4;15;061;2018;11;07;5;3;6;2;0;0;1;1;0;0;0;0;514929,587300000010000;5369935,724000000400000;9,202031175000059;48,482370974000048
160945;08;4;15;050;2018;11;12;2;2;0;1;0;1;0;0;0;0;0;0;520453,917200000030000;5376614,262799999700000;9,277114536000056;48,542297466000036
160947;08;3;36;050;2018;11;07;2;3;5;3;2;1;1;0;0;0;0;0;399417,387899999970000;5272313,103299999600000;7,662017261000074;47,596422319000055
160949;08;4;35;016;2018;11;22;2;2;0;1;2;1;0;0;0;0;0;0;535182,591000000010000;5278246,937300000300000;9,468545010000071;47,656660481000074
160954;08;3;17;096;2018;11;14;2;3;5;2;0;1;1;0;0;0;0;0;423481,103300000020000;5369021,798299999900000;7,964777733000062;48,469670393000058
160959;08;3;16;043;2018;11;15;2;3;2;6;0;1;1;0;0;0;0;0;411705,234699999970000;5331113,246600000200000;7,813424994000059;48,127148458000079
160960;08;3;17;096;2018;11;10;5;3;0;7;0;1;0;0;0;0;0;0;422636,278400000010000;5369177,972699999800000;7,953321199000072;48,470971810000037
160961;08;3;16;011;2018;11;09;2;2;0;1;0;1;0;0;0;0;0;1;412716,089400000000000;5331459,345700000400000;7,826935785000046;48,130401089000031
160963;08;3;15;074;2018;11;12;2;3;6;4;0;0;1;1;0;0;0;0;397139,853699999980000;5295938,452800000100000;7,626156380000055;47,808576812000069
160965;08;3;17;096;2018;11;13;5;2;6;4;0;0;1;1;0;0;0;0;420408,194399999980000;5368282,695799999900000;7,923352563000037;48,462640858000043
160966;08;3;11;000;2018;11;14;2;3;0;3;0;1;1;0;0;0;0;0;414598,471900000000000;5317818,391400000100000;7,854954516000021;48,007952360000047
160967;08;3;11;000;2018;11;16;5;3;3;6;1;1;0;0;0;0;0;0;413529,532699999980000;5316954,085599999900000;7,840799659000027;48,000033902000041
160969;08;3;11;000;2018;11;11;2;3;6;6;0;1;0;1;0;0;0;0;412379,175899999970000;5318115,324500000100000;7,825144395000052;48,010322939000048
160970;08;2;26;065;2018;11;18;5;3;6;5;2;0;1;1;0;0;0;1;478007,930799999970000;5457851,366700000100000;8,697669654000038;49,273024995000071
160971;08;3;11;000;2018;11;08;2;3;5;3;0;1;1;0;0;0;0;0;413271,446400000020000;5315419,187400000200000;7,837650713000073;47,986192002000053
160972;08;2;26;084;2018;11;07;5;3;6;3;2;0;1;1;0;0;0;0;467998,386100000000000;5472387,518100000000000;8,558902617000058;49,403333106000048
160974;08;2;21;000;2018;11;18;5;3;5;3;2;1;0;0;1;0;0;0;477434,304100000010000;5470513,983599999900000;8,689067479000073;49,386903921000055
160975;08;2;15;106;2018;11;08;5;3;6;4;0;0;1;1;0;0;0;0;465092,693900000010000;5452494,493200000400000;8,520592844000021;49,224239429000079
160978;08;2;31;000;2018;11;17;2;3;6;4;2;0;1;1;0;0;0;0;480145,739500000030000;5414132,660400000400000;8,729204525000057;48,879831104000061