OBJECTID_1;ULAND;UREGBEZ;UKREIS;UGEMEINDE;UJAHR;UMONAT;USTUNDE;UWOCHENTAG;UKATEGORIE;UART;UTYP1;ULICHTVERH;IstRad;IstPKW;IstFuss;IstKrad;IstGkfz;IstSonstig;STRZUSTAND;LINREFX;LINREFY;XGCSWGS84;YGCSWGS84
160979;08;2;26;107;2018;11;18;2;2;6;7;2;0;1;1;0;0;0;0;475174,234200000010000;5482832,573900000200000;8,657154903000048;49,497618784000053
160980;08;1;35;019;2018;11;07;5;2;6;4;0;0;1;1;0;0;0;1;584234,946499999960000;5391616,699199999700000;10,144168459000070;48,671914084000036
160983;08;2;22;000;2018;11;17;2;2;6;4;2;0;1;1;0;0;0;0;461978,284999999970000;5482144,024199999900000;8,474991075000048;49,490742074000082
160985;08;1;19;079;2018;11;18;5;3;5;3;2;1;1;0;0;0;0;0;522047,054200000010000;5407785,677899999500000;9,300361214000077;48,822661278000055
160986;08;2;12;000;2018;11;07;2;2;0;2;0;1;0;0;0;0;0;0;454709,137500000010000;5427519,759100000400000;8,380797974000075;48,998914015000025
160987;08;1;19;076;2018;11;16;5;3;5;3;1;1;1;0;0;0;0;0;541994,461400000030000;5406396,150500000500000;9,571964572000070;48,809133523000071
160988;08;1;18;046;2018;11;11;5;2;0;7;0;1;1;0;1;0;1;0;513392,979799999970000;5412261,941900000000000;9,182608349000077;48,863175822000073
160993;08;1;16;049;2018;11;08;5;3;5;2;0;1;1;0;0;0;0;0;524251,760499999970000;5387382,570700000000000;9,329196476000050;48,639035011000033
160995;08;1;15;021;2018;11;12;5;3;5;3;0;1;1;0;0;0;0;0;489789,393300000000000;5382449,017699999700000;8,861520391000056;48,595038865000049
160998;08;1;19;020;2018;11;17;2;3;5;2;2;1;1;0;0;0;0;0;519922,850700000010000;5407589,503700000200000;9,271412651000048;48,820968302000040
160999;08;1;11;000;2018;11;05;5;3;8;7;2;1;0;0;0;0;0;0;512069,587300000010000;5408833,212799999900000;9,164463421000050;48,832358763000059
161000;08;1;18;060;2018;11;19;2;2;5;2;2;1;1;0;0;0;0;0;523214,547000000020000;5429990,866999999600000;9,317530266000063;49,022367746000043
161002;08;4;21;000;2018;11;17;4;2;6;3;2;1;0;1;0;0;0;1;574400,800799999970000;5361562,100399999900000;10,005246494000062;48,402823729000033
161003;08;1;18;048;2018;11;07;2;3;3;2;0;1;1;0;0;0;0;0;512701,345199999980000;5417666,345499999800000;9,173346178000031;48,911807044000057
161004;08;4;25;141;2018;11;17;4;3;0;3;1;1;1;0;0;0;0;0;567872,981099999980000;5362973,695899999700000;9,917288287000076;48,416258294000045
161005;08;1;18;051;2018;11;08;2;3;7;1;0;1;0;0;0;0;0;0;509429,673100000010000;5415080,722099999900000;9,128635292000070;48,888605890000065
161006;08;1;17;018;2018;11;14;2;3;5;3;0;1;1;0;0;0;0;0;538448,333400000000000;5395620,681099999700000;9,522661804000052;48,712431060000029
161007;08;4;15;059;2018;11;22;4;2;7;7;2;1;0;0;0;0;0;0;516814,606099999980000;5369512,538400000000000;9,227522530000044;48,478516244000048
161008;08;1;17;026;2018;11;07;2;2;6;4;1;0;0;1;0;0;1;0;550084,707300000010000;5395762,684799999900000;9,680852138000034;48,712882354000044
161012;08;1;16;077;2018;11;23;2;3;0;1;2;1;0;0;0;0;0;0;515269,370400000010000;5391587,209900000100000;9,207424579000076;48,677144278000071
161014;08;1;11;000;2018;11;08;2;3;5;2;0;1;1;0;0;0;0;0;512678,425800000030000;5408098,048000000400000;9,172736845000031;48,825733202000038
161015;08;3;35;043;2018;11;07;4;3;0;1;0;1;0;0;0;0;0;1;510975,009599999990000;5282101,022900000200000;9,146259104000023;47,692201882000063
161016;08;1;11;000;2018;11;16;2;3;1;5;0;1;1;0;0;0;0;0;511882,200100000020000;5399038,937900000300000;9,161626827000021;48,744253936000064
161017;08;3;27;046;2018;11;16;4;3;4;2;0;1;1;0;0;0;0;0;479996,282799999990000;5325129,906800000000000;8,731426431000045;48,079127894000067
161019;08;4;35;059;2018;11;11;1;3;8;1;0;1;0;0;0;0;0;1;512124,185699999970000;5290335,734500000300000;9,161802928000043;47,766273799000032
161021;08;4;35;034;2018;11;12;1;3;0;1;0;1;0;0;0;0;0;0;529769,925000000050000;5284494,649000000200000;9,396889831000067;47,713145785000052
161023;08;2;26;032;2018;11;13;5;2;6;4;0;0;1;1;0;0;0;0;466199,446000000000000;5464771,649000000200000;8,534754480000061;49,334733084000050
161024;08;2;22;000;2018;11;18;5;2;1;5;1;1;1;0;0;0;0;0;460912,572200000000000;5483827,989000000100000;8,460109647000024;49,505820672000027
161025;08;2;22;000;2018;11;23;5;2;6;4;2;0;1;1;0;0;0;0;465208,618200000030000;5479365,296199999700000;8,519838646000039;49,465942490000032
161027;08;2;21;000;2018;11;14;5;2;6;7;0;1;0;1;0;0;0;0;477749,217999999990000;5473038,335000000000000;8,693265228000030;49,409621706000053
161028;08;3;27;050;2018;11;07;2;3;6;7;2;0;1;1;0;0;0;1;486856,821999999990000;5314655,025999999600000;8,823858181000048;47,985062774000028
161029;08;2;15;017;2018;11;17;5;3;3;6;2;1;1;0;0;0;0;0;455133,804300000020000;5421123,789699999600000;8,387308908000023;48,941412336000042
161030;08;3;26;052;2018;11;06;2;3;5;3;2;1;1;0;0;0;0;1;450850,482499999980000;5331841,259899999900000;8,339355129000069;48,137925214000063
161031;08;2;12;000;2018;11;19;5;3;5;3;0;1;1;0;0;0;0;0;453954,261000000000000;5428757,786000000300000;8,370337804000030;49,009994303000042
161032;08;2;12;000;2018;11;09;5;3;1;5;0;1;1;0;0;0;0;0;454299,702300000000000;5429310,316900000000000;8,374999105000029;49,014990033000061
161033;08;2;16;043;2018;11;13;5;3;1;5;0;0;1;1;0;1;0;0;441437,782000000010000;5411914,194899999500000;8,201613881000071;48,857427938000058
161036;08;3;25;049;2018;11;18;2;3;6;4;2;0;1;1;0;0;0;1;471891,421700000010000;5335140,376000000200000;8,621950873000060;48,168884198000057
161037;08;3;26;003;2018;11;06;2;2;6;2;2;0;1;1;0;0;0;1;465266,080699999990000;5318350,345800000200000;8,534211707000054;48,017501034000077
161038;08;3;17;096;2018;11;10;2;2;5;2;0;1;1;0;0;0;0;0;422239,603999999990000;5365880,930999999900000;7,948568025000043;48,441266150000047
161041;08;1;26;066;2018;11;05;5;3;5;2;2;1;1;0;0;0;0;0;536816,067799999960000;5449476,429399999800000;9,505343729000060;49,196980372000041
161046;08;2;15;084;2018;11;13;2;2;1;7;0;1;1;0;0;0;0;0;473139,980400000000000;5445610,501600000100000;8,631569421000052;49,162722848000044
161047;08;1;16;047;2018;11;09;5;3;5;3;0;1;1;0;0;0;0;0;520065,571000000000000;5392736,045099999800000;9,272632975000022;48,687343483000063
161048;08;2;12;000;2018;11;06;2;3;5;2;2;1;1;0;0;0;0;0;459358,842699999980000;5428226,888799999800000;8,444293163000054;49,005598410000061
161051;08;2;31;000;2018;11;17;2;2;6;4;2;0;1;1;0;0;0;1;477665,215600000000000;5414536,301400000200000;8,695350678000068;48,883377716000041
161054;08;1;15;045;2018;11;16;5;3;3;2;1;1;1;0;0;0;0;0;499864,007900000030000;5394884,244900000300000;8,998151543000063;48,706991452000068
161056;08;1;15;045;2018;11;07;5;3;5;3;1;1;1;0;0;0;0;0;497747,062400000000000;5396192,583999999800000;8,969370064000032;48,718757302000029
161057;08;2;26;105;2018;11;19;2;3;5;3;2;1;1;0;0;0;0;1;471339,946000000000000;5477205,888299999800000;8,604612003000057;49,446839606000026
161060;08;1;15;003;2018;11;18;5;3;5;3;2;1;1;0;0;0;0;0;501211,359300000010000;5393627,577399999800000;9,016461574000061;48,695685204000029
161065;08;2;21;000;2018;11;18;2;3;6;4;2;0;0;1;0;0;1;1;476568,725299999990000;5469392,718899999700000;8,677206942000055;49,376785594000069
161066;08;1;11;000;2018;11;10;5;3;6;6;0;1;0;1;0;0;0;0;512820,587200000010000;5402172,416899999600000;9,174488719000067;48,772423959000037
161067;08;2;21;000;2018;11;18;2;2;5;6;2;1;1;0;0;0;0;1;474995,581000000010000;5473575,246000000300000;8,655272249000063;49,414344193000034
161068;08;1;11;000;2018;11;17;5;3;5;3;2;1;1;0;0;0;0;0;514229,983400000030000;5403602,285100000000000;9,193720041000063;48,785256291000053
161069;08;2;16;043;2018;11;16;2;3;0;4;1;0;0;1;1;0;0;1;442244,512400000010000;5412704,837899999700000;8,212499474000026;48,864615387000072
161070;08;2;15;009;2018;11;12;2;3;5;3;0;1;1;0;0;0;0;1;468201,665199999990000;5442911,479600000200000;8,564047054000071;49,138208845000065
161071;08;4;21;000;2018;11;08;4;3;1;5;0;1;1;0;0;0;0;0;572359,000699999980000;5360077,456899999600000;9,977407632000052;48,389706682000053
161074;08;4;16;026;2018;11;08;4;3;5;3;0;1;1;0;0;0;0;0;505190,214700000010000;5364619,643000000200000;9,070169633000035;48,434700944000042
161075;08;2;15;109;2018;11;13;2;3;5;3;0;1;0;0;0;0;0;1;461473,856000000030000;5434529,343999999600000;8,472612524000056;49,062425794000035
161077;08;2;15;017;2018;11;18;2;3;5;3;2;1;1;0;0;0;0;1;454143,387700000020000;5421962,353400000400000;8,373690261000036;48,948882723000054
161078;08;2;15;110;2018;11;18;2;2;6;2;2;0;1;1;0;0;0;1;461740,952500000010000;5419282,210300000400000;8,477704452000069;48,925290649000033
161079;08;2;12;000;2018;11;14;2;3;0;7;0;1;0;0;0;0;0;1;456673,717799999980000;5428087,898799999600000;8,407594932000052;49,004165518000036
161081;08;2;12;000;2018;11;16;2;3;5;3;1;1;1;0;0;0;0;1;455965,988100000020000;5427891,779400000300000;8,397939887000064;49,002351314000066
161082;08;2;12;000;2018;11;11;2;3;1;5;0;1;1;0;0;0;0;0;456555,387999999980000;5428069,753600000400000;8,405979028000047;49,003993982000054
161083;08;3;17;001;2018;11;17;4;3;5;2;1;1;1;0;0;0;0;0;431772,808699999990000;5387054,030399999600000;8,073984651000046;48,632827247000080
161084;08;1;27;014;2018;11;17;2;3;5;3;2;1;1;0;0;0;0;1;577011,880000000000000;5442989,074599999900000;10,055764341000042;49,134902797000052
161085;08;3;11;000;2018;11;15;4;3;2;1;0;1;0;0;0;0;0;0;411337,512800000030000;5316978,657200000200000;7,811415407000027;47,999954669000033
161088;08;2;15;110;2018;11;06;4;3;0;7;2;1;0;0;0;0;0;0;460001,013600000010000;5419315,644899999700000;8,453949403000024;48,925481400000081
161093;08;2;25;014;2018;11;07;4;3;5;3;1;1;0;0;0;0;1;0;523339,978899999990000;5485319,470099999600000;9,322473660000071;49,520046601000047
161094;08;1;16;035;2018;11;17;2;3;6;6;2;0;1;1;0;0;0;1;525693,174000000000000;5392028,927000000100000;9,349050516000034;48,680775972000049
161099;08;1;16;049;2018;11;17;2;3;6;2;2;0;1;1;0;0;0;1;524160,503900000010000;5387755,735100000200000;9,327979532000029;48,642395543000077
161100;08;2;26;096;2018;11;13;4;2;5;3;0;1;1;0;0;0;0;0;476397,284500000010000;5489106,338000000500000;8,673669616000041;49,554097903000070
161101;08;2;21;000;2018;11;07;4;2;6;4;2;0;0;1;0;1;0;0;477795,677499999990000;5472944,349600000300000;8,693910935000076;49,408778019000067
161104;08;1;15;028;2018;11;17;2;3;6;4;2;0;1;1;0;0;0;1;500448,938000000020000;5405230,421400000300000;9,006113420000077;48,800065540000048
161105;08;1;11;000;2018;11;14;2;2;6;4;0;0;0;1;0;0;1;1;514349,928799999990000;5404050,062800000400000;9,195368545000065;48,789281698000082
161106;08;1;11;000;2018;11;11;2;3;6;2;0;0;1;1;0;0;0;0;516052,996700000020000;5405533,995000000100000;9,218612964000045;48,802589328000067
161110;08;2;12;000;2018;11;08;4;3;5;2;0;1;0;0;0;0;1;0;456536,091399999980000;5426821,142500000100000;8,405848805000062;48,992761198000039
161112;08;1;27;014;2018;11;16;4;2;6;4;1;0;1;1;0;0;0;0;578977,653300000010000;5443206,796500000200000;10,082751014000053;49,136611400000049
161115;08;1;11;000;2018;11;07;2;2;6;4;1;0;1;1;0;0;0;1;512809,076100000010000;5408735,769799999900000;9,174536801000045;48,831467367000073
161116;08;1;18;068;2018;11;15;4;3;6;4;0;0;0;1;0;0;1;0;501242,942900000020000;5422833,433600000100000;9,016979307000042;48,958417733000033
161117;08;1;11;000;2018;11;21;2;3;5;3;2;1;1;0;0;0;0;1;511011,511999999990000;5397136,402999999900000;9,149732558000039;48,727154734000067
161120;08;1;11;000;2018;11;19;2;3;1;5;2;1;1;0;0;0;0;1;507984,046800000010000;5405801,222000000100000;9,108733876000031;48,805149300000039
161122;08;3;37;049;2018;11;21;1;3;6;6;2;0;1;1;0;0;0;0;424436,379599999990000;5279484,171199999700000;7,993528447000074;47,664334944000075
161124;08;1;11;000;2018;11;22;4;3;6;2;2;0;1;1;0;0;0;0;514120,671500000000000;5403730,584699999500000;9,192236339000033;48,786412953000081
161125;08;3;11;000;2018;11;18;1;3;0;7;2;1;1;0;0;0;0;0;414889,184100000010000;5315685,550499999900000;7,859274584000048;47,988805377000062
161126;08;2;12;000;2018;11;20;1;2;6;4;2;0;0;1;0;0;1;0;457967,485099999990000;5428450,344999999700000;8,425246288000039;49,007515242000068
161129;08;2;35;006;2018;11;19;1;3;6;6;2;1;0;1;0;0;0;0;470888,304300000020000;5381383,965599999800000;8,605256522000047;48,584864060000029
161131;08;4;36;064;2018;11;14;3;3;6;6;0;1;0;1;0;0;0;0;546022,894699999950000;5291926,606599999600000;9,614348649000021;47,779057690000059
161133;08;4;35;016;2018;11;15;3;3;3;2;0;1;0;0;1;0;0;0;534747,170999999970000;5278805,058000000200000;9,462790865000045;47,661705666000046
161136;08;1;21;000;2018;11;17;1;3;1;5;1;1;1;0;0;0;0;0;516251,890900000000000;5442613,753700000200000;9,222802782000031;49,136138724000034
161139;08;4;36;079;2018;11;15;7;2;4;2;0;1;1;0;0;0;0;0;552427,956899999990000;5291147,884600000500000;9,699748103000047;47,771562188000075
161142;08;4;16;041;2018;11;18;3;3;0;1;2;1;0;0;0;0;0;0;506274,102599999980000;5373918,929399999800000;9,084962928000039;48,518351437000035
161143;08;3;36;082;2018;11;12;3;3;2;1;0;1;1;0;0;0;0;0;412480,269900000010000;5271132,911799999900000;7,835979723000037;47,587700420000033
161149;08;3;17;005;2018;11;18;3;2;5;3;2;1;1;0;0;0;0;0;424531,358400000030000;5376455,908200000400000;7,977640154000028;48,536666859000036
161152;08;3;25;072;2018;11;23;7;3;6;7;2;0;1;1;0;0;0;0;470362,299699999970000;5329237,127399999600000;8,601796278000052;48,115704696000080
161155;08;2;12;000;2018;11;12;7;3;5;3;0;1;1;0;0;0;0;1;454443,700699999990000;5428835,949900000400000;8,377021562000039;49,010733721000065
161156;08;3;11;000;2018;11;07;3;3;5;3;0;1;1;0;0;0;0;0;411675,732900000000000;5314568,502299999800000;7,816444356000034;47,978321466000068
161157;08;2;12;000;2018;11;12;3;3;6;5;0;0;0;1;0;0;1;0;460702,335800000000000;5427633,577600000400000;8,462719971000070;49,000348456000040
161159;08;2;37;028;2018;11;17;3;3;5;3;1;1;1;0;0;0;0;0;456173,574000000020000;5369053,361399999800000;8,407036197000025;48,473082718000057
161160;08;2;22;000;2018;11;14;7;3;6;4;0;0;1;1;0;0;0;0;461659,558100000020000;5481513,657700000300000;8,470651385000053;49,485052206000034
161162;08;1;36;088;2018;11;20;7;3;5;3;2;1;1;0;0;0;0;0;577713,360100000050000;5408372,829400000200000;10,058763532000057;48,823472432000074
161163;08;1;25;111;2018;11;16;7;3;0;7;0;1;0;0;0;0;0;1;529273,256000000050000;5454270,798399999700000;9,402162568000051;49,240512553000030
161167;08;2;36;076;2018;11;15;3;3;5;3;0;1;1;0;0;0;0;0;471343,463099999990000;5423471,467699999900000;8,608495256000026;48,963494201000060
161169;08;2;31;000;2018;11;17;3;3;4;2;2;1;1;0;0;0;0;0;478070,794999999980000;5413843,171799999700000;8,700919931000044;48,877157025000031
161170;08;2;36;039;2018;11;06;3;3;6;4;2;0;1;1;0;0;0;0;490029,341200000020000;5412229,469600000400000;8,864054368000041;48,862948164000045
161171;08;1;16;012;2018;11;16;7;3;0;1;0;1;0;0;0;0;0;0;536231,876900000030000;5382956,371500000400000;9,491424233000032;48,598637884000027
161172;08;2;26;096;2018;11;18;3;3;0;2;2;0;1;1;0;0;0;0;476395,482100000020000;5487998,980000000400000;8,673711044000072;49,544137578000061
161175;08;1;15;045;2018;11;13;7;3;1;5;0;1;1;0;0;0;0;1;499964,930500000020000;5395365,061400000000000;8,999523281000052;48,711316926000052
161176;08;2;22;000;2018;11;15;3;3;5;3;0;1;1;0;0;0;0;0;465222,813000000020000;5484948,190999999600000;8,519543309000028;49,516158827000027
161177;08;2;22;000;2018;11;07;3;3;5;3;1;1;1;0;0;0;0;0;461137,373599999990000;5482025,489699999800000;8,463391842000021;49,489622644000065
161178;08;1;11;000;2018;11;20;7;3;6;2;2;0;0;1;0;0;1;0;511980,857499999980000;5406384,506299999500000;9,163182844000062;48,810332260000052
161179;08;2;21;000;2018;11;17;3;3;3;2;2;1;1;0;0;0;0;0;476903,577500000010000;5472341,154799999700000;8,681648515000063;49,403319170000032
161180;08;4;26;021;2018;11;10;6;2;0;1;0;1;0;0;0;0;0;1;558559,272000000000000;5327384,514700000200000;9,786502812000038;48,097035092000056
161181;08;2;15;107;2018;11;13;3;3;5;3;0;1;1;0;0;0;0;0;462432,896400000030000;5456594,963299999900000;8,483681034000028;49,260965257000066
161189;08;2;16;007;2018;11;11;3;2;5;3;0;1;1;0;0;0;0;0;436420,891999999990000;5393975,748999999800000;8,135999478000031;48,695578837000028
161191;08;3;35;079;2018;11;14;6;3;6;4;0;0;1;1;0;0;0;0;500756,998199999970000;5299795,627000000300000;9,010119035000059;47,851502670000059
161195;08;3;17;065;2018;11;15;6;3;5;3;0;1;1;0;0;0;0;0;415099,292100000020000;5354669,719800000100000;7,854306297000051;48,339501375000054
161196;08;3;16;020;2018;11;10;6;3;4;2;0;1;1;0;0;0;0;0;408480,891999999990000;5338342,594999999700000;7,768548392000071;48,191719942000077
161197;08;3;15;050;2018;11;13;6;3;6;4;0;0;1;1;0;0;0;0;399640,360900000030000;5303394,635300000200000;7,657815423000045;47,876039724000066
161199;08;3;15;006;2018;11;08;6;3;5;7;0;1;1;0;0;0;0;0;403170,614999999990000;5308132,266699999600000;7,703952163000054;47,919197054000051
161205;08;3;11;000;2018;11;19;6;3;1;5;2;1;1;0;0;0;0;1;412517,782499999970000;5316352,659099999800000;7,827361940000060;47,994486232000042
161206;08;1;11;000;2018;11;07;3;3;0;2;1;1;0;0;0;0;1;0;514201,494599999980000;5406323,548299999900000;9,193426307000038;48,809737107000046
161207;08;2;12;000;2018;11;16;6;3;0;7;0;1;0;0;0;0;0;0;455719,769199999980000;5428273,551300000400000;8,394531995000023;49,005767779000053
161208;08;4;36;014;2018;11;20;2;2;0;7;2;1;0;0;0;0;0;0;556591,821699999970000;5299825,520800000100000;9,756450690000065;47,849280049000072
161209;08;2;31;000;2018;11;20;6;3;6;4;2;0;1;1;0;0;0;0;478378,521000000010000;5414987,833499999700000;8,705056232000061;48,887464846000057
161210;08;2;26;096;2018;11;11;6;3;6;6;0;0;1;1;0;0;0;0;475786,498000000020000;5489786,106900000000000;8,665183254000056;49,560188025000059
161211;08;4;35;057;2018;11;15;2;3;5;2;0;1;1;0;0;0;0;0;544390,030999999960000;5279691,032999999800000;9,591305988000045;47,669087100000070
161213;08;4;26;108;2018;11;05;2;3;1;5;2;1;0;0;0;0;1;1;572058,162699999990000;5336077,529199999800000;9,969251321000058;48,173850989000073
161216;08;4;16;041;2018;11;16;2;3;1;6;0;1;1;0;0;0;0;0;503021,714299999990000;5374542,759499999700000;9,040924127000039;48,523987721000026
161217;08;2;22;000;2018;11;15;6;3;6;4;0;1;0;1;0;0;0;0;461453,701000000000000;5482141,656200000100000;8,467748106000045;49,490687676000050
161221;08;3;35;075;2018;11;07;2;2;5;3;2;1;1;0;0;0;0;0;489107,186500000010000;5288909,259899999900000;8,854666002000045;47,753461031000029
161222;08;2;16;043;2018;11;13;6;3;4;2;0;1;1;0;0;0;0;0;441876,803100000020000;5412990,839900000000000;8,207445603000053;48,867153615000063
161225;08;2;12;000;2018;11;13;6;3;5;3;0;1;1;0;0;0;0;0;454284,891100000010000;5430730,691399999900000;8,374636498000029;49,027765270000032
161230;08;3;26;074;2018;11;12;2;2;6;4;0;0;1;1;0;0;0;1;460105,978000000000000;5323439,963999999700000;8,464542389000030;48,062989568000035
161231;08;1;19;020;2018;11;11;6;2;6;7;0;0;1;1;0;0;0;0;520188,928599999980000;5408108,937599999800000;9,275063005000050;48,825632429000052
161235;08;3;11;000;2018;11;10;2;3;6;7;0;0;0;1;0;0;1;0;414039,937600000000000;5316215,100399999900000;7,847788607000041;47,993455292000078
161236;08;1;19;008;2018;11;08;6;2;0;3;0;1;1;0;0;0;0;0;531065,476000000020000;5421812,019999999600000;9,424288070000046;48,948450359000049
161237;08;1;19;083;2018;11;15;6;2;5;3;0;1;1;0;0;0;0;0;534730,286399999980000;5420882,110999999600000;9,474260582000056;48,939890498000068
161238;08;2;12;000;2018;11;08;2;3;5;3;0;1;0;0;0;0;0;0;454451,107000000020000;5428596,924100000400000;8,377149656000029;49,008584214000052
161239;08;1;18;019;2018;11;14;6;3;0;7;0;1;0;0;0;0;0;0;503113,027000000000000;5404545,086000000100000;9,042386492000048;48,793892677000031
161240;08;2;12;000;2018;11;08;2;2;3;6;0;1;1;0;0;0;0;0;455763,133900000020000;5428754,976700000500000;8,395072452000022;49,010101360000078
161242;08;2;12;000;2018;11;16;2;3;3;6;0;1;0;0;0;0;0;0;455007,064900000000000;5429700,664500000000000;8,384629181000037;49,018553228000030
161243;08;1;18;048;2018;11;14;6;2;5;3;0;1;1;0;0;0;0;0;513819,363300000030000;5414952,788200000300000;9,188512829000047;48,887372685000059
161244;08;1;16;078;2018;11;08;6;3;6;4;0;0;0;1;0;0;1;0;512346,663799999980000;5393645,763600000200000;9,167783195000027;48,695727814000065
161245;08;2;12;000;2018;11;12;2;3;2;6;0;1;1;0;0;0;0;0;456383,410600000000000;5428377,597400000300000;8,403594634000058;49,006750944000032
161246;08;1;16;033;2018;11;08;6;2;6;4;0;0;0;1;0;0;1;0;533905,500099999950000;5388079,283800000300000;9,460290807000035;48,644853512000054
161248;08;2;36;073;2018;11;13;2;3;5;3;0;1;1;0;0;0;0;1;479732,451799999980000;5423790,641699999600000;8,723087779000025;48,966697373000045
161249;08;1;15;045;2018;11;16;6;3;6;2;1;0;1;1;0;0;0;0;501959,850600000010000;5394366,875400000300000;9,026636586000052;48,702334091000068
161251;08;2;26;031;2018;11;13;2;3;5;2;0;1;1;0;0;0;0;1;473745,099600000020000;5493301,370799999700000;8,636721393000073;49,591721081000060
161252;08;2;22;000;2018;11;17;2;3;4;6;1;1;0;0;0;0;0;0;461248,592100000010000;5486698,016699999600000;8,464468844000066;49,531656447000046
161253;08;1;15;003;2018;11;07;6;2;4;2;1;1;1;0;0;0;0;1;501310,096800000000000;5391053,195899999700000;9,017795191000062;48,672525581000059
161256;08;4;35;016;2018;11;08;5;3;5;3;0;1;0;0;0;0;0;0;534450,389500000050000;5279245,206799999800000;9,458872926000026;47,665681748000054
161257;08;4;25;033;2018;11;17;5;2;6;4;2;0;1;1;0;0;0;0;552584,763299999990000;5348458,649199999900000;9,708876769000028;48,287143327000081
161258;08;2;26;032;2018;11;15;2;2;6;7;0;0;1;1;0;0;0;0;466559,501899999970000;5463144,539800000400000;8,539846696000041;49,320117382000035
161259;08;4;16;041;2018;11;17;5;3;0;6;0;1;0;0;0;0;0;0;504293,001099999990000;5373865,794999999900000;9,058134628000062;48,517890095000041
161260;08;2;21;000;2018;11;11;2;3;5;7;0;0;1;1;0;0;0;0;475891,279099999990000;5473981,581500000300000;8,667596041000024;49,418035259000078
161261;08;2;15;021;2018;11;08;2;3;1;5;0;1;1;0;0;0;0;0;469881,936999999980000;5444099,322599999600000;8,586994031000074;49,148978359000068
161262;08;4;15;014;2018;11;13;5;3;5;3;0;1;1;0;0;0;0;0;525591,062999999970000;5375050,301000000000000;9,346616559000040;48,528039228000068
161263;08;2;15;017;2018;11;08;2;3;0;1;0;1;0;0;0;0;0;0;456484,287499999980000;5421182,351499999900000;8,405743748000020;48,942035594000060
161265;08;1;36;088;2018;11;06;2;3;6;2;2;0;1;1;0;0;0;0;580899,990899999980000;5412127,944899999500000;10,102911192000022;48,856839826000055
161268;08;3;26;074;2018;11;12;5;3;6;4;0;0;1;1;0;0;0;1;465776,737000000020000;5324810,338999999700000;8,540542848000030;48,075648020000074
161270;08;3;17;005;2018;11;15;5;3;0;7;0;1;0;0;0;0;0;1;424251,269800000010000;5376993,996299999800000;7,973748639000064;48,541473151000048
161271;08;3;17;034;2018;11;17;5;2;6;4;2;0;1;1;0;0;0;0;426802,643199999990000;5362004,667999999600000;8,010933785000077;48,406945616000030
161272;08;1;18;048;2018;11;07;2;3;5;3;2;1;1;0;0;0;0;0;515176,527200000010000;5415558,648799999600000;9,207048567000072;48,892791093000028
161274;08;1;18;046;2018;11;20;2;3;0;1;2;1;0;0;0;0;0;0;513302,947200000000000;5414258,790699999800000;9,181445740000072;48,881140956000081
161275;08;1;17;044;2018;11;09;2;2;5;3;0;1;1;0;0;0;0;0;538860,402600000030000;5391681,480600000400000;9,527892558000076;48,676969598000028
161276;08;3;15;059;2018;11;17;5;3;1;5;2;1;0;0;0;1;0;0;402253,058800000000000;5322646,571300000000000;7,688370233000057;48,049611908000031
161278;08;3;11;000;2018;11;12;5;3;5;3;0;1;1;0;0;0;0;0;411450,119400000030000;5315693,589900000000000;7,813189783000041;47,988410758000043
161279;08;3;11;000;2018;11;14;5;3;4;2;0;1;1;0;0;0;0;0;413138,641500000030000;5317020,635900000100000;7,835547119000069;48,000579550000054
161280;08;3;36;050;2018;11;08;5;3;6;4;0;0;1;1;0;0;0;0;398952,009499999990000;5274620,834200000400000;7,655296359000033;47,617108746000042
161282;08;2;15;105;2018;11;16;5;3;5;3;2;1;1;0;0;0;0;0;457049,560200000010000;5441958,227500000000000;8,411261394000064;49,128955920000067
161283;08;4;15;059;2018;11;17;1;3;6;4;1;0;1;1;0;0;0;0;516823,390599999980000;5369057,088999999700000;9,227623064000056;48,474418619000062
161284;08;2;37;028;2018;11;05;5;3;0;1;2;1;0;0;0;0;0;0;456941,505400000020000;5368157,516699999600000;8,417517851000071;48,465076771000042
161286;08;2;36;030;2018;11;15;5;3;6;4;0;0;1;1;0;0;0;0;475274,491500000000000;5418009,130599999800000;8,662531214000069;48,914527203000034
161289;08;2;26;063;2018;11;11;5;3;1;5;0;1;1;0;0;0;0;0;470566,286399999980000;5471410,326700000100000;8,594368949000057;49,394673103000059
161291;08;2;31;000;2018;12;18;2;2;6;4;2;0;1;1;0;0;0;1;478097,265499999980000;5415867,041100000000000;8,701172482000061;48,895364026000038
161292;08;1;15;045;2018;11;14;6;2;1;5;0;1;1;0;0;0;0;1;499307,016899999990000;5396036,094100000300000;8,990578773000038;48,717353196000033
161295;08;2;22;000;2018;12;19;2;3;5;2;0;0;1;1;0;0;0;0;460978,457500000020000;5481919,175699999600000;8,461208154000076;49,488656208000066
161301;08;2;21;000;2018;12;08;2;3;5;3;0;1;1;0;0;0;0;0;477649,171900000020000;5471965,687800000400000;8,691946447000021;49,399969736000060
161302;08;2;21;000;2018;12;09;2;2;5;3;0;1;0;0;0;0;0;1;477176,478999999990000;5471674,998999999800000;8,685448290000068;49,397337491000030
161307;08;1;11;000;2018;11;14;6;3;5;3;0;1;1;0;0;0;0;1;518181,892999999980000;5402895,685300000000000;9,247487685000067;48,778796833000058