OBJECTID_1;ULAND;UREGBEZ;UKREIS;UGEMEINDE;UJAHR;UMONAT;USTUNDE;UWOCHENTAG;UKATEGORIE;UART;UTYP1;ULICHTVERH;IstRad;IstPKW;IstFuss;IstKrad;IstGkfz;IstSonstig;STRZUSTAND;LINREFX;LINREFY;XGCSWGS84;YGCSWGS84
161309;08;4;36;082;2018;11;17;5;3;5;3;2;1;1;0;0;0;0;0;547527,388200000040000;5295675,392300000400000;9,634841235000067;47,812676107000073
161310;08;2;12;000;2018;12;17;2;3;6;4;2;1;0;1;0;0;0;1;456040,431999999970000;5427444,228000000100000;8,399006112000052;48,998330842000030
161312;08;2;12;000;2018;12;19;2;3;8;7;2;1;0;0;0;0;0;1;455103,631999999980000;5428526,993800000300000;8,386079688000052;49,008003003000056
161314;08;2;16;043;2018;12;13;2;3;6;2;0;0;1;1;0;0;0;1;442258,345800000010000;5413073,075699999900000;8,212636109000073;48,867928965000033
161316;08;1;36;088;2018;12;18;2;3;6;4;2;0;1;1;0;0;0;1;577880,648000000040000;5410232,299999999800000;10,061395501000050;48,840176181000061
161317;08;3;26;003;2018;11;07;5;3;5;3;0;1;1;0;0;0;0;0;464926,058299999980000;5319024,287800000000000;8,529596943000058;48,023545813000055
161319;08;3;26;074;2018;11;07;5;3;3;6;1;1;0;0;0;0;1;0;465865,034099999990000;5323865,695299999800000;8,541803675000040;48,067153996000059
161320;08;4;17;002;2018;11;04;5;2;5;3;2;1;1;0;0;0;0;1;489528,398600000010000;5347474,335400000200000;8,858855021000068;48,280385823000074
161321;08;1;28;007;2018;12;12;2;3;0;3;0;1;1;0;0;0;0;1;555950,412400000030000;5481945,122499999600000;9,772522728000070;49,487564824000060
161325;08;1;27;076;2018;12;06;2;3;5;3;2;1;1;0;0;0;0;1;560756,378299999980000;5438646,905399999600000;9,832290123000064;49,097669815000074
161331;08;1;18;048;2018;12;17;2;3;5;2;2;1;1;0;0;0;0;1;513162,223799999980000;5415118,152599999700000;9,179554025000073;48,888874567000073
161332;08;3;11;000;2018;11;16;5;3;5;3;0;1;1;0;0;0;0;0;414199,686800000020000;5318148,065999999600000;7,849542842000062;48,010864486000060
161334;08;3;11;000;2018;11;08;5;3;0;1;0;1;0;0;0;0;0;1;414407,746600000010000;5316662,812400000200000;7,852628410000023;47,997531977000051
161335;08;1;16;056;2018;12;06;2;3;6;4;1;0;1;1;0;0;0;1;530334,936499999950000;5395889,347099999900000;9,412392442000055;48,715295444000049
161337;08;1;16;019;2018;12;18;2;3;6;4;2;0;1;1;0;0;0;1;523060,015499999980000;5399817,924200000200000;9,313714123000068;48,750948053000059
161338;08;2;15;099;2018;11;07;5;2;5;3;2;1;0;0;0;0;1;1;461967,705900000000000;5444617,997999999700000;8,478422225000031;49,153204686000038
161339;08;2;12;000;2018;11;12;5;3;6;6;0;0;1;1;0;0;0;0;455922,767899999980000;5428619,576500000400000;8,397269980000033;49,008894844000054
161341;08;2;12;000;2018;11;16;5;3;5;2;1;1;1;0;0;0;0;0;453579,166800000010000;5431067,349899999800000;8,364944562000062;49,030740800000046
161342;08;1;15;045;2018;12;15;2;3;0;7;0;1;0;0;0;0;1;1;501044,729999999980000;5394098,568099999800000;9,014198384000054;48,699922580000077
161343;08;1;15;045;2018;12;07;2;3;6;2;2;0;1;1;0;0;0;1;495178,135200000020000;5393132,228500000200000;8,934479839000062;48,691211542000076
161344;08;2;31;000;2018;11;07;5;3;6;4;0;0;0;1;0;0;1;0;477908,941300000010000;5415455,646200000300000;8,698625384000025;48,891656571000055
161345;08;1;15;003;2018;12;17;2;3;5;3;2;1;1;0;0;0;0;1;500709,037300000030000;5393342,673100000200000;9,009634861000052;48,693122950000031
161349;08;1;11;000;2018;12;19;2;3;6;4;2;0;1;1;0;0;0;1;511684,508299999990000;5408915,427699999900000;9,159218597000063;48,833105721000038
161350;08;2;15;096;2018;11;15;5;3;6;7;0;0;1;1;0;0;0;1;463360,024600000000000;5416860,093100000200000;8,500023883000040;48,903600687000051
161351;08;1;15;045;2018;11;05;5;2;0;7;2;1;0;0;0;0;0;1;499683,441999999980000;5395259,407200000200000;8,995696934000023;48,710366374000046
161355;08;1;11;000;2018;12;07;2;3;6;4;1;0;1;1;0;0;0;1;511342,912000000010000;5406240,676000000000000;9,154489896000030;48,809050352000042
161359;08;1;11;000;2018;12;12;2;3;6;2;0;0;1;1;0;0;0;1;516157,067900000020000;5405458,335099999800000;9,220027238000057;48,801906006000081
161362;08;1;11;000;2018;12;18;2;3;0;6;2;0;1;1;0;0;0;1;512893,169100000000000;5398980,761300000400000;9,175376579000044;48,743710474000068
161363;08;1;19;091;2018;11;16;5;2;6;7;1;0;1;1;0;0;0;0;528699,238000000010000;5405526,650000000400000;9,390828264000049;48,802067996000062
161364;08;4;26;073;2018;12;10;1;3;0;1;0;1;0;0;0;0;0;1;564550,301600000010000;5335903,150200000000000;9,868249644000059;48,173089404000052
161365;08;1;18;048;2018;11;14;5;3;4;2;0;0;1;1;0;0;0;0;515299,189000000010000;5414594,497999999700000;9,208685896000077;48,884114835000048
161367;08;4;16;041;2018;12;07;1;3;6;4;2;0;1;1;0;0;0;1;505801,690899999990000;5374092,393699999900000;9,078568022000070;48,519916529000056
161369;08;4;16;036;2018;12;13;1;3;5;3;0;1;1;0;0;0;0;1;494637,701999999990000;5374629,504999999900000;8,927375440000049;48,524752482000054
161370;08;4;16;041;2018;12;15;1;3;1;6;0;1;1;0;0;0;0;1;504380,799400000020000;5374779,732499999900000;9,059333170000059;48,526111600000036
161371;08;1;15;013;2018;11;18;5;3;5;3;2;1;1;0;0;0;0;0;496661,160900000020000;5390078,307500000100000;8,954656051000029;48,663747801000056
161372;08;3;27;050;2018;12;17;1;3;6;2;1;0;1;1;0;0;0;1;486682,076200000010000;5314396,337600000200000;8,821524314000044;47,982731696000030
161373;08;1;11;000;2018;11;07;5;3;6;4;2;0;1;1;0;0;0;0;507898,913899999990000;5398303,625000000000000;9,107430471000043;48,737702311000078
161375;08;1;11;000;2018;11;13;5;3;6;4;0;0;1;1;0;0;0;0;512040,901300000030000;5403569,660799999700000;9,163918130000070;48,785009040000034
161376;08;3;16;011;2018;12;17;1;3;6;4;2;0;1;1;0;0;0;1;414101,638299999990000;5330547,520600000400000;7,845736926000029;48,122387611000079
161377;08;4;36;049;2018;11;12;4;3;4;2;0;1;1;0;0;0;0;1;578077,701400000020000;5283002,607200000400000;10,040581592000024;47,695688914000073
161379;08;3;11;000;2018;12;19;1;3;2;4;2;0;1;1;0;0;0;1;411301,901900000000000;5315395,961699999900000;7,811265193000054;47,985712973000034
161381;08;2;25;032;2018;12;20;1;3;6;4;2;0;0;1;0;0;1;1;534276,936400000010000;5495303,060999999800000;9,474447441000052;49,609323449000044
161385;08;2;21;000;2018;12;17;1;2;6;4;2;1;0;1;0;0;0;1;478219,426700000010000;5473004,088399999800000;8,699749003000022;49,409330676000081
161386;08;4;15;061;2018;11;08;4;3;6;2;0;0;1;1;0;0;0;1;516084,365100000000000;5371043,567900000100000;9,217700478000040;48,492309043000034
161389;08;3;35;043;2018;11;17;4;3;5;3;2;1;1;0;0;0;0;0;512122,548400000030000;5281614,423200000100000;9,161538266000036;47,687803122000048
161390;08;2;15;100;2018;12;10;1;3;5;3;0;1;1;0;0;0;0;1;474955,591699999990000;5451853,679100000300000;8,656084053000029;49,218957970000076
161391;08;3;35;075;2018;11;17;4;2;5;3;2;1;1;0;0;0;0;0;488225,288000000000000;5290107,474200000100000;8,842867129000069;47,764226501000053
161392;08;3;26;074;2018;11;06;4;3;4;2;2;1;1;0;0;0;0;0;465558,538600000030000;5324487,175099999600000;8,537639618000071;48,072728837000057
161393;08;1;11;000;2018;12;17;1;3;6;4;2;0;1;1;0;0;0;1;514411,467599999970000;5404088,021999999900000;9,196207698000023;48,789621752000073
161394;08;3;25;051;2018;11;06;4;2;5;3;2;1;1;0;0;0;0;1;451331,613000000010000;5348797,014999999700000;8,343875793000052;48,290500607000070
161395;08;3;25;051;2018;11;12;4;3;1;5;0;1;1;0;0;0;0;0;451374,002500000000000;5348796,448300000300000;8,344447295000066;48,290498768000077
161396;08;1;11;000;2018;12;12;1;3;6;7;0;0;1;1;0;0;0;0;513608,324700000000000;5400043,200899999600000;9,185139387000049;48,753252927000062
161397;08;3;17;116;2018;11;17;4;3;6;7;2;0;0;1;0;0;1;0;433143,263099999980000;5387726,221800000400000;8,092474270000025;48,639021682000077
161401;08;2;35;046;2018;11;21;4;3;6;6;2;0;1;1;0;0;0;0;479998,462999999990000;5376914,782300000100000;8,728999914000042;48,545015598000077
161406;08;4;25;031;2018;12;18;7;3;6;7;2;0;1;1;0;0;0;0;569662,014199999980000;5368401,997899999800000;9,942366144000062;48,464892106000036
161410;08;2;21;000;2018;11;17;4;2;0;7;1;1;0;0;0;0;0;0;475245,313599999990000;5472689,968799999900000;8,658770365000066;49,406391502000076
161414;08;3;36;050;2018;12;17;7;3;6;4;0;0;0;1;0;0;1;0;399362,575900000000000;5273704,619400000200000;7,660968903000025;47,608930992000069
161416;08;3;35;043;2018;12;20;7;3;0;7;2;1;0;0;0;0;0;0;509850,173100000010000;5281817,764100000300000;9,131262552000067;47,689671346000068
161419;08;2;15;017;2018;11;10;4;3;1;1;0;1;1;0;0;0;0;1;457256,241600000010000;5421060,936200000300000;8,416297813000028;48,940997261000064
161420;08;3;17;065;2018;12;08;7;2;6;7;0;0;1;1;0;0;0;0;416469,581400000020000;5354829,683799999800000;7,872762206000061;48,341122908000045
161422;08;1;36;065;2018;11;09;4;3;0;1;0;1;0;0;0;0;0;1;558412,768000000040000;5405003,227000000000000;9,795364402000075;48,795277734000081
161424;08;1;25;110;2018;11;20;4;3;0;4;2;0;0;1;1;0;0;0;527817,380099999950000;5442751,848799999800000;9,381364678000068;49,136966103000077
161426;08;3;11;000;2018;12;15;7;3;5;3;0;1;1;0;0;0;0;0;419490,908000000000000;5313925,917000000400000;7,921268898000051;47,973572264000040
161428;08;3;11;000;2018;12;11;7;3;6;7;0;0;1;1;0;0;0;0;414879,615999999980000;5319466,747999999700000;7,858395958000074;48,022817454000062
161429;08;1;19;020;2018;11;09;4;3;6;7;0;0;1;1;0;0;0;0;520002,751500000010000;5407333,790900000400000;9,272488672000065;48,818665394000050
161430;08;1;19;085;2018;11;10;4;3;6;7;0;0;0;1;0;0;1;0;529283,715899999950000;5413751,608900000300000;9,399375313000064;48,876029590000030
161431;08;1;18;073;2018;11;13;4;2;5;3;0;1;1;0;0;0;0;1;498316,554999999990000;5425737,885200000400000;8,976991164000026;48,984544151000080
161432;08;1;17;024;2018;11;13;4;3;4;6;0;1;1;0;0;0;0;0;561041,283999999990000;5386480,076299999800000;9,828411169000049;48,628407188000040
161433;08;3;11;000;2018;12;00;7;2;0;1;2;1;0;0;0;0;0;1;414195,943800000010000;5318148,120699999900000;7,849492653000027;48,010864476000052
161436;08;2;21;000;2018;12;19;7;3;2;6;2;1;1;0;0;0;0;1;477333,487299999980000;5469758,924499999700000;8,687721391000025;49,380108509000081
161437;08;1;15;021;2018;11;14;4;3;5;3;0;1;1;0;0;0;0;1;490860,721399999980000;5380731,568599999900000;8,876087837000057;48,579604831000040
161439;08;2;16;063;2018;12;13;7;2;0;7;0;1;0;0;0;0;0;1;433733,663500000020000;5403634,303299999800000;8,097933025000032;48,782177056000080
161440;08;1;11;000;2018;11;12;4;3;4;6;0;1;0;0;0;0;1;1;516999,073399999990000;5409613,975200000200000;9,231665809000049;48,839266957000063
161441;08;2;15;017;2018;12;09;7;3;5;3;0;1;1;0;0;0;0;1;456586,514800000000000;5421804,721800000400000;8,407073376000028;48,947641136000072
161443;08;1;19;020;2018;12;08;7;3;6;2;0;0;1;1;0;0;0;1;519420,345800000010000;5410102,197599999600000;9,264686053000048;48,843587866000064
161445;08;1;19;079;2018;12;11;7;2;6;4;0;0;1;1;0;0;0;0;522610,194699999990000;5408090,275700000100000;9,308049919000041;48,825381123000057
161446;08;1;18;079;2018;12;13;7;2;6;7;0;0;1;1;0;0;0;0;507174,071300000010000;5423372,677299999600000;9,098011327000052;48,963228210000068
161447;08;4;21;000;2018;11;09;3;2;1;3;0;1;1;0;0;0;0;1;572855,920000000040000;5360143,015999999800000;9,984130242000049;48,390239188000066
161448;08;1;16;019;2018;12;10;7;3;6;7;0;0;1;1;0;0;0;0;524874,385099999960000;5398972,333800000100000;9,338345749000041;48,743271408000055
161452;08;4;16;041;2018;11;21;3;3;0;1;2;1;0;0;0;0;0;1;504069,302700000000000;5375185,352099999800000;9,055118248000042;48,529762795000067
161454;08;4;16;041;2018;11;08;3;3;1;7;1;1;1;0;0;0;0;1;505545,721900000000000;5375255,159099999800000;9,075117093000074;48,530379491000076
161455;08;4;16;036;2018;11;13;3;3;5;3;0;1;0;0;0;0;1;1;497968,910800000010000;5369507,786999999500000;8,972516749000022;48,478695093000056
161458;08;4;35;016;2018;11;17;6;2;1;5;2;1;0;0;1;0;0;1;533253,958100000050000;5278728,705400000300000;9,442897867000056;47,661097180000070
161459;08;4;36;082;2018;11;11;6;3;6;6;0;0;0;1;0;0;1;0;547750,120000000000000;5295167,601499999900000;9,637760220000075;47,808091059000049
161462;08;4;15;061;2018;11;16;3;3;5;2;2;1;1;0;0;0;0;1;516553,443499999990000;5370410,689299999700000;9,224024283000063;48,486603264000053
161463;08;4;35;016;2018;11;18;6;3;5;3;2;1;1;0;0;0;0;1;533574,901100000020000;5278953,979500000400000;9,447189571000024;47,663107492000051
161465;08;3;36;081;2018;11;03;3;3;6;7;2;0;0;1;0;0;1;0;412417,507300000000000;5278952,516499999900000;7,833581210000034;47,658036460000062
161468;08;3;17;096;2018;11;16;3;3;5;3;2;1;1;0;0;0;0;0;422765,256500000020000;5368757,581399999600000;7,955143523000061;48,467206265000073
161471;08;3;17;001;2018;11;07;3;3;5;3;2;1;1;0;0;0;0;0;431851,552600000000000;5386455,334300000200000;8,075151688000062;48,627450549000059
161474;08;3;17;096;2018;11;08;3;2;6;2;0;0;0;1;0;0;1;1;422457,594600000010000;5368882,548399999700000;7,950958929000024;48,468292478000080
161475;08;4;21;000;2018;11;13;6;2;6;7;0;0;1;1;0;0;0;1;574146,605499999950000;5361615,371500000400000;10,001821960000029;48,403332864000049
161477;08;4;25;033;2018;11;17;6;3;6;4;2;0;1;1;0;0;0;1;553660,650000000020000;5348437,788499999800000;9,723376582000071;48,286865354000042
161478;08;3;11;000;2018;11;18;3;3;0;1;2;1;0;1;0;0;0;1;409768,828900000020000;5317075,085900000300000;7,790370600000074;48,000602572000048
161479;08;3;11;000;2018;11;12;3;3;0;7;0;1;0;0;0;0;0;1;414050,339400000000000;5316692,088200000100000;7,847832473000040;47,997747374000028
161480;08;4;16;041;2018;11;11;6;3;0;7;0;1;0;0;0;0;0;1;504334,359999999990000;5373723,701500000400000;9,058693222000045;48,516611485000055
161482;08;3;37;096;2018;11;20;6;2;5;3;2;1;1;0;0;0;0;1;420811,374300000020000;5267699,571000000500000;7,947383058000071;47,557883754000045
161483;08;3;35;063;2018;11;13;6;3;0;7;0;1;0;0;0;0;0;0;497718,993499999980000;5287448,416000000200000;8,969573988000036;47,740404946000069
161484;08;3;11;000;2018;11;07;3;3;3;6;1;1;1;0;0;0;0;0;413432,426400000000000;5315569,030899999700000;7,839777521000030;47,987561708000044
161486;08;3;11;000;2018;11;08;3;3;0;1;0;1;1;0;0;0;0;1;411238,644299999990000;5316322,957899999800000;7,810225929000069;47,994042770000078
161489;08;3;36;050;2018;11;14;3;3;6;4;0;0;1;1;0;0;0;1;399584,779800000020000;5275232,328800000300000;7,663574431000029;47,622707729000069
161492;08;3;16;011;2018;11;07;6;3;0;1;1;1;0;0;0;0;0;1;415046,006999999980000;5329863,232800000300000;7,858560674000046;48,116359035000073
161493;08;2;12;000;2018;11;09;3;3;1;5;0;1;1;0;0;0;0;0;458031,433499999980000;5428431,752999999600000;8,426122596000027;49,007352356000069
161494;08;2;26;065;2018;11;17;3;3;6;4;2;0;1;1;0;0;0;1;478066,867900000010000;5457849,048299999900000;8,698479992000046;49,273006258000066
161495;08;3;11;000;2018;12;18;2;3;6;2;2;0;1;1;0;0;0;1;411968,672299999980000;5315911,789800000400000;7,820093533000033;47,990445120000061
161496;08;3;15;074;2018;11;17;6;3;5;3;2;1;1;0;0;0;0;1;395347,934300000020000;5296528,906200000100000;7,602087496000024;47,813598930000069
161500;08;3;11;000;2018;11;23;6;3;0;7;2;1;0;0;0;0;0;0;414276,573700000010000;5316475,565000000400000;7,850907797000048;47,995830040000044
161501;08;2;16;007;2018;11;05;3;3;5;2;2;1;1;0;0;0;0;0;435404,349400000010000;5395198,253100000300000;8,121995724000044;48,706470877000072
161502;08;3;15;047;2018;11;17;6;3;0;7;2;1;1;0;0;0;0;0;415257,029199999990000;5321218,370199999800000;7,863110101000075;48,038624119000076
161503;08;3;36;050;2018;11;13;6;2;6;4;0;0;0;1;0;0;1;1;399448,723300000010000;5273720,102000000000000;7,662111262000053;47,609083636000037
161508;08;2;15;017;2018;12;17;2;2;0;7;2;0;0;1;0;0;1;1;456400,622399999990000;5421030,145499999600000;8,404617557000051;48,940660575000038
161511;08;3;36;050;2018;11;07;6;3;0;7;1;1;0;0;0;0;0;1;399975,745200000000000;5275174,297100000100000;7,668789591000063;47,622246205000067
161512;08;2;15;017;2018;11;06;3;3;5;3;2;1;1;0;0;0;0;1;456572,225099999980000;5421803,080099999900000;8,406878398000060;48,947625365000079
161515;08;2;16;043;2018;11;15;3;3;5;3;0;1;1;0;0;0;0;1;442109,151100000020000;5412711,264399999800000;8,210653086000036;48,864660574000027
161520;08;2;37;028;2018;12;07;2;3;6;4;2;0;1;1;0;0;0;1;456771,070400000030000;5368500,368900000100000;8,415176946000031;48,468149373000074
161521;08;2;26;084;2018;11;17;6;3;5;2;2;1;1;0;0;0;0;1;468617,570300000020000;5471197,697399999900000;8,567530930000032;49,392663224000046
161523;08;1;28;131;2018;11;15;3;2;6;4;0;0;1;1;0;0;0;0;536475,861500000000000;5511213,518699999900000;9,506366799000034;49,752296561000037
161528;08;2;22;000;2018;11;08;6;2;0;7;0;1;0;0;0;0;0;1;461924,340800000010000;5485177,187699999700000;8,473953824000034;49,518020322000041
161530;08;1;21;000;2018;11;14;3;3;1;7;0;0;0;1;0;0;1;0;515823,284999999970000;5443314,898000000000000;9,216954448000024;49,142456940000045
161531;08;2;22;000;2018;11;11;6;3;1;7;0;1;1;0;0;0;0;1;461661,109999999990000;5482073,784400000200000;8,470618489000060;49,490090346000045
161533;08;2;21;000;2018;11;10;6;3;4;2;0;1;1;0;0;0;0;1;476580,559000000010000;5473860,953400000000000;8,677106587000026;49,416977159000055
161534;08;2;26;098;2018;11;08;6;3;1;5;0;1;0;0;0;0;0;0;477427,390200000020000;5459860,503499999600000;8,689575524000077;49,291076108000027
161535;08;1;19;067;2018;11;17;3;3;6;4;2;0;1;1;0;0;0;1;538335,877699999950000;5405931,540199999700000;9,522093537000046;48,805190570000036
161536;08;2;15;009;2018;11;07;6;3;6;2;1;0;1;1;0;0;0;0;470154,610400000010000;5441375,498300000100000;8,590934749000041;49,124490402000049
161537;08;1;19;020;2018;11;17;3;3;5;2;1;1;0;0;0;0;1;0;520860,243000000020000;5406833,036999999500000;9,284144294000043;48,814132512000072
161542;08;1;36;065;2018;11;09;6;3;6;4;0;0;0;1;0;0;1;0;558556,442500000000000;5405710,108099999800000;9,797421302000032;48,801622657000053
161545;08;1;27;101;2018;11;16;6;3;6;4;1;0;1;1;0;0;0;1;590467,286700000060000;5442570,284699999700000;10,240090088000045;49,129302662000043
161547;08;1;19;008;2018;11;13;6;3;6;4;0;0;1;1;0;0;0;1;531492,299600000030000;5420938,939700000000000;9,430049907000068;48,940575020000040
161548;08;1;18;046;2018;11;17;6;3;6;2;2;0;1;1;0;0;0;1;513133,288100000010000;5414129,107099999700000;9,179127518000030;48,879977971000073
161551;08;4;37;088;2018;11;12;2;3;6;4;0;0;1;1;0;0;0;1;518998,776000000010000;5308713,461100000000000;9,254353983000044;47,931458398000075
161552;08;4;21;000;2018;11;17;2;3;5;3;2;1;1;0;0;0;0;1;571622,079700000000000;5360597,193300000400000;9,967543606000049;48,394465985000068
161553;08;4;16;041;2018;11;10;2;3;0;1;0;1;0;0;0;0;0;1;503511,756700000030000;5374402,927699999900000;9,047559761000059;48,522727193000037
161555;08;4;16;036;2018;11;07;2;3;6;2;0;0;1;1;0;0;0;0;494941,848799999980000;5369747,229399999600000;8,931553828000062;48,480832150000026
161557;08;4;16;041;2018;11;17;2;2;6;7;2;0;1;1;0;0;0;1;503648,565999999990000;5373065,305599999600000;9,049400869000067;48,510692668000047
161558;08;1;16;078;2018;11;08;6;3;0;6;0;0;1;1;0;0;0;1;512243,564699999990000;5392732,030199999900000;9,166355070000066;48,687509844000033
161562;08;3;27;050;2018;11;11;2;3;6;4;0;0;1;1;0;0;0;0;486534,168999999990000;5314868,111999999700000;8,819527400000027;47,986973232000025
161563;08;4;35;016;2018;12;07;2;3;6;4;2;0;1;1;0;0;0;1;536911,128999999960000;5278819,872000000400000;9,491612393000025;47,661719085000072
161565;08;1;16;080;2018;12;16;2;1;1;3;2;1;1;0;0;0;0;0;522113,548000000010000;5396060,038400000000000;9,300636706000034;48,717176784000060
161568;08;3;27;046;2018;12;16;2;3;6;2;1;0;1;1;0;0;0;1;480194,430700000030000;5324718,741800000000000;8,734105833000058;48,075434842000050
161570;08;2;31;000;2018;12;07;2;3;6;4;1;0;1;1;0;0;0;1;478102,379399999980000;5415273,505900000200000;8,701274063000028;48,890024965000066
161573;08;2;26;068;2018;12;07;6;3;5;3;2;1;1;0;0;0;0;0;469455,958300000000000;5460270,979899999700000;8,579921610000042;49,294421828000054
161577;08;4;15;061;2018;12;23;2;3;5;3;2;1;1;0;0;0;0;1;515951,782000000010000;5371383,861999999700000;9,215918989000045;48,495373827000037
161578;08;4;16;041;2018;12;20;2;3;5;3;2;1;1;0;0;0;0;1;505068,251800000030000;5375257,349299999900000;9,068649767000068;48,530403233000072
161579;08;2;21;000;2018;12;10;7;2;8;7;0;1;0;0;0;0;0;1;477692,943099999970000;5474032,063799999700000;8,692433626000025;49,418558076000068
161581;08;2;25;058;2018;12;10;6;3;5;3;0;1;1;0;0;0;0;0;511141,548000000010000;5468114,547000000300000;9,153452980000054;49,365637175000074
161583;08;2;22;000;2018;12;05;6;2;0;7;2;1;0;0;0;0;0;1;463926,711100000010000;5479021,504700000400000;8,502178865000076;49,462775446000080
161584;08;2;22;000;2018;12;05;6;3;5;2;2;1;1;0;0;0;0;1;461391,633600000000000;5481877,617399999900000;8,466916901000047;49,488308843000027
161585;08;3;17;057;2018;12;11;7;3;0;1;0;1;0;0;0;0;0;1;413837,478000000000000;5379451,130099999700000;7,832181685000023;48,562229794000075
161587;08;2;15;009;2018;12;15;6;3;0;3;0;1;1;0;0;0;0;0;469525,023999999980000;5441184,514000000400000;8,582320212000070;49,122741567000048
161588;08;2;15;046;2018;12;16;6;3;5;3;2;1;1;0;0;0;0;0;451366,136000000000000;5414348,169499999800000;8,336668587000077;48,880179845000043
161589;08;1;21;000;2018;12;06;2;3;5;3;2;1;1;0;0;0;0;1;517079,689200000020000;5443591,066499999700000;9,234192677000067;49,144907510000053
161590;08;2;12;000;2018;12;17;6;3;6;2;2;0;1;1;0;0;0;1;458376,838300000000000;5428330,879700000400000;8,430855751000024;49,006468378000079
161591;08;2;15;101;2018;12;15;6;3;8;1;0;1;0;0;0;0;0;1;467306,036199999970000;5423720,286399999600000;8,553317708000066;48,965532046000078
161598;08;1;28;007;2018;12;21;6;3;6;4;2;0;1;1;0;0;0;1;555634,209900000020000;5482991,455500000200000;9,768304536000073;49,497004653000033
161603;08;3;17;057;2018;12;10;2;3;3;7;0;1;1;1;0;0;0;1;412720,606099999980000;5380501,178700000000000;7,816826991000028;48,571519812000076
161605;08;3;26;074;2018;12;16;2;3;5;3;1;1;1;0;0;0;0;1;459633,759499999990000;5323320,656399999700000;8,458215827000061;48,061886485000059
161609;08;1;11;000;2018;12;07;6;3;6;4;1;0;1;1;0;0;0;0;511644,560999999990000;5406528,790000000000000;9,158606498000040;48,811636612000029
161610;08;2;26;060;2018;12;17;1;3;0;7;0;0;1;1;0;0;0;1;477138,645000000020000;5464007,867999999800000;8,685367202000066;49,328370900000039
161611;08;1;11;000;2018;12;15;6;3;5;3;0;1;1;0;0;0;0;1;511530,194900000000000;5410581,979199999900000;9,157162756000048;48,848100624000040
161612;08;4;36;081;2018;12;17;5;3;0;1;2;1;0;0;0;0;0;1;562152,280200000040000;5281559,287100000300000;9,828155549000030;47,684432120000054
161613;08;2;21;000;2018;12;11;7;2;0;7;0;1;0;0;0;0;0;0;476514,435500000020000;5474103,179300000000000;8,676180596000052;49,419153388000041
161620;08;3;11;000;2018;12;17;2;3;4;2;2;1;1;0;0;0;0;0;411398,930999999980000;5323502,980000000400000;7,810889105000058;48,058650793000027
161624;08;1;18;046;2018;12;14;1;3;0;7;0;1;0;0;0;0;0;1;513623,851000000020000;5412125,451000000400000;9,185751632000063;48,861942951000060
161625;08;4;15;053;2018;12;11;5;3;5;3;0;1;1;0;0;0;0;1;536786,592500000030000;5362542,802000000100000;9,497148255000070;48,414964039000040
161629;08;3;17;122;2018;12;18;2;3;0;7;2;1;1;0;0;0;0;1;417786,014000000020000;5367216,758000000400000;7,888098295000020;48,452715737000062
161630;08;3;36;050;2018;12;10;5;3;0;1;0;1;0;0;0;0;0;1;399995,517300000010000;5275419,774400000500000;7,668996602000050;47,624457412000027
161634;08;3;35;063;2018;12;18;5;3;1;5;2;1;1;0;0;0;0;1;497788,807199999980000;5288359,431400000100000;8,970500592000064;47,748602131000041
161637;08;4;35;034;2018;12;17;7;3;3;6;2;1;1;0;0;0;0;0;529184,154100000040000;5285289,100700000300000;9,389133795000021;47,720320548000075
161638;08;3;11;000;2018;12;23;5;3;5;3;2;1;1;0;0;0;0;0;414477,161199999970000;5317808,583700000300000;7,853330301000028;48,007847914000081
161639;08;3;15;015;2018;12;16;5;3;0;1;0;1;0;0;0;0;0;1;393845,543200000010000;5321061,134600000500000;7,575980750000042;48,034008856000071
161640;08;3;11;000;2018;12;23;5;2;5;7;2;1;1;0;0;0;0;0;418142,144600000000000;5314788,893100000000000;7,903035942000031;47,981164099000068
161642;08;2;12;000;2018;12;21;5;3;5;2;2;1;1;0;0;0;0;1;455097,360200000000000;5429279,980999999700000;8,385910632000048;49,014775728000075
161648;08;3;37;126;2018;12;07;2;3;6;4;2;0;1;1;0;0;0;0;440364,245799999980000;5274766,513600000200000;8,206299468000054;47,623555544000055
161651;08;1;18;067;2018;12;07;2;3;6;4;1;0;1;1;0;0;0;1;505804,487000000020000;5413828,081600000200000;9,079164437000031;48,877381957000068
161652;08;2;12;000;2018;12;19;5;3;0;3;2;1;1;0;0;0;0;1;457223,581200000020000;5429909,025600000300000;8,414920928000072;49,020585141000026
161653;08;2;12;000;2018;12;17;5;3;5;2;2;1;0;0;0;0;0;1;457463,100900000020000;5429119,264600000300000;8,418279598000027;49,013497705000077
161654;08;2;12;000;2018;12;23;5;3;6;6;2;0;1;1;0;0;0;0;458005,767100000000000;5428034,729100000100000;8,425812715000063;49,003779318000056
161659;08;1;35;019;2018;12;12;5;3;5;7;0;1;1;0;0;0;0;1;585282,388400000050000;5395671,606800000200000;10,159229896000056;48,708242805000054
161660;08;1;11;000;2018;12;16;2;3;0;4;0;0;0;1;0;0;1;0;515635,217000000000000;5407134,749499999900000;9,212984577000043;48,817000129000064