OBJECTID_1;ULAND;UREGBEZ;UKREIS;UGEMEINDE;UJAHR;UMONAT;USTUNDE;UWOCHENTAG;UKATEGORIE;UART;UTYP1;ULICHTVERH;IstRad;IstPKW;IstFuss;IstKrad;IstGkfz;IstSonstig;STRZUSTAND;LINREFX;LINREFY;XGCSWGS84;YGCSWGS84
161661;08;1;28;007;2018;12;17;5;3;5;3;2;1;1;0;0;0;0;1;556341,784800000020000;5482269,870799999700000;9,777972278000050;49,490449406000039
161663;08;1;19;020;2018;12;12;5;3;5;3;0;1;1;0;0;0;0;1;520099,929999999990000;5406575,597199999700000;9,273775334000050;48,811841696000045
161664;08;1;11;000;2018;12;11;7;3;1;5;0;1;1;0;0;0;0;0;519852,878299999980000;5401016,526300000000000;9,270141795000029;48,761841067000034
161667;08;1;19;008;2018;12;15;5;3;6;4;0;0;0;1;0;0;1;0;531447,895800000060000;5421113,417100000200000;9,429457026000023;48,942146782000066
161670;08;1;11;000;2018;12;08;7;3;5;3;0;1;1;0;0;0;0;0;516170,158500000020000;5405407,577100000300000;9,220203506000075;48,801449053000056
161672;08;2;31;000;2018;12;13;2;3;6;4;0;0;1;1;0;0;0;0;478137,334299999990000;5415776,058500000300000;8,701724017000061;48,894546993000063
161676;08;1;11;000;2018;12;02;1;3;6;4;2;0;0;1;1;0;0;0;512274,559000000010000;5402910,346699999600000;9,167079314000034;48,779073335000078
161679;08;4;35;016;2018;12;18;4;3;6;6;2;0;1;1;0;0;0;0;532592,604999999980000;5279108,826999999600000;9,434118154000032;47,664550972000029
161683;08;4;16;041;2018;12;07;4;3;5;3;0;1;1;0;0;0;0;1;503993,696999999990000;5372626,504200000300000;9,054069674000061;48,506742942000074
161684;08;2;26;038;2018;12;18;2;3;6;4;2;0;1;1;0;0;0;1;471419,973000000000000;5480681,323499999900000;8,605465102000039;49,478103800000042
161685;08;4;15;019;2018;12;11;4;3;6;7;0;0;1;1;0;0;0;0;518881,765599999980000;5370355,934000000400000;9,255531604000055;48,486045027000046
161690;08;4;16;041;2018;12;13;6;3;0;6;0;1;1;0;0;0;0;0;502623,323600000000000;5374446,846699999600000;9,035527981000030;48,523126647000026
161691;08;3;35;075;2018;12;09;4;3;0;3;0;1;1;0;0;0;0;0;488379,115400000010000;5290271,324099999900000;8,844915557000036;47,765703537000036
161693;08;1;36;088;2018;12;07;2;2;6;6;2;1;0;1;0;0;0;1;579871,208100000050000;5410020,201399999700000;10,088477433000037;48,838015594000069
161694;08;3;35;043;2018;12;11;4;3;5;3;0;1;0;0;0;0;0;0;514911,726900000010000;5280995,834800000300000;9,198683945000028;47,682178951000026
161696;08;3;17;065;2018;12;04;4;3;5;3;2;1;1;0;0;0;0;0;414770,086100000010000;5354003,006799999600000;7,849999646000072;48,333460067000033
161697;08;3;17;065;2018;12;10;4;3;5;3;0;1;1;0;0;0;0;0;416120,977000000010000;5354601,973000000200000;7,868104115000051;48,339028481000071
161698;08;3;17;065;2018;12;18;4;3;5;3;2;1;1;0;0;0;0;0;414677,172800000000000;5354470,506500000100000;7,848651550000056;48,337652613000046
161700;08;3;15;006;2018;12;18;4;3;5;3;2;1;1;0;0;0;0;0;403080,444599999990000;5307668,947300000100000;7,702849755000045;47,915015866000033
161701;08;4;15;060;2018;12;16;6;2;5;5;0;1;1;0;0;0;0;0;515105,192600000010000;5378700,015800000200000;9,204724992000024;48,561213060000057
161702;08;3;11;000;2018;12;09;4;2;6;7;0;0;0;1;0;0;1;1;413788,787000000010000;5315979,485999999600000;7,844470209000065;47,991302041000040
161703;08;2;12;000;2018;12;19;4;2;5;3;2;1;1;0;0;0;0;0;460420,947300000000000;5427280,833499999700000;8,458907361000058;48,997157468000069
161705;08;2;37;028;2018;12;14;4;3;6;6;0;0;1;1;0;0;0;0;457244,753800000010000;5367469,098100000100000;8,421690241000022;48,458904444000041
161706;08;2;26;096;2018;12;16;4;3;5;2;2;1;1;0;0;0;0;0;475078,666000000030000;5488402,824000000000000;8,655483285000059;49,547717237000029
161712;08;3;26;074;2018;12;14;2;3;5;3;0;1;1;0;0;0;0;1;458756,109000000000000;5324487,133899999800000;8,446324267000023;48,072324743000081
161714;08;1;15;045;2018;12;07;2;3;6;4;2;0;1;1;0;0;0;1;500772,360800000020000;5395078,792700000100000;9,010498589000065;48,708741155000041
161715;08;2;26;096;2018;12;13;4;2;5;3;0;1;1;0;0;0;0;0;474815,745000000000000;5487565,938000000100000;8,651902173000053;49,540178905000062
161716;08;2;16;007;2018;12;16;4;3;5;2;1;1;1;0;0;0;0;1;436220,707600000020000;5393737,764200000100000;8,133316168000022;48,693417716000056
161717;08;3;26;003;2018;12;16;6;3;6;4;0;0;1;1;0;0;0;0;464936,630899999990000;5320110,606599999600000;8,529649814000038;48,033319829000050
161721;08;2;21;000;2018;12;20;7;3;5;3;2;1;1;0;0;0;0;1;477586,682700000000000;5470059,022500000000000;8,691192719000071;49,382817226000043
161722;08;2;22;000;2018;12;10;2;3;6;7;0;0;1;1;0;0;0;0;460072,846200000030000;5487947,438600000000000;8,448094682000033;49,542817856000056
161723;08;2;15;007;2018;12;12;4;3;6;4;0;0;1;1;0;0;0;0;478299,534700000020000;5431263,852900000300000;8,703111032000038;49,033873956000036
161724;08;3;27;030;2018;12;04;1;3;6;4;2;0;1;1;0;0;0;1;491243,087600000030000;5322284,526800000100000;8,882485839000026;48,053781542000081
161726;08;4;36;064;2018;12;16;7;3;5;3;2;1;1;0;0;0;0;1;545782,620800000030000;5293218,018000000200000;9,611277690000065;47,790693657000077
161727;08;1;36;075;2018;12;15;4;3;0;1;0;1;0;0;0;0;0;0;600198,872500000060000;5422176,534900000300000;10,368407690000026;48,944392415000038
161731;08;1;15;045;2018;12;16;4;2;6;4;0;0;1;1;0;0;0;0;500288,039200000000000;5394995,005099999700000;9,003915217000042;48,707987808000041
161733;08;1;17;024;2018;12;12;4;3;6;4;0;0;0;1;0;0;1;0;561592,245000000000000;5385901,889999999700000;9,835801723000031;48,623152240000081
161734;08;3;11;000;2018;12;18;6;3;0;3;2;1;0;0;0;0;0;1;413859,726100000030000;5316236,523199999700000;7,845369254000048;47,993623746000026
161735;08;1;16;019;2018;12;15;4;3;5;3;0;1;1;0;0;0;0;1;523032,293000000010000;5398747,992700000300000;9,313277153000058;48,741324104000057
161737;08;1;15;003;2018;12;16;4;3;5;3;1;1;1;0;0;0;0;1;501216,128000000030000;5392271,709200000400000;9,016522387000066;48,683487664000040
161743;08;1;11;000;2018;12;21;4;3;5;2;2;1;1;0;0;0;0;0;512945,141000000000000;5409079,679300000000000;9,176401676000069;48,834558298000047
161744;08;3;11;000;2018;12;18;6;3;0;7;2;1;0;0;0;0;1;1;413858,601399999990000;5315948,488500000000000;7,845411988000024;47,991032616000041
161745;08;1;11;000;2018;12;15;4;3;6;4;0;0;1;1;0;0;0;1;517557,623000000020000;5404227,090699999600000;9,239047224000046;48,790791923000029
161746;08;3;11;000;2018;12;16;6;3;5;3;1;1;1;0;0;0;0;0;413065,194000000020000;5315393,915000000000000;7,834892195000066;47,985936666000043
161749;08;3;11;000;2018;12;07;6;3;4;6;0;1;0;0;0;0;0;0;411423,724899999970000;5314569,534699999700000;7,813067955000065;47,978295911000032
161750;08;4;15;061;2018;12;11;3;3;6;4;0;0;1;1;0;0;0;0;515023,390100000020000;5369638,403199999600000;9,203289843000050;48,479693930000053
161751;08;2;12;000;2018;12;12;2;3;5;2;0;1;0;0;0;0;1;0;456723,861399999990000;5427321,409900000300000;8,408362186000034;48,997274365000067
161752;08;3;35;075;2018;12;17;3;3;5;2;1;1;1;0;0;0;0;1;490781,638199999990000;5288799,666699999900000;8,877009121000071;47,752501075000055
161753;08;3;35;075;2018;12;17;3;2;6;2;2;0;1;1;0;0;0;1;488572,257999999970000;5288805,605700000200000;8,847531633000074;47,752519138000025
161755;08;3;26;074;2018;12;16;3;3;6;4;0;0;1;1;0;0;0;1;460754,253900000010000;5322913,931900000200000;8,473291443000051;48,058297227000025
161757;08;3;26;017;2018;12;09;3;3;6;2;0;0;1;1;0;0;0;0;440833,234999999990000;5322512,298499999600000;8,206013499000051;48,053147515000035
161758;08;4;15;061;2018;12;17;2;2;6;4;1;0;1;1;0;0;0;0;514776,767600000020000;5371645,884700000300000;9,200023691000069;48,497759810000048
161759;08;3;25;061;2018;12;16;3;2;5;3;1;1;1;0;0;0;0;1;475135,142300000010000;5353007,845499999800000;8,664527075000024;48,329766606000078
161760;08;1;16;033;2018;12;10;2;3;6;4;0;0;1;1;0;0;0;1;533282,185999999990000;5387904,499400000100000;9,451815116000034;48,643314673000077
161763;08;3;16;056;2018;12;07;3;2;5;3;2;1;1;0;0;0;0;1;422448,815100000010000;5327112,228500000200000;7,958506819000036;48,092557052000075
161764;08;3;11;000;2018;12;17;3;3;5;3;2;1;0;0;0;0;0;1;414742,171299999990000;5318470,341199999700000;7,856751179000071;48,013836080000033
161765;08;2;12;000;2018;12;06;3;3;0;3;2;1;0;0;0;0;1;0;456391,601399999990000;5428382,529799999700000;8,403706097000054;49,006795891000081
161767;08;2;12;000;2018;12;15;3;3;5;3;0;1;1;0;0;0;0;0;453577,679500000030000;5431294,830400000300000;8,364898170000060;49,032786879000071
161773;08;2;26;032;2018;12;16;1;3;0;3;1;1;1;0;0;0;0;1;467163,341399999980000;5462858,182799999600000;8,548179035000032;49,317574430000036
161776;08;2;21;000;2018;12;18;3;3;0;7;2;1;0;1;0;0;0;0;476548,419899999980000;5473212,287200000100000;8,676701804000061;49,411141282000074
161777;08;2;31;000;2018;12;17;6;2;6;4;2;0;1;1;0;0;0;0;477033,130799999980000;5415531,490600000100000;8,686673164000069;48,892306998000038
161779;08;2;21;000;2018;12;13;3;3;6;5;0;0;1;1;0;0;0;1;477466,896300000020000;5472803,272699999600000;8,689386725000077;49,407496968000032
161780;08;2;26;006;2018;12;10;3;2;5;2;0;0;1;1;0;0;0;1;483737,974500000010000;5466935,524000000200000;8,776071118000061;49,354916757000069
161783;08;4;21;000;2018;12;04;1;3;6;7;2;0;1;1;0;0;0;1;573102,894300000040000;5360925,283900000200000;9,987602013000071;48,397247286000038
161784;08;2;12;000;2018;12;20;3;2;5;3;2;1;1;0;0;0;0;0;455398,189599999980000;5427075,850700000300000;8,390266648000022;48,994971179000061
161786;08;1;18;068;2018;12;13;3;2;6;7;0;0;1;1;0;0;0;0;501124,369300000020000;5423010,216099999800000;9,015360013000077;48,960008239000047
161792;08;2;22;000;2018;12;18;2;3;6;4;2;1;0;1;0;0;0;1;462118,613599999980000;5483553,644500000400000;8,476793518000022;49,503429629000038
161795;08;2;25;109;2018;12;16;3;2;6;6;1;0;1;1;0;0;0;1;526331,072200000050000;5491839,344600000400000;9,364234632000034;49,578567546000045
161796;08;4;21;000;2018;12;17;7;2;6;4;2;0;1;1;0;0;0;0;572858,434299999960000;5361109,959599999700000;9,984331976000021;48,398936785000046
161797;08;1;19;020;2018;12;17;3;3;5;3;2;1;0;0;0;0;1;1;519680,693700000000000;5406678,940200000100000;9,268070060000071;48,812784770000064
161798;08;1;19;008;2018;12;07;3;2;6;4;1;0;1;1;0;0;0;1;531443,542299999970000;5420759,749400000100000;9,429370285000061;48,938965601000064
161799;08;1;17;026;2018;12;08;3;2;6;4;0;0;1;1;0;0;0;1;549662,540999999970000;5395407,501000000200000;9,675070876000063;48,709721086000059
161801;08;1;16;077;2018;12;07;3;3;6;7;2;1;0;1;0;0;0;1;516021,552000000030000;5389424,056200000500000;9,217558624000048;48,657665538000060
161802;08;1;15;037;2018;12;07;3;3;6;4;2;0;1;1;0;0;0;1;491623,638600000010000;5385120,407900000000000;8,886343057000033;48,619098493000081
161804;08;2;22;000;2018;12;02;7;3;0;4;2;0;0;1;1;0;0;1;461856,620700000030000;5481383,500000000000000;8,473384572000043;49,483893923000039
161805;08;1;11;000;2018;12;19;3;3;6;3;2;0;1;1;0;0;0;0;513510,236399999990000;5403944,291799999800000;9,183933055000068;48,788349002000075
161807;08;4;36;096;2018;12;18;2;2;6;1;2;0;1;1;0;0;0;1;544258,868900000000000;5301233,417299999900000;9,591753233000077;47,862914581000041
161809;08;1;18;011;2018;12;20;2;3;6;2;2;0;1;1;0;0;0;1;505466,224899999970000;5408372,463000000500000;9,074478225000064;48,828307162000044
161811;08;3;11;000;2018;12;15;2;3;5;2;0;1;1;0;0;0;0;0;409647,231000000030000;5316447,661999999500000;7,788872961000038;47,994941607000044
161813;08;3;11;000;2018;12;07;2;2;0;7;1;1;0;0;0;0;0;1;413093,707200000000000;5316913,728400000400000;7,834966519000034;47,999611775000062
161815;08;3;16;056;2018;12;18;2;2;6;4;2;0;1;1;0;0;0;1;419312,358000000010000;5325859,865299999700000;7,916629275000048;48,080902050000077
161816;08;1;11;000;2018;12;17;2;2;6;4;2;1;0;1;0;0;0;0;512829,960800000000000;5398866,024500000300000;9,174513232000038;48,742679609000049
161817;08;3;11;000;2018;12;16;2;3;5;3;1;1;1;0;0;0;0;1;412526,540900000020000;5317720,309399999700000;7,827200468000058;48,006789854000033
161818;08;2;12;000;2018;12;00;1;2;0;5;2;1;1;0;0;0;0;1;455449,714600000010000;5428661,395100000300000;8,390797048000025;49,009237036000059
161820;08;2;22;000;2018;12;05;7;3;6;7;2;0;0;1;0;0;1;0;461727,550400000010000;5483182,102300000400000;8,471428509000020;49,500063260000047
161822;08;2;21;000;2018;12;02;7;3;0;7;2;1;0;0;0;0;0;0;476614,030099999970000;5472486,091900000300000;8,677649046000056;49,404611800000055
161823;08;2;15;109;2018;12;01;7;3;0;1;2;1;0;0;0;0;0;0;461315,248100000030000;5434210,229100000100000;8,470471923000048;49,059545371000070
161824;08;2;12;000;2018;12;02;7;3;0;7;2;1;0;0;0;0;0;0;456868,303100000020000;5428260,537600000400000;8,410237032000055;49,005732056000056
161825;08;1;19;093;2018;12;08;3;3;0;1;0;1;0;0;0;0;0;2;525479,844999999970000;5404728,245400000400000;9,346937699000023;48,795026042000075
161826;08;1;21;000;2018;12;07;7;3;1;5;2;1;1;0;0;0;0;0;518094,450900000000000;5443936,069500000200000;9,248122213000045;49,147981858000037
161827;08;4;15;053;2018;12;17;2;3;6;2;2;0;1;1;0;0;0;1;536351,415000000040000;5362056,858900000300000;9,491225212000074;48,410617653000031
161828;08;1;19;079;2018;12;22;7;3;6;4;2;0;0;1;0;0;1;1;523016,255000000000000;5408223,445799999900000;9,313589628000045;48,826564173000065
161829;08;3;35;099;2018;12;17;2;3;0;1;2;1;0;0;0;0;0;2;495116,596800000000000;5298624,958700000300000;8,934735234000073;47,840951560000065
161831;08;3;35;043;2018;12;07;2;2;4;2;1;1;1;0;0;0;0;1;512724,974999999980000;5279454,639800000000000;9,169502877000070;47,668358554000065
161832;08;1;17;025;2018;12;11;7;1;0;7;0;1;0;0;0;0;1;0;557633,499100000020000;5390151,861100000300000;9,782678583000063;48,661759458000063
161836;08;1;11;000;2018;12;03;7;2;6;4;2;0;1;1;0;0;0;0;513216,447700000020000;5401359,980899999800000;9,179850266000074;48,765107056000033
161840;08;4;36;064;2018;12;12;6;3;0;1;0;1;0;0;0;0;0;0;545493,835899999950000;5292611,873100000400000;9,607358593000072;47,785260631000028
161841;08;4;36;064;2018;12;14;6;3;5;2;0;1;1;0;0;0;0;0;545343,916800000010000;5293065,309700000100000;9,605404610000051;47,789350781000053
161844;08;4;37;076;2018;12;11;6;2;6;7;0;0;1;1;0;0;0;0;526238,408300000010000;5322408,570200000000000;9,352113188000033;48,054418135000049
161845;08;1;11;000;2018;12;08;3;2;0;1;0;1;0;0;0;0;0;2;511034,915700000010000;5400450,780899999700000;9,150139577000061;48,756970431000070
161846;08;1;16;071;2018;12;00;6;2;6;4;2;0;1;1;0;0;0;0;527675,506599999960000;5390999,183699999900000;9,375911669000061;48,671427731000051
161847;08;3;17;145;2018;12;15;2;3;5;3;0;1;1;0;0;0;0;1;442251,082600000020000;5349766,452999999700000;8,221334593000051;48,298458042000050
161848;08;4;15;061;2018;12;21;6;2;4;2;2;1;1;0;0;0;0;0;516136,378000000030000;5371904,082999999600000;9,218437717000029;48,500049197000067
161851;08;3;35;097;2018;12;11;6;3;8;6;0;1;0;0;0;0;1;0;487040,381100000000000;5295383,480999999700000;8,826897132000056;47,811674531000051
161854;08;3;35;063;2018;12;06;6;3;5;2;2;1;1;0;0;0;0;0;499970,887800000030000;5287937,459800000300000;8,999611644000026;47,744809195000073
161859;08;3;11;000;2018;12;07;2;2;5;3;1;1;1;0;0;0;0;1;411676,538799999980000;5314568,680599999600000;7,816455116000043;47,978323182000054
161860;08;3;15;015;2018;12;16;6;3;3;2;1;1;0;0;0;0;0;0;394400,239200000010000;5320386,258299999900000;7,583585793000054;48,028030735000073
161865;08;2;16;007;2018;12;09;3;3;0;1;0;1;0;0;0;0;0;2;436177,275499999990000;5393731,894899999700000;8,132726955000067;48,693360480000081
161867;08;3;11;000;2018;12;08;2;3;0;1;0;1;0;0;0;0;0;1;417465,686800000020000;5314942,785299999600000;7,893943006000029;47,982461520000072
161868;08;2;12;000;2018;12;09;6;3;1;5;0;1;1;0;0;0;0;0;455730,091399999980000;5428389,701200000000000;8,394660463000037;49,006813300000033
161871;08;2;12;000;2018;12;09;2;3;6;7;0;0;0;1;0;1;0;0;454012,726900000010000;5429627,943099999800000;8,371038657000042;49,017825772000037
161872;08;2;26;060;2018;12;22;6;3;6;4;2;0;1;1;0;0;0;0;477804,312900000020000;5463276,417100000200000;8,694569115000036;49,321816090000027
161874;08;1;18;054;2018;12;06;3;2;8;1;2;1;0;0;0;0;0;2;519204,420300000000000;5423322,704800000400000;9,262364958000035;48,962521962000039
161875;08;2;26;082;2018;12;13;6;3;5;5;0;1;1;0;0;0;0;0;476173,891000000000000;5480902,381000000100000;8,671076312000025;49,480297361000055
161876;08;2;12;000;2018;12;16;2;3;6;4;1;0;1;1;0;0;0;1;456883,005300000020000;5427730,110799999900000;8,410494372000073;49,000961822000079
161877;08;2;26;096;2018;12;10;6;3;6;4;0;0;1;1;0;0;0;0;473895,977699999990000;5487987,192300000200000;8,639161471000023;49,543928974000039
161879;08;2;12;000;2018;12;12;2;3;6;7;0;0;1;1;0;0;0;1;461062,018900000020000;5427552,754200000300000;8,467645105000031;48,999644225000054
161880;08;2;16;028;2018;12;23;6;3;0;2;2;1;1;0;0;0;0;0;426697,049999999990000;5396916,826799999900000;8,003355658000032;48,720966338000039
161882;08;2;12;000;2018;12;19;6;2;5;3;2;1;1;0;0;0;0;0;455661,042399999980000;5431461,923999999600000;8,393380583000067;49,034443232000058
161883;08;2;31;000;2018;12;07;2;3;6;4;2;0;1;1;0;0;0;1;476111,832400000010000;5416230,251799999700000;8,674063644000057;48,898557964000076
161889;08;1;16;078;2018;12;13;6;2;6;4;0;0;1;1;0;0;0;0;510222,941799999970000;5394146,892099999800000;9,138935687000071;48,700274412000056
161890;08;1;15;045;2018;12;21;6;3;6;4;2;0;1;1;0;0;0;0;499878,978100000010000;5394884,151200000200000;8,998355024000034;48,706990612000027
161891;08;2;26;056;2018;12;15;2;3;4;2;0;1;1;0;0;0;0;0;485349,599999999980000;5471377,097000000100000;8,798099551000064;49,394909448000078
161892;08;1;11;000;2018;12;07;6;3;6;6;0;0;0;1;0;0;1;0;511749,686999999980000;5409551,877000000300000;9,160124995000047;48,838829886000042
161894;08;2;22;000;2018;12;15;2;3;1;5;0;1;1;0;0;0;0;1;462975,726399999990000;5478301,884499999700000;8,489122853000026;49,456245567000053
161896;08;2;26;096;2018;12;13;2;2;8;7;0;0;0;1;0;0;1;1;475822,007400000000000;5488953,965300000300000;8,665725348000024;49,552704670000026
161897;08;4;37;076;2018;12;15;5;3;6;4;0;0;1;1;0;0;0;0;524644,560799999980000;5321796,842699999900000;9,330689277000033;48,048978006000027
161898;08;4;36;082;2018;12;09;5;3;5;3;0;1;1;0;0;0;0;0;547895,584500000000000;5295294,239299999500000;9,639716939000039;47,809219600000063
161899;08;1;15;003;2018;12;08;3;3;5;2;0;1;1;0;0;0;0;0;500692,361299999990000;5392218,833499999700000;9,009406373000047;48,683012789000031
161902;08;4;16;023;2018;12;07;5;3;0;1;1;1;0;0;0;0;0;1;509949,262700000020000;5371245,390300000100000;9,134667523000076;48,494251812000073
161903;08;4;15;061;2018;12;10;5;2;5;3;0;1;1;0;0;0;0;1;515625,834900000020000;5372388,084200000400000;9,211544677000063;48,504416342000070
161905;08;2;21;000;2018;12;15;3;3;5;3;0;1;1;0;0;0;0;1;476573,657699999980000;5469543,551099999800000;8,677266007000071;49,378142502000060
161907;08;1;25;074;2018;12;18;2;3;6;4;2;0;1;1;0;0;0;1;510219,516999999990000;5439485,294599999700000;9,140023970000073;49,108126953000067
161909;08;4;37;100;2018;12;04;2;3;0;1;2;1;0;0;0;0;0;2;537373,704799999950000;5318386,002000000300000;9,501190062000035;48,017672848000075
161913;08;3;25;049;2018;12;17;5;2;6;4;2;0;1;1;0;0;0;1;472474,872299999990000;5334545,467000000200000;8,629836394000051;48,163557498000046
161915;08;2;12;000;2018;12;08;3;3;0;1;0;1;0;0;0;0;0;2;456127,164700000020000;5428518,702399999800000;8,400075726000068;49,008002036000050
161916;08;3;11;000;2018;12;08;5;3;5;3;0;1;1;0;0;0;0;0;414955,399800000010000;5318033,527300000200000;7,859696480000025;48,009935188000043
161918;08;2;12;000;2018;12;12;5;3;6;2;0;0;1;1;0;0;0;0;457417,208900000030000;5428594,252600000200000;8,417707106000023;49,008771986000056
161924;08;1;15;013;2018;12;07;2;3;0;1;1;1;0;0;0;0;0;1;496539,989799999980000;5390452,482400000100000;8,953007328000069;48,667113271000062
161928;08;1;19;020;2018;12;15;3;3;6;7;0;0;1;1;0;0;0;0;520262,541299999980000;5406147,285299999600000;9,275969043000032;48,807983402000048
161930;08;1;11;000;2018;12;13;2;3;6;4;0;0;0;1;0;0;1;0;513301,989200000010000;5401889,624300000300000;9,181031440000027;48,769869871000026
161931;08;2;26;036;2018;12;17;5;3;6;7;2;0;1;1;0;0;0;1;468873,633099999980000;5480429,644899999700000;8,570334785000057;49,475714819000075
161934;08;1;11;000;2018;12;14;2;3;2;4;0;0;1;1;0;0;0;1;507239,450799999990000;5398578,117200000200000;9,098466173000077;48,740179659000034
161936;08;2;21;000;2018;12;16;5;3;3;5;2;1;1;0;0;0;0;0;476508,564200000020000;5472650,287200000100000;8,676185621000059;49,406084648000046
161937;08;1;17;042;2018;12;11;3;1;6;7;0;0;0;1;0;1;0;1;553836,071000000000000;5393741,633899999800000;9,731580480000048;48,694389688000058
161939;08;1;11;000;2018;12;10;2;3;0;7;0;1;0;0;0;0;0;2;516261,152000000000000;5393555,649700000000000;9,220974653000042;48,694827400000065
161940;08;1;18;048;2018;12;08;3;3;0;7;0;1;0;0;0;0;0;2;513034,219300000000000;5417302,033200000400000;9,177877540000054;48,908522877000053
161941;08;2;12;000;2018;12;07;5;3;5;7;1;1;1;0;0;0;0;0;460697,704099999970000;5427777,338600000400000;8,462642736000021;49,001641323000058
161943;08;1;36;065;2018;12;08;5;3;5;3;0;1;1;0;0;0;0;0;560270,748700000000000;5405012,381199999700000;9,820661855000026;48,795182741000076
161944;08;3;25;011;2018;12;18;1;2;6;2;2;0;1;1;0;0;0;2;473923,667499999980000;5339077,773500000100000;8,649041449000038;48,204394521000040
161946;08;2;31;000;2018;12;19;1;3;6;2;2;0;1;1;0;0;0;1;478933,546900000020000;5415337,271300000100000;8,712609357000076;48,890627392000056
161947;08;1;35;020;2018;12;17;5;2;8;1;2;0;1;1;0;0;0;0;586287,285000000030000;5385885,169999999900000;10,170845386000053;48,620082828000079
161950;08;1;18;076;2018;12;16;5;3;0;7;0;0;0;1;0;0;1;0;504681,080299999970000;5423167,070899999700000;9,063950037000041;48,961402552000038
161952;08;1;17;026;2018;12;13;5;2;5;3;0;1;1;0;0;0;0;1;547470,171899999960000;5395406,920300000300000;9,645271604000072;48,709886607000044
161954;08;1;16;077;2018;12;17;5;3;2;6;2;1;1;0;0;0;0;1;516042,652899999990000;5388879,897500000000000;9,217824064000070;48,652769695000075
161956;08;1;15;053;2018;12;17;5;3;6;4;2;1;0;1;0;0;0;0;484155,470199999980000;5378943,719300000000000;8,785245350000025;48,563387222000074
161957;08;2;26;101;2018;12;20;1;2;6;1;2;0;0;1;0;0;1;1;486943,587999999990000;5460639,540199999700000;8,820418406000044;49,298361081000053
161958;08;1;11;000;2018;12;13;5;3;5;3;0;1;1;0;0;0;0;0;518399,093899999980000;5405902,029500000200000;9,250578786000062;48,805835086000059
161959;08;4;36;055;2018;12;14;4;2;6;4;0;0;1;1;0;0;0;0;576089,142299999950000;5297460,964100000400000;10,016614512000046;47,825995705000025
161966;08;3;35;063;2018;12;17;4;2;6;4;2;0;1;1;0;0;0;0;497911,185100000000000;5287242,416500000300000;8,972138593000068;47,738552096000035
161968;08;2;16;007;2018;12;07;3;3;0;1;1;1;0;0;0;0;0;2;436171,896000000010000;5393733,561599999700000;8,132653606000076;48,693374922000032
161969;08;4;17;031;2018;12;22;4;2;6;2;2;0;1;1;0;0;0;0;497135,408899999980000;5354681,609799999700000;8,961339644000077;48,345307591000051
161970;08;1;35;021;2018;12;05;1;3;1;7;2;0;1;1;0;0;0;0;592971,114599999970000;5383286,516200000400000;10,260935090000032;48,595752804000028
161971;08;3;16;056;2018;12;07;4;2;5;2;2;1;0;0;0;0;1;0;423211,848100000000000;5327867,651200000200000;7,968616522000048;48,099444924000068
161976;08;1;19;008;2018;12;11;3;2;0;1;0;1;0;0;0;0;0;2;532144,307799999950000;5420824,957200000100000;9,438944285000048;48,939516158000060
161977;08;2;22;000;2018;12;17;4;2;5;5;2;1;1;0;0;0;0;0;464077,530199999980000;5483427,676500000100000;8,503859853000051;49,502415803000076
161981;08;2;12;000;2018;12;19;4;3;0;1;2;1;0;0;0;0;0;0;456728,976199999980000;5428853,645100000300000;8,408268828000075;49,011057378000032
161983;08;2;12;000;2018;12;18;4;3;5;2;2;1;1;0;0;0;0;0;457105,907000000010000;5430031,633399999700000;8,413298551000025;49,021679840000047
161985;08;1;25;038;2018;12;17;1;3;6;7;2;0;0;1;0;0;1;2;499957,946500000020000;5434932,893799999700000;8,999424272000056;49,067260843000042
161989;08;1;19;061;2018;12;18;4;2;6;7;2;0;1;1;0;0;0;1;538809,523700000020000;5414117,117100000400000;9,529319184000030;48,878794371000026
161991;08;1;17;024;2018;12;11;4;3;0;7;0;1;0;0;0;0;0;1;560966,123499999990000;5385934,879700000400000;9,827311084000030;48,623510333000070
161996;08;1;16;019;2018;12;17;4;3;6;4;2;0;1;1;0;0;0;0;521850,074700000000000;5398685,341000000000000;9,297193945000061;48,740803087000074
161997;08;1;16;019;2018;12;16;4;3;5;3;2;1;0;0;0;0;1;1;522057,360300000000000;5398814,649199999900000;9,300020224000036;48,741959025000028
161998;08;1;11;000;2018;12;06;3;3;0;1;1;1;0;0;0;0;0;1;512556,743200000030000;5404212,926500000100000;9,170960139000044;48,790785599000060
161999;08;1;16;071;2018;12;04;4;1;0;1;2;1;0;0;0;0;0;1;527579,502699999950000;5390645,032300000100000;9,374584078000055;48,668246053000075
162000;08;1;15;041;2018;12;19;4;3;3;6;2;1;1;0;0;0;0;0;495153,715199999980000;5402429,685399999800000;8,934038696000073;48,774851547000026
162004;08;1;11;000;2018;12;22;4;3;5;3;2;1;1;0;0;0;0;0;518704,377800000020000;5401985,228199999800000;9,254558142000064;48,770590979000076
162007;08;4;35;016;2018;12;13;3;3;5;3;0;1;1;0;0;0;0;0;536476,378000000030000;5278743,081000000200000;9,485815832000071;47,661052829000027