OBJECTID_1;ULAND;UREGBEZ;UKREIS;UGEMEINDE;UJAHR;UMONAT;USTUNDE;UWOCHENTAG;UKATEGORIE;UART;UTYP1;ULICHTVERH;IstRad;IstPKW;IstFuss;IstKrad;IstGkfz;IstSonstig;STRZUSTAND;LINREFX;LINREFY;XGCSWGS84;YGCSWGS84
162008;08;2;22;000;2018;12;07;3;3;3;6;2;1;1;0;0;0;0;0;460540,883600000000000;5486088,294700000400000;8,454750017000038;49,526126698000041
162009;08;4;21;000;2018;12;17;3;3;5;3;2;1;1;0;0;0;0;1;572051,635000000010000;5360461,756400000300000;9,973322367000037;48,393198753000036
162010;08;4;21;000;2018;12;13;7;3;2;6;0;1;1;0;0;0;0;0;571055,612800000000000;5360191,010800000300000;9,959823592000021;48,390876342000070
162011;08;4;21;000;2018;12;20;3;3;5;3;2;1;1;0;0;0;0;1;573767,046100000040000;5361197,474800000000000;9,996620961000076;48,399618337000049
162013;08;4;25;033;2018;12;17;3;3;6;7;2;0;1;1;0;0;0;1;553955,075100000020000;5348017,526800000100000;9,727291591000039;48,283059642000069
162015;08;4;17;002;2018;12;06;3;3;5;3;2;1;1;0;0;0;0;1;488908,332999999980000;5348647,821600000400000;8,850466474000029;48,290932773000065
162017;08;4;15;061;2018;12;16;3;3;6;6;0;0;1;1;0;0;0;0;510871,560500000020000;5369906,266099999700000;9,147116327000049;48,482189247000065
162018;08;2;16;043;2018;12;08;3;3;0;1;0;1;0;0;0;0;0;2;441198,737800000000000;5413714,697100000500000;8,198096554000074;48,873600746000079
162019;08;3;35;063;2018;12;16;3;3;0;7;1;1;0;0;0;0;0;0;497674,853100000010000;5287225,398500000100000;8,968986398000027;47,738398167000071
162020;08;4;15;078;2018;12;18;7;3;6;4;2;0;1;1;0;0;0;0;529352,212000000060000;5371329,094999999700000;9,397296216000029;48,494397992000074
162025;08;3;17;096;2018;12;12;3;3;4;6;0;1;0;0;0;0;1;0;419799,087000000000000;5370758,833800000100000;7,914639643000044;48,484835924000038
162026;08;3;17;096;2018;12;21;3;3;6;7;2;1;0;1;0;0;0;0;421993,355700000010000;5368997,048899999800000;7,944658170000025;48,469264989000067
162028;08;3;16;009;2018;12;14;3;3;5;3;0;1;1;0;0;0;0;0;416803,996800000020000;5324656,162300000000000;7,883191104000048;48,069751879000080
162029;08;3;11;000;2018;12;12;3;2;1;6;0;1;1;0;0;0;0;0;417000,781200000030000;5314684,099499999500000;7,887763928000027;47,980074352000031
162030;08;1;25;049;2018;12;17;3;2;6;7;2;0;1;1;0;0;0;1;498983,179999999990000;5448115,860999999600000;8,986046110000075;49,185846305000041
162031;08;3;36;091;2018;12;07;3;3;6;4;2;0;1;1;0;0;0;1;396072,417000000020000;5271739,729000000300000;7,617670363000059;47,590737136000030
162034;08;3;11;000;2018;12;19;7;3;6;2;2;0;1;1;0;0;0;0;412884,663000000000000;5318062,845999999900000;7,831931369000074;48,009919989000025
162043;08;2;22;000;2018;12;16;3;3;5;3;0;1;1;0;0;0;0;1;463219,303100000020000;5480789,376899999600000;8,492252514000029;49,478634191000026
162044;08;3;11;000;2018;12;02;7;3;5;3;2;1;0;0;0;0;1;0;411448,663799999980000;5314567,276399999900000;7,813402530000076;47,978279050000026
162045;08;2;22;000;2018;12;10;3;3;3;5;0;1;1;0;0;0;0;0;461701,697800000020000;5481871,255199999500000;8,471198521000076;49,488271267000073
162046;08;3;15;064;2018;12;17;7;3;5;3;2;1;0;0;0;0;0;0;422640,753000000030000;5312818,348000000200000;7,963665343000059;47,963997416000041
162048;08;2;12;000;2018;12;12;7;3;3;3;0;1;0;0;0;0;1;0;457509,395200000030000;5428591,907900000000000;8,418967873000042;49,008757249000041
162049;08;2;12;000;2018;12;22;3;3;5;3;2;1;1;0;0;0;0;1;454904,558499999980000;5428128,292999999600000;8,383401972000058;49,004402140000082
162051;08;1;11;000;2018;12;07;3;2;6;4;2;0;1;1;0;0;0;1;514072,765499999980000;5407197,773299999500000;9,191702991000057;48,817604440000082
162052;08;2;12;000;2018;12;12;3;3;0;7;0;1;0;0;0;0;0;0;461246,910199999980000;5427230,868900000100000;8,470203510000033;48,996760426000037
162054;08;1;36;019;2018;12;12;3;3;5;2;0;1;1;0;0;0;0;0;583229,134800000000000;5422809,036999999500000;10,136835236000024;48,952597449000052
162055;08;1;19;020;2018;12;11;3;3;3;5;0;1;1;0;0;0;0;0;520159,519700000000000;5406854,105899999800000;9,274600661000022;48,814345176000074
162056;08;1;18;081;2018;12;13;3;3;6;4;0;0;1;1;0;0;0;0;520506,390900000000000;5414902,961299999600000;9,279728521000038;48,886739264000028
162061;08;1;11;000;2018;12;18;3;2;6;2;2;0;1;1;0;0;0;1;507456,188199999980000;5397832,808600000100000;9,101400599000044;48,733472295000070
162062;08;4;36;064;2018;12;16;2;3;6;4;1;0;1;1;0;0;0;1;546161,780700000000000;5292230,658499999900000;9,616234822000024;47,781783311000027
162063;08;2;31;000;2018;12;10;7;3;6;7;0;0;1;1;0;0;0;0;477866,136300000010000;5415400,815899999800000;8,698044400000072;48,891161809000039
162066;08;1;36;002;2018;12;11;3;2;6;7;0;0;1;1;0;0;0;0;573675,285299999990000;5416137,651399999900000;10,005155602000059;48,893804867000028
162067;08;1;11;000;2018;12;20;3;3;5;3;2;1;1;0;0;0;0;1;512790,828299999990000;5402340,716400000300000;9,174088935000043;48,773938582000028
162068;08;2;31;000;2018;12;12;7;3;3;2;0;1;1;0;0;0;0;0;477173,138199999990000;5415732,064600000200000;8,688571987000046;48,894116465000081
162069;08;4;35;016;2018;12;12;2;3;1;5;0;1;1;0;0;0;0;1;535829,136599999970000;5277821,622499999600000;9,477120231000072;47,652798260000054
162070;08;2;26;085;2018;12;03;7;3;6;7;2;0;1;1;0;0;0;0;491555,610500000010000;5454752,266800000300000;8,883977558000026;49,245485209000037
162071;08;4;26;021;2018;12;16;2;2;3;3;1;1;1;0;0;0;0;1;559788,193300000040000;5329745,377700000100000;9,803337581000051;48,118159585000058
162073;08;1;21;000;2018;12;14;5;3;5;3;0;1;0;0;0;0;1;1;516002,908999999990000;5443685,849499999500000;9,219432003000065;49,145789115000071
162075;08;1;21;000;2018;12;07;5;3;0;7;1;1;1;0;0;0;0;0;516794,181700000020000;5444158,987400000000000;9,230301575000055;49,150024010000038
162077;08;2;16;015;2018;12;18;6;2;0;7;2;1;0;0;0;0;0;1;451387,182099999980000;5404073,247899999800000;8,338174226000035;48,787755752000066
162078;08;1;18;019;2018;12;19;5;3;6;4;2;0;1;1;0;0;0;1;503945,702999999980000;5403775,224700000100000;9,053716681000026;48,786962323000068
162081;08;1;16;033;2018;12;08;5;3;5;2;0;1;1;0;0;0;0;0;533408,226400000040000;5387964,769899999700000;9,453530955000076;48,643850136000026
162082;08;3;11;000;2018;12;23;5;3;5;3;2;1;1;0;0;0;0;0;414889,667000000020000;5319462,273000000000000;7,858531620000065;48,022778539000058
162087;08;2;15;046;2018;12;13;5;3;6;6;0;0;1;1;0;0;0;1;451268,025599999990000;5414117,392099999800000;8,335358031000055;48,878096251000045
162090;08;4;35;034;2018;12;20;4;2;6;4;2;0;1;1;0;0;0;1;529537,827300000000000;5284592,698400000100000;9,393802248000043;47,714038637000044
162092;08;4;36;064;2018;12;11;4;3;6;7;0;0;1;1;0;0;0;1;546478,986799999960000;5293213,723600000100000;9,620574369000053;47,790605133000042
162093;08;4;16;041;2018;12;07;4;3;5;3;2;1;1;0;0;0;0;1;502393,813499999990000;5376151,188299999600000;9,032429488000048;48,538460420000035
162095;08;4;16;041;2018;12;22;4;3;6;4;2;0;1;1;0;0;0;1;504521,087999999990000;5373780,193799999500000;9,061222388000033;48,517118393000032
162097;08;4;15;050;2018;12;12;4;3;5;3;0;1;1;0;0;0;0;1;520451,237000000020000;5376634,139000000400000;9,277079200000060;48,542476364000038
162098;08;4;25;033;2018;12;19;5;3;5;2;2;1;1;0;0;0;0;0;552689,338200000000000;5348335,968899999700000;9,710271091000038;48,286030991000075
162099;08;3;36;103;2018;12;18;4;2;6;4;2;0;1;1;0;0;0;1;413463,066600000020000;5284080,699000000000000;7,846486373000062;47,704309603000070
162101;08;3;35;043;2018;12;17;4;3;3;6;1;1;0;0;0;0;1;1;513251,060000000000000;5278281,201000000400000;9,176474965000068;47,657789767000054
162103;08;3;16;024;2018;12;16;5;3;5;3;0;1;1;0;0;0;0;0;408841,082500000020000;5334082,952999999700000;7,774307430000022;48,153456898000059
162104;08;3;26;006;2018;12;17;4;3;6;6;2;0;1;1;0;0;0;1;458695,554100000010000;5308921,149500000300000;8,447010208000052;47,932277351000039
162108;08;2;26;062;2018;12;07;6;3;5;3;1;1;1;0;0;0;0;1;469859,757500000010000;5468762,644700000100000;8,584833112000069;49,370823215000030
162109;08;3;11;000;2018;12;06;4;3;2;6;2;1;0;0;1;0;0;1;414786,026300000030000;5319914,715800000400000;7,857051932000047;48,026834605000033
162114;08;3;11;000;2018;12;15;4;3;5;3;0;1;1;0;0;0;0;1;412757,292000000020000;5317972,690000000400000;7,830242251000072;48,009091633000025
162115;08;1;36;065;2018;12;10;7;3;6;7;0;0;1;1;0;0;0;1;558798,491400000060000;5405877,476700000500000;9,800741154000036;48,803105297000059
162118;08;3;11;000;2018;12;10;4;3;5;2;0;1;1;0;0;0;0;1;413183,767799999970000;5316572,020899999900000;7,836242717000062;47,996550239000044
162123;08;4;36;055;2018;12;18;6;2;4;2;2;1;1;0;0;0;0;0;575377,135099999960000;5299827,005400000100000;10,007515046000037;47,847364578000054
162124;08;2;12;000;2018;12;08;4;3;5;2;1;1;1;0;0;0;0;1;454346,657699999980000;5429763,604500000400000;8,375590231000047;49,019070856000042
162126;08;2;15;009;2018;12;14;5;3;3;2;0;1;1;0;0;0;0;1;467449,581000000010000;5442353,067499999900000;8,553781446000073;49,133146465000038
162128;08;2;31;000;2018;12;09;4;2;0;7;0;1;0;0;0;0;0;1;476890,932700000000000;5415648,987400000000000;8,684726603000058;48,893358671000044
162129;08;3;17;065;2018;12;07;6;3;2;6;1;1;1;0;0;0;0;1;414679,971900000000000;5354489,180300000100000;7,848685531000058;48,337820959000055
162135;08;2;26;084;2018;12;12;4;3;5;2;0;1;1;0;0;0;0;1;468987,802499999990000;5470132,761800000400000;8,572715886000026;49,383103356000049
162136;08;3;36;091;2018;12;13;6;2;0;7;0;0;0;1;0;1;0;0;396211,983899999990000;5273026,116999999600000;7,619221727000024;47,602330815000073
162141;08;2;16;043;2018;12;14;4;3;6;7;0;0;1;1;0;0;0;1;442042,185600000030000;5412100,963000000500000;8,209826525000040;48,859164673000066
162144;08;2;22;000;2018;12;16;6;2;6;4;1;0;1;1;0;0;0;0;462200,594700000020000;5482071,462299999800000;8,478067561000046;49,490103308000073
162145;08;2;21;000;2018;12;18;6;3;6;6;2;0;1;1;0;0;0;0;477116,511600000030000;5469067,910400000400000;8,684771899000054;49,373884800000042
162148;08;2;15;102;2018;12;12;4;3;5;3;0;1;1;0;0;0;0;1;455836,091699999990000;5436952,603900000500000;8,395176369000069;49,083844585000065
162149;08;1;18;048;2018;12;07;6;2;6;4;1;0;1;1;0;0;0;0;514769,380799999980000;5415482,505599999800000;9,201491282000063;48,892115969000031
162150;08;2;15;096;2018;12;07;4;3;5;3;2;1;1;0;0;0;0;1;463882,267100000000000;5418773,438699999800000;8,506980615000032;48,920842710000045
162152;08;2;12;000;2018;12;10;4;3;6;7;0;1;0;1;0;0;0;1;454357,083999999970000;5428842,581000000200000;8,375836414000048;49,010786967000058
162154;08;3;36;091;2018;12;11;5;3;1;5;0;1;1;0;0;0;0;0;396834,456100000010000;5272095,476300000200000;7,627719485000057;47,594058853000035
162155;08;1;15;003;2018;12;18;6;3;0;6;2;0;1;1;0;0;0;0;496304,967599999970000;5393435,318500000100000;8,949788674000047;48,693945859000053
162156;08;2;12;000;2018;12;07;4;3;5;3;2;1;1;0;0;0;0;1;459288,269099999980000;5429516,227400000200000;8,443198901000073;49,017191583000056
162157;08;1;15;003;2018;12;16;6;3;4;2;0;1;1;0;0;0;0;0;501233,117299999980000;5391178,401700000300000;9,016749943000036;48,673652105000031
162158;08;1;11;000;2018;12;11;6;3;5;3;0;1;1;0;0;0;0;0;506310,694000000020000;5406873,331799999800000;9,085961179000037;48,814813141000059
162160;08;3;35;075;2018;12;07;5;3;5;3;2;1;0;0;0;0;1;0;487865,821300000010000;5289412,414800000400000;8,838089491000062;47,757966018000047
162168;08;1;25;046;2018;12;12;4;3;0;4;0;0;0;1;0;0;1;0;520545,965700000000000;5433925,379200000300000;9,281229185000029;49,057855100000040
162170;08;2;22;000;2018;12;12;5;3;5;2;0;1;1;0;0;0;0;1;460764,919899999980000;5488625,114500000100000;8,457593150000037;49,548958345000074
162171;08;2;12;000;2018;12;16;5;2;6;2;0;0;0;1;0;1;0;0;455777,372299999990000;5428838,549300000100000;8,395258042000023;49,010854124000048
162173;08;2;21;000;2018;12;14;5;3;5;3;0;1;1;0;0;0;0;0;476000,457100000000000;5469850,487700000400000;8,669350899000051;49,380881044000034
162174;08;1;19;020;2018;12;17;4;2;5;3;1;1;0;0;0;0;0;0;519964,382600000010000;5407183,574699999800000;9,271958685000072;48,817315313000051
162175;08;1;18;048;2018;12;08;4;3;6;7;1;0;1;1;0;0;0;1;513119,474800000030000;5415921,995699999900000;9,178996674000075;48,896106638000049
162176;08;2;21;000;2018;12;08;5;3;5;2;0;1;1;0;0;0;0;0;476611,643999999970000;5471505,666000000200000;8,677673881000033;49,395792927000059
162177;08;1;17;026;2018;12;17;4;3;1;5;2;1;1;0;0;0;0;1;546921,033300000010000;5395461,415699999800000;9,637813734000076;48,710418382000057
162181;08;1;19;020;2018;12;12;5;2;6;3;0;0;1;1;0;0;0;0;519397,132099999990000;5409901,075299999700000;9,264360147000048;48,841779343000042
162188;08;4;35;059;2018;12;11;3;3;6;7;0;0;1;1;0;0;0;0;511260,959099999980000;5291351,998499999800000;9,150309153000023;47,775433313000065
162190;08;4;37;031;2018;12;14;5;2;6;4;0;0;1;1;0;0;0;1;516470,592500000030000;5343506,968100000200000;9,221849364000036;48,244564917000048
162191;08;1;28;126;2018;12;19;4;2;5;2;2;1;1;0;0;0;0;0;565211,234300000010000;5483149,077100000300000;9,900572647000047;49,497468372000071
162192;08;3;36;050;2018;12;00;3;3;0;1;2;1;0;0;0;0;0;0;400019,867199999980000;5272786,351400000000000;7,669921498000065;47,600772560000053
162194;08;1;16;053;2018;12;13;6;2;8;7;0;1;0;0;0;0;0;1;538740,738000000010000;5388001,694000000100000;9,525922571000024;48,643874523000079
162195;08;4;15;050;2018;12;11;2;3;1;5;0;1;1;0;0;0;0;0;521032,211399999970000;5376464,179899999900000;9,284941725000067;48,540928162000057
162196;08;4;26;070;2018;12;16;3;3;7;7;1;1;0;0;0;0;1;1;562997,644100000030000;5343645,609500000300000;9,848517479000066;48,242895426000075
162197;08;3;35;043;2018;12;11;2;3;0;7;0;1;1;0;0;0;0;1;513284,179799999980000;5278422,122899999800000;9,176920329000041;47,659057058000030
162198;08;1;25;065;2018;12;17;5;3;6;4;2;0;1;1;0;0;0;1;518173,521000000010000;5450854,040000000000000;9,249519093000060;49,210208402000035
162200;08;4;26;021;2018;12;18;3;2;0;7;2;1;1;0;0;0;0;1;559008,816200000000000;5327316,748399999900000;9,792530621000026;48,096383975000037
162201;08;4;17;031;2018;12;17;2;3;6;4;2;0;1;1;0;0;0;0;497653,050999999980000;5356012,119699999700000;8,968318291000060;48,357279836000032
162203;08;3;11;000;2018;12;10;2;3;5;3;0;1;1;0;0;0;0;1;410637,190699999980000;5315498,048000000400000;7,802337473000023;47,986538736000057
162204;08;4;15;061;2018;12;07;5;3;1;5;1;1;1;0;0;0;0;1;516037,718200000000000;5371820,505199999500000;9,217098961000033;48,499299830000041
162205;08;2;35;046;2018;12;04;2;2;6;4;2;0;1;1;0;0;0;1;479523,963999999980000;5377456,069899999500000;8,722544404000075;48,549869829000045
162206;08;4;16;036;2018;12;18;3;3;5;3;2;1;1;0;0;0;0;1;495289,962000000000000;5369580,809000000400000;8,936266318000037;48,479337666000049
162208;08;4;15;061;2018;12;07;3;3;0;1;2;1;0;0;0;0;0;2;516728,356700000000000;5372285,519200000000000;9,226466539000057;48,503465237000057
162211;08;3;36;091;2018;12;18;3;3;5;2;2;1;1;0;0;0;0;0;394682,658400000010000;5271870,113699999600000;7,599159688000043;47,591685743000028
162212;08;2;22;000;2018;12;10;2;2;0;3;0;1;1;0;0;0;0;0;461192,086300000020000;5481167,901700000300000;8,464231450000057;49,481912602000079
162214;08;2;15;099;2018;12;08;2;3;5;3;0;1;1;0;0;0;0;1;463591,618100000020000;5446586,527700000400000;8,500513721000061;49,171010095000042
162219;08;1;19;085;2018;12;12;2;3;5;2;0;1;1;0;0;0;0;1;528920,784699999960000;5413716,084499999900000;9,394423219000032;48,875727063000056
162220;08;4;36;049;2018;12;06;3;2;0;1;2;1;0;0;0;0;0;2;579653,744599999980000;5282974,764000000400000;10,061577560000046;47,695246048000058
162221;08;1;17;051;2018;12;15;2;3;5;3;0;0;1;1;0;0;0;1;543237,977799999990000;5394768,275600000300000;9,587678950000054;48,704449426000053
162225;08;3;27;050;2018;12;07;3;3;5;3;1;1;0;0;0;0;1;1;486827,484000000000000;5314881,009200000200000;8,823458069000026;47,987095379000039
162226;08;1;15;028;2018;12;10;2;3;6;4;0;0;1;1;0;0;0;1;501362,505999999990000;5404719,117700000300000;9,018552249000038;48,795464555000081
162227;08;2;22;000;2018;12;15;5;2;6;4;0;0;1;1;0;0;0;1;466084,654400000000000;5483987,548600000300000;8,531531995000023;49,507567144000063
162229;08;2;22;000;2018;12;19;6;3;0;4;2;1;0;1;0;0;0;0;461299,548000000010000;5481725,214200000300000;8,465660411000044;49,486932193000030
162230;08;3;17;096;2018;12;08;3;3;0;7;0;1;0;0;0;0;0;2;423037,195400000030000;5368773,905700000000000;7,958818763000068;48,467386438000062
162235;08;3;11;000;2018;12;05;1;3;0;1;2;1;0;0;0;0;0;0;415246,932299999990000;5317465,021400000000000;7,863716986000043;48,004859979000059
162236;08;3;17;096;2018;12;09;3;3;0;1;0;1;0;0;0;0;0;2;421529,464099999980000;5370282,849299999900000;7,938142013000061;48,480772915000045
162237;08;2;15;066;2018;12;10;1;2;5;3;0;1;1;0;0;0;0;1;460624,469700000020000;5453458,883100000200000;8,459135529000037;49,232643011000050
162238;08;3;17;096;2018;12;08;3;2;0;1;0;1;0;0;0;0;0;2;421248,016100000010000;5368104,243300000200000;7,934744464000062;48,461141399000041
162239;08;2;31;000;2018;12;17;1;2;6;4;2;0;1;1;0;0;0;1;477723,713899999970000;5415359,189100000100000;8,696103737000044;48,890782245000025
162242;08;3;17;096;2018;12;08;3;3;0;1;0;1;0;0;0;0;0;2;421213,268700000020000;5368099,934999999600000;7,934275341000046;48,461098295000056
162244;08;2;12;000;2018;12;15;5;3;6;7;0;0;0;1;0;0;1;1;456840,081899999990000;5428662,861300000000000;8,409808399000042;49,009349035000071
162246;08;3;17;096;2018;12;08;3;3;0;1;1;1;0;0;0;0;0;2;422853,249900000000000;5369341,162800000000000;7,956226060000063;48,472466352000026
162247;08;1;27;025;2018;12;11;1;2;6;4;0;0;1;1;0;0;0;1;555933,376500000010000;5427550,152099999600000;9,764694941000073;48,998314856000036
162248;08;1;18;073;2018;12;14;1;2;5;3;0;1;1;0;0;0;0;1;497098,816600000020000;5420781,692200000400000;8,960382803000073;48,939955337000072
162249;08;3;16;056;2018;12;17;3;3;6;4;2;0;1;1;0;0;0;0;422530,151599999980000;5327163,451299999800000;7,959589665000067;48,093027723000034
162251;08;3;16;056;2018;12;07;3;3;2;1;0;1;1;0;0;0;0;2;421652,184799999990000;5326932,925200000400000;7,947843039000077;48,090846672000055
162252;08;1;16;019;2018;12;14;1;3;3;6;0;1;1;0;0;0;0;1;522391,205599999990000;5398467,387600000000000;9,304542188000028;48,738823184000069
162255;08;3;16;056;2018;12;08;3;2;0;1;0;1;0;0;0;0;0;2;422145,671199999980000;5326928,076399999700000;7,954469957000072;48,090863537000075
162260;08;3;11;000;2018;12;15;7;3;3;6;0;1;1;0;0;0;0;0;413964,779299999990000;5317224,170599999800000;7,846579069000029;48,002522139000064
162262;08;2;12;000;2018;12;03;7;2;7;1;2;1;0;0;0;0;0;1;456973,257099999990000;5428575,976200000400000;8,411638615000072;49,008576793000032
162263;08;3;36;105;2018;12;10;5;2;0;7;0;1;0;0;0;0;0;1;400980,349800000030000;5267158,228400000400000;7,683965077000039;47,550292340000055
162266;08;4;25;141;2018;12;18;5;3;0;1;2;1;0;0;0;0;0;0;566330,798900000050000;5363459,265100000400000;9,896525528000041;48,420790448000048
162267;08;2;36;030;2018;12;11;7;2;6;4;0;0;1;1;0;0;0;1;475854,853400000020000;5418062,577899999900000;8,670449045000055;48,915030899000044
162269;08;3;11;000;2018;12;08;3;2;0;1;0;1;0;0;0;0;0;2;418698,235099999990000;5313647,962799999900000;7,910702545000049;47,970971669000050
162271;08;3;11;000;2018;12;08;3;3;0;1;0;1;0;0;0;0;0;2;412446,527300000020000;5317904,331100000100000;7,826090352000051;48,008434225000030
162272;08;2;15;017;2018;12;14;7;3;0;2;0;1;1;0;0;0;0;1;456631,115700000020000;5421336,327499999700000;8,407732351000050;48,943430955000053
162273;08;3;36;091;2018;12;07;3;3;5;3;2;1;1;0;0;0;0;1;395932,594999999970000;5271945,144000000300000;7,615762432000054;47,592562461000057
162274;08;2;12;000;2018;12;12;7;3;0;1;0;1;0;0;0;0;0;1;455935,916700000000000;5427886,228799999700000;8,397529358000043;49,002299240000070
162275;08;3;11;000;2018;12;07;3;2;0;1;1;1;0;0;0;0;0;2;414923,910099999980000;5318785,170900000300000;7,859125190000043;48,016692317000036
162279;08;3;15;098;2018;12;07;3;3;0;1;2;1;0;0;0;0;0;1;408801,193000000030000;5313393,518600000100000;7,778183495000064;47,967348960000038
162280;08;1;21;000;2018;12;09;7;3;5;3;0;1;1;0;0;0;0;1;515189,096399999980000;5441455,191300000100000;9,208189027000060;49,125744243000042
162283;08;1;11;000;2018;12;17;7;3;6;2;2;0;1;1;0;0;0;1;515498,951100000010000;5407660,571499999600000;9,211148229000060;48,821733753000046
162284;08;3;11;000;2018;12;08;3;3;0;1;1;1;0;0;0;0;0;1;411449,744000000010000;5314570,974999999600000;7,813416240000038;47,978312469000059
162285;08;4;36;064;2018;12;14;6;3;1;5;0;1;1;0;0;0;0;1;545853,644500000050000;5291822,838299999900000;9,612078544000042;47,778136154000038
162286;08;2;21;000;2018;12;11;6;3;5;3;0;1;1;0;0;0;0;1;477290,479799999970000;5469966,082100000200000;8,687117052000076;49,381970266000053
162287;08;3;11;000;2018;12;10;3;2;0;1;0;1;0;0;0;0;0;2;414383,313000000020000;5314970,074000000000000;7,852638549000062;47,982301852000035
162289;08;3;11;000;2018;12;05;3;3;0;1;2;1;0;0;0;0;0;2;411567,161399999980000;5323499,015100000400000;7,813147235000031;48,058638470000062
162292;08;4;21;000;2018;12;13;6;3;5;3;0;1;1;0;0;0;0;1;573189,123200000030000;5357007,331500000300000;9,988084423000032;48,361994321000054
162293;08;3;11;000;2018;12;10;3;3;0;1;0;1;0;0;0;0;0;2;413763,803100000020000;5315421,928700000000000;7,844247407000069;47,986283237000066
162295;08;3;11;000;2018;12;09;3;3;0;1;0;1;0;0;0;0;0;1;410975,799200000010000;5314912,842899999600000;7,806995888000074;47,981321886000046
162297;08;1;17;010;2018;12;14;6;3;6;4;0;0;1;1;0;0;0;1;568042,479300000010000;5393271,116600000300000;9,924530930000060;48,688769923000052
162299;08;3;36;045;2018;12;08;3;3;0;1;0;1;0;0;0;0;0;2;398156,322800000020000;5280335,792100000200000;7,643380220000040;47,668391497000073
162301;08;1;28;007;2018;12;13;6;3;5;3;0;1;1;0;0;0;0;1;555780,150000000020000;5480679,711299999600000;9,769993601000067;49,476199329000053
162302;08;3;11;000;2018;12;08;3;3;1;2;0;1;1;0;0;0;0;1;414047,652799999980000;5317346,291400000500000;7,847665401000029;48,003631809000069
162303;08;3;36;050;2018;12;11;6;3;1;5;0;1;1;0;0;0;0;1;399111,760599999980000;5273256,518000000200000;7,657735769000055;47,604861172000028
162304;08;3;15;028;2018;12;08;3;3;0;1;0;1;0;0;0;0;0;1;408033,021200000020000;5312162,432300000500000;7,768157869000049;47,956165212000030
162306;08;2;15;007;2018;12;12;5;3;6;7;0;0;1;1;0;0;0;1;479332,294700000030000;5430815,958100000400000;8,717263102000061;49,029880422000076
162308;08;3;11;000;2018;12;11;3;3;0;7;0;1;0;0;0;0;0;2;414445,168000000010000;5315003,843000000300000;7,853460578000068;47,982613895000043
162309;08;3;17;146;2018;12;19;6;3;5;3;2;1;1;0;0;0;0;1;432293,812700000010000;5356034,606100000400000;8,086083895000058;48,353856115000042
162310;08;3;11;000;2018;12;10;3;3;0;1;0;1;0;0;0;0;0;2;414750,424799999980000;5315255,366800000000000;7,857500615000049;47,984917213000074
162311;08;3;17;065;2018;12;18;6;3;5;3;2;1;1;0;0;0;0;1;415585,519099999980000;5355006,801000000000000;7,860798776000024;48,342598535000036
162312;08;4;36;009;2018;12;16;5;3;0;1;0;1;0;0;0;0;0;0;555866,484100000000000;5306968,914900000200000;9,747680334000052;47,913609832000077
162314;08;2;12;000;2018;12;17;6;3;0;3;2;1;0;0;0;0;1;1;456841,133700000010000;5428662,805100000500000;8,409822787000053;49,009348603000035
162315;08;2;12;000;2018;12;08;3;2;5;2;0;1;1;0;0;0;0;1;451200,212699999970000;5427179,286999999500000;8,332869274000075;48,995584052000027
162317;08;2;15;099;2018;12;10;3;2;5;2;0;1;1;0;0;0;0;1;462721,153999999980000;5445883,657999999800000;8,488637439000058;49,164635518000068
162318;08;2;26;013;2018;12;07;6;3;6;4;2;0;1;1;0;0;0;1;499098,843100000000000;5478932,490399999500000;8,987563747000024;49,463045406000049
162321;08;2;35;008;2018;12;16;3;3;6;2;0;0;1;1;0;0;0;1;480287,555999999980000;5402201,788900000000000;8,731712305000031;48,772508014000039
162322;08;2;31;000;2018;12;07;3;3;5;2;2;1;1;0;0;0;0;1;477767,344400000000000;5415342,335699999700000;8,696699859000034;48,890632204000042
162327;08;2;22;000;2018;12;18;6;3;6;2;2;0;1;1;0;0;0;1;461558,168799999980000;5481901,445600000200000;8,469213906000050;49,488533738000058
162329;08;2;22;000;2018;12;15;6;3;5;2;0;1;1;0;0;0;0;1;462431,948700000010000;5481167,315200000100000;8,481347864000043;49,481985337000026
162530;08;4;26;021;2018;12;10;2;3;6;4;0;0;1;1;0;0;0;1;558667,600199999990000;5327487,633100000200000;9,787971789000039;48,097952797000062
162535;08;3;11;000;2018;12;15;2;3;0;1;0;1;1;0;0;0;0;1;409693,545600000010000;5317002,312099999700000;7,789376911000034;47,999937328000044
162537;08;2;35;065;2018;12;12;2;2;6;4;0;0;1;1;0;0;0;1;473913,526499999980000;5403831,536999999500000;8,644859447000044;48,786934302000077
162542;08;2;15;009;2018;12;10;2;3;0;7;0;1;0;0;0;0;1;0;471798,506600000020000;5441072,333300000100000;8,613486870000031;49,121840997000049
162554;08;2;21;000;2018;12;22;1;3;6;2;2;0;1;1;0;0;0;1;476246,368800000000000;5472874,716000000000000;8,672558062000064;49,408093170000029
162568;08;4;15;073;2018;12;16;7;3;0;7;1;1;0;0;0;0;0;1;517824,719600000010000;5350095,535400000400000;9,240366373000029;48,303803491000053
162572;08;2;12;000;2018;12;13;7;2;6;4;0;0;1;1;0;0;0;0;453209,267200000000000;5428890,541299999700000;8,360135586000070;49,011132402000044
162583;08;3;17;114;2018;12;09;7;3;8;6;0;1;0;0;0;0;1;1;405498,505000000000000;5346153,016499999900000;7,726686794000045;48,261534806000043